node_id,lat,lon,price_dp
12TH_S_LNODENMZ,37.63715677998629,-120.99316020050249,-3.27467
12TH_S_LNODEXWQ,37.63715677998629,-120.99327439949751,-3.27467
8TH_ST_LNODEBXG,37.64197726998626,-121.00603849646912,-3.27467
8TH_ST_LNODELZF,37.64197726998626,-121.00615270353089,-3.27467
AEC300_1_N001,37.74,-121.48,0.86703
AGNEW_1_N003,37.51,-121.84,8.22359
AIRPROD_1_N001,36.65,-119.54,-9.03524
AIR_SUB_LNODENAA,33.96205409081493,-118.376,-3.04035
AIR_SUB_LNODENAB,33.961972954579615,-118.37594352117388,-3.04067
AIR_SUB_LNODEONC,33.961972954579615,-118.37605647882611,-3.04035
ALAMITOS_2_N001,33.771584,-118.100596,-5.77072
ALAMITOS_2_N040,33.77,-118.1,-5.77072
ALAMT1G_7_N002,33.77149401717401,-118.1004877514908,-5.77072
ALAMT2G_7_N002,33.771415173499584,-118.10067098425147,-5.77072
ALAMT3G_7_N002,33.77144633917227,-118.10077253262283,-5.77072
ALAMT4G_7_N002,33.771511965310076,-118.10084659342048,-5.77072
ALAMT5G_7_N002,33.771597006833865,-118.1008819712055,-5.77072
ALAMT6G_7_N002,33.77176916262267,-118.10083231072662,-5.77072
ALHAMBRA_1_N001,37.99408499998608,-122.13031167024367,5.09238
ALHAMBRA_1_N002,37.99408499998608,-122.13042632975633,5.09238
ALLEGHNY_6_N001,39.464893,-120.844946,-0.06314
ALMADEN_6_N001,37.26027,-121.890082,11.02935
ALMOND_LNODEAUX,37.574202045609525,-120.98511610244,-3.24831
ALPAUGH_7_N002,35.963463732836644,-119.456796,-9.91811
ALPINE_6_N001,32.82778299998866,-116.78987271391081,-5.88469
ALPINE_6_N005,32.82778299998866,-116.78997928608918,-5.88469
ALTO_6_N001,37.89825299998615,-122.52430271885964,4.70042
ALTO_6_N101,37.89825299998615,-122.52441728114036,4.70042
ALTTA_BP_LNODEPRT,41.51205899998436,-120.5236838478691,-3.18242
ALTTA_BP_LNODETON,41.51205899998436,-120.5238041521309,-3.18242
AMERIGAS_1_N001,38.43,-121.79,0.51215
AMESBS_1_N004,37.41751022008469,-122.066192,8.46326
AMESBS_1_N101,37.41742888994297,-122.06613287861066,8.46326
AMESDST_1_N001,37.41742888994297,-122.06625112138934,8.46294
AMFORST_6_N001,38.369191999986,-120.79657754861613,1.21985
ANDERSON_6_N001,40.449838,-122.305068,0.38384
ANGIOLA_6_N001,35.992007,-119.57137,-9.50064
ANITA_6_N001,39.811047,-121.919761,0.35334
ANNAPOLS_6_N001,38.680315,-123.311782,15.95238
ANTELOPE_6_N001,35.658117,-119.996015,-11.34109
ANTLER_6_N001,40.893581,-122.379244,0.33981
APPLEHL_1_N001,38.73992576174639,-120.67700091995808,0.24495
APPLEHL_1_N002,38.73974623814083,-120.67700092024737,0.24495
APPMAT_1_N001,37.359999999986435,-121.97994317305394,9.30558
APPMAT_1_N010,37.359999999986435,-121.98005682694607,9.30558
ARBUCKLE_6_N001,39.017625,-122.061575,-7.36706
ARCATA_6_N001,40.867132,-124.088286,-4.55299
ARVINED_1_N001,35.15044599998752,-118.87870286987292,-9.93289
ARVIN_6_N001,35.15044599998752,-118.87881313012709,-9.87279
ASHLAN_2_N001,36.79263892472445,-119.82749,-7.93206
ASHLAN_2_N007,36.7925580376235,-119.82743168375806,-7.93206
ASHLAN_2_N008,36.7925580376235,-119.82754831624194,-7.93206
ASH_6_N001,33.1365697302963,-117.070292,-5.68064
ASH_6_N005,33.13648913483958,-117.0702364310647,-5.68064
ASH_6_N101,33.13648913483958,-117.07034756893529,-5.68064
ASPEN_LNODESPEN,37.69337956,-122.069288,-3.00564
ATASCDRO_6_N001,35.465309,-120.671582,-15.23308
ATWATER_1_B2,37.35999599998639,-120.6146481730584,-11.68
ATWATER_1_N001,37.35999599998639,-120.6147618269416,-11.68
ATW_SUB_LNODEONB,34.1096541600031,-118.254,-3.04067
ATW_SUB_LNODEONC,34.10957291998536,-118.25394335044959,-3.04067
ATW_SUB_LNODEOND,34.10957291998536,-118.2540566495504,-3.04067
AUBERRY_6_N001,37.06806099998665,-119.495719527536,-8.99892
AUBERRY_6_N003,37.06806099998665,-119.495832472464,-8.99892
AUBURN_6_N001,38.903397,-121.069921,0.24656
AUGUST_LNODEDR1,37.4182520696912,-120.831252690486,-3.2586
AUGUST_LNODEDR3,37.4182452743243,-120.831131410372,-3.2586
AUGUST_LNODEDR4,37.4182458785436,-120.830989786937,-3.2586
AUGUST_LNODEDR5,37.4182557186304,-120.831363604619,-3.2586
AVENA_1_N001,37.842208,-121.054122,0.91396
AVOCADO_6_N001,33.38466699998843,-117.23692330729693,-5.77836
AVOCADO_6_N002,33.38466699998843,-117.23703069270306,-5.77836
BAFOOD1_6_N001,36.33,-121.16,1.06496
BAHIA_2_N001,38.08095331088854,-122.13739126700075,4.77435
BAHIA_2_N011,38.08077268899996,-122.13739126728416,4.77435
BAILYJ1_1_N010,34.77604,-118.77504,12.58424
BAIR_1_N001,37.496937,-122.214157,7.26245
BAKER_1_N001,35.284771,-116.064256,-7.11161
BALFOUR_6_N001,37.92596,-121.678546,4.6096
BANGOR_6_N001,39.388064,-121.402937,0.05202
BANGS_LNODEKGC,37.70469,-121.0418,-3.27435
BANNING_1_N001,33.922289,-116.87283,-5.73983
BANTA_6_N001,37.7528989999862,-121.35057581075783,0.85803
BARRETT_6_N001,32.667194,-116.700208,-5.85705
BARRE_6_N001,33.80900298319592,-117.98332966316445,-5.76878
BARRE_6_N002,33.80900298319592,-117.98354633683554,-5.76878
BARRE_6_N003,33.80918301670945,-117.9835463370635,-5.76781
BARRY_6_N001,39.069323,-121.690208,-0.22236
BARTON_1_N001,36.76408490976673,-119.735935,-8.65197
BARTON_1_N007,36.76400404510246,-119.73587672164825,-8.65197
BARTON_1_N008,36.76400404510246,-119.73599327835174,-8.65197
BASALT_6_N002,38.26328599998595,-122.26916657483297,4.31462
BASALT_6_N101,38.26328599998595,-122.26928142516702,4.31462
BATAVIA_6_N001,38.385820999985995,-121.77570654480984,0.50251
BATIQTOS_1_N001,33.1011727252775,-117.250399,-5.70315
BATIQTOS_1_N008,33.101092137348985,-117.25034345864424,-5.70315
BATIQTOS_1_N015,33.101092137348985,-117.25045454135577,-5.70315
BAYMDWS_1_N001,37.55162541726735,-122.29307795256243,7.07678
BAYMDWS_1_N004,37.551444582623034,-122.29307795283914,7.07678
BAYMDWS_1_N008,37.551444582623034,-122.29330604716085,7.07678
BAYMDWS_1_N012,37.55162541726735,-122.29330604743757,7.07678
BAYSHOR1_1_N001,37.74603599998622,-122.40302381566526,7.27741
BAYSHOR2_1_N001,37.74603599998622,-122.40313818433472,7.27364
BAYWOOD_6_N001,35.360177,-120.811564,-15.26844
BCN_PP_LNODESS1,35.25680070871138,-118.02736892630813,-3.00371
BCN_PP_LNODESS2,35.256766720360744,-118.02726679027704,-3.00371
BEARTAP_1_N001,35.38,-119.0,-9.93193
BELLEF_7_CN10,39.776083,-122.10383,-6.15511
BELLEF_7_CN11,39.77608299994151,-122.10371323062876,-6.15511
BELLPGE_1_N001,38.947418999985814,-121.0911283822858,0.24077
BELLPGE_1_N005,38.947418999985814,-121.0912436177142,0.24077
BELLVUE_1_N001,38.379084046922976,-122.712022,10.98176
BELLVUE_1_N003,38.37900297652332,-122.711962292445,10.98176
BELLVUE_1_N005,38.37900297652332,-122.712081707555,10.98176
BELMONT_1_N001,37.52332024549896,-122.264967,7.25891
BELMONT_1_N006,37.52323887723573,-122.26490776711239,7.25891
BELMONT_1_N008,37.52323887723573,-122.26502623288762,7.25891
BELRIDGE_1_N001,35.455722,-119.631903,-9.90397
BERESFRD_6_N001,37.565013999986284,-122.31923796388803,7.09381
BERESFRD_6_N002,37.565013999986284,-122.31935203611197,7.09381
BERNARDO_6_N001,33.021575,-117.096228,-5.67098
BERNARDO_6_N002,33.021574999954524,-117.09612121988424,-5.67098
BERNARDO_6_N009,33.02148546856512,-117.096228,-5.67098
BERNARDO_6_N013,33.021574999954524,-117.09633478011577,-5.67098
BERNARDO_6_N014,33.0216645314348,-117.096228,-5.67098
BERNARDO_LNODEARDO,33.02157451,-117.0962277,-3.00242
BERVLLY_6_N001,37.586478,-120.125088,-6.33813
BIGBASN_6_N001,37.129545,-122.172132,10.30465
BIGCRK1_7_N001,37.20203293082091,-119.24090286336467,-5.94169
BIGMDWS_6_N001,40.171215,-121.085128,0.20871
BIGRIVR_6_N001,39.311461,-123.786522,-41.25152
BIOLA_6_N001,36.792525,-120.114116,-8.01175
BIXLER_6_N001,37.9370142319286,-121.528389,0.78928
BKRSFLD_2_N001,35.388298999987455,-119.0044078374034,-9.92164
BKRSFLD_2_N101,35.388298999987455,-119.0045181625966,-9.92164
BLLEHVN_6_N001,37.4772652825887,-122.16793304841748,7.23191
BLLEHVN_6_N002,37.477186999945324,-122.16787609695427,7.23191
BLLEHVN_6_N004,37.477108717384,-122.1679330485368,7.23191
BLLEHVN_6_N006,37.477108717384,-122.1680469514632,7.23191
BLLEHVN_6_N007,37.477186999945324,-122.16810390304572,7.23191
BLUELKE_6_N001,40.88014,-123.980584,-4.55428
BLUSTNPP_6_N003,38.575523,-121.497588,-11.34109
BLYTHESC_1_N005,33.614957,-114.682935,-5.47067
BNAVSTA_6_N001,36.653344,-121.62946,28.70759
BNAVSTA_6_N002,36.65334399994771,-121.62934811906177,28.70759
BNTACRB_6_N001,37.7528989999862,-121.35069018924217,0.79824
BOGARD_6_N001,40.586552,-121.093959,0.33111
BOGUE_1_N001,39.09613073444745,-121.623771,-0.15391
BOGUE_1_N201,39.096050132760894,-121.62371103865068,-0.15391
BOLINAS_6_N001,37.941119,-122.707332,4.74349
BOLLMAN_1_N003,38.04,-121.98,5.09238
BOLTHSE_1_N009,35.36215899998747,-118.92362184077258,-9.93997
BONITA_6_N001,36.967863,-120.20266,-5.73396
BONNIEN_7_N001,39.214314999985774,-120.80917722077704,5.71669
BORDEN_2_N007,36.92227399998671,-119.98422371699712,-7.74061
BORDER_6_N001,32.56633480869927,-116.944389,-5.6676
BORDER_6_N008,32.566254095638485,-116.94433370647506,-5.6676
BORONDA_6_N001,36.689983,-121.679239,28.74294
BOSWELL_6_N001,36.085115,-119.552823,-9.50064
BOWLES_6_N001,36.605651,-119.773312,-8.01786
BRDGVLT_7_N001,40.47956799998481,-123.78034162638289,-6.06094
BREEZE_LNODEYT1,35.123880999987534,-118.37403687435777,-2.99985
BREEZE_LNODEYT2,35.123880999987534,-118.37414712564222,-5.34911
BRENTWOD_2_N001,37.91959423612686,-121.676423,0.67194
BRENTWOD_2_N006,37.91951288192155,-121.67636345967551,0.67194
BRENTWOD_2_N011,37.91951288192155,-121.67648254032449,0.67194
BRGSMR_LNODEGZB,37.66621999998627,-120.97704287657282,-3.27435
BRGSMR_LNODETHU,37.66621999998627,-120.97715712342718,-3.27435
BRITTN_1_N001,37.37433620668406,-122.015575,9.49896
BRITTN_1_N005,37.37425489664326,-122.01551592726007,9.49896
BRITTN_1_N006,37.37425489664326,-122.01563407273993,9.49896
BRKRSLG_1_N005,38.57552299994369,-121.49747300547165,0.0685
BROCKWAY_LNODE01,39.243063530935196,-120.02634939696748,-3.43506
BROCKWAY_LNODE02,39.242884468950564,-120.02634939726258,-3.43506
BROCKWAY_LNODE51,39.242884468950564,-120.02658060273741,-3.43506
BROCKWAY_LNODE52,39.243063530935196,-120.02658060303253,-3.43506
BRRNDAC_6_N001,35.658183,-120.040362,-11.34109
BRUNSWCK_1_N003,39.23119771901711,-121.034946,8.28
BRUNSWCK_1_N008,39.23111714047599,-121.03488594065819,8.28
BRUNSWCK_1_N101,39.23111714047599,-121.03500605934181,-1.17983
BRWNSVY_6_N001,39.226226,-121.422634,-0.05627
BUELLTON_1_N001,34.625261999987686,-120.18631205143852,-14.45967
BUELLTON_1_N003,34.625261999987686,-120.18642194856149,-14.45967
BUENAVS1_7_B1,36.653254242119594,-121.62934811919219,-9.91393
BUENAVS1_7_B3,36.65319077379855,-121.6294272308971,-9.91393
BUENAVS1_7_B4,36.653175595551595,-121.62953750035395,-9.91393
BUENAVS1_7_B5,36.65320668330105,-121.62964245619625,-9.91393
BUENAVS1_7_B6,36.653272145363964,-121.6297190021347,-9.91393
BUENAVS1_7_B7,36.65335697428145,-121.62975556706088,-9.91393
BUENAVS2_7_B1,36.65344659805961,-121.62974945473616,-9.91039
BUENAVS2_7_B3,36.653528699704175,-121.62970424026268,-9.91039
BUENAVS2_7_B4,36.653594014575496,-121.62962749889522,-9.91039
BUENAVS2_7_B5,36.653636508590544,-121.62952895027708,-9.91039
BULLARD_1_N001,36.824388,-119.769224,-8.13509
BULLARD_1_N004,36.824387999947184,-119.76911168846675,-8.13509
BULLARD_1_N005,36.824298097276774,-119.769224,-8.13509
BULLARD_1_N006,36.824387999947184,-119.76933631153325,-8.13509
BURLNGME_1_N001,37.589627,-122.363434,7.09092
BUTTE_1_N010,39.7118129999855,-121.81325170045862,0.16243
BUTTE_1_N101,39.7118129999855,-121.81336829954137,0.16243
BWILLIAM_LNODEILLW,34.16145330172,-114.38177086852794,-2.98314
B_6_N001,32.714377595830264,-117.16944251257752,-5.71984
B_6_N003,32.714198404079745,-117.16944251279143,-5.71984
B_6_N005,32.714198404079745,-117.16965548720856,-5.71984
B_6_N007,32.714377595830264,-117.16965548742249,-5.71984
CABRILLO_1_N001,32.70751759908557,-117.24492651689708,-14.44649
CABRILLO_6_N001,32.70733840082447,-117.24492651711095,-5.72659
CABRILLO_6_N004,32.70733840082447,-117.24513948288904,-5.72659
CALAVE_1_N001,36.71900181109094,-119.76554095699167,-9.03299
CALAVE_1_N002,36.718822188804005,-119.76554095725366,-9.03299
CALAVE_1_N004,36.718822188804005,-119.76576504274634,-9.03299
CALCMENT_7_N4,37.37,-120.64,-6.15382
CALISTGA_6_N001,38.592664,-122.57862,15.89902
CALLENDR_1_N001,35.04,-120.6,-14.48699
CALPELLA_1_N001,39.197538,-123.192135,-37.70787
CALSUB_LNODEET,39.521219,-120.008761,-3.25378
CAMDEN_6_N001,36.446258999987045,-119.79904229562648,-8.01593
CAMDEN_6_N002,36.446258999987045,-119.79915370437352,-8.01593
CAMERON_6_N001,32.65324599998863,-116.48807277404411,-2.6
CAMINO_2_N001,34.83,-114.99,-5.36329
CAMPHORA_6_N001,36.46829799998704,-121.39017127220814,28.74552
CAMPHORA_6_N003,36.46829799998704,-121.39028272779186,28.74552
CANAL_6_N001,37.066368999986636,-120.8354215297125,-4.85376
CANAL_6_N006,37.066368999986636,-120.8355344702875,-4.85376
CANBY_BP_LNODEACW,41.444925999984385,-120.88087787131334,-3.19849
CANBY_BP_LNODEVEC,41.444925999984385,-120.88099812868666,-3.19849
CAN_SUB_LNODEONA,34.18955419166312,-118.592,-5.72835
CAN_SUB_LNODEONB,34.189472904155366,-118.59194326369176,-3.04228
CAN_SUB_LNODEONC,34.189472904155366,-118.59205673630824,-3.0426
CAPAY_6_N001,39.775993256822886,-122.10383,0.36812
CARBONA_6_N003,37.69218399998622,-121.41818185598439,0.85417
CARBONA_6_N101,37.69218399998622,-121.4182961440156,0.85417
CARLOTTA_6_N001,40.541122999984744,-124.06382054930958,-5.43746
CARLOTTA_6_N003,40.541122999984744,-124.06393945069041,-5.43746
CARLTNHS_1_N001,32.85503754591703,-117.01185140348343,-5.67034
CARLTNHS_1_N004,32.85485845399255,-117.01185140369861,-5.67034
CARNATIO_6_N001,35.311332,-119.083574,-9.9345
CARNERAS_6_N001,35.541055,-119.805238,-11.29319
CAROLNDS_6_N001,37.55291899998627,-122.37633097506193,7.0877
CAROLNDS_6_N002,37.55291899998627,-122.37644502493806,7.0877
CARQUINZ_1_N001,38.09103799998602,-122.24848662968667,4.71135
CARQUINZ_1_N002,38.09103799998602,-122.24860137031332,4.71135
CARRIZO_1_N001,35.3805629695311,-120.040252,-9.90172
CARRIZO_LNODEHILL,35.38048201522088,-120.04019467441788,-3.03071
CARRIZO_LNODEZOT1,35.38048201522088,-120.04030932558213,-2.98668
CARTWRT_1_N001,37.78999999998617,-122.24994278512781,4.88516
CARTWRT_1_N010,37.78999999998617,-122.25005721487219,4.88516
CARUTHRS_6_N001,36.531554,-119.882758,-8.00758
CAR_SM_LNODENE1,38.642773175556165,-121.3294330286556,-3.29299
CAR_SM_LNODENE2,38.64259349099788,-121.32943302894401,-3.29299
CAR_SM_LNODENE3,38.64259349099788,-121.329663082168,-3.29299
CAR_SM_LNODENE4,38.642773175556165,-121.3296630824564,-3.29299
CASTLE_LNODEDR1,37.36195490350885,-120.56264978595905,-3.25314
CASTLE_LNODEDR2,37.36187666885442,-120.5625929569803,-3.25314
CASTLE_LNODEDR3,37.36179843428164,-120.56264978607754,-3.25281
CASTLE_LNODEDR4,37.36179843428164,-120.56276344403506,-3.25281
CASTLE_LNODEDR5,37.36187666885442,-120.5628202731323,-3.25314
CASTLE_LNODEDR6,37.36195490350885,-120.56276344415355,-3.25314
CASTROVL_2_N001,37.69127699998625,-122.06100285669102,5.79305
CASTROVL_2_N003,37.69127699998625,-122.06111714330898,5.79305
CASTROVL_2_N006,36.76278384840137,-121.73625384648868,5.79305
CAS_LA_LNODESMW,34.587237,-118.656638,-3.03907
CAS_PP_LNODE1AUX,34.58734037344726,-118.65692220263387,-3.03907
CAS_PP_LNODE2AUX,34.58742309555189,-118.65687780855163,-3.03907
CAS_PP_LNODE3AUX,34.587488904018386,-118.65680245963806,-3.03907
CAS_PP_LNODE4AUX,34.58753171916694,-118.65670569917606,-3.03907
CAS_PP_LNODE5AUX,34.58754852361777,-118.65659776098718,-3.03907
CAS_PP_LNODE6AUX,34.58753896054594,-118.65648852558515,-3.03907
CATALYST_7_N001,37.33647699998642,-121.87909619952335,10.45625
CATLETT_6_N001,38.808811,-121.516115,-0.21915
CAWELOB_6_N001,35.57097799998741,-119.11546380934058,-9.94189
CAWELOC_1_N001,35.57097799998741,-119.11557419065942,-9.93932
CAYUCOS_6_N001,35.44865399998744,-120.8703058292383,-15.27036
CAYUCOS_6_N006,35.44865399998744,-120.8704161707617,-15.27036
CCOSTA_2_N001,37.998693,-121.783314,4.88943
CCSUB_1_N001,38.03,-121.75,4.61635
CCSUB_2_N001,38.01999999998606,-121.75994265860079,4.61667
CCSUB_2_N010,38.01999999998606,-121.7600573413992,4.61667
CEDRCRK_6_N101,40.79116899998464,-121.93795172476342,0.59791
CENTERS_6_N001,33.928884073837764,-118.105463,-5.7717
CENTERS_6_N200,33.9288029630683,-118.10551943910147,-5.7717
CEN_SUB_LNODEONB,33.948054083699034,-118.255,-3.03907
CEN_SUB_LNODEONC,33.94797295813763,-118.25494353789466,-5.72835
CEN_SUB_LNODEOND,33.94797295813763,-118.25505646210534,-3.03907
CERES_LNODEDR1,37.6088562120824,-120.956729570412,-3.24928
CERES_LNODEDR3,37.6089710504,-120.956595705015,-3.24928
CERES_LNODEDR4,37.6089019185376,-120.956592000755,-3.24928
CERES_LNODEDR5,37.6087606610128,-120.956712881849,-3.24928
CERES_LNODEDR7,37.6089324750351,-120.956712057352,-3.24928
CERES_LNODEDR8,37.6090011903052,-120.956714357349,-3.24928
CERTTEED_1_N001,37.059999999986665,-120.07994353791257,-6.67217
CERTTEED_1_N002,37.059999999986665,-120.08005646208743,-6.67217
CHALLNGE_6_N001,39.48543,-121.220509,0.10593
CHANNEL_6_N001,37.95526599998612,-121.33242068885451,1.15688
CHARKA_1_N001,35.608038,-119.325523,-9.92968
CHCARITA_1_N001,32.9600895309367,-117.08989329478639,-5.66905
CHCARITA_1_N004,32.95991046897258,-117.08989329500262,-5.66905
CHCARITA_1_N008,32.95991046897258,-117.09010670499737,-5.66905
CHC_LNODE31A,38.95999999998579,-120.89994237638588,-2.98475
CHC_LNODE33A,38.95999999998579,-120.90005762361412,-2.98475
CHEROKEE_6_N001,38.005513,-121.237769,1.1138
CHESTER_6_N001,40.304405,-121.224282,0.17014
CHICOA_6_N001,39.71879299998543,-121.82096169136352,0.16179
CHICOA_6_N010,39.71879299998543,-121.82107830863647,0.16179
CHICOB_1_N001,39.725493999985424,-121.84718768259572,0.16468
CHICOB_1_N002,39.725493999985424,-121.84730431740428,0.16468
CHINO_6_N007,33.998301818402325,-117.67886922357054,-5.74274
CHINO_6_N008,33.998301818402325,-117.67908677642946,-5.74274
CHLDHOSP_1_N001,36.87,-119.81,-8.2915
CHOLLAS_6_N001,32.744058749573895,-117.046316,-5.66911
CHOLLAS_6_N008,32.743978125200904,-117.04626065732346,-5.66911
CHOLLAS_6_N009,32.743978125200904,-117.04637134267654,-5.66911
CHSTN_1_N001,38.09,-120.3,-3.50753
CHWCHLLA_1_N001,37.12073295026913,-120.25055224215674,-6.66413
CHWCHLLA_1_N002,37.12073295026913,-120.25066975784326,-6.66413
CIG_SM_LNODESS,38.44525,-121.461543055556,-3.30328
CIMA_2_N101,35.2691,-115.49292,-5.47228
CITYUKH_1_B1,39.14300254479826,-123.19181754359136,-38.79578
CLAIRMNT_6_N008,32.825996732119705,-117.184096,-35.05
CLAMMNA_1_N001,37.807826,-121.276142,0.85578
CLARIBEL_LNODEGFP,37.71028,-120.9688,-3.27435
CLARKRD_7_N001,39.6546447946953,-121.635292,0.16348
CLARMNT_1_N001,32.82591613392796,-117.18404062431202,4.90059
CLAUS_LNODEKSN,37.639389999986214,-120.91954289863075,-3.27403
CLAUS_LNODESME,37.639389999986214,-120.91965710136925,-3.27403
CLAYTN_1_N001,38.34245511038229,-120.93484110965764,5.19328
CLAYTN_1_N004,37.943825,-121.969415,5.19328
CLAYTN_1_N029,38.3422748895056,-120.93484110994348,5.19328
CLAYTN_1_N030,38.3422748895056,-120.93507089005652,5.19328
CLAY_6_N001,38.34245511038229,-120.93507089034236,1.26132
CLERLKE_6_N001,39.007954999985856,-122.89377935245265,-46.55476
CLERLKE_6_N012,39.007954999985856,-122.89389464754734,-46.55476
CLMBAHL_6_N001,39.331874,-121.101368,-0.00849
CLOUGH_LNODEIYF,37.62761111,-120.9751667,-3.27371
CLOUGH_LNODEYBR,37.62761110994497,-120.97505251712948,-3.27371
CLOVIS_1_N001,36.826043942491545,-119.681281,-8.78107
CLOVIS_1_N004,36.825963028740034,-119.68122263908639,-8.59701
CLOVIS_1_N101,36.825963028740034,-119.68133936091361,-8.78107
CLOVRDLE_1_N001,38.795757,-123.011412,-37.42792
CLRKSVLE_1_N001,38.655559898770534,-121.060175,0.23017
CLRKSVLE_1_N003,38.655479050599546,-121.06011522698469,0.23017
CLRKSVLE_1_N004,38.655479050599546,-121.0602347730153,0.23017
CLSAJCT_6_N001,39.190857,-121.990506,-7.30663
CLWTER_2_N003,35.39850993300358,-118.93957167203409,6.42206
CMPEVRS_1_N001,37.041635999986624,-122.02530956161661,28.69441
CMPEVRS_1_N002,37.041635999986624,-122.02542243838339,28.69441
CNTRYCB_6_N001,37.97966036733168,-121.31639835392943,0.85221
CNTRYCB_6_N002,37.979479632557,-121.31639835421177,0.85221
CNTRYCB_6_N004,37.979479632557,-121.31662764578823,0.85221
CNTRYCB_6_N006,37.97966036733168,-121.31662764607057,0.85221
COLLEG_LNODEDR1,37.6091056801805,-120.992876143573,-3.25924
COLLEG_LNODEDR2,37.6091096218649,-120.992789582042,-3.25924
COLLEG_LNODEDR5,37.6090266914486,-120.992698116343,-3.25924
COLLEG_LNODER15,37.6090419641747,-120.993034819943,-3.25924
COLNGA1_6_N001,36.13602399998719,-120.34444457141348,-17.88304
COLNGA1_6_N002,36.13602399998719,-120.34455542858652,-17.88304
COLNGA2_6_N001,36.236577,-120.315114,-17.88047
COLONY_6_N001,38.190132,-121.181632,1.15557
COLUMBUS_1_N001,35.398330066896115,-118.93957167228022,-9.93225
COLUMBUS_1_N003,35.398330066896115,-118.93979232771979,-9.93225
COLUMBUS_1_N005,35.39850993300358,-118.9397923279659,-9.93225
COLUSA_6_N001,39.213610999985775,-122.00296022131043,-7.30567
COLUSA_6_N004,39.213610999985775,-122.00307577868956,-7.30567
COLWATER_1_N001,34.86012489309556,-116.85312978164612,-8.78424
COLWATER_1_N002,34.86012489309556,-116.85324421835388,-8.78424
COMMONS_LNODEDR1,37.6091045275098,-120.992962913259,-3.26278
COMMONS_LNODEDR3,37.5166183000533,-120.867554724081,-3.26246
COMMONS_LNODEDR4,37.516699044633,-120.867555122205,-3.26278
COMMONS_LNODEDR5,37.5164895041446,-120.867550987033,-3.26246
COMMONS_LNODEDR7,37.5165532160667,-120.867553025577,-3.26246
COMMONS_LNODEDR8,37.5008689404211,-120.913270146673,-3.26278
CONCHO_1_N002,33.785845,-116.342689,-5.59643
CONTADNA_1_N001,36.29,-119.71,-10.14156
CONTROLX_1_N001,37.342839,-118.471988,-40.10575
CONTROL_7_N001,37.34291722503321,-118.47193119226046,-39.35175
COOPER_LNODEDR1,37.3189566034476,-120.5119493179366,-3.25378
COOPER_LNODEDR2,37.31895660339336,-120.51183575699493,-3.25378
COOPER_LNODEDR3,37.318866291449055,-120.51183575713138,-3.25249
COOPER_LNODEDR4,37.318802431310424,-120.51191605677509,-3.25378
COOPER_LNODEDR5,37.318787159360575,-120.51202798203006,-3.25249
COOPER_LNODEDR6,37.31881843902539,-120.51213451388375,-3.25378
COOPER_LNODEDR7,37.318884305211256,-120.51221220923813,-3.25378
COOPER_LNODEDR8,37.318969657813994,-120.51224932323211,-3.25474
COOPER_LNODEDR9,37.31905983488123,-120.51224311913526,-3.25474
COOPER_LNODER14,37.31914244338007,-120.5121972257278,-3.25281
COOPER_LNODER15,37.31920816147405,-120.51211933201114,-3.25281
COOPER_LNODER16,37.31925091782716,-120.51201930357878,-3.25281
COOPER_LNODER17,37.31926769919903,-120.51190771989396,-3.25281
COPUS_6_N001,35.093593,-119.278466,-9.81686
CORCORAN_1_N001,36.10957699998725,-119.55797958991954,-9.5
CORCORAN_1_N005,36.10957699998725,-119.55809041008045,-9.50032
CORDELIA_6_N001,38.216066,-122.112082,4.31526
CORDPMP_6_N003,38.575433098781254,-121.497588,4.31108
CORNING_6_N004,39.93198099998522,-122.18732639815484,0.34337
CORNING_6_N006,39.93198099998522,-122.18744360184516,0.34337
CORONADO_6_N001,32.698823762005226,-117.173249,-5.72177
CORONADO_6_N002,32.69874311898509,-117.17319367259638,-5.72177
CORONA_1_N001,32.69874311898509,-117.17330432740361,9.12605
CORRAL_6_N001,38.1014979999861,-120.92635462577833,1.25617
CORRAL_6_N003,38.1014979999861,-120.92646937422167,1.25649
CORSGOLD_1_N001,37.22751499998653,-119.69108432761332,-7.91321
CORSGOLD_1_N003,37.22751499998653,-119.69119767238668,-7.91321
CORTEZ_LNODEDR1,37.5005587104299,-120.913235680039,-3.25603
CORTEZ_LNODEDR3,37.5007571927422,-120.913267914805,-3.25539
CORTEZ_LNODEDR5,37.5006522266335,-120.913263660994,-3.25603
CORTEZ_LNODEDR6,37.5008124927682,-120.913424010622,-3.25603
CORTEZ_LNODEDR7,37.5007095209272,-120.913352769965,-3.25539
CORTINA_1_N106,39.121407,-122.224176,-8.66419
COR_LNODENE1,38.55393333331922,-121.20798139654603,-3.29878
COR_LNODENE3,38.55393333331922,-121.20809638123197,-3.29878
COTATI_6_N101,38.30970399998603,-122.73153156284509,15.93888
COTATI_6_N102,38.30970399998603,-122.73164643715491,15.93888
COTTLEA_2_N001,37.772676259234935,-120.825545,1.7681
COTTLE_7_N001,37.77259487036768,-120.82548555286246,1.7681
COTWDPGE_1_N001,34.38040399998781,-116.87675022716886,0.39188
COVELO6_6_N001,39.78628299998532,-123.24850460152904,-30.56884
CPLECEF_1_N001,37.25999999998651,-121.63994328855216,8.23388
CPLECEF_1_N005,37.25999999998651,-121.64005671144784,8.23388
CPP_LNODESS1,38.3383555554995,-121.12458988828622,-3.31228
CPP_LNODESS2,38.33844566948052,-121.124475,-3.31228
CRABTREE_LNODENK1,37.64506,-120.60683,-3.26985
CRCANAL_6_N001,40.1384740349693,-122.208547,0.13442
CREELMAN_6_N001,33.01815871873613,-116.853026,-5.8372
CREELMAN_6_N004,33.01807814061963,-116.85297051775382,-5.8372
CREELMAN_6_N014,33.01807814061963,-116.85308148224618,-5.8372
CRESSEY_1_N001,37.42852799998634,-120.6386900986629,-5.7243
CRESTWD_6_N001,32.699023999988746,-116.35373376108788,-5.82426
CROWLNDG_LNODEDR1,37.4627004272953,-120.740076630976,-3.24992
CROWLNDG_LNODEDR3,37.462786962981,-120.740080933369,-3.2496
CROWLNDG_LNODEDR4,37.462613876709,-120.740078364387,-3.2496
CROWLNDG_LNODEDR5,37.4625421344261,-120.740074305354,-3.2496
CROWLNDG_LNODEDR7,37.4627827502437,-120.740270351347,-3.24992
CRUSHER_6_N001,37.021645,-122.154383,10.2979
CRWSLDG_6_N001,37.377307,-121.085672,0.89435
CRYSTLSG_6_N001,37.528913,-122.361067,10.26865
CSG_LNODESS,38.51068967879612,-121.47509029333828,-3.30231
CSTRVLLE_1_N001,36.762604151493385,-121.73625384675147,28.77348
CURTIS1_7_N001,37.974949221777045,-120.320668,-3.45835
CURTISS_1_N101,37.974867889096444,-120.32072756943327,-3.4426
CYMRIC_1_N001,35.31,-119.63,-9.90686
DAIRYLND_1_N001,37.055221,-120.317015,-33.06
DALYCTY_1_N001,37.69180126214444,-122.455704,7.47633
DALYCTY_1_N005,37.69171986891291,-122.45564461457239,7.47633
DANISHCM_1_N001,36.71900181109094,-119.76576504300833,-9.03235
DAVIS_1_N001,39.06008956957949,-121.70988464738468,0.04073
DAVIS_1_N007,39.05991043030674,-121.70988464767737,0.04073
DAVIS_1_N012,39.05991043030674,-121.71011535232263,0.04073
DECPTSG_2_N001,38.05999999998602,-121.86994264179833,5.20197
DECPTSG_2_N018,38.05999999998602,-121.87005735820168,5.20197
DEEPWATR_1_N101,38.55162999998592,-121.56020750817653,0.06978
DEEPWATR_1_N104,38.55162999998592,-121.56032249182347,0.06978
DELAMO_2_N001,33.84836303124857,-118.096994,-5.77556
DELAMO_2_N014,33.84828198436281,-118.09693765855927,-5.77556
DELAMO_2_N022,33.84828198436281,-118.09705034144073,-5.77556
DELMAR_6_N001,38.7988788301003,-121.220655,-5.72467
DELMAR_6_N001A,38.798798084934575,-121.22059518327069,0.15559
DELMAR_6_N005,38.798798084934575,-121.22071481672931,0.15559
DELMAR_6_N010,32.980789999988666,-117.25535963525417,-5.72467
DELMAR_6_N011,32.980789999988666,-117.25546636474583,-5.72467
DELMNTE_1_N010,36.599053999987,-121.8539621246086,28.70534
DELMNTE_1_N201,36.599053999987,-121.85407387539139,28.70534
DESCANSO_6_N001,32.86524,-116.633752,-2.6
DEVLDNPP_6_N003,35.774930999987355,-119.97393475743563,-11.33594
DEVLSDN_6_N001,35.774930999987355,-119.97404524256437,-11.33016
DFS_1_N001,36.72,-120.6,-6.66562
DIABLO1_7_N001,35.215922999950024,-120.84743471985068,-9.50782
DIABLO2_7_N001,35.215922999950024,-120.84765528014933,-9.51039
DIABLOCN_2_N001,35.21601309719158,-120.847545,-14.4227
DINUBAE_7_N001,36.56893330486095,-119.41841731957626,-9.0391
DINUBA_6_N001,36.56893330486095,-119.41864068042374,-9.04135
DINUBA_6_N005,36.56911269503489,-119.41864068068313,-9.04135
DIRYVLLE_6_N001,40.12799,-122.097838,0.53362
DIVISION_6_N001,32.6815959999886,-117.12003376624276,-5.71277
DIVISION_6_N009,32.6815959999886,-117.12014023375725,-5.71277
DIXON-J1_6_N101,38.44545401121386,-121.826237,0.49865
DIXONLD_1_N001,37.457825231051295,-121.921353,8.83719
DIXONLD_1_N002,37.457743884459624,-121.92129383478914,8.83719
DIXONLD_1_N008,37.457743884459624,-121.92141216521087,8.83687
DIXON_6_B1,38.445372994377905,-121.8261772770627,0.49865
DIXON_6_N002,38.445372994377905,-121.8262967229373,0.49865
DMNDSPR_1_N001,38.69304699998593,-120.82566347343,0.23306
DMNDSPR_1_N003,38.69304699998593,-120.82577852656999,0.23306
DOBBINS_6_N001,39.339604,-121.197378,0.03329
DOLANRD_1_N001,36.800296,-121.769123,28.78248
DOMTAR_1_N001,38.13,-121.65,4.61603
DONNER_LNODE07,39.327305,-120.281812,-3.47138
DONPEDRO_LNODENSS,37.6962503274167,-120.4206077500803,-3.24639
DOSPALS_6_N001,36.97484,-120.635012,-5.76681
DUKMOSS1_7_N001,36.85999999998676,-121.76005620188538,28.79534
DUKMOSS2_7_N001,36.84999999994714,-121.75988762218331,28.79534
DUKMOSS3_7_N001,36.84999999994714,-121.76011237781668,28.79566
DUKMOSS3_7_N002,36.85008992566386,-121.76,28.79566
DUKMOSS4_7_N001,36.84999999994714,-121.71988762218332,28.79277
DUKMOSS5_7_N001,36.83999999998681,-121.72005617595099,28.79277
DUKMOSS6_7_N001,36.84999999994714,-121.72011237781669,28.79277
DUKMOSS6_7_N002,36.85008992566386,-121.72,28.79277
DUMBARTN_1_N001,37.557155251259346,-122.057606,6.89946
DUMBARTN_1_N003,37.55707387435557,-122.05754673393427,6.89946
DUMBARTN_1_N011,37.55707387435557,-122.05766526606573,6.89946
DUNBAR_6_N001,38.38322299998598,-122.52777754540057,4.57486
DUNBAR_6_N002,38.38322299998598,-122.52789245459942,4.57486
DUNHILL_6_N001,32.901543,-117.229958,-5.72885
DUNLAP_6_N001,36.64502999998689,-119.15909106962141,-9.0452
DUNNIGAN_6_N001,38.924808,-121.989951,-7.38506
DUNNSIDE_1_N001,35.03321,-116.467335,-9.07198
EAGLEMTN_2_N001,33.82005401596653,-115.44,-5.48806
EAGLEMTN_2_N002,33.8199729920039,-115.43994369314599,-5.48806
EAGLROCK_2_N001,38.8293359999859,-122.81077743066047,-5.83568
EAGLROCK_2_N012,38.8293359999859,-122.81089256933953,-5.83568
EASTGATE_6_N101,32.88493613808494,-117.20083859603457,-5.73078
EASTGATE_6_N201,32.88493613808494,-117.20094940396542,-5.73078
EBMUDGRY_1_N001,37.93,-122.04,5.18621
ECY_LNODE101,38.55445658675582,-121.43093112608555,-3.29717
ECY_LNODE102,38.55427674646514,-121.4309311263732,-3.29717
ECY_LNODE103,38.55427674646514,-121.43116109584881,-3.29717
ECY_LNODE104,38.55445658675582,-121.43116109613645,-3.29717
EDENVALE_1_N001,37.24503626216962,-121.7958386130011,12.58231
EDENVALE_1_N004,37.24485573772219,-121.79583861327271,12.58231
EDENVALE_1_N006,37.24485573772219,-121.79606538672729,12.58167
EDENVALE_1_N008,37.24503626216962,-121.7960653869989,12.58167
EDES_1_N001,37.738786999986225,-122.19371982090533,4.79259
EDES_1_N003,37.738786999986225,-122.19383417909467,4.79227
EDMON1AP_7_N001,34.986313,-118.738787,-5.93102
EDMON2AP_7_N001,34.986312999950265,-118.73867680688261,-5.93102
EDMON3AP_7_N001,34.98622271993701,-118.73867680700413,-5.93135
EDMON3AP_7_N002,34.98615888237297,-118.73875472524391,-5.93135
EDMON4AP_7_N001,34.98614361582445,-118.738863331203,-5.93135
EDMON4AP_7_N002,34.98617488443967,-118.73896670370384,-5.93135
EDMON5AP_7_N001,34.98624072734969,-118.73904209487607,-5.93135
EDMON5AP_7_N002,34.986326049781965,-118.73907810817316,-5.93135
EDMON6AP_7_N001,34.986416194964555,-118.73907208804029,-5.93135
EDMON6AP_7_N002,34.98649877424742,-118.73902755565565,-5.93135
EDMON7AP_7_N001,34.98656446909455,-118.73895197200041,-5.93135
EDMON7AP_7_N002,34.98660721032227,-118.7388549100885,-5.93135
EDMON8AP_7_N001,34.98662398575978,-118.738746635625,-5.93135
EDMON8AP_7_N002,34.986614439197844,-118.738637059907,-5.93135
EDWARDS_1_N001,34.991871,-117.890005,-9.3429
EELRIVR_6_N001,40.602658,-124.210199,-5.01226
EIGHTMI_2_N017,38.058077,-121.375292,0.85701
EISENHOW_1_N001,33.830599,-116.497612,-5.57394
EISEN_6_N001,35.35714,-118.97131,-9.91232
ELCAJNGT_7_N001,32.795346131065216,-116.97233863745876,-5.39398
ELCAJNGT_7_N004,32.795346131065216,-116.97244936254124,-5.41487
ELCAPTN_1_N001,37.335801999986415,-120.50517320028958,-5.72238
ELCAPTN_1_N004,37.335801999986415,-120.50528679971042,-5.72238
ELCAPTN_1_N005,37.365512,-120.578993,-5.72238
ELCRRTO_1_N001,37.91620499998609,-122.30313670905946,4.90252
ELCRRTO_1_N023,37.91620499998609,-122.30325129094054,4.90252
ELKCREEK_6_N001,39.12957472883464,-123.711777,0.23762
ELKHIL1G_7_N001,35.22604999998747,-119.37772885850012,-9.90718
ELKHIL2G_7_N001,35.22604999998747,-119.37783914149988,-9.90718
ELK_6_N001,39.1294941355673,-123.71183698354646,-42.54383
ELK_SM_LNODENE2,38.37273738362879,-121.354256944444,-3.30296
ELK_SM_LNODENE7,38.372656308170484,-121.35419723840097,-3.3036
ELK_SM_LNODENE8,38.372656308170484,-121.35431665048702,-3.3036
ELLIOTT_6_N001,32.81585999998874,-117.08840071898302,-5.69316
ELLIOTT_6_N004,32.81585999998874,-117.08850728101697,-5.69316
ELLIS_6_N001,37.716505,-121.548766,-5.7993
ELLIS_6_N105,33.685126,-117.943596,-5.7993
ELLSGTY_1_N001,33.685294,-117.943088,0.87571
ELNIDO_1_N004,37.12061299998659,-120.47270746040512,-5.97905
ELNIDO_2_N001,37.12061299998659,-120.47282053959488,-5.89384
ELNIDO_2_N012,33.89624399998809,-118.37271472929694,-5.89384
ELNIDO_7_N001,33.89624399998809,-118.37282327070305,-5.97905
ELPATIO_1_N001,37.29223717683988,-121.935913,10.84559
ELPATIO_1_N006,37.29215591156547,-121.93585402427247,10.84559
ELPATIO_1_N015,37.29215591156547,-121.93597197572753,10.84559
ELV_LNODENE1,38.71426666661026,-121.47683299057677,-3.29074
ELV_LNODENE2,38.71418891290697,-121.47689052312896,-3.29074
ELV_LNODENE3,38.71418891290697,-121.47700558798303,-3.29074
ELV_LNODENE4,38.71426666661026,-121.47706312053523,-3.29074
ELV_LNODENE5,38.71434442039811,-121.4770055881082,-3.29074
ELV_LNODENE6,38.71434442039811,-121.4768905230038,-3.29074
EMBRCDR_2_N001,37.780090430972514,-122.37988558363396,7.58365
EMBRCDR_2_N008,37.77990956891692,-122.37988558391392,7.58365
EMBRCDR_2_N101,37.77990956891692,-122.38011441608609,7.58365
EMBRCDR_2_N104,37.780090430972514,-122.38011441636604,7.58365
EMRLDLE_6_N001,37.462178,-122.277933,10.28055
EMRYSVE_1_N001,39.163430999985756,-121.56151425780503,-0.09813
EMRYSVE_1_N003,39.163430999985756,-121.56162974219497,-0.09813
ENCINAL_6_N001,39.247383,-121.637248,-0.06188
ENCINA_1_N001,33.13699513479889,-117.33531843066032,-5.7009
ENCINA_1_N049,33.13699513479889,-117.33542956933968,-5.7009
ENCNITAS_6_N001,33.05068472041646,-117.285325,-5.71342
ENCNITAS_6_N004,33.05060413977941,-117.28526949553299,-5.71342
ENCNITAS_6_N011,33.05060413977941,-117.285380504467,-5.71342
ENSLEN_LNODEHKQ,37.65224426097517,-121.0013,-3.27435
ENSLEN_LNODELOU,37.65216286949752,-121.00124064749899,-3.27435
ENSLEN_LNODEWFN,37.65216286949752,-121.00135935250101,-3.27435
ERTA_6_N001,36.930594,-121.763827,28.70727
ESCNDIDO_6_N001,33.12543545233769,-117.116857,-5.67806
ESCNDIDO_6_N046,33.12552499995441,-117.11696392572938,-5.67806
ESCNDIDO_6_N053,33.12561454766245,-117.116857,-5.67806
ESCO_6_N001,33.115770727187964,-117.089119,-5.68385
ESCO_6_N004,33.11569013639368,-117.08906344744015,-5.68385
ESQUON_6_N001,39.607876,-121.768445,0.16243
ESTGRND_1_N001,37.653951261060854,-122.403031,7.24766
ESTGRND_1_N005,37.65386986945481,-122.402971646041,7.24766
ESTGRND_1_N009,37.65386986945481,-122.403090353959,7.24766
ESTPRTL_1_N001,37.876677,-122.186415,4.90766
ESTQNCY_6_N001,39.938128,-120.910322,0.22736
ETIWANDA_6_N001,34.0883812512724,-117.5255740237224,-5.7273
ETIWANDA_6_N003,34.08814499998799,-117.52552751207779,-5.72827
EUREKAA_6_N001,40.793883999984665,-124.18290627263764,-4.57099
EUREKA_6_N001,40.793883999984665,-124.18302572736236,-4.56938
EVRGREEN_1_N001,37.303338999986465,-121.8408102375639,11.05506
EVRGREEN_1_N019,37.303338999986465,-121.84092376243609,11.05506
EXXONBH_7_N001,38.08095331088854,-122.13762073299924,4.77242
FAIRGRND_LNODEDR1,37.5006945896515,-120.867048786933,-3.26053
FAIRGRND_LNODEDR3,37.5005735349484,-120.866718665766,-3.26053
FAIRGRND_LNODEDR4,37.5005721589657,-120.866803820595,-3.26053
FAIRGRND_LNODEDR5,37.5005181954718,-120.867051337755,-3.26053
FAIRGRND_LNODEDR7,37.5005718981617,-120.866887330714,-3.26053
FAIRGRND_LNODEDR8,37.5005716373084,-120.866970837622,-3.26053
FAIRHAVN_6_N001,40.80028,-124.195714,-4.54978
FAIRWAY_1_N001,34.91059499998762,-120.44635292480474,-14.45645
FAIRWAY_1_N002,34.91059499998762,-120.44646307519525,-14.45645
FAMOSO_1_N001,35.60500099998741,-119.20248280260235,-9.93707
FARREL_1_N001,33.85654399998807,-116.49686777574072,-5.56398
FARREL_1_N002,33.85654399998807,-116.49697622425927,-5.56398
FAR_SUB_LNODEONA,34.03809021316632,-118.37089113436087,-3.04067
FAR_SUB_LNODEONB,34.0379097867377,-118.37089113459244,-3.04035
FAR_SUB_LNODEONC,34.0379097867377,-118.37110886540755,-3.04035
FAR_SUB_LNODEOND,34.03809021316632,-118.37110886563912,-3.04035
FELICITA_6_N001,33.093263724336374,-117.073637,-5.67903
FELICITA_6_N005,33.09318313781945,-117.07358146461416,-5.67903
FELICITA_6_N009,33.09318313781945,-117.07369253538583,-5.67903
FELLOWSG_7_N001,35.195188999987465,-119.58505586292793,-9.90172
FIGARDN_2_N001,36.8220309999868,-119.85852484727552,-7.9327
FIGARDN_2_N101,36.8220309999868,-119.85863715272448,-7.93142
FINNEY_LNODESNV,37.627520677678156,-120.9751667,-3.27467
FIREBAGH_6_N001,36.850688,-120.466577,-6.02017
FIREHOUS_LNODEBUSH,34.8569,-114.6245,-2.98893
FIY_LNODE0LD,38.762778,-121.356944,-3.29106
FLINT_1_N001,38.88530299998586,-121.06669540924167,0.24013
FMC_1_N001,37.347699999986396,-121.92219018683774,9.86035
FMC_1_N003,37.347699999986396,-121.92230381316226,9.86035
FOOTHILL_1_N001,35.27,-120.7,-14.4256
FORSTHL_6_N001,39.01927,-120.830271,0.27002
FORTORD_6_N001,36.643363,-121.792138,28.69698
FORTRSS_6_N001,38.539559,-123.223713,15.94145
FOSTERW_7_N001,38.02007534657929,-122.06127131707333,5.11038
FRANKLIN_6_N003,38.012317,-122.264655,5.08337
FRA_SM_LNODENE1,38.38101134187077,-121.4768906014164,-3.30489
FRA_SM_LNODENE2,38.380933333277234,-121.47683314740071,-3.30489
FRA_SM_LNODENE3,38.38085532476781,-121.47689060154032,-3.30489
FRA_SM_LNODENE4,38.38085532476781,-121.47700550957168,-3.30489
FRA_SM_LNODENE5,38.380933333277234,-121.47706296371129,-3.30489
FRA_SM_LNODENE6,38.38101134187077,-121.4770055096956,-3.30489
FREDONIA_LNODELD,34.1733,-114.574,-2.97382
FREMNT_1_N001,37.54118124868743,-121.962063,8.07296
FREMNT_1_N007,37.54109987564155,-121.96200374944321,8.07296
FREMNT_1_N013,37.54109987564155,-121.96212225055679,8.07296
FRIARS_1_N001,32.77904499998872,-117.15675673371696,-5.69702
FRIARS_1_N009,32.77904499998872,-117.15686326628304,-5.69702
FRNCHGLH_6_N001,40.68692,-122.641204,0.45714
FROGTOWN_7_N001,38.056504,-120.53381,1.17171
FRTSWRD_6_N001,40.21377199998503,-123.59658599020719,-14.68768
FRUITLND_6_N001,40.28584,-123.837372,-12.82426
FRUITVLE_6_N001,35.376774999987504,-119.0924868388967,-9.92614
FRUITVLE_6_N101,35.376774999987504,-119.09259716110328,-9.92614
FSTREET_LNODEDR1,37.4895796064313,-120.838424090027,-3.26021
FSTREET_LNODEDR3,37.4896984214952,-120.838270217479,-3.25989
FSTREET_LNODEDR4,37.4896152090171,-120.838173674241,-3.25989
FSTREET_LNODEDR5,37.4894938869083,-120.83833925837,-3.26021
FTCHMTN_6_N001,38.60608399998592,-122.85282549557644,29.31
FTCHMTN_6_N003,38.60608399998592,-122.85294050442356,29.31
FTL_LNODENE1,38.69308721315885,-121.348651111111,-3.29203
FTL_LNODENE2,38.693006393405355,-121.34859132777218,-3.29203
FTL_LNODENE3,38.693006393405355,-121.34871089444981,-3.29203
FULTON_2_N010,38.49657200829278,-122.75943026543568,10.79118
FULTON_2_N049,38.49657200829278,-122.75954973456432,10.79118
F_6_N001,32.75497274686537,-117.126027,-5.67435
F_6_N002,32.75489212655523,-117.12597165333155,-5.67435
F_6_N005,32.75489212655523,-117.12608234666845,-5.67435
GABILAN_6_N001,36.731511,-121.61325,28.71177
GALE_1_N001,34.85946599998758,-116.86535894183864,-8.78392
GANSNER_6_N101,39.939187,-120.948157,0.18525
GANSO_1_N001,35.501698,-119.449132,-9.91489
GARCIA_6_N001,38.88879,-123.550318,-42.56376
GAREY_1_N002,34.98,-120.26,-14.45195
GARFIELD_6_N001,32.795125,-116.996848,-5.44582
GARNET_7_N001,33.93858299995228,-116.57633536031197,-5.56237
GEER_LNODEDR1,37.52250334748,-120.843709746797,-3.25731
GEER_LNODEDR2,37.5224993081714,-120.843588348711,-3.25667
GEER_LNODEDR3,37.5224318250334,-120.843496861832,-3.25667
GEER_LNODEDR4,37.5224297824039,-120.843426269924,-3.25667
GEER_LNODEDR5,37.5224263420376,-120.843557323915,-3.25731
GEER_LNODEDR7,37.5224225565731,-120.843630755159,-3.25731
GEER_LNODEDR8,37.522425898329,-120.843709042834,-3.25731
GENESEE_6_N001,32.87974054062765,-117.2133823800825,-5.73849
GENESEE_6_N005,32.87956145928191,-117.21338238029792,-5.73849
GENESEE_6_N011,32.87956145928191,-117.21359561970208,-5.73849
GENESEE_6_N015,32.87974054062765,-117.2135956199175,-5.73849
GENE_2_N001,34.3,-114.23,-5.35041
GERBER_6_N101,40.064207,-122.156114,0.3758
GEYSR5-6_7_N001,38.777006613720275,-122.74238837921152,-32.61189
GIFFEN_6_N001,36.545076,-120.334519,-13.91729
GILROYF_1_N001,37.14,-121.58,12.5341
GILSTRAP_LNODEDR1,37.5800948624588,-120.975549487551,-3.25024
GILSTRAP_LNODEDR3,37.5801662132492,-120.9757670064,-3.25056
GILSTRAP_LNODEDR5,37.5799830759229,-120.975550499689,-3.25024
GILSTRAP_LNODEDR7,37.58017229934,-120.975552395649,-3.25024
GILSTRAP_LNODEDR8,37.5801700030066,-120.975645212521,-3.25056
GILSTRAP_LNODER17,37.5801611951015,-120.976018315921,-3.25056
GIRVAN_6_N001,40.51347,-122.378916,0.3877
GLENCLIF_6_N001,32.798367,-116.498315,-2.6
GLENSHIR_LNODERE,39.352238,-120.08626,-3.4476
GLENWOOD_6_N001,37.45733023092607,-122.186967,7.24959
GLENWOOD_6_N004,37.457248884522265,-122.18690783531744,7.24959
GLENWOOD_6_N005,37.457248884522265,-122.18702616468256,7.24959
GLRYCGG1_7_N001,37.12999999998655,-121.5600565514771,12.52992
GOLDTREE_1_N001,35.32012199998752,-120.69284284611503,-14.42656
GOLDTREE_1_N002,35.32012199998752,-120.69295315388497,-14.42656
GOLETA_6_N200,34.46880142976412,-119.88445868708224,-5.93252
GONZALES_6_N001,36.50885299998702,-121.44685522795733,28.71852
GONZALES_6_N003,36.50885299998702,-121.44696677204267,28.71852
GORMAN_6_N001,34.8014,-118.818908,-5.9577
GOSELKE_1_N001,35.601596,-119.579654,-9.92582
GOULD_2_N001,34.22145799998786,-118.18701737338756,-5.83601
GOULD_2_N007,34.22145799998786,-118.18712662661244,-5.83601
GRANDIS_1_N004,38.23108199998597,-121.59029758372996,0.26461
GRANDIS_1_N009,38.23108199998597,-121.59041241627003,0.26461
GRANITE_6_N001,32.804473,-116.92086,-5.36344
GRANITE_6_N007,32.804472999954854,-116.9207534473782,-5.36344
GRANITE_6_N008,32.80438343993102,-116.92086,-5.36344
GRANITE_6_N009,32.804472999954854,-116.92096655262179,-5.36697
GRANTRK_6_N001,37.67099326174171,-122.160116,28.70212
GRANT_1_N001,37.67091186911436,-122.16005663166834,6.60805
GRANT_1_N005,37.67091186911436,-122.16017536833166,6.60805
GRBRVLLE_6_N001,40.10263,-123.792873,-17.94786
GRDNEAST_1_N101,36.47999999998696,-119.60994425959105,-9.24063
GRDNEAST_1_N102,36.47999999998696,-119.61005574040897,-9.24063
GRDNWEST_1_N001,36.59,-119.57,-9.24256
GREENBRE_6_N001,37.93780399998614,-122.51415869769995,4.70106
GREENBRE_6_N003,37.93780399998614,-122.51427330230004,4.70106
GRIMWAY_1_N001,35.27,-118.87,-9.93322
GRNTHLL_1_N001,32.80456256006898,-116.92086,-5.68609
GRNVALY_1_N001,36.952139010813255,-121.76018,28.72012
GRNVALY_1_N011,36.95205799457908,-121.76012146857028,28.72012
GRSSVLY_6_N101,39.209514,-121.061004,0.02052
GRYSFLT_6_N001,40.021612,-121.065532,0.18525
GUALALA_6_N001,38.786699,-123.522777,15.97295
GUSTINE_6_N001,37.253223999986524,-121.01302629664288,0.90046
GUSTINE_6_N002,37.253223999986524,-121.01313970335713,0.90046
GYSRVLLE_6_N001,38.70981887157317,-122.907957,31.98941
GYSRVLLE_6_N003,38.70973806419826,-122.90789721183104,31.98941
HALSEYF_7_N001,38.90131699998584,-121.08772559737287,0.26134
HAL_SUB_LNODEON1,33.84769999998815,-118.30334578612137,-3.03842
HAL_SUB_LNODEONA,33.84769999998815,-118.30345421387864,-3.03778
HAMILTON_6_N001,39.746242,-122.011361,0.35944
HAMLIN_1_N009,40.38719215759148,-123.045061,-7.03
HAMMER_6_N001,38.02138220754234,-121.320367,0.84321
HAMMER_6_N003,38.02130089621381,-121.32030740848892,0.84321
HAMMER_6_N004,38.02130089621381,-121.32042659151108,0.84321
HAMMONDS_1_N001,36.72011,-120.603287,-7.13471
HARBORG_7_N101,33.770089981295506,-118.25010824500784,-5.87873
HARDING_6_N001,37.96379937479765,-121.2904483692276,1.11959
HARDING_6_N004,37.96361862509118,-121.29044836950978,1.11959
HARDWICK_6_N001,36.404261,-119.68624,-9.37564
HARRIS_6_N001,40.78104299998464,-124.13194328500423,-4.5517
HARRIS_6_N003,40.78104299998464,-124.13206271499577,-4.5517
HARTER_6_N001,39.14325399998575,-121.6480072716394,-0.11607
HARTER_6_N003,39.14325399998575,-121.6481227283606,-0.11607
HARTLEY_6_N001,39.077268,-122.932322,-42.55
HAR_GS_LNODE10AUX,33.77070285420546,-118.26588005129787,-3.0381
HAR_GS_LNODE11AUX,33.770785160786886,-118.2658363056699,-3.0381
HAR_GS_LNODE12AUX,33.77085063868779,-118.26576205737284,-3.0381
HAR_GS_LNODE13AUX,33.770893238769126,-118.26566671029164,-3.0381
HAR_GS_LNODE14AUX,33.77090995880947,-118.26556034876025,-3.0381
HAR_GS_LNODE1AUX,33.770900443776654,-118.26545270896402,-3.0381
HAR_GS_LNODE2AUX,33.770866485380765,-118.26535246672638,-3.0381
HAR_GS_LNODE5AUX,33.77081149182394,-118.26526678898045,-3.0381
HAR_SUB_LNODEONA,33.77073997374512,-118.26520109800133,-3.0381
HAR_SUB_LNODEONB,33.77065707494083,-118.26515900180253,-3.0381
HAR_SUB_LNODEONC,33.77056816417163,-118.26514234955444,-3.0381
HATTON_6_N001,36.55679,-121.897162,28.66805
HAWKINS_LNODEDR1,37.5799617816957,-120.645598336747,-3.25442
HAWKINS_LNODEDR3,37.5799481743814,-120.645311774451,-3.25346
HAWKINS_LNODEDR5,37.5798175544824,-120.645562968772,-3.25442
HAWKINS_LNODEDR7,37.5799502934699,-120.645479899093,-3.25346
HAY_GS_LNODE10AUX,33.765034221459466,-118.09919670179296,-3.04035
HAY_GS_LNODE12AUX,33.76505094051277,-118.09909035381168,-3.04035
HAY_GS_LNODE14AUX,33.765041426041684,-118.09898272772843,-3.04035
HAY_GS_LNODE15AUX,33.7650074696504,-118.0988824982613,-3.04035
HAY_GS_LNODE9AUX,33.7649524793399,-118.09879683143038,-3.04035
HAY_LNODESS1,33.76488096548275,-118.09873114881994,-3.04035
HAY_LNODESS2,33.76479807157197,-118.09868905798392,-3.04035
HED_LNODENE1,38.50998333333333,-121.355746944444,-3.30103
HED_LNODENE2,38.50998333327719,-121.35563197930773,-3.30103
HED_LNODENE3,38.50989337309517,-121.35563197945136,-3.30103
HED_LNODENE4,38.50982976169183,-121.355713272007,-3.30103
HED_LNODENE5,38.50981454922492,-121.35582658122124,-3.30103
HED_LNODENE6,38.509845707051696,-121.35593443034743,-3.30103
HED_LNODENE7,38.509911316684935,-121.35601308641768,-3.30103
HED_LNODENE8,38.50999633683837,-121.3560506593429,-3.30103
HENRITTA_6_N101,36.24160599998715,-119.9029965105001,-9.92395
HERDLYN_6_N001,37.816383,-121.586176,0.84038
HERSHEY_LNODESLL,37.75083,-120.8453,-3.27435
HERSHEY_LNODEXF1,37.7508299999447,-120.8451856244636,-3.27435
HERSHEY_LNODEXF2,37.75073956547022,-120.8453,-3.27435
HERSHEY_LNODEXF3,37.7508299999447,-120.84541437553641,-3.27435
HERSHEY_LNODEXF4,37.750920434529704,-120.8453,-3.27435
HICKS_2_N001,37.234159254320986,-121.90015163922017,12.56946
HICKS_2_N002,37.23397874557105,-121.9001516394916,12.56946
HICKS_2_N007,37.23397874557105,-121.90037836050841,12.56946
HIDESERT_2_N001,34.145263999987954,-116.18586145110677,-5.6839
HIDESERT_2_N018,34.145263999987954,-116.18597054889322,-5.6839
HIGGINS_1_N001,39.043590575891166,-121.09071766620363,5.9626
HIGGINS_1_N002,39.04341142399536,-121.0907176664961,5.9626
HIGGINS_1_N004,39.04341142399536,-121.09094833350389,5.9626
HIGHLD_1_N001,38.93741777608508,-122.609034,-24.17831
HIGHLD_1_N005,38.937337111942234,-122.60909387327588,-24.17831
HIGHWAY_1_N001,38.166048151820924,-122.253616,4.71521
HIGHWAY_1_N002,38.16596692407439,-122.25355635179834,4.71521
HILLSDLE_6_N001,37.536271,-122.322394,7.08931
HILLSIDE_1_N001,37.879999999986126,-122.23994272916374,4.9128
HILLSIDE_1_N004,37.879999999986126,-122.24005727083625,4.9128
HILMAR_LNODEDR1,37.4189785637285,-120.849304571346,-3.26021
HILMAR_LNODEDR2,37.4188603223578,-120.849075716434,-3.25989
HILMAR_LNODEDR4,37.4189333711687,-120.849077780203,-3.26021
HILMAR_LNODEDR5,37.4188652133943,-120.849148221032,-3.25989
HILMAR_LNODEDR7,37.4188555229834,-120.849223847561,-3.25989
HILMAR_LNODER17,37.4189123657556,-120.849307362712,-3.26021
HINSON_6_N001,33.81885999995258,-118.22236564005779,-5.88163
HLFMNBY_6_N002,37.46874323375435,-122.43018,7.08931
HLFMNBY_6_N004,37.46866188310803,-122.43012082319957,7.08931
HLFMNBY_6_N101,37.46866188310803,-122.43023917680043,7.08931
HMBLTBY_6_N003,40.78280899998469,-124.11247771670773,-4.56199
HOBARTTP_LNODE19,39.400047,-120.149888,-3.44503
HOLLISTR_1_N001,36.862728962246265,-121.405867,28.75998
HOLLISTR_1_N004,36.86264801886252,-121.40580858969733,28.75998
HOLLISTR_1_N101,36.86264801886252,-121.40592541030266,28.75998
HOMEGRND_1_N001,38.96,-122.84,-25.26461
HOMEPROC_1_N001,38.94,-122.85,-25.26429
HONCUT_1_N001,39.320099,-121.595289,2e-05
HOOPA_6_N001,41.056514,-123.682252,-4.61149
HORSESHE_1_N001,38.744281999985915,-121.16156545871566,0.23209
HORSESHE_1_N002,38.744281999985915,-121.16168054128434,0.23209
HPLNDJT_6_N001,38.972898,-123.081134,-58.28259
HSK_LA_LNODEKSS,34.487,-118.514,-3.03875
HUGHSON_LNODEDR1,37.5949433309328,-120.846755674049,-3.23803
HUGHSON_LNODEDR2,37.5949478453779,-120.846639431615,-3.23771
HUGHSON_LNODEDR3,37.5948895849844,-120.846669736494,-3.23771
HUGHSON_LNODEDR4,37.5949564824944,-120.846831604577,-3.23803
HUGHSON_LNODEDR5,37.594883530932,-120.846800432358,-3.23803
HUGHSON_LNODEDR8,37.5948895004896,-120.84669840193,-3.23771
HUNT1G_7_N002,33.64610399995311,-117.97753404459904,-5.79866
HUNT2G_7_N002,33.645950581890766,-117.97761038065147,-5.79866
HUNT3G_7_N002,33.64596651133317,-117.97781805443613,-5.79866
HUNT4G_7_N002,33.646116990569396,-117.97792719657157,-5.79866
HURLEY_LNODE12LD3,38.587283,-121.418244,-5.3237
HURON_6_N001,36.185797,-120.104535,-17.88529
HUR_LNODENE1,38.58818333333333,-121.418666944444,-3.29267
HUR_LNODENE2,38.58818333327699,-121.41855194404475,-3.29267
HUR_LNODENE3,38.58810548632912,-121.41860944430671,-3.29267
HUR_LNODENE4,38.58810548632912,-121.41872444458129,-3.29267
HUR_LNODENE5,38.58818333327699,-121.41878194484326,-3.29267
HUR_LNODENE7,38.58826118030932,-121.41872444470597,-3.29267
HUR_LNODENE8,38.58826118030932,-121.41860944418204,-3.29267
HWD_SUB_LNODEONA,34.088090251059334,-118.34689102435425,-3.041
HWD_SUB_LNODEONB,34.0879097488445,-118.34689102458658,-3.041
HWD_SUB_LNODEONC,34.0879097488445,-118.34710897541342,-3.041
HWD_SUB_LNODEOND,34.088090251059334,-118.34710897564575,-3.041
HYATT_2_N212,39.54,-121.47,0.16821
IBM-CTLE_1_N001,37.33,-121.74,12.58103
IBM-HRRS_1_N001,37.339999999986375,-121.73994319553019,12.58456
IBM-HRRS_1_N101,37.339999999986375,-121.74005680446982,12.58456
IGNACIO_1_N102,38.07555099998604,-122.54000436436782,4.75828
IMHOFF_1_N001,38.001509,-122.066739,5.09334
IMPRLBCH_6_N001,32.58332899998902,-117.09716179037093,-5.70376
IMPRLBCH_6_N004,32.58332899998902,-117.09726820962906,-5.70376
INDIANW_1_N001,33.75822999998817,-116.36079489140164,-5.5974
INDIANW_1_N005,33.75822999998817,-116.36090310859835,-5.5974
INDNFLT_6_N001,37.66547,-119.841331,-6.33202
INDUSTRL_LNODEDR1,37.4786063003132,-120.866935168966,-3.26149
INDUSTRL_LNODEDR2,37.4784258031614,-120.866836967643,-3.26214
INDUSTRL_LNODEDR3,37.4784244272802,-120.866662034426,-3.26214
INDUSTRL_LNODEDR5,37.4785292936467,-120.866935824384,-3.26149
INDUSTRL_LNODEDR7,37.4784403782944,-120.866928290638,-3.26149
INDUSTRL_LNODEDR8,37.4784247171011,-120.866748607625,-3.26214
INGRMC_1_N001,37.83,-121.17,0.87313
INYOKERN_1_N001,35.65261399998741,-117.79478579202693,-9.05714
INYOKERN_1_N008,35.65261399998741,-117.79489620797307,-9.05714
IRONMTN_2_N001,34.16,-115.12,-5.47807
IUKA_6_N001,37.665987,-121.831011,7.11856
JACINTO_6_N001,39.582923,-122.010645,0.35944
JAMACHA_6_N001,32.744163749547276,-116.957239,-5.46558
JAMACHA_6_N006,32.74408312521416,-116.95718365728564,-5.46558
JAMACHA_6_N015,32.74408312521416,-116.95729434271436,-5.46558
JAMESON_1_N001,38.205743,-122.147539,0.49383
JANSCRK_6_N001,40.905394259900845,-124.072573,-4.5501
JANSCRK_6_N003,40.90531287003298,-124.0725108262728,-4.5501
JARVIS_1_N014,37.59572442721241,-122.01803387245575,7.28012
JARVIS_1_N016,37.595543572677634,-122.01803387273313,7.28012
JARVIS_1_N017,37.595543572677634,-122.01826212726687,7.28012
JARVIS_1_N101,37.59572442721241,-122.01826212754425,7.28012
JCBSCRNR_6_N001,36.22245499998718,-119.77977650530629,-9.91624
JCBSCRNR_6_N003,36.22245499998718,-119.77988749469371,-9.91624
JENNY_1_N001,37.769999999986226,-122.25994279875593,4.77684
JENNY_1_N008,37.769999999986226,-122.26005720124407,4.77684
JESSUP_1_N001,40.462102,-122.328061,0.38738
JMSCNPMP_1_N001,38.19,-122.47,4.71906
JOHANNA_2_N001,33.713623958185146,-117.852576,-5.8067
JOHANNA_2_N007,33.713543020894754,-117.85251982319095,-5.8067
JOLON_6_N001,36.013308,-121.167635,1.05918
KAMM_1_N001,36.58,-120.52,-7.49448
KANAKA_1_N001,39.439999999985574,-121.38994201903363,0.05106
KEARNEY_6_N001,36.704357999986875,-119.88278399673257,-8.00597
KEARNEY_6_N099,36.704357999986875,-119.88289600326743,-8.00597
KEARNEY_7_N001,32.832849999988746,-117.13199871171014,-5.74668
KEARNEY_7_N003,32.832849999988746,-117.13210528828985,-5.71004
KELSO_2_N001,37.797722,-121.601591,0.69863
KERMAN_6_N001,36.69205999998684,-120.05918901200307,-8.43155
KERMAN_6_N002,36.69205999998684,-120.05930098799692,-8.43155
KERNOIL_1_N001,35.44070999998741,-119.02061483035583,-9.93482
KERNOIL_1_N012,35.44070999998741,-119.02072516964418,-9.93482
KERNPWR_1_N002,35.37980096994444,-119.097984,-9.92422
KERNPWR_1_N201,35.37972001501422,-119.09792667452027,-9.92422
KERNRDGE_1_N001,35.48320899998747,-119.76358482417542,-9.90236
KERNRV_1_N001,35.37972001501422,-119.09804132547973,-9.93386
KERNWATR_1_N001,35.400666,-119.035603,-9.92647
KESWICK_6_N001,40.623725,-122.462027,0.35491
KETTLEMN_6_N001,36.044075,-120.112696,-45.04318
KETTNER_6_N001,32.733172,-117.173774,-5.71855
KIERNAN_LNODETUB,37.71047,-121.0139,-3.27403
KINGCTY_6_N001,36.21683446252504,-121.1266820197143,1.05725
KINGCTY_6_N002,36.21683446252504,-121.1269039802857,1.05725
KINGCTY_6_N005,36.217013537372516,-121.12690398053972,1.05725
KINGSBRG_1_N001,36.48869063297857,-119.58234525016937,-9.37436
KINGSBRG_1_N008,36.48861299994815,-119.58228950045047,-9.37436
KIRKER_1_N001,38.0212542075842,-121.905844,5.19553
KIRKER_1_N005,38.02117289619287,-121.90578440854696,5.19553
KIRKER_1_N006,38.02117289619287,-121.90590359145303,5.19553
KNA_LNODENA2,40.654722,-122.389167,-3.23481
KNGHTSLD_1_N001,38.809281,-121.74515,-0.14266
KONOCTI6_6_N001,38.9325,-122.741085,-40.45477
KYOCERA_6_N001,32.819776,-117.140362,6.1
LADDCM_LNODEARD,37.73258,-121.01392,-3.27371
LAFRESA_6_N001,33.86979104273171,-118.33319,-5.88902
LAFRESA_6_N007,33.869709978621295,-118.33324636755688,-5.88902
LAGNANL_1_N001,33.49498074466377,-117.70295838393929,-5.71025
LAGNANL_1_N002,33.494801255243225,-117.70295838416239,-5.71025
LAGNANL_1_N005,33.494801255243225,-117.70317361583761,-5.71025
LAGNANL_1_N006,33.49498074466377,-117.70317361606071,-5.71025
LAGRANG_LNODEOAD,37.6697612035926,-120.443808701526,-3.24639
LAGUBELL_6_N001,33.975996097823064,-118.14794,-5.85463
LAGUBELL_6_N210,33.97591495107552,-118.14799649540468,-5.85463
LAGUNATP_6_N001,36.748942999986895,-121.60530194075191,15.95045
LAGUNITS_6_N001,36.748942999986895,-121.60541405924809,28.71016
LAJOLLA_6_N001,32.840121999988746,-117.27517670850455,-5.74073
LAJOLLA_6_N007,32.840121999988746,-117.27528329149546,-5.74073
LAKEVIEW_6_N101,35.093678,-119.10139,-9.90107
LAKEVLLE_1_N001,38.251505,-122.580692,4.58
LAKEWOOD_1_N001,37.909008286572075,-122.05701271293042,5.18782
LAKEWOOD_1_N003,37.90892999994441,-122.05695542598274,5.18782
LAKEWOOD_1_N004,37.90885171340006,-122.05701271305232,5.18782
LAKEWOOD_1_N006,37.90885171340006,-122.05712728694768,5.18782
LAKEWOOD_1_N007,37.90892999994441,-122.05718457401727,5.18782
LAKEWOOD_1_N009,37.909008286572075,-122.05712728706959,5.18782
LAK_SM_LNODENE2,38.658077794318025,-121.13012359377534,-3.29589
LAK_SM_LNODENE3,38.65799999994368,-121.13006607656462,-3.29589
LAK_SM_LNODENE4,38.657922205653776,-121.13012359390028,-3.29589
LAK_SM_LNODENE6,38.657922205653776,-121.13023862832172,-3.29589
LAK_SM_LNODENE7,38.65799999994368,-121.13029614565738,-3.29589
LAK_SM_LNODENE8,38.658077794318025,-121.13023862844666,-3.29589
LAMONT_1_N001,35.296667999987505,-118.86162984910735,-9.93289
LAMONT_1_N002,35.296667999987505,-118.86174015089266,-9.93289
LAPHAM_LNODEQBZ,37.639494,-120.919982,-3.27467
LAPHAM_LNODEXBC,37.63949399994495,-120.91986779708742,-3.27467
LAPLMG1_7_N001,35.29516599994997,-119.59192469860037,-9.91297
LAPLMG2_7_N001,35.2950123151544,-119.59200269352937,-9.91297
LAPLMG3_7_N001,35.29502827228419,-119.59221488028864,-9.91297
LAPLMG4_7_N001,35.29517901313358,-119.59232639423358,-9.91297
LASPALMS_1_N001,36.8,-119.69,-8.69534
LASPLGS_6_N001,33.31288499998846,-117.46694237728786,10.2664
LASPULGS_6_N001,33.31288499998846,-117.46704962271214,-5.73756
LAURELES_6_N001,36.47781599998705,-121.7268922619553,28.75227
LAWRENCE_1_N001,37.397207,-122.010126,9.1138
LAWRENCE_1_N003,37.39720699994556,-122.01001226428907,9.1138
LAWRENCE_1_N004,37.39711664332103,-122.010126,9.1138
LAWRENCE_LNODEENCE,37.397297356679005,-122.010126,-3.00435
LBEACH2G_7_N002,33.818691093192,-118.22254906136247,-5.88163
LCIENEGA_6_N001,34.000751,-118.378408,-5.90188
LEGRAND_1_N001,37.184412,-120.273463,-6.31195
LEMOORE_6_N002,36.30998799998711,-119.79822042969916,-9.93874
LEMOORE_6_N101,36.30998799998711,-119.79833157030085,-9.93874
LEPRINO_1_N001,37.748396,-121.41576,0.83874
LERDO_1_N001,35.50010399998744,-119.15188082156193,-9.93482
LERDO_1_N004,35.50010399998744,-119.15199117843807,-9.93482
LILAC_6_N001,33.25325899998847,-117.08580343192692,-5.71503
LILAC_6_N010,33.25325899998847,-117.08591056807307,-5.71503
LIMESTNE_6_N001,38.63377399998596,-120.97960448884528,0.22856
LINCON_LNODECRZ,37.63940356621228,-120.91986779722644,-3.27435
LINCON_LNODEFCN,37.639339619957,-120.91994855081084,-3.27435
LINDEN_6_N101,38.016891,-121.095875,1.10545
LITEHIPE_6_N001,33.88040091918611,-118.17506849549716,-5.87584
LITEHIPE_6_N008,33.88058108071875,-118.17528550473195,-5.87584
LIVERMRE_6_N001,37.68013099998621,-121.78059286544908,5.8914
LIVERMRE_6_N003,37.68013099998621,-121.78070713455092,5.8914
LIVNGSTN_6_N001,37.363379203022006,-120.760425,-4.8339
LLAGAS_1_N001,37.006958040367174,-121.557391,12.53603
LLAGAS_1_N003,37.00687697980194,-121.55733239433584,12.53603
LLAGAS_1_N005,37.00687697980194,-121.55744960566416,12.53603
LMEC1_1_N001,38.030625,-121.896783,5.19714
LMEC1_1_N101,38.03062499994427,-121.89666830800388,5.19714
LMEC1_1_N601,38.0305346591732,-121.89666830814532,5.19714
LMEC1_1_N801,38.03047077865233,-121.89674940756281,5.19714
LMECCT1_7_N001,38.0304867914731,-121.89697004046927,5.19714
LMECCT2_7_N001,38.03063805852326,-121.89708599331652,5.19714
LMECST1_7_N001,38.03081089924409,-121.89703337694175,5.19714
LMPC-CTY_1_N001,34.6,-120.39,-14.40824
LOCKHD1_1_N001,37.409054,-122.03213,8.83397
LOCKHD2_1_N001,37.416224,-122.030655,8.8343
LOGANCR_2_N001,39.53955399998549,-122.26277291112409,0.44975
LOGANCR_2_N010,39.53955399998549,-122.26288908887592,0.44975
LONESTAR_1_N001,37.511676999986356,-122.20756301431467,7.26309
LOSALTS_6_N004,37.3939352129738,-122.114735,10.30015
LOSALTS_6_N005,37.393853893498445,-122.11467590496156,10.30015
LOSALTS_6_N101,37.393853893498445,-122.11479409503845,10.30015
LOSCCHS_6_N001,32.85981772690813,-116.899263,1.05275
LOSCOCHS_6_N001,32.85973713653372,-116.89920760858072,-3.26
LOSCOCHS_6_N034,32.85973713653372,-116.89931839141927,-3.26
LOSGATS_6_N002,37.226423999986494,-121.97722832893687,10.28023
LOSGATS_6_N201,37.226423999986494,-121.97734167106313,10.28023
LOSOSTS_6_N001,36.293864,-121.20007,1.05339
LOVELAND_6_N001,32.796957,-116.792258,-5.88372
LOWGAP_7_N001,40.4327289999849,-123.47220368717633,-3.99571
LOYALTON_LNODETY,39.6680639999855,-120.24305624345052,-3.43924
LOYOLA_6_N001,37.360660999986344,-122.09993417231678,10.31558
LOYOLA_6_N004,37.360660999986344,-122.10004782768323,10.31558
LPFLKBD_6_N001,40.90531287003298,-124.07263517372719,-4.5501
LSGLLNS_1_N001,38.022339207228725,-122.537978,4.74799
LSGLLNS_1_N002,38.0222578963706,-122.53791840805536,4.74799
LSGLLNS_1_N003,38.0222578963706,-122.53803759194464,4.74799
LSPSTAS_2_N001,37.700982436898656,-121.73360569835381,5.90586
LSPSTAS_2_N002,37.70080156299109,-121.73360569863272,5.90586
LSPSTAS_2_N010,37.70080156299109,-121.7338343013673,5.90586
LSPSTAS_2_N011,37.700982436898656,-121.73383430164618,5.90586
LSTHLLS_6_N001,35.785755,-119.866138,-11.33369
LUCERNE_1_N001,39.110189,-122.81298,-25.64
LUCERNE_1_N004,39.11,-122.81,-25.64
LUIS#3_1_N001,36.65,-120.73,-7.49494
LUIS#5_1_N001,36.72,-120.75,-7.49462
LVNGSTN_7_N002,37.36329789847426,-120.76036593987695,-5.72559
LYOTH-SP_6_N001,37.721862,-121.390858,0.85738
LYTNVLLE_6_N001,39.684962,-123.476979,-30.55213
MABURY_1_N001,37.36089599998639,-121.86395517205479,9.89506
MABURY_6_N001,37.36089599998639,-121.86406882794522,11.01231
MADISON_1_N002,38.67073989103906,-121.969138,0.50733
MADISON_1_N201,38.67065905446531,-121.9690782228888,0.50733
MAGUNDEN_1_N002,35.36215899998747,-118.92373215922743,-9.93804
MAINE-PR_6_N001,38.385820999985995,-121.77582145519017,0.50251
MALAGA_1_N001,36.69415479048744,-119.72474601890697,-9.0362
MALAGA_1_N004,36.69397520940774,-119.72474601916853,-9.0362
MALAGA_1_N005,36.69397520940774,-119.72496998083147,-9.0362
MALAGA_1_N206,36.69415479048744,-119.72496998109303,-9.0362
MANCHSTR_1_N001,36.78803392229639,-119.787488,-8.44188
MANCHSTR_1_N002,36.787953038837564,-119.78742968988867,-8.44188
MANCHSTR_1_N005,36.787953038837564,-119.78754631011132,-8.44188
MANDLY1G_7_N002,34.207498198093205,-119.249016,-5.89041
MANDLY2G_7_N002,34.20741690094034,-119.2489592448821,-5.89041
MANDLY3G_7_N001,34.20741690094034,-119.2490727551179,-5.89041
MANTECA_1_N001,37.80151542742815,-121.22356755493873,0.86124
MANTECA_1_N002,37.80133457246114,-121.22356755521895,0.86124
MANTECA_1_N012,37.80133457246114,-121.22379644478104,0.86124
MANTECA_1_N013,37.80151542742815,-121.22379644506127,0.86124
MANVILLE_1_N001,34.53,-120.43,-14.39442
MARGARTA_1_N001,33.55007578845692,-117.62798626281774,-5.70671
MARGARTA_1_N002,33.54989621144975,-117.62798626304166,-5.70671
MARGARTA_1_N008,33.54989621144975,-117.62820173695833,-5.70671
MARGARTA_1_N009,33.55007578845692,-117.62820173718225,-5.70671
MARICOPA_6_N001,35.107547,-119.398151,-9.86411
MARIPOS2_6_N001,37.50445799998627,-120.00773602136582,-6.34006
MARIPOS2_6_N003,37.50445799998627,-120.00784997863418,-6.34006
MARPOS_LNODEKSA,37.63932432741219,-120.92006110878681,-3.27467
MARPOS_LNODENOX,37.63935564925701,-120.92016824287315,-3.27467
MARSHALL_LNODEDR1,37.43587720766,-121.132527674588,-3.27049
MARSHALL_LNODEDR2,37.4358760484777,-121.13220043951,-3.27081
MARSHALL_LNODEDR3,37.4358798082574,-121.132682875263,-3.27049
MARSHALL_LNODEDR4,37.4358789493306,-121.132046059332,-3.27081
MARSHALL_LNODEDR5,37.4358787251639,-121.131895544498,-3.27081
MARSHALL_LNODER8C,37.435876146414,-121.132374308977,-3.27049
MARTELL_6_N001,38.369191999986,-120.79669245138386,1.22146
MARTINEZ_1_N001,38.02,-122.16,5.09013
MCARTHR_6_N001,41.05270199998445,-121.40878106361407,0.31054
MCCALL_1_N026,36.61141783540495,-119.639697,-9.0211
MCCALL_1_N030,36.61133708228342,-119.63963891745578,-9.0211
MCC_LNODEMCC,38.63008971070796,-121.51320976638306,-3.29203
MCDISLE_6_N001,37.93693288402067,-121.52832945017714,0.67003
MCFRLND_6_N001,35.688444,-119.276835,-9.93322
MCKEE_1_N001,37.366407204044364,-121.843789,10.29276
MCKEE_1_N005,37.36632589796316,-121.84372993637959,10.29276
MCKEE_1_N101,37.36632589796316,-121.84384806362041,10.29276
MCMULLN1_2_N001,36.592775,-119.989065,-8.0392
MCY_LNODE101,38.563116666666666,-121.464371944444,-3.29685
MCY_LNODE102,38.563116666610455,-121.4642569555954,-3.29685
MCY_LNODE103,38.56302675430868,-121.46425695573926,-3.29685
MCY_LNODE104,38.562963176761876,-121.46433826506194,-3.29685
MCY_LNODE105,38.562947972391605,-121.46445159764659,-3.29685
MCY_LNODE106,38.5629791136348,-121.46455946901716,-3.29685
MCY_LNODE107,38.56304468834792,-121.46463814131086,-3.29685
MCY_LNODE108,38.56312966325024,-121.46467572198618,-3.29685
MDLRIVR_6_N001,37.93693288402067,-121.52844854982285,0.71599
MDWYPS_6_N001,35.402824999987416,-119.45497183549746,-9.90107
MECCTG1_7_N100,37.239909741275135,-121.77988662517618,13.16857
MECCTG2_7_N100,37.2400902586168,-121.78011337509535,13.16857
MEDWLNE_1_N001,37.963141225082815,-122.052361,5.18332
MEDWLNE_1_N002,37.963059887443606,-122.05230143651556,5.18332
MEDWLNE_1_N006,37.963059887443606,-122.05242056348443,5.18332
MELROSE_6_N001,33.206560573300976,-117.25285494469412,-5.70444
MELROSE_6_N004,33.20638142660739,-117.25285494491321,-5.70444
MELROSE_6_N005,33.20638142660739,-117.25306905508678,-5.70444
MELROSE_6_N009,33.206560573300976,-117.25306905530589,-5.70444
MENLO_6_N001,37.4330313740754,-122.20260718789906,7.24702
MENLO_6_N002,37.43285062581547,-122.2026071881739,7.24702
MENLO_6_N003,37.43285062581547,-122.2028348118261,7.24702
MENLO_6_N004,37.4330313740754,-122.20283481210093,7.24702
MERCEDFL_7_N001,37.27292328168154,-120.48675154649395,-6.30027
MERCED_1_N001,37.27274271821013,-120.48697845323395,-5.62983
MERCED_1_N002,37.27292328168154,-120.48697845350604,-5.62983
MERIDIAN_6_N101,37.225299,-121.744182,-7.30696
MESACAL_6_N001,34.037454,-118.109265,-5.83791
MESAHGTS_6_N001,32.829628731503114,-117.157263,-5.69
MESAHGTS_6_N007,32.82954813423625,-117.15720762268285,-5.69
MESARIM_6_N001,32.90498753633711,-117.17294735480384,-5.73784
MESARIM_6_N007,32.90480846357245,-117.1729473550195,-5.73784
MESARIM_6_N008,32.90480846357245,-117.1731606449805,-5.73784
MESARIM_6_N012,32.90498753633711,-117.17316064519616,-5.73784
METCALF_1_N018,37.22435199998651,-121.74197733145253,12.58456
METTLER_6_N001,38.078067,-121.2867,1.126
MEYERS_LNODE31,38.877195,-119.986125,-3.18949
MEYERS_LNODE32,38.87719499994345,-119.98600982501117,-3.18949
MEYERS_LNODE33,38.87710533707398,-119.986125,-3.18949
MEYERS_LNODE34,38.87719499994345,-119.98624017498884,-3.18949
MEYERS_LNODE35,38.87728466292607,-119.986125,-3.18949
MI-WUK_1_N001,38.052745,-120.217268,-3.28157
MIDDLTWN_6_N002,38.7527889999859,-122.60852945612646,-40.49945
MIDDLTWN_6_N101,38.7527889999859,-122.60864454387354,-40.49945
MILLBRAE_1_N001,37.605189,-122.391045,7.2708
MILLBRAE_1_N004,37.60518899994505,-122.39093085578821,7.2708
MILLBRAE_1_N201,37.60518899994505,-122.3911591442118,7.2708
MILLBRAE_6_N001,37.6052794289691,-122.391045,7.26502
MILLER_1_N001,37.81,-121.1,0.97503
MILPITAS_1_N001,37.415395,-121.888564,8.03696
MILPITAS_1_N003,37.41539499994551,-121.8884502251851,8.03696
MILPITAS_1_N005,37.41530463419468,-121.888564,8.03696
MILPITAS_1_N006,37.41539499994551,-121.88867777481491,8.03696
MINNIER_LNODEJFF,37.71289,-120.93858,-3.27435
MIRABEL_6_N001,38.489406,-122.894261,15.95913
MIRALOMA_6_N001,34.004371186293284,-117.56506721001799,-5.73664
MIRAMAR_6_N001,32.89408253805123,-117.13552936589245,-5.73655
MIRAMAR_6_N004,32.89390346185827,-117.135529366108,-5.73655
MIRAMAR_6_N017,32.89390346185827,-117.135742633892,-5.73655
MISSION_6_N001,32.784191999954906,-117.13741946348074,-5.66664
MISSION_6_N031,32.78411443272647,-117.13747273178681,-5.66664
MISSION_6_N040,32.78411443272647,-117.13757926821319,-5.66664
MISSION_6_N049,32.784191999954906,-117.13763253651926,-5.66664
MKT_SUB_LNODEONA,34.0434902173762,-118.24599112234871,-3.03971
MKT_SUB_LNODEONB,34.04330978252786,-118.24599112258036,-3.03971
MKT_SUB_LNODEONC,34.04330978252786,-118.24620887741963,-3.03971
MKT_SUB_LNODEOND,34.0434902173762,-118.24620887765128,-3.04003
MNDCTP_6_N001,39.251247,-123.196582,-38.57402
MOFTFLD_1_N002,37.41,-122.04,8.83558
MOLINO_6_N002,38.42527299998595,-122.83215753598292,15.96588
MOLINO_6_N101,38.42527299998595,-122.83227246401708,15.96588
MONOLITH_6_N029,34.92999999998754,-118.4199449189089,-6.14868
MONOLITH_6_N101,34.92999999998754,-118.4200550810911,-6.14868
MONROE_1_N001,38.45321800700051,-122.743668,12.07963
MONROE_1_N002,38.45313699648462,-122.74360827529611,12.07867
MONROE_1_N101,38.45313699648462,-122.74372772470389,12.07867
MONSRATE_6_N001,33.32908099998846,-117.23541536188321,-5.76422
MONSRATE_6_N007,33.32908099998846,-117.23552263811678,-5.76422
MONTAGUE_1_N001,37.40375521599691,-121.905675,8.60426
MONTAGUE_1_N006,37.403673891986756,-121.90561589392182,8.60426
MONTAGUE_1_N007,37.403673891986756,-121.90573410607819,8.60426
MONTCLLO_1_N008,38.48,-122.32,12.55946
MONTEREY_6_N001,36.599917,-121.890341,28.64877
MONTERO_6_N001,38.47145299998595,-123.01207452586034,15.9302
MONTERO_6_N004,38.47145299998595,-123.01218947413966,15.9302
MONTGMRY_6_N001,32.631633999988686,-117.09951777952129,-5.69251
MONTGMRY_6_N002,32.631633999988686,-117.0996242204787,-5.69251
MONTPELR_LNODEDR3,37.5513950204046,-120.771210942368,-3.25603
MONTPELR_LNODEDR4,37.5513208784333,-120.77132554154,-3.25603
MONTPELR_LNODEDR5,37.5513203022304,-120.771217224249,-3.25603
MONTPELR_LNODEDR7,37.551320342333,-120.771557696814,-3.25603
MONTPELR_LNODEDR8,37.5513195014288,-120.771445581179,-3.25603
MOORPARK_6_N001,34.28245799998789,-118.90073231455499,-5.86052
MORAGA_1_N001,37.848008,-122.160732,4.93016
MORGAN_1_N001,37.12745917114046,-121.65871690356438,-9.9014
MORMON_6_N001,37.968746,-121.185898,1.10577
MOROHILL_6_N001,33.252187,-117.300305,-5.70444
MORROBY_1_N001,35.373004,-120.855187,-14.41885
MOSSLD_1_N001,36.804150842399494,-121.78373687034716,28.78698
MOSSLND6_7_ND001,36.80399515757413,-121.78384912953872,18.66051
MOSSLND7_7_ND001,36.804150842399494,-121.78384912965284,18.66051
MPLECRK_6_N001,40.767881,-123.87365,-4.57003
MREIS-Q_1_N001,38.12,-122.33,4.69946
MRGNHIL_1_N001,37.12727882875214,-121.65871690383386,12.55403
MRGNHIL_1_N004,37.12727882875214,-121.65894309616613,12.55403
MRGNHIL_1_N007,37.12745917114046,-121.65894309643562,12.55403
MRTSVAL_LNODE32,39.329538,-120.170031,-3.43217
MRYSVLLE_6_N001,39.13944599998575,-121.58327227419691,-0.15327
MRYSVLLE_6_N003,39.13944599998575,-121.58338772580308,-0.15327
MSHR60V_6_N001,38.02150699998609,-121.28089465794243,0.82425
MSHR60V_6_N006,38.02150699998609,-121.28100934205757,0.82425
MTEDEN_1_N001,37.63264525976642,-122.10124,6.60902
MTEDEN_1_N005,37.632563870101905,-122.10118066447778,6.60902
MTEDEN_1_N009,37.632563870101905,-122.10129933552223,6.60902
MTNHOUSE_LNODE1KV,37.79428,-121.55964,-3.27081
MTNPASS_1_N001,35.508179,-115.53125,-5.88231
MTNQUAR_6_N001,38.914515,-121.015694,0.24656
MTVIEW_1_N001,34.07927114678052,-117.240376,9.14048
MTVIEW_1_N004,34.079189926596804,-117.24031938460595,9.14048
MTVIEW_1_N005,34.079189926596804,-117.24043261539406,9.14048
MURRAY_6_N001,32.79087756459772,-117.0229334582287,-5.51449
MURRAY_6_N004,32.790698435312095,-117.02293345844329,-5.51449
MURRAY_6_N005,32.790698435312095,-117.02314654155671,-5.51449
MURRAY_6_N015,32.79087756459772,-117.0231465417713,-5.51449
MUSLSLGH_6_N001,36.264507,-119.907357,-9.92588
NARROWS1_7_N001,33.13712344927391,-116.2943780565384,0.12008
NARROWS_6_N010,33.137302550634665,-116.29459194367982,-5.88503
NATNLCTY_6_N001,32.67305199998863,-117.10726576866911,-5.70859
NATNLCTY_6_N005,32.67305199998863,-117.10737223133088,-5.70859
NAT_LNODENE1,38.65097779957077,-121.48672359559271,-3.29139
NAT_LNODENE2,38.65089999994365,-121.48666608019934,-3.29139
NAT_LNODENE3,38.650822200401045,-121.48672359571763,-3.29139
NAT_LNODENE4,38.650822200401045,-121.48683862650437,-3.29139
NAT_LNODENE5,38.65089999994365,-121.48689614202266,-3.29139
NAT_LNODENE6,38.65097779957077,-121.4868386266293,-3.29139
NAVSTMTR_6_N001,32.67041199998878,-117.11463876940559,-5.71212
NAVSTMTR_6_N011,32.67041199998878,-117.11474523059441,-5.71212
NAVY35R_1_N001,35.29,-119.45,-9.91329
NBRANCH_6_N001,38.199837,-120.719506,1.22467
NCMETER_1_N001,33.089572,-117.203236,-5.69831
NCPA1GY1_7_N001,38.329999999986036,-122.63005744213352,4.61246
NCPA1GY2_7_N001,38.33999999998601,-122.64005744453604,4.61118
NCPA2GY1_7_N001,38.34999999998599,-122.65005744690819,10.80533
NCPA2GY2_7_N001,38.329999999986036,-122.68005744213352,10.80693
NDUBLIN_2_N002,37.86,-121.88,5.63502
NEWARKD_1_N001,37.50049924095103,-121.987091,7.30455
NEWARKD_1_N012,37.500417879509776,-121.98703179018516,7.30455
NEWBURG_6_N001,40.59455299998477,-124.13512748525541,-5.2292
NEWBURG_6_N003,40.59455299998477,-124.13524651474458,-5.2292
NEWELL_LNODEWELL,41.888139999984205,-121.37832971620207,-3.00371
NEWHALL_1_N001,36.86718099998678,-120.32825478878492,-23.16468
NEWHALL_1_N002,36.86718099998678,-120.32836721121508,-23.16468
NEWMAN_6_B2,37.31543099998646,-121.01505122358405,0.89371
NEWMAN_6_N001,37.31543099998646,-121.01516477641594,0.89371
NOISLMTR_6_N004,32.70244776093939,-117.182166,-5.72209
NOISLMTR_6_N009,32.702367119518385,-117.18211067144682,-5.72209
NORCO_1_N001,35.28535,-119.308893,-9.9165
NORD1_1_N001,39.759998999985385,-121.90689363690683,0.16114
NORD1_1_N003,39.759998999985385,-121.90701036309318,0.16114
NORTECH_1_N001,37.46,-121.76,8.22842
NORTHOAK_6_N003,35.96338313356797,-119.45673850749412,-5.86856
NORTHOAK_6_N004,35.96338313356797,-119.45685349250587,-5.86856
NORTHOAK_6_N005,37.36329789847426,-120.76048406012305,-5.86856
NOVATO_6_N001,38.10860199998601,-122.56828762317217,4.75635
NOVATO_6_N002,38.10860199998601,-122.56840237682783,4.75635
NRTHTWR_1_N001,38.066061192073654,-122.195674,5.08176
NRTHTWR_1_N002,38.06597990394814,-122.1956143891305,5.08176
NRTHTWR_1_N004,38.06597990394814,-122.19573361086951,5.08176
NR_SUB_LNODEONA,34.22909034238915,-118.54339073176756,-3.04228
NR_SUB_LNODEONB,34.228909657513995,-118.54339073200198,-3.04228
NR_SUB_LNODEONC,34.228909657513995,-118.54360926799801,-3.04228
NR_SUB_LNODEOND,34.22909034238915,-118.54360926823244,-3.04228
NUMITAP_1_N003,37.5,-122.04,8.05303
NVYSCHL_6_N001,36.59909,-121.877082,28.70341
NWKDIST_2_N001,37.47999999998637,-121.97994304564625,6.92807
NWKDIST_2_N004,37.47999999998637,-121.98005695435374,6.92807
NWKDIST_2_N017,37.96361862509118,-121.29067763049022,6.92807
OAKC12_7_N002,37.79751331310943,-122.28096478011268,4.88516
OAKDAL_LNODEMTS,37.66746999998627,-120.95814287556452,-3.27435
OAKDAL_LNODENDN,37.66746999998627,-120.95825712443548,-3.27435
OAKHURST_1_N001,37.32379499998641,-119.63394921398016,-11.75
OAKHURST_1_N002,37.32379499998641,-119.63406278601984,-11.75
OAKLAND_1_N001,37.79743499994459,-122.28090756034669,4.88709
OAKLAND_1_N006,37.797356686862834,-122.280964780234,4.88709
OAKLAND_1_N033,37.797356686862834,-122.28107921976599,4.88709
OCEANO_1_N001,35.10177099998753,-120.58099587832989,-14.49727
OCEANO_1_N004,35.10177099998753,-120.5811061216701,-14.49727
OCEANSDE_6_N001,33.19681799998853,-117.381743480479,-5.74623
OCEANSDE_6_N002,33.19681799998853,-117.381850519521,-5.74623
OIGLASS_1_N001,37.75,-121.31,0.86124
OILDALE_1_N001,35.42,-118.98,-9.93354
OILFLDS_6_N001,35.95646873409211,-120.85121,1.11511
OILFLDS_6_N007,35.95638813294024,-120.8511525112428,1.11511
OLDRIVR_6_N001,35.208404,-119.100252,-9.88275
OLDTOWN_6_N001,32.766092,-117.192529,-5.70602
OLEMA_6_N001,38.042497,-122.786541,4.72646
OLETA_6_N001,38.48064499998599,-120.84462852385393,1.22146
OLETA_6_N003,38.48064499998599,-120.84474347614606,1.22146
OLINDA_6_N001,33.94616008273055,-117.922244,-5.75723
OLIVHRST_1_N001,39.0918869999858,-121.54288430472884,-0.17102
OLIVHRST_1_N002,39.0918869999858,-121.54299969527116,-0.17102
OLY_SUB_LNODEONA,34.03409021003063,-118.45989114327803,-3.041
OLY_SUB_LNODEONB,34.03390978987338,-118.45989114350952,-3.041
OLY_SUB_LNODEONC,34.03390978987338,-118.46010885649046,-3.041
OLY_SUB_LNODEOND,34.03409021003063,-118.46010885672197,-3.041
OMAR_2_N001,35.475983864148716,-118.98698399999999,-5.91405
OMWD_6_N001,33.068479,-117.141404,-5.68064
ONEILPMP_7_LN001,37.098611,-121.0475,-3.92455
OREGNTRL_1_N001,40.61902099998471,-122.32226045686366,0.36841
OREGNTRL_6_N001,40.61902099998471,-122.32237954313634,0.36391
OREGON_LNODENK1,37.63168999998624,-120.9742429051075,-3.27499
OREGON_LNODENK2,37.63168999998624,-120.9743570948925,-3.27499
ORICK_6_N001,41.294542,-124.056522,-4.54238
ORLANDB_6_N001,39.725068,-122.178873,0.36876
OROLOMA_6_N001,36.886866,-120.655928,-6.0012
OROSI_6_N006,36.544759,-119.251776,-9.04585
OROVILLE_6_N001,39.50524442035656,-121.5593758990519,0.06295
OROVILLE_6_N005,39.50524442035656,-121.5596081009481,0.06295
OROVILLE_6_N102,39.50542357952801,-121.55960810124742,0.06295
ORV_LNODENE1,38.68455,-121.267326944444,-3.29299
ORV_LNODENE2,38.68454999994364,-121.26721189591703,-3.29299
ORV_LNODENE3,38.68446019318104,-121.26721189606141,-3.29299
ORV_LNODENE4,38.68439669026182,-121.26729324758281,-3.29299
ORV_LNODENE5,38.68438150373832,-121.26740663898543,-3.29299
ORV_LNODENE6,38.6844126084275,-121.26751456633991,-3.29299
ORV_LNODENE7,38.6844781061685,-121.26759327946426,-3.29299
ORV_LNODENE8,38.68456298132683,-121.2676308796447,-3.29299
OTAY_6_N001,32.595376662064226,-117.05752057560969,-5.69636
OTAY_6_N014,32.59519733784581,-117.05752057582266,-5.69636
OTTER_6_N001,36.47781599998705,-121.7270037380447,28.80755
OVES_SUB_LNODEBKB,37.43792099998635,-118.55704491120122,-2.67746
OVES_SUB_LNODEBKC,36.443,-118.0438,-2.81921
OVES_SUB_LNODEBKD,37.342,-118.441,-2.67875
OXFORD_1_N001,36.7,-120.68,-7.49366
P0504GT1_7_CN1,37.96379937479765,-121.2906776307724,-7.52952
PACFCBCH_6_N001,32.799218999988646,-117.24014772581532,-5.72948
PACFCBCH_6_N004,32.799218999988646,-117.24025427418468,-5.72948
PACIFICA_6_N001,37.59458399998625,-122.48892793722666,7.26509
PACIFICA_6_N003,37.59458399998625,-122.48904206277334,7.26509
PADUA_6_N001,34.120216,-117.639076,-5.73631
PALMR_1_N001,34.825223,-120.298953,-14.45195
PALOMAR_1_N001,33.12281772819047,-117.287925,-5.70282
PALOMAR_1_N004,33.1227371358924,-117.28786944194597,-5.70282
PALOMAR_1_N013,33.1227371358924,-117.28798055805403,-5.70282
PANAMA_6_N001,35.29556801570901,-119.021525,-9.9345
PANAMA_LNODECOUERCRK1,35.29548699213203,-119.02146768568419,-3.16989
PANAMA_LNODECOUERCRK2,35.29548699213203,-119.02158231431581,-3.16989
PANRAMA_1_N001,40.434409,-122.2679,0.39573
PARADISE_1_N001,39.7615578392488,-121.618634,0.15954
PARADISE_LNODEDISE,39.76147708035982,-121.61857334522642,-3.00532
PARADISX_6_N001,39.76147708035982,-121.61869465477358,-5.64574
PARADS_LNODEFEG,37.69056,-121.02061,-3.27467
PARADS_LNODEKHB,37.690559999944874,-121.02049571450051,-3.27467
PARKWAY_2_N001,38.17,-122.25,4.59799
PAR_LNODEAPM,37.668079999986205,-120.9174128750731,-3.27403
PAR_LNODEFVM,37.668079999986205,-120.9175271249269,-3.27403
PAULSWT_1_N001,36.99234705413821,-121.98202825128297,28.69184
PAULSWT_1_N004,36.9921669457552,-121.98202825154998,28.69184
PAULSWT_1_N101,36.99234705413821,-121.98225374871703,28.69184
PEABODY_2_N002,38.28558699998594,-121.97025256896055,0.51635
PEABODY_2_N006,38.28558699998594,-121.97036743103946,0.51635
PEACHTON_6_N001,39.3784769999856,-121.68494608007006,0.03851
PEACHTON_6_N004,39.3784769999856,-121.68506191992994,0.03851
PEARBMAP_7_B1,34.508883999950896,-117.91829825412502,-5.90931
PEARBMAP_7_B3,34.50879356514072,-117.9182982542441,-5.90931
PEARBMAP_7_B4,34.50872961811796,-117.91837585623696,-5.90931
PEARBMBP_7_B1,34.50871432539329,-117.91848402139897,-5.90931
PEARBMBP_7_B3,34.50874564762435,-117.91858697434263,-5.90931
PEARBMBP_7_B4,34.5088116034329,-117.91866205952238,-5.90931
PEARBMCP_7_B1,34.50889707216307,-117.91869792664747,-5.90931
PEARBMCP_7_B3,34.50898737191128,-117.91869193094361,-5.90931
PEARBMDP_7_B1,34.50907009278566,-117.91864757930026,-5.90899
PEASE_1_N001,39.17010299998576,-121.66113925312504,-0.10353
PEASE_1_N009,39.17010299998576,-121.66125474687495,-0.10353
PENDLETN_6_N001,33.30925299998849,-117.3349783807102,-5.75169
PENDLETN_6_N004,33.30925299998849,-117.3350856192898,-5.75169
PENNGRVE_1_N001,38.315547,-122.681119,10.11787
PENRYN_6_N001,38.8444299999859,-121.16613942513398,0.24431
PENRYN_6_N004,38.8444299999859,-121.16625457486602,0.24431
PERMNNTE_6_N002,34.355793,-116.855947,10.32908
PERRY_6_N008,35.570805,-121.055868,-15.27679
PETLMAA_6_N001,38.234002,-122.636285,4.58
PETLMAC_6_N002,38.2390641182539,-122.636804,4.55332
PETLMAC_6_N003,38.23898294085798,-122.63674432895719,4.55332
PETLMAC_6_N004,38.23898294085798,-122.6368636710428,4.55332
PGG_LNODESS1,38.531716666610464,-121.39934830807131,-3.29717
PGG_LNODESS2,38.531794557439916,-121.39929082076439,-3.29717
PHILLIPS_1_N001,37.34,-122.03,9.31329
PHILO_6_N001,39.063719,-123.437524,-44.03797
PICO_1_N001,33.45676299998844,-117.58919323286267,-5.70414
PICO_1_N004,33.45676299998844,-117.58930076713733,-5.70414
PIERCY_1_N201,37.28,-121.83,11.49326
PIKECTY_6_N001,39.438734,-120.997847,-0.03614
PIONEER_LNODEBUS,37.39756017328021,-120.7270641608972,-3.25217
PIONEER_LNODEDR1,37.39756017322573,-120.72695042442128,-3.25314
PIONEER_LNODEDR2,37.3974698163648,-120.7269504245584,-3.25314
PIONEER_LNODEDR3,37.3974059244655,-120.72703084832322,-3.25314
PIONEER_LNODEDR4,37.39739064492007,-120.72714294658331,-3.25314
PIONEER_LNODEDR5,37.39742194014138,-120.72724964310564,-3.25378
PIONEER_LNODEDR6,37.397487839085414,-120.72732745855615,-3.25378
PIONEER_LNODEDR7,37.39757323413797,-120.72736462991926,-3.25314
PIONEER_LNODEDR8,37.397663456054794,-120.72735841623376,-3.25314
PIONEER_LNODEDR9,37.39774610563929,-120.72731245188831,-3.25314
PIONEER_LNODER15,37.397811856418734,-120.72723443776906,-3.25378
PIT1_6_N001,38.030670659249246,-121.86908630802888,0.30957
PIT3_7_N001,38.030606778782065,-121.8691674075287,0.29027
PIT5_7_B1,38.030591501969816,-121.86928044765509,0.31499
PITSBURG_1_N001,38.03101263810665,-121.86937270758541,5.19778
PITTSBRG_6_N101,38.031055408073875,-121.8692716827705,4.61667
PLACERVL_1_N001,38.73027886166341,-120.788047,0.23563
PLACER_1_N001,38.901310999985846,-121.08802340262966,0.24109
PLACER_7_N009,38.901310999985846,-121.08813859737035,0.25202
PLAINFLD_6_N001,38.61887,-121.793976,0.46715
PLANETRN_LNODEANET,34.16127269818337,-114.38177086876138,-2.99985
PLOALTO_1_N001,33.356029648193925,-117.1119886715524,7.24702
PLOALTO_1_N007,33.35585035171371,-117.11198867177347,7.24702
PLOALTO_1_N013,33.35585035171371,-117.11220332822651,7.24702
PLUMAS_6_N001,39.026121,-121.54308,-0.18946
PNEDLE_1_N001,36.829999999986725,-119.82994383698444,-8.13252
PNEDLE_1_N002,36.829999999986725,-119.83005616301556,-8.13252
PNEGRVE_6_N001,38.41271199998601,-120.6602245387678,1.25521
PNEGRVE_6_N002,38.41271199998601,-120.6603394612322,1.25521
PNTARNA_6_N001,38.912571,-123.679495,-42.55026
POC_LNODENE2,38.490383333333334,-121.470263055556,-3.30328
POC_LNODENE3,38.49038333327713,-121.4701480990094,-3.30328
POC_LNODENE4,38.490293355392375,-121.470263055556,-3.30328
POC_LNODENE7,38.49038333327713,-121.47037801210259,-3.30328
POC_LNODENE8,38.49047331127424,-121.470263055556,-3.30328
POINTLMA_6_N013,32.74152175021991,-117.233364,-5.71759
POINTLMA_6_N014,32.74144112487782,-117.23330865823404,-5.71759
POLPASPP_6_N002,38.57552299994369,-121.49770299452835,-11.34655
POMERADO_6_N001,32.941482719314884,-117.032882,-5.65105
POMERADO_6_N004,32.9414021403303,-117.03282656531631,-5.65105
POMERADO_6_N008,32.9414021403303,-117.03293743468369,-5.65105
PORTOLA_LNODE31,39.803943999985336,-120.46453157749829,-3.43924
PORTOLA_LNODE32,39.803943999985336,-120.46464842250171,-3.43924
POSOMT_1_N001,35.559194,-118.957501,-9.94189
POST_1_N001,39.11,-121.64,0.06945
POTRERO_1_N001,37.46005423161257,-122.4,7.17529
POTRERO_1_N013,37.45997288417899,-122.39994083241324,7.17529
POTRERO_1_N016,37.45997288417899,-122.40005916758676,7.17529
POUST_LNODEIGQ,37.69046956305469,-121.02049571463989,-3.27467
POUST_LNODELD2,37.6904056145667,-121.02057652662188,-3.27467
POWAY_6_N001,32.978722999988655,-117.03130363648788,-5.66102
POWAY_6_N010,32.978722999988655,-117.03141036351212,-5.66102
PP1_LNODEOAD,34.59026131985074,-118.4546210726575,-3.03842
PP1_PP2_LNODELMW,34.59026131985074,-118.4547309273425,-3.03842
PP2_LNODEAUX,34.53433699995089,-118.52522278142764,-3.03875
PP2_LNODEOAD,34.534427436468654,-118.525113,-3.03875
PPSTLTAP_1_N001,38.01999999998606,-122.36994265860079,4.88419
PPSTLTAP_1_N104,38.01999999998606,-122.3700573413992,4.88419
PRAXAIR_1_B1,37.99999999998611,-121.80994266753221,5.19457
PRCTRVLY_1_N001,32.665044,-116.986801,-5.65651
PRSCOT_LNODEAEJ,37.6903903214879,-121.02068916599474,-3.27403
PRSCOT_LNODETKD,37.69042164442615,-121.02079637755577,-3.27403
PRUNEDLE_1_N001,36.785518920972784,-121.671051,28.76769
PRUNEDLE_1_N002,36.785438039499425,-121.67099269323379,28.76769
PSARBLS_6_N001,35.61564884893555,-120.67989,-15.22601
PSARBLS_6_N005,35.61556807551859,-120.67983263488163,-15.22601
PSARBLS_6_N007,35.61556807551859,-120.67994736511837,-15.22601
PTMRTTI_6_N001,37.030856,-122.187639,10.2979
PTR_PP_LNODEROM,35.24801901925079,-118.1756473615291,-3.00339
PUEBLOPG_1_N001,38.345348999986,-122.29956355419145,10.11337
PUEBLOPG_1_N010,38.345348999986,-122.29967844580855,10.11337
PURISIMA_1_N001,34.700622,-120.435261,-14.41017
QUEBEC_1_N001,36.07,-119.56,-9.92711
RADUM_6_N001,37.67264599998626,-121.85946487140774,5.79466
RADUM_6_N004,37.67264599998626,-121.85957912859226,5.79466
RAINBOW_1_N001,36.709983,-119.538157,-8.95299
RANCHRS_1_N001,36.700797999986875,-119.75437400116115,-9.03749
RANDSBRG_1_N001,35.375699,-117.655868,-8.84718
RAWSON_6_N001,40.145295999985066,-122.21242808907787,0.13859
RAWSON_6_N002,40.145295999985066,-122.21254591092213,0.13859
RCARMEL_6_N001,32.99378371822819,-117.077745,-5.6697
RCARMEL_6_N004,32.9937031408736,-117.07768953360795,-5.6697
RCARMEL_6_N011,32.9937031408736,-117.07780046639205,-5.6697
RECTOR_6_N001,36.29851,-119.242336,-5.93977
REDBLFF_6_N001,40.1825869024183,-122.244610070096,0.48316
REDBLFF_6_N004,40.1825869024183,-122.24484592990399,0.48316
REDBLFF_6_N005,40.18276709746204,-122.24484593021722,0.48316
REDBUD_1_N001,39.02788699998577,-122.66224734180834,-34.16999
REDBUD_1_N004,39.02788699998577,-122.66236265819167,-34.16999
REDWOOD_6_N001,37.490252,-122.213021,7.23641
REDWOOD_6_N002,37.49025199994532,-122.2129070707913,7.23641
REDWOOD_6_N005,37.49016160208324,-122.213021,7.23641
REDWOOD_6_N006,37.49025199994532,-122.21313492920869,7.23641
REDWOOD_6_N007,37.49034239791678,-122.213021,7.23641
REEDLEY_1_N001,36.605116999986976,-119.3758071174397,-9.03363
REEDLEY_6_N001,36.605116999986976,-119.3759188825603,-9.03427
REINWY_LNODEGME,37.63942160426353,-120.92024637744797,-3.27274
REINWY_LNODEQAC,37.6395070719657,-120.92028370125492,-3.27274
RENFRO_1_N001,35.409999999987434,-119.16994483454441,-9.91425
RENFRO_1_N010,35.409999999987434,-119.1700551654556,-9.91522
RESERVR_LNODEFFW,37.651919999986276,-120.67483288823061,-3.27178
RESERVR_LNODEPMW,37.651919999986276,-120.67494711176938,-3.27178
RICE_6_N002,39.402805999985674,-122.01287205646442,0.35944
RICE_6_N101,39.402805999985674,-122.01298794353558,0.35944
RICHMOND_1_B1,37.92597623462323,-122.369629,4.89609
RICHMOND_1_N001,37.92589488267337,-122.36956945615904,4.89577
RINCON_1_N001,33.285967608914305,-116.9585228047856,12.55658
RINCON_1_N003,33.28578839099371,-116.95852280500573,12.55658
RINCON_6_N001,33.28578839099371,-116.95873719499427,-5.72403
RINCON_6_N008,33.285967608914305,-116.9587371952144,-5.72403
RIN_SUB_LNODEONA,34.28105422156671,-118.479,-3.04389
RIN_SUB_LNODEONB,34.28097288920359,-118.47894317065887,-3.04389
RIN_SUB_LNODEONC,34.28097288920359,-118.47905682934115,-3.04389
RIOBRVO_1_N001,35.44252289360183,-119.26010566010629,-9.91618
RIOBRVO_1_N006,35.44234310629778,-119.26010566035274,-9.91618
RIOBRVTM_1_N001,35.44252289360183,-119.26032633989371,-9.91425
RIODELL_6_N001,40.495382,-124.099276,-5.40724
RIOHONDO_6_N001,34.10610615849042,-117.97947,-5.83471
RIOHONDO_LNODEONDO,34.1060249207417,-117.97952664559254,-3.00564
RIPON_1_N001,37.72,-121.13,0.88824
RIVERROC_6_N001,36.902618,-119.771768,-9.00277
RIVRBANK_1_N001,37.76895425952452,-120.908163,1.70192
RIVRSIDE_6_N001,34.021990939807104,-117.33196554960466,-5.73566
ROADWAY_1_N001,34.590373,-117.431752,-7.05379
ROBROY_1_N001,36.979885,-121.867457,28.70566
ROCKET_1_N001,34.933939,-117.692217,-9.44993
ROCKLIN_6_N001,38.788043999985874,-121.23171544490323,0.15495
ROCKLIN_6_N003,38.788043999985874,-121.23183055509676,0.15495
ROEDING_LNODEDR1,37.587341764588,-120.935901626126,-3.2496
ROEDING_LNODEDR2,37.5872777703549,-120.935976143427,-3.24928
ROEDING_LNODEDR3,37.5871231822836,-120.935612409,-3.24928
ROEDING_LNODEDR5,37.5870085148256,-120.935981028585,-3.2496
ROEDING_LNODEDR6,37.5871259671814,-120.935792411292,-3.2496
ROEDING_LNODEDR7,37.5871257817397,-120.935692486018,-3.24928
ROGERS_LNODEDR1,37.4749114287345,-121.178218328626,-3.2721
ROGERS_LNODEDR2,37.4751811958932,-121.178206809282,-3.2721
ROGERS_LNODEDR3,37.4750639771164,-121.17821700138,-3.2721
ROGERS_LNODEDR5,37.4748414013345,-121.178225065561,-3.2721
ROGERS_LNODEDR7,37.4749721097043,-121.178220428168,-3.2721
ROGH-RDY_6_N001,37.95526599998612,-121.33253531114549,1.15784
ROSECYN_6_N001,32.84459772910598,-117.236988,1.6
ROSECYN_6_N017,32.84451713543481,-117.23693261581597,1.6
ROSEDAL_1_N001,35.37703397144563,-119.077971,-9.92486
ROSELE_LNODEHMV,37.68013999998623,-120.94014286544196,-3.27403
ROSELE_LNODERLV,37.68013999998623,-120.94025713455804,-3.27403
ROSEMR_LNODEAEI,37.64253,-121.0423,-3.27467
ROSE_6_N001,32.84451713543481,-117.23704338418403,-9.90011
ROSSMOOR_2_N001,37.86470199998613,-122.08030973806707,4.94655
ROSSMOOR_2_N101,37.86470199998613,-122.08042426193292,4.94655
RSM_SUB_LNODEONB,34.244054210355124,-118.392,-3.0426
RSM_SUB_LNODEONC,34.24397289480934,-118.39194320739797,-3.04228
RSM_SUB_LNODEOND,34.24397289480934,-118.39205679260202,-3.0426
RSNTAFE_6_N009,33.014261,-117.198557,-5.69478
RSVTNRD_6_N001,36.624374,-121.68835,28.71852
RTRACK_1_N001,37.979737,-120.414515,-3.58049
RUSSRCH_6_N001,40.819848,-123.826638,-4.59124
RVRBANK_1_N001,37.76887287022286,-120.90810355553742,1.2337
RVRBANK_1_N005,37.76887287022286,-120.90822244446258,1.2337
SAFEWAY_1_N001,37.71,-121.4,0.8651
SALINAS_1_N001,36.683239999986945,-121.65120502290527,28.74294
SALINAS_1_N024,36.683239999986945,-121.65131697709472,28.74294
SANARDO_6_N001,36.073766,-120.936804,1.08875
SANCRLS_6_N001,37.49972924078839,-122.243974,7.2393
SANCRLS_6_N002,37.499647879591045,-122.24391479097326,7.2393
SANCRLS_6_N004,37.499647879591045,-122.24403320902674,7.2393
SANDCRK_6_N001,36.64502999998689,-119.15920293037858,-9.0452
SANGER_1_N001,36.70707499998684,-119.6108700066517,-8.95042
SANJOQN_6_N001,36.62101099998692,-120.17805409852517,-8.42319
SANJOQN_6_N006,36.62101099998692,-120.17816590147483,-8.42319
SANLUSRY_6_N013,36.77962699998679,-120.72995490173179,-5.70123
SANLUSRY_6_N014,36.77962699998679,-120.73006709826822,-5.70123
SANLUSRY_6_N101,33.211532999988535,-117.33442746812834,-5.70123
SANLUSRY_6_N201,33.211532999988535,-117.33453453187165,-5.70123
SANMATEO_1_N001,37.58333525489619,-122.319035,-5.70575
SANMATEO_1_N001A,37.58325387253711,-122.31897570912398,7.09638
SANMATEO_1_N009,33.409472,-117.590641,-5.70575
SANMATO_6_N001,37.58325387253711,-122.31909429087602,7.09606
SANMIGL_6_N001,35.75192,-120.684163,-15.22761
SANMRCOS_6_N001,33.12885155124498,-117.19722253462301,-5.69222
SANMRCOS_6_N007,33.12877399995433,-117.19716906934049,-5.69222
SANMRCOS_6_N011,33.12869644873215,-117.19722253471747,-5.69222
SANPBLO_1_N001,37.984803,-122.336618,4.88162
SANRAFL_1_N001,37.970858222937125,-122.527065,4.74413
SANRAFL_1_N006,37.97077688851645,-122.52700543261207,4.74413
SANRAFL_1_N007,37.97077688851645,-122.52712456738792,4.74413
SANRAMON_2_N001,37.745125434987564,-121.93600563263105,5.20067
SANRAMON_2_N004,37.74494456490202,-121.93600563291054,5.20067
SANRAMON_2_N023,37.74494456490202,-121.93623436708945,5.20067
SANRAMON_2_N024,37.745125434987564,-121.93623436736895,5.20067
SANTAFE_LNODEPLNT,38.77997308074166,-122.67005981025191,-3.00532
SANTARO_1_N001,33.78461699446498,-116.41025972078828,-5.5945
SANTARO_1_N014,33.78443700544048,-116.41025972101585,-5.5945
SANTARO_1_N017,33.78443700544048,-116.41047627898415,-5.5945
SANTARO_1_N021,33.78461699446498,-116.41047627921172,-5.5945
SANTEE_1_N001,32.85452999998873,-116.96829070198787,-5.73546
SANTEE_1_N004,32.85452999998873,-116.96839729801214,-5.73546
SANYSDRO_6_N001,32.562237999988916,-117.02641779453799,-5.70665
SANYSDRO_6_N004,32.562237999988916,-117.02652420546201,-5.70665
SARATOGA_2_N001,37.28099617234283,-122.014883,12.17143
SARATOGA_2_N006,37.28091491381397,-122.0148240379766,12.17143
SARATOGA_2_N011,37.28091491381397,-122.0149419620234,12.17143
SAUGUS_6_N001,34.4222099999511,-118.5721663854507,-5.85185
SAUSALTO_6_N001,37.86340599998612,-122.49836873883264,4.6821
SAUSALTO_6_N002,37.86340599998612,-122.49848326116737,4.6821
SCA_GS_LNODE1AUX,33.91807886040714,-118.42789938920775,-3.041
SCA_GS_LNODE2AUX,33.91816402577284,-118.42793487934084,-3.041
SCA_GS_LNODE4AUX,33.91825400500674,-118.42792894664778,-3.041
SCA_GS_LNODE5AUX,33.91833643226557,-118.42788506116258,-3.041
SCA_GS_LNODE6AUX,33.91840200617013,-118.42781057548723,-3.041
SCA_GS_LNODE7AUX,33.91844466871178,-118.42771492357166,-3.041
SCA_LA_LNODE3SS,33.91846141326686,-118.42760822199088,-3.041
SCA_SUB_LNODEONA,33.918451884282646,-118.42750023805854,-3.04067
SCA_SUB_LNODEONB,33.91841787609632,-118.42739967533626,-3.04067
SCHINDLR_1_N005,36.402237,-120.138272,-7.43534
SCHMLBCH_1_N001,38.3,-121.87,0.47583
SCLARA_6_N001,34.3007956214976,-119.18563240503143,-5.89041
SCRIPPS_6_N001,32.91119872129761,-117.112589,-5.71277
SCRIPPS_6_N008,32.91111813933897,-117.11253358224198,-5.71277
SCRIPPS_6_N013,32.91111813933897,-117.112644417758,-5.71277
SCWAX_1_N001,36.700797999986875,-119.75448599883885,-9.03717
SCY_LNODE102,38.508556628165735,-121.46418309094265,-3.29846
SCY_LNODE103,38.50837670505527,-121.4641830912299,-3.29846
SCY_LNODE105,38.50837670505527,-121.4644130198821,-3.29846
SCY_LNODE106,38.508556628165735,-121.46441302016935,-3.29846
SEARLES_7_N001,35.75666699998737,-117.38050076336167,-8.9771
SEMITRPC_1_N001,35.600398,-119.437498,-9.91875
SERRMNTE_1_N011,37.69171986891291,-122.4557633854276,7.47987
SFIA-MA_1_N001,37.63904926020716,-122.385896,7.25762
SFIA_1_N001,37.63896786988162,-122.38583665888167,7.26887
SFIA_1_N007,37.63896786988162,-122.38595534111833,7.26887
SHADOWR_1_N001,33.141540731105856,-117.238793,-5.6996
SHADOWR_1_N006,33.141460134434745,-117.23873742707973,-5.6996
SHADOWR_1_N008,33.141460134434745,-117.23884857292028,-5.6996
SHADYGLN_6_N001,39.115058,-120.95331,0.27709
SHAFTER_7_N022,39.77608299994151,-122.10394676937125,-9.91554
SHARON_1_N001,37.097275,-120.156454,-6.92185
SHAWROAD_1_N001,37.55,-122.42,7.27852
SHLLCHM_6_N001,38.031607,-121.945728,4.61667
SHNGLESR_1_N001,38.65969989665331,-120.946938,0.23209
SHNGLESR_1_N004,38.659619051658225,-120.94687822587784,0.23209
SHNGLESR_1_N103,38.659619051658225,-120.94699777412217,0.23209
SHREDDER_1_N001,37.511676999986356,-122.20767698568532,7.26309
SIERABRK_LNODE19,39.646142,-120.217943,-3.43988
SILVERDO_1_N001,38.49950299998593,-122.45908751973128,12.56525
SILVERDO_1_N002,38.49950299998593,-122.45920248026871,12.56525
SISK_LNODEKZH,37.69048760173528,-121.02087456863451,-3.27435
SISK_LNODEYUP,37.69057307242136,-121.0209119194331,-3.27435
SISQUOC_1_N001,34.87826099998756,-120.33120693531723,-14.45002
SISQUOC_1_N020,34.87826099998756,-120.33131706468278,-14.45002
SLMNCRK_6_N001,38.343592,-123.044809,15.93566
SMRTVLTP_6_N101,39.207939,-121.301476,0.02268
SMTRPCWS_1_N001,35.59,-119.44,-9.91875
SNANDRES_6_N001,37.603294,-122.420424,7.25859
SNBRNRD_6_N001,35.092421,-118.878241,-9.88918
SNJOSEB_1_N001,37.34102432531631,-121.9009493888098,10.25194
SNJOSEB_1_N005,37.34084367457506,-121.9009493890831,10.25194
SNJOSEB_1_N009,37.34084367457506,-121.9011766109169,10.25194
SNJOSEB_1_N013,37.34102432531631,-121.9011766111902,10.25194
SNJSEA_1_N001,37.328246190599145,-121.902531,10.44725
SNJSEA_1_N005,37.32816490468582,-121.90247198103432,10.44725
SNJSEA_1_N101,37.32816490468582,-121.90259001896567,10.44725
SNLNDRO_1_N001,37.711237436769906,-122.14880668270004,4.84177
SNLNDRO_1_N014,37.71105656311971,-122.14880668297907,4.84177
SNLNDRO_1_N017,37.71105656311971,-122.14903531702092,4.84177
SNLNDRO_1_N027,37.711237436769906,-122.14903531729996,4.84177
SNROSA_LNODEMEA,37.5099999999863,-121.22994301594794,-3.27499
SNROSA_LNODEYWX,37.5099999999863,-121.23005698405206,-3.27499
SNTAMRA_1_N001,33.12877399995433,-117.19738293065951,-14.45099
SNTAMRA_1_N005,33.12885155124498,-117.19732946537698,-14.45099
SNTANLA_6_N001,37.085979,-121.013273,-4.24378
SNTARSA_1_N001,38.43691201584367,-122.71331,11.85562
SNTARSA_1_N002,38.43683099206306,-122.71325027901105,11.85562
SNTARSA_1_N006,38.43683099206306,-122.71336972098895,11.85562
SNTARTA_6_N001,37.055061,-120.634086,-5.41977
SNTAYNZ_1_N001,34.625273999987726,-120.11813905143147,-14.45999
SNTAYNZ_1_N002,34.625273999987726,-120.11824894856854,-14.45999
SNTHLNE_6_N001,37.6223639999863,-122.44717791303894,7.27345
SNTHLNE_6_N002,37.6223639999863,-122.44729208696106,7.27345
SOBRANTE_1_N001,37.90594,-122.208144,4.91569
SOLEDAD_6_N001,36.429513,-121.331901,28.74552
SONOFRE_2_N067,33.369728,-117.55433,-5.69868
SOUTHBAS_1_N001,34.881503,-117.892023,-9.34836
SOUTHBY_6_N001,38.575612901218726,-121.497588,0.60802
SOUTH_LNODE108,40.39538221,-121.8791458,-2.9751
SOUTH_LNODE204,40.39538220993951,-121.87902727370097,-2.97639
SOUTH_LNODEC542,40.39529194143137,-121.87902727385986,-2.97639
SOUTH_LNODEC544,40.39522811201244,-121.87911108453021,-2.97639
SOUTH_LNODEC546,40.39521284740522,-121.87922790359386,-2.97639
SOUTH_LNODEC547,40.39524411201219,-121.8793390934442,-2.97639
SOUTH_LNODEC548,40.39530994650243,-121.87942018597366,-2.97639
SOUTH_LNODEC549,40.395395258043976,-121.87945892278287,-2.97639
SOUTH_LNODEC550,40.3954853917418,-121.8794524474595,-2.97639
SOUTH_LNODEC552,40.39556796052161,-121.87940454742642,-2.97639
SPANSHCK_6_N001,40.026139,-120.961748,0.18525
SPENCE_6_N001,36.613591,-121.566779,28.67352
SPICAMIN_1_N001,38.73992576174639,-120.67723108004192,0.25942
SPRINGVL_6_N001,36.10586253074472,-118.93516918490357,-5.93398
SPRNGVLY_6_N001,32.73903399998875,-117.00264674817954,-5.65957
SPRNGVLY_6_N010,32.73903399998875,-117.00275325182045,-5.65957
SQAWVLY_LNODE01,39.20568653401713,-120.20123845453338,-3.43506
SQAWVLY_LNODE81,39.20550746586879,-120.20123845482796,-3.43506
SQAWVLY_LNODE82,39.20550746586879,-120.20146954517205,-3.43506
SQAWVLY_LNODE83,39.20568653401713,-120.20146954546662,-3.43506
STAFFORD_6_N002,38.12003299998604,-122.61362861905879,4.75506
STAFFORD_6_N101,38.12003299998604,-122.6137433809412,4.75506
STAGG_2_N001,37.99164936143144,-121.34848834268168,0.85896
STAGG_2_N014,37.99146863845723,-121.34848834296415,0.85896
STAGG_6_N001,37.99146863845723,-121.34871765703586,0.85735
STAGG_6_N003,37.99164936143144,-121.34871765731833,0.85735
STAMPEDE_LNODE19,39.46748199998557,-120.10518300964912,-3.44374
STATELN_LNODE01,38.95238461856907,-119.94181675988908,-3.18949
STATELN_LNODE22,38.952205381317675,-119.94181676018052,-3.18949
STATELN_LNODE23,38.952205381317675,-119.94204723981947,-3.18949
STATELN_LNODELY,38.95238461856907,-119.94204724011091,-3.18949
STATIN-L_7_N001,37.81024899998616,-122.271385771776,4.88773
STATIND_1_N001,37.837585251800924,-122.263503,4.8948
STATIND_1_N010,37.83750387408463,-122.26344350874284,4.8948
STATIND_1_N013,37.83750387408463,-122.26356249125715,4.8948
STATINJ_1_N001,37.76334825993251,-122.214444,4.78166
STATINJ_1_N012,37.763266870018874,-122.21438455959633,4.78166
STATINJ_1_N027,37.763266870018874,-122.21450344040367,4.78166
STATINL_1_N001,37.81024899998616,-122.271500228224,4.88837
STATINX_1_N001,37.80554442667025,-122.23091354965457,4.89094
STATINX_1_N012,37.805363573219,-122.23091354993484,4.89094
STATINX_1_N014,37.805363573219,-122.23114245006515,4.89094
STATINX_1_N024,37.80554442667025,-122.23114245034543,4.89094
STB_LNODE201,38.57233333333333,-121.483291944444,-3.29685
STB_LNODE202,38.57233333327705,-121.48317695138249,-3.29685
STB_LNODE203,38.57224342921349,-121.48317695152639,-3.29685
STB_LNODE204,38.57217985749196,-121.48325826382802,-3.29685
STB_LNODE205,38.572164654514715,-121.48337160056485,-3.29685
STB_LNODE206,38.57219579290459,-121.48347947588752,-3.29685
STB_LNODE207,38.5722613616095,-121.48355815106362,-3.29685
STB_LNODE208,38.57234632872595,-121.48359573311588,-3.29685
STB_LNODE209,38.57243609852223,-121.48358945079376,-3.29685
STB_LNODE210,38.57251833393617,-121.48354297863219,-3.29685
STB_LNODE211,38.572583755229644,-121.4834641025941,-3.29685
STB_LNODE212,38.57262631848412,-121.48336281268834,-3.29685
STCKTNAR_6_N001,37.963279,-121.323476,1.15655
STCRUZ_LNODECXA,37.62755999998621,-120.97504290860819,-3.27371
STCRUZ_LNODEWLS,37.62755999998621,-120.97515709139182,-3.27371
STDDRD_LNODECEA,37.704079999986206,-121.06864284680097,-3.27467
STDDRD_LNODEWZO,37.704079999986206,-121.06875715319903,-3.27467
STDOIL_1_N009,37.94,-122.38,4.87841
STD_LNODENE1,38.57225,-121.500568888889,-3.29685
STD_LNODENE2,38.572249999943736,-121.50045389586575,-3.29685
STD_LNODENE4,38.57217214071853,-121.50051139243968,-3.29685
STD_LNODENE5,38.57217214071853,-121.50062638533832,-3.29685
STD_LNODENE6,38.572249999943736,-121.50068388191225,-3.29685
STD_LNODENE7,38.57232785925329,-121.50062638546294,-3.29685
STD_LNODENE8,38.57232785925329,-121.50051139231506,-3.29685
STELLING_1_N001,37.3360521934471,-122.042805,10.32169
STELLING_1_N004,37.33597090326187,-122.04274597179945,10.32169
STELLING_1_N007,37.33597090326187,-122.04286402820055,10.32169
STE_SM_LNODE301,38.58631666666667,-121.472838888889,-3.29653
STE_SM_LNODE302,38.586316666610415,-121.47272388936047,-3.29653
STE_SM_LNODE303,38.58622677499287,-121.47272388950444,-3.29653
STE_SM_LNODE304,38.58616321207191,-121.47280520637891,-3.29653
STE_SM_LNODE305,38.58614801119931,-121.4729185494895,-3.29653
STE_SM_LNODE306,38.58617914527848,-121.47302643087885,-3.29653
STE_SM_LNODE307,38.58624470490619,-121.47310511047952,-3.29653
STE_SM_LNODE308,38.586329660260105,-121.47314269464546,-3.29653
STE_SM_LNODE309,38.58641941762905,-121.47313641197016,-3.29653
STF_LNODEDAX,37.69055999998624,-121.02097285725026,-3.27435
STF_LNODEIPN,37.69055999998624,-121.02108714274974,-3.27435
STJ_SUB_LNODEONB,34.067054141297895,-118.226,-3.04003
STJ_SUB_LNODEONC,34.06697292933807,-118.22594339850212,-3.04003
STJ_SUB_LNODEOND,34.06697292933807,-118.22605660149787,-3.04003
STKTONA_1_N001,37.94722338217881,-121.28911838573319,1.12763
STKTONA_1_N003,37.947042617710025,-121.28911838601516,1.12763
STKTONA_6_N001,37.947042617710025,-121.28934761398483,1.13277
STKTONA_6_N004,37.94722338217881,-121.2893476142668,1.13277
STLLWATR_6_N001,40.677845,-122.34971,0.36198
STOCKDLE_1_N001,35.316584007161445,-119.06818269302951,-9.92904
STOCKDL_2_N001,35.31640399273835,-119.06818269327503,-9.92261
STOCKDL_2_N002,35.31640399273835,-119.06840330672496,-9.92261
STOCKDL_2_N101,35.316584007161445,-119.0684033069705,-9.92261
STOCKM_LNODEVZF,37.62761110994497,-120.9752808828705,-3.27403
STOCKM_LNODEXFA,37.62770154232185,-120.9751667,-3.27403
STONCRRL_6_N001,36.472251999987044,-119.18811326795893,-9.0587
STONCRRL_6_N003,36.472251999987044,-119.18822473204106,-9.0587
STONE_1_N001,37.303708999986505,-121.86757223713448,11.04703
STONE_1_N005,37.303708999986505,-121.8676857628655,11.04703
STONYPT_1_N001,38.42,-122.78,11.19999
STOREY1_2_N001,36.98288702744317,-120.033746,-7.3561
STOREY2_2_N001,36.98280598626407,-120.03380457310557,-7.26966
STREAMVW_6_N001,32.745604999988714,-117.07864474591278,-5.68252
STREAMVW_6_N007,32.745604999988714,-117.07875125408721,-5.68252
STROUD_6_N001,36.530868,-120.104386,-8.40776
STUART_6_N001,33.256701,-117.416547,-5.72823
STURLOCK_LNODEDR3,37.4835881458663,-120.846727672541,-3.26021
STURLOCK_LNODEDR4,37.4835360336794,-120.846797393384,-3.26021
STURLOCK_LNODEDR7,37.4834830942642,-120.846867453726,-3.26053
STURLOCK_LNODER13,37.483522165007,-120.846657059231,-3.26053
SUISUN_1_N001,38.24526219208727,-122.04122215940386,0.47486
SUISUN_1_N008,38.24508180780079,-122.04122215968883,0.47486
SUISUN_1_N009,38.24508180780079,-122.04145184031117,0.47486
SUMMIT_6_N001,39.319203,-120.378897,4.10301
SUNOL_6_N001,37.586891,-121.869379,7.11631
SURF_1_N009,34.61,-120.22,-14.4452
SWEETWTR_6_N017,32.65811799998879,-117.0916867727539,-5.69829
SWEETWTR_6_N018,32.65811799998879,-117.0917932272461,-5.69829
SWIFT_1_N001,37.3225281884819,-121.796729,12.56303
SWIFT_1_N003,37.322446905744414,-121.79666998783091,12.56303
SWIFT_1_N006,37.322446905744414,-121.79678801216909,12.56303
SYCAMORE_1_N101,39.76991684305054,-121.824218,0.1605
SYCAMORE_1_N201,39.76983607845885,-121.82415733357864,0.1605
SYCAMORE_1_N301,39.76983607845885,-121.82427866642136,0.1605
SYLVANCM_LNODECPR,37.688469999986225,-120.97663285888366,-3.27435
SYLVANCM_LNODEHGR,37.688469999986225,-120.97674714111633,-3.27435
TAFT1_1_N001,35.14999999998751,-119.47994486994581,-9.89207
TAFT1_1_N004,35.14999999998751,-119.48005513005418,-9.89207
TAHDONR_LNODE07,39.337309,-120.221277,-3.45628
TAHOCTY_LNODE01,39.165971540038264,-120.14445351203682,-3.43795
TAHOCTY_LNODE71,39.16579245984778,-120.14445351233086,-3.43795
TAHOCTY_LNODE72,39.16579245984778,-120.14468448766914,-3.43795
TAHOCTY_LNODE73,39.165971540038264,-120.14468448796318,-3.43763
TAMARACK_6_N001,39.313743,-120.496804,4.38653
TAMARISK_1_N001,33.817316,-116.454898,-5.58518
TAP710_1_N004,32.595376662064226,-117.0577334243903,-41.78951
TAP801_1_N001,34.109614,-116.411837,-5.57009
TAP807_1_N001,34.0,-116.5,-5.56944
TAR_SUB_LNODEONA,34.17905418777958,-118.544,-3.0426
TAR_SUB_LNODEONB,34.1789729060972,-118.54394327481864,-3.0426
TAR_SUB_LNODEONC,34.1789729060972,-118.54405672518136,-3.0426
TASSAJAR_2_N001,37.79959499998613,-121.9077887787453,6.9345
TASSAJAR_2_N002,37.79959499998613,-121.9079032212547,6.9345
TAYLOR_LNODEDR1,37.5369331958297,-120.809398426319,-3.25249
TAYLOR_LNODEDR5,37.5369383829719,-120.809348192848,-3.25249
TAYLOR_LNODEDR7,37.536937531095,-120.809217269976,-3.25217
TAYLOR_LNODEDR8,37.5369366699963,-120.809289591436,-3.25249
TECUYA_6_N001,35.018589,-118.979536,-9.894
TEICHERT_1_N001,37.79,-121.36,0.88953
TEJON_6_N001,35.019534,-118.954779,-9.894
TELECYN_1_N001,32.6379177816674,-117.01607,-5.6594
TELECYN_1_N006,32.63783710915427,-117.01601469007429,-5.6594
TELECYN_1_N014,32.63783710915427,-117.01612530992571,-5.6594
TEMBLOR_1_N003,35.382795999987465,-119.69634883811833,-9.90172
TEMPLETN_2_N008,35.554496,-120.679996,-15.22119
TERMNOUS_6_N001,38.116464,-121.422007,0.83614
TESSUB_2_N001,37.73,-121.93,6.62605
TEVIS_1_N001,35.319191999987495,-119.12859784623319,-9.92872
TEVIS_1_N003,35.319191999987495,-119.12870815376681,-9.92679
TEXSUN1G_7_N001,35.36999999998748,-119.4800551602316,-9.91297
TEXSUN2G_7_N001,35.3599999999875,-119.48005515895167,-9.91297
THORNHIL_1_N001,33.833699,-116.524642,-5.57459
TIDEWATR_2_N001,38.01989465330933,-122.06150068264388,5.11327
TIDEWATR_2_N014,38.02007534657929,-122.06150068292666,5.11327
TLRELKE_6_N001,36.003703,-119.948802,-11.40762
TOCALOMA_6_N001,38.05521,-122.760914,4.74156
TOL_SUB_LNODEONA,34.175740310821865,-118.36069083905292,-3.04132
TOL_SUB_LNODEONB,34.1755596890815,-118.36069083928658,-3.04164
TOL_SUB_LNODEONC,34.1755596890815,-118.36090916071342,-3.04164
TOL_SUB_LNODEOND,34.175740310821865,-118.36090916094707,-3.04164
TOREYPNS_6_N001,32.89877953728695,-117.23987836114813,-5.73206
TOREYPNS_6_N007,32.89860046262259,-117.23987836136372,-5.73206
TOREYPNS_6_N008,32.89860046262259,-117.24009163863627,-5.73206
TOREYPNS_6_N009,32.89877953728695,-117.24009163885188,-5.73206
TORTILLA_1_N007,34.874547,-117.064691,-8.97925
TRABUCO_1_N001,33.5630767991568,-117.67324523376014,-5.70671
TRABUCO_1_N005,33.562897200749894,-117.67324523398426,-5.70671
TRABUCO_1_N009,33.562897200749894,-117.67346076601574,-5.70671
TRABUCO_1_N013,33.5630767991568,-117.67346076623986,-5.70671
TRACY_1_N001,37.748395999944734,-121.41564562794372,0.83746
TRACY_1_N002,37.748305565247314,-121.41576,0.83746
TRACY_1_N007,37.748395999944734,-121.41587437205628,0.83713
TRACY_1_N101,37.74848643475262,-121.41576,0.83746
TRESVIS_6_N001,39.486707,-121.687993,0.0427
TRIMBLE_1_N004,37.42009036798162,-121.72988621524279,8.61295
TRIMBLE_1_N010,37.41990963190925,-121.72988621551741,8.61295
TRIMBLE_1_N016,37.41990963190925,-121.7301137844826,8.61295
TRIMBLE_1_N020,37.42009036798162,-121.73011378475721,8.61295
TRINIDAD_6_N001,41.064242,-124.128367,-4.53499
TRUCKEE_LNODE02,39.330431720184855,-120.181195,-3.4476
TRUCKEE_LNODE03,39.33035113989209,-120.18113485420918,-3.4476
TRUCKEE_LNODE49,39.33035113989209,-120.18125514579083,-3.44631
TUDOR_6_N001,38.982071,-121.635205,-0.22011
TULUCAY_6_N001,38.247946,-122.268228,4.3233
TUPMAN_1_N101,35.354039,-119.270638,-9.91489
TVYVLLY_6_N001,36.770622,-119.393233,-9.02367
TXROSDL_1_N001,35.37695301426363,-119.07791367489159,-9.92486
TXROSDL_1_N002,35.37695301426363,-119.0780283251084,-9.92486
TYLER_6_N001,40.138392982499205,-122.20848578836895,0.13602
TYLER_6_N002,40.138392982499205,-122.20860821163106,0.13602
UCM_6_N001,32.88368472395273,-117.222424,-5.73753
UCM_6_N002,32.88360413801135,-117.22236859671557,-5.73753
UCM_6_N006,32.88360413801135,-117.22247940328444,-5.73753
UKIAH_1_N001,39.142823455087914,-123.19204845611492,-38.79513
UKIAH_1_N005,39.14300254479826,-123.19204845640866,-38.79513
UPPRLKE_6_N001,39.145906,-122.916845,-43.52726
URBAN_6_N001,32.71330799998875,-117.15140275665348,-5.72177
URBAN_6_N005,32.71330799998875,-117.15150924334651,-5.72177
URICH_6_N001,38.029918,-122.103005,5.07726
VACA-DIX_1_N001,38.401616982566644,-121.91986928712716,0.51279
VACAVIL_1_N001,38.356520058867716,-121.97951,0.51086
VACAVIL_1_N101,38.35643897055109,-121.97945029786577,0.51022
VACAVIL_1_N102,38.35643897055109,-121.97956970213424,0.51022
VALCNTR_6_N001,33.230683,-117.018401,-5.71567
VALLEYSC_1_N001,33.738397971600605,-117.156432,-5.6
VALLEYSC_1_N107,33.738317014186954,-117.15648820699798,-5.60064
VALLYHM_1_N001,37.85575599998615,-120.94408374338772,1.03061
VALLYVW_1_N001,37.96607299998612,-122.27841868352904,5.09076
VALLYVW_1_N003,37.96607299998612,-122.27853331647096,5.09076
VAL_GS_LNODE5AUX,34.24482148241572,-118.3914027121072,-3.0426
VAL_GS_LNODE6AUX,34.24485277566131,-118.39150524618782,-3.0426
VAL_GS_LNODE7AUX,34.24491867043375,-118.39158002588233,-3.0426
VAL_GS_LNODE8AUX,34.245004060069334,-118.391615747079,-3.0426
VAL_LNODELSS,34.24509427625119,-118.39160977576542,-3.0426
VASCO_6_N001,37.71132099998621,-121.71587984128799,5.89943
VASCO_6_N003,37.71132099998621,-121.71599415871201,5.89943
VASONA_2_N001,37.26,-121.9,12.37061
VEDDER_1_N001,35.61,-118.96,-9.94189
VEL_SUB_LNODEONA,34.01555411723447,-118.204,-3.03939
VEL_SUB_LNODEONB,34.01547294136984,-118.20394345800285,-3.03971
VEL_SUB_LNODEONC,34.01547294136984,-118.20405654199715,-3.03971
VESTAL_6_N001,35.85713659527842,-119.08872645400277,-5.88962
VICTOR_1_N001,38.145651267656454,-121.17732422029407,-6.26925
VICTOR_6_N001,38.145470732231836,-121.17755377942188,1.16328
VICTOR_6_N002,38.145651267656454,-121.17755377970593,1.16328
VIEJOSC_2_N001,36.578772821150025,-121.908968,-5.77068
VIEJOSC_2_N004,33.667334,-117.642727,-5.77068
VIEJO_6_N001,36.578692089410936,-121.90890995739635,28.64877
VIEJO_6_N003,36.578692089410936,-121.90902604260364,28.64877
VIERRA_1_N001,37.85,-121.24,0.85578
VINA_6_N001,39.941614,-122.041739,0.53073
VINEYARD_2_N001,37.66967326170019,-121.85436,6.28878
VINEYARD_2_N002,37.66959186913507,-121.85430063276966,6.28878
VINEYARD_6_N001,37.66959186913507,-121.85441936723034,5.79466
VN_SUB_LNODEONA,34.18009031354033,-118.44489083013903,-3.04132
VN_SUB_LNODEONB,34.17990968636295,-118.44489083037274,-3.04132
VN_SUB_LNODEONC,34.17990968636295,-118.44510916962726,-3.04132
VN_SUB_LNODEOND,34.18009031354033,-118.44510916986097,-3.04164
VSTA_1_N001,34.04125299995202,-117.32061812723687,-5.72795
VSTA_6_N001,34.04125299995202,-117.32083587276313,-5.72859
WAHTOKE_1_N001,36.61618299998699,-119.452409104289,-9.02495
WAHTOKE_1_N002,36.61618299998699,-119.45252089571099,-9.02495
WALNUT_6_N001,34.00840381020035,-117.94966020073771,-5.75949
WARENCYN_6_N001,33.01545499998868,-117.00226861385794,-5.66616
WARENCYN_6_N002,33.01545499998868,-117.00237538614206,-5.66616
WARNERS_6_N001,33.247186,-116.675942,-5.80049
WARNER_LNODERV1,41.50091505739131,-120.533072,-3.19817
WARNER_LNODERV3,41.50083397128745,-120.53300949206302,-3.19817
WARNER_LNODESC1,41.50083397128745,-120.53313450793698,-3.19817
WASCO_7_N008,39.77617274317707,-122.10383,-9.92582
WASHNGT_LNODEDR1,37.4893772928244,-120.903967825898,-3.26439
WASHNGT_LNODEDR2,37.4895172164325,-120.904092990936,-3.26439
WASHNGT_LNODEDR3,37.4894692627508,-120.903968029781,-3.26439
WASHNGT_LNODEDR4,37.489297130992,-120.993988447763,-3.26439
WASHNGT_LNODEDR5,37.4894207521695,-120.904091725093,-3.26439
WASHNGT_LNODEDR6,37.4892474344412,-120.904090188054,-3.26439
WASHNGT_LNODEDR7,37.4892029595549,-120.903964429204,-3.26439
WASHNGT_LNODER15,37.4893341220127,-120.90409199878,-3.26439
WATRSHED_6_N001,37.487815,-122.310237,7.08963
WEBER_6_N001,37.919828,-121.240232,1.1228
WEC_SY_LNODEUX1,37.4878752249074,-120.89565231921667,-3.26021
WEC_SY_LNODEUX2,37.4878752249074,-120.89576624369113,-3.25989
WELFLDPM_LNODELPMP,34.16127269818337,-114.38198913123861,-2.98282
WELFLDPM_LNODERALS,34.16145330172,-114.38198913147205,-2.98282
WEMRSWS_6_N001,39.035984,-120.987909,0.26938
WESTLANE_6_N001,37.990674,-121.282373,0.84353
WESTLNDS_1_N001,36.3999999999871,-120.31994434326373,-7.44659
WESTLNDS_1_N019,36.3999999999871,-120.32005565673627,-7.44659
WESTPARK_1_N001,35.374163973003284,-119.039839,-9.92936
WESTPARK_1_N005,35.374083013484764,-119.03978167527592,-9.92936
WESTPARK_1_N009,35.374083013484764,-119.03989632472408,-9.92936
WESTPLAT_1_N001,35.42,-119.3,-9.91457
WESTPORT_LNODEDR1,37.5225825838401,-120.993998352649,-3.25539
WESTPORT_LNODEDR3,37.5223769944682,-120.993990429526,-3.25539
WESTPORT_LNODEDR5,37.5225172095941,-120.993995815213,-3.25539
WESTPORT_LNODEDR7,37.5224455031416,-120.903973009416,-3.25539
WHEATLND_6_N001,39.013055,-121.418524,-0.06416
WHEELER_6_N001,35.089761,-118.976591,-9.89143
WHISMAN_1_N001,37.40491321634772,-122.068856,8.66245
WHISMAN_1_N004,37.404831891811426,-122.06879689262591,8.66245
WHISMAN_1_N009,37.404831891811426,-122.06891510737408,8.66245
WHITMORE_6_N001,40.628753,-121.915711,0.53555
WILDWOOD_1_N001,40.38711092118795,-123.04499942348713,0.49121
WILDWOOD_1_N005,40.38711092118795,-123.04512257651287,0.49121
WILKINS_6_N001,39.00552,-121.867233,-7.39181
WILLIAMS_6_N002,39.15758,-122.14762,-7.30856
WILLITS_6_N001,39.405666,-123.327366,-37.51118
WILLOWS_6_N001,39.531805,-122.185874,0.34241
WIL_SUB_LNODEONB,33.797999999988214,-118.25794584458627,-3.0381
WIL_SUB_LNODEONC,33.797999999988214,-118.25805415541372,-3.0381
WINTERS_6_N001,38.517708,-121.951331,0.49961
WOHLER_6_N001,38.512048,-122.880906,15.94691
WOLFE_1_N001,37.335142193117605,-122.020824,10.32137
WOLFE_1_N002,37.335060903426545,-122.02076497287341,10.32137
WOLFE_1_N007,37.335060903426545,-122.02088302712659,10.32137
WOODACRE_6_N001,38.012118,-122.65455,4.74831
WOODLD_1_N001,38.67823188725648,-121.760143,-0.10808
WOODLD_1_N005,38.67815105635662,-121.76008322082818,-0.10808
WOODLD_1_N012,38.67815105635662,-121.76020277917182,-0.10808
WOODSIDE_6_N003,37.43624399998641,-122.2420270905538,10.26962
WOODSIDE_6_N004,37.43624399998641,-122.24214090944619,10.26962
WOODWARD_1_N005,36.8966369999867,-119.74995475043866,-8.27768
WOODWARD_1_N006,36.8966369999867,-119.75006724956134,-8.27768
WPBART_1_N001,38.02005420797604,-121.98,5.18653
WPBART_1_N004,38.01997289599686,-121.97994040909197,5.18653
WPBART_1_N026,38.01997289599686,-121.98005959090804,5.18653
WSCOPRSN_1_N001,35.61,-119.37,-9.92229
WSCRMNO_1_N004,38.58939293336201,-121.545027,0.07203
WSCRMNO_1_N013,38.58931203330379,-121.54496724378153,0.07203
WSCRMNO_1_N201,38.58931203330379,-121.54508675621847,0.07203
WSTFRSO_1_N001,36.71841899998688,-119.81853697917856,-9.0317
WSTFRSO_1_N004,36.71841899998688,-119.81864902082144,-9.0317
WSTLD1RA_1_N001,36.72,-120.72,-7.49333
WYANDTTE_1_N001,39.491682744465926,-121.541161,0.06166
WYANDTTE_1_N003,39.49160212775149,-121.54110068770393,0.06166
WYANDTTE_1_N102,39.49160212775149,-121.54122131229607,0.06166
ZACA_1_N001,34.696829,-120.151374,-14.45581
ZANKER_1_N001,37.469999999986335,-121.8099430557453,8.22327
ZANKER_1_N003,37.469999999986335,-121.8100569442547,8.22327
AGER_LNODE35,41.8675,-122.46414,0.0
ALTURAS_LNODE17,41.49972,-120.53306,0.0
BIGSPRIN_LNODELD1,41.616776,-122.39929,0.0
CAMERON_LNODEKM,32.65324599998863,-116.48817922595589,0.0
CASTELLA_LNODE,41.146254,-122.319747,0.0
CEDARVIL_LNODED1,41.53156,-120.18194,0.0
CLEARLAO_LNODE44,41.704981,-121.276741,0.0
COPCO2_LNODE21,41.97667,-122.36167,0.0
DAVISCR_LNODED1,41.73,-120.37,0.0
DELNORTE_LNODE50,41.86761799998422,-124.13905472462552,0.0
DELNORTE_LNODE51,41.86761799998422,-124.13917527537447,0.0
DOGCREEK_LNODE,40.94013311,-122.431008,0.0
DORRIS_LNODE06,41.96694,-121.91333,0.0
EAGLEMTN_LNODEHI,33.8199729920039,-115.44005630685402,0.0
FLINT_LNODE_LDT1,38.88530299998586,-121.06681059075832,0.0
GASQUET_LNODE42,41.84833,-123.96667,0.0
INTERNAT_LNODELD,41.432568,-122.38296,0.0
LITTLESH_LNODELD1,41.70174123,-122.3696599,0.0
LUCERNE_LNODELD,41.60361,-122.5225,0.0
MACDOEL_LNODE20,41.83166999998427,-122.00465973878569,0.0
MACDOEL_LNODE45,41.83166999998427,-122.00478026121432,0.0
MADISON_LNODE1,38.67065905446531,-121.9691977771112,0.0
MOTT_LNODE,41.262727,-122.270475,0.0
NDUNSMUI_LNODE7,41.2207989999844,-122.27643096616978,0.0
NDUNSMUI_LNODE9,41.2207989999844,-122.27655103383022,0.0
NEWELL_LNODE90,41.888139999984205,-121.37845028379793,0.0
NUTGLADE_LNODE,41.178254,-122.290711,0.0
PATRICKS_LNODE49,41.88139,-123.86472,0.0
PEREZ_LNODED1,41.63306,-121.22639,0.0
PRAXAIR_LNODEPM,37.99999999998611,-121.81005733246779,0.0
REDWOODU_LNODED2,41.76083,-124.16347,0.0
SDUNSMUI_LNODE,41.201244,-122.2764098,0.0
SHASTINA_LNODELD1,41.548666,-122.364174,0.0
SHOTGUNC_LNODE,41.053889,-122.381667,0.0
TULELAKE_LNODE35,41.95333,-121.47111,0.0
TUNNEL_LNODE33,41.925559999984245,-121.56576970013403,0.0
TUNNEL_LNODE40,41.925559999984245,-121.56589029986597,0.0
WEED_LNODER1,41.43139,-122.38944,0.0
YREKA_LNODE76,41.72897989068449,-122.63154955171838,0.0
YREKA_LNODED1,41.72880010918983,-122.63154955205546,0.0
YREKA_LNODED2,41.72880010918983,-122.63179044794454,0.0
YREKA_LNODED3,41.72897989068449,-122.63179044828162,0.0
