node_id,lat,lon,price_dp
12TH_S_LNODENMZ,37.63715677998629,-120.99316020050249,28.77895
12TH_S_LNODEXWQ,37.63715677998629,-120.99327439949751,28.77895
8TH_ST_LNODEBXG,37.64197726998626,-121.00603849646912,28.77895
8TH_ST_LNODELZF,37.64197726998626,-121.00615270353089,28.77895
AEC300_1_N001,37.74,-121.48,29.33528
AGNEW_1_N003,37.51,-121.84,30.91301
AIRPROD_1_N001,36.65,-119.54,27.41609
AIR_SUB_LNODENAA,33.96205409081493,-118.376,28.49342
AIR_SUB_LNODENAB,33.961972954579615,-118.37594352117388,28.49048
AIR_SUB_LNODEONC,33.961972954579615,-118.37605647882611,28.49342
ALAMITOS_2_N001,33.771584,-118.100596,29.41181
ALAMITOS_2_N040,33.77,-118.1,29.41181
ALAMT1G_7_N002,33.77149401717401,-118.1004877514908,29.41181
ALAMT2G_7_N002,33.771415173499584,-118.10067098425147,29.41181
ALAMT3G_7_N002,33.77144633917227,-118.10077253262283,29.41181
ALAMT4G_7_N002,33.771511965310076,-118.10084659342048,29.41181
ALAMT5G_7_N002,33.771597006833865,-118.1008819712055,29.41181
ALAMT6G_7_N002,33.77176916262267,-118.10083231072662,29.41181
ALHAMBRA_1_N001,37.99408499998608,-122.13031167024367,30.43616
ALHAMBRA_1_N002,37.99408499998608,-122.13042632975633,30.43616
ALLEGHNY_6_N001,39.464893,-120.844946,32.29942
ALMADEN_6_N001,37.26027,-121.890082,32.08
ALMOND_LNODEAUX,37.574202045609525,-120.98511610244,28.51403
ALPAUGH_7_N002,35.963463732836644,-119.456796,27.31012
ALPINE_6_N001,32.82778299998866,-116.78987271391081,27.80653
ALPINE_6_N005,32.82778299998866,-116.78997928608918,27.80653
ALTO_6_N001,37.89825299998615,-122.52430271885964,30.63632
ALTO_6_N101,37.89825299998615,-122.52441728114036,30.63632
ALTTA_BP_LNODEPRT,41.51205899998436,-120.5236838478691,27.90766
ALTTA_BP_LNODETON,41.51205899998436,-120.5238041521309,27.90766
AMERIGAS_1_N001,38.43,-121.79,29.02326
AMESBS_1_N004,37.41751022008469,-122.066192,30.33313
AMESBS_1_N101,37.41742888994297,-122.06613287861066,30.33313
AMESDST_1_N001,37.41742888994297,-122.06625112138934,30.33608
AMFORST_6_N001,38.369191999986,-120.79657754861613,29.02915
ANDERSON_6_N001,40.449838,-122.305068,28.52286
ANGIOLA_6_N001,35.992007,-119.57137,25.96198
ANITA_6_N001,39.811047,-121.919761,28.86137
ANNAPOLS_6_N001,38.680315,-123.311782,30.95128
ANTELOPE_6_N001,35.658117,-119.996015,27.54855
ANTLER_6_N001,40.893581,-122.379244,28.37863
APPLEHL_1_N001,38.73992576174639,-120.67700091995808,29.0262
APPLEHL_1_N002,38.73974623814083,-120.67700092024737,29.0262
APPMAT_1_N001,37.359999999986435,-121.97994317305394,30.3508
APPMAT_1_N010,37.359999999986435,-121.98005682694607,30.3508
ARBUCKLE_6_N001,39.017625,-122.061575,28.84371
ARCATA_6_N001,40.867132,-124.088286,29.63257
ARVINED_1_N001,35.15044599998752,-118.87870286987292,28.18141
ARVIN_6_N001,35.15044599998752,-118.87881313012709,27.61331
ASHLAN_2_N001,36.79263892472445,-119.82749,27.76048
ASHLAN_2_N007,36.7925580376235,-119.82743168375806,27.76048
ASHLAN_2_N008,36.7925580376235,-119.82754831624194,27.76048
ASH_6_N001,33.1365697302963,-117.070292,30.20656
ASH_6_N005,33.13648913483958,-117.0702364310647,30.20656
ASH_6_N101,33.13648913483958,-117.07034756893529,30.20656
ASPEN_LNODESPEN,37.69337956,-122.069288,27.7752
ATASCDRO_6_N001,35.465309,-120.671582,28.09605
ATWATER_1_B2,37.35999599998639,-120.6146481730584,28.26972
ATWATER_1_N001,37.35999599998639,-120.6147618269416,28.26972
ATW_SUB_LNODEONB,34.1096541600031,-118.254,28.49637
ATW_SUB_LNODEONC,34.10957291998536,-118.25394335044959,28.49637
ATW_SUB_LNODEOND,34.10957291998536,-118.2540566495504,28.49637
AUBERRY_6_N001,37.06806099998665,-119.495719527536,26.62722
AUBERRY_6_N003,37.06806099998665,-119.495832472464,26.62722
AUBURN_6_N001,38.903397,-121.069921,29.9387
AUGUST_LNODEDR1,37.4182520696912,-120.831252690486,28.63177
AUGUST_LNODEDR3,37.4182452743243,-120.831131410372,28.63177
AUGUST_LNODEDR4,37.4182458785436,-120.830989786937,28.62588
AUGUST_LNODEDR5,37.4182557186304,-120.831363604619,28.63177
AVENA_1_N001,37.842208,-121.054122,29.41769
AVOCADO_6_N001,33.38466699998843,-117.23692330729693,30.10354
AVOCADO_6_N002,33.38466699998843,-117.23703069270306,30.10354
BAFOOD1_6_N001,36.33,-121.16,28.07544
BAHIA_2_N001,38.08095331088854,-122.13739126700075,29.70027
BAHIA_2_N011,38.08077268899996,-122.13739126728416,29.70027
BAILYJ1_1_N010,34.77604,-118.77504,29.59431
BAIR_1_N001,37.496937,-122.214157,30.79527
BAKER_1_N001,35.284771,-116.064256,29.1126
BALFOUR_6_N001,37.92596,-121.678546,29.77386
BANGOR_6_N001,39.388064,-121.402937,28.45516
BANGS_LNODEKGC,37.70469,-121.0418,28.76129
BANNING_1_N001,33.922289,-116.87283,29.22931
BANTA_6_N001,37.7528989999862,-121.35057581075783,29.72382
BARRETT_6_N001,32.667194,-116.700208,27.37677
BARRE_6_N001,33.80900298319592,-117.98332966316445,29.44419
BARRE_6_N002,33.80900298319592,-117.98354633683554,29.44419
BARRE_6_N003,33.80918301670945,-117.9835463370635,29.43241
BARRY_6_N001,39.069323,-121.690208,29.19987
BARTON_1_N001,36.76408490976673,-119.735935,27.68984
BARTON_1_N007,36.76400404510246,-119.73587672164825,27.68984
BARTON_1_N008,36.76400404510246,-119.73599327835174,27.68984
BASALT_6_N002,38.26328599998595,-122.26916657483297,30.09765
BASALT_6_N101,38.26328599998595,-122.26928142516702,30.09765
BATAVIA_6_N001,38.385820999985995,-121.77570654480984,29.14395
BATIQTOS_1_N001,33.1011727252775,-117.250399,30.19773
BATIQTOS_1_N008,33.101092137348985,-117.25034345864424,30.19773
BATIQTOS_1_N015,33.101092137348985,-117.25045454135577,30.19773
BAYMDWS_1_N001,37.55162541726735,-122.29307795256243,30.71285
BAYMDWS_1_N004,37.551444582623034,-122.29307795283914,30.71285
BAYMDWS_1_N008,37.551444582623034,-122.29330604716085,30.71285
BAYMDWS_1_N012,37.55162541726735,-122.29330604743757,30.71285
BAYSHOR1_1_N001,37.74603599998622,-122.40302381566526,30.80999
BAYSHOR2_1_N001,37.74603599998622,-122.40313818433472,30.80999
BAYWOOD_6_N001,35.360177,-120.811564,28.41689
BCN_PP_LNODESS1,35.25680070871138,-118.02736892630813,28.03718
BCN_PP_LNODESS2,35.256766720360744,-118.02726679027704,28.03718
BEARTAP_1_N001,35.38,-119.0,28.3698
BELLEF_7_CN10,39.776083,-122.10383,27.92827
BELLEF_7_CN11,39.77608299994151,-122.10371323062876,27.94004
BELLPGE_1_N001,38.947418999985814,-121.0911283822858,29.871
BELLPGE_1_N005,38.947418999985814,-121.0912436177142,29.871
BELLVUE_1_N001,38.379084046922976,-122.712022,30.1212
BELLVUE_1_N003,38.37900297652332,-122.711962292445,30.1212
BELLVUE_1_N005,38.37900297652332,-122.712081707555,30.1212
BELMONT_1_N001,37.52332024549896,-122.264967,30.82176
BELMONT_1_N006,37.52323887723573,-122.26490776711239,30.82176
BELMONT_1_N008,37.52323887723573,-122.26502623288762,30.82176
BELRIDGE_1_N001,35.455722,-119.631903,27.6604
BERESFRD_6_N001,37.565013999986284,-122.31923796388803,30.61866
BERESFRD_6_N002,37.565013999986284,-122.31935203611197,30.61866
BERNARDO_6_N001,33.021575,-117.096228,30.19479
BERNARDO_6_N002,33.021574999954524,-117.09612121988424,30.19479
BERNARDO_6_N009,33.02148546856512,-117.096228,30.19479
BERNARDO_6_N013,33.021574999954524,-117.09633478011577,30.19479
BERNARDO_6_N014,33.0216645314348,-117.096228,30.19479
BERNARDO_LNODEARDO,33.02157451,-117.0962277,27.7752
BERVLLY_6_N001,37.586478,-120.125088,28.99088
BIGBASN_6_N001,37.129545,-122.172132,30.10943
BIGCRK1_7_N001,37.20203293082091,-119.24090286336467,27.33662
BIGMDWS_6_N001,40.171215,-121.085128,28.21379
BIGRIVR_6_N001,39.311461,-123.786522,30.33019
BIOLA_6_N001,36.792525,-120.114116,27.50145
BIXLER_6_N001,37.9370142319286,-121.528389,29.49717
BKRSFLD_2_N001,35.388298999987455,-119.0044078374034,28.26383
BKRSFLD_2_N101,35.388298999987455,-119.0045181625966,28.26383
BLLEHVN_6_N001,37.4772652825887,-122.16793304841748,31.10434
BLLEHVN_6_N002,37.477186999945324,-122.16787609695427,31.10434
BLLEHVN_6_N004,37.477108717384,-122.1679330485368,31.10434
BLLEHVN_6_N006,37.477108717384,-122.1680469514632,31.10434
BLLEHVN_6_N007,37.477186999945324,-122.16810390304572,31.10434
BLUELKE_6_N001,40.88014,-123.980584,29.7356
BLUSTNPP_6_N003,38.575523,-121.497588,27.68984
BLYTHESC_1_N005,33.614957,-114.682935,28.34625
BNAVSTA_6_N001,36.653344,-121.62946,29.52661
BNAVSTA_6_N002,36.65334399994771,-121.62934811906177,29.52661
BNTACRB_6_N001,37.7528989999862,-121.35069018924217,30.74817
BOGARD_6_N001,40.586552,-121.093959,27.71044
BOGUE_1_N001,39.09613073444745,-121.623771,28.78778
BOGUE_1_N201,39.096050132760894,-121.62371103865068,28.78778
BOLINAS_6_N001,37.941119,-122.707332,30.23305
BOLLMAN_1_N003,38.04,-121.98,30.34785
BOLTHSE_1_N009,35.36215899998747,-118.92362184077258,12.91
BONITA_6_N001,36.967863,-120.20266,28.04895
BONNIEN_7_N001,39.214314999985774,-120.80917722077704,30.50975
BORDEN_2_N007,36.92227399998671,-119.98422371699712,27.80758
BORDER_6_N001,32.56633480869927,-116.944389,30.78794
BORDER_6_N008,32.566254095638485,-116.94433370647506,30.78794
BORONDA_6_N001,36.689983,-121.679239,29.29701
BOSWELL_6_N001,36.085115,-119.552823,25.96198
BOWLES_6_N001,36.605651,-119.773312,27.60448
BRDGVLT_7_N001,40.47956799998481,-123.78034162638289,27.9106
BREEZE_LNODEYT1,35.123880999987534,-118.37403687435777,27.94593
BREEZE_LNODEYT2,35.123880999987534,-118.37414712564222,27.94593
BRENTWOD_2_N001,37.91959423612686,-121.676423,29.56193
BRENTWOD_2_N006,37.91951288192155,-121.67636345967551,29.56193
BRENTWOD_2_N011,37.91951288192155,-121.67648254032449,29.56193
BRGSMR_LNODEGZB,37.66621999998627,-120.97704287657282,28.77306
BRGSMR_LNODETHU,37.66621999998627,-120.97715712342718,28.77306
BRITTN_1_N001,37.37433620668406,-122.015575,30.33902
BRITTN_1_N005,37.37425489664326,-122.01551592726007,30.33902
BRITTN_1_N006,37.37425489664326,-122.01563407273993,30.33902
BRKRSLG_1_N005,38.57552299994369,-121.49747300547165,29.58253
BROCKWAY_LNODE01,39.243063530935196,-120.02634939696748,30.09765
BROCKWAY_LNODE02,39.242884468950564,-120.02634939726258,30.09765
BROCKWAY_LNODE51,39.242884468950564,-120.02658060273741,30.09765
BROCKWAY_LNODE52,39.243063530935196,-120.02658060303253,30.09765
BRRNDAC_6_N001,35.658183,-120.040362,27.55738
BRUNSWCK_1_N003,39.23119771901711,-121.034946,30.64515
BRUNSWCK_1_N008,39.23111714047599,-121.03488594065819,30.64515
BRUNSWCK_1_N101,39.23111714047599,-121.03500605934181,28.85548
BRWNSVY_6_N001,39.226226,-121.422634,28.71125
BUELLTON_1_N001,34.625261999987686,-120.18631205143852,28.63471
BUELLTON_1_N003,34.625261999987686,-120.18642194856149,28.63471
BUENAVS1_7_B1,36.653254242119594,-121.62934811919219,28.21968
BUENAVS1_7_B3,36.65319077379855,-121.6294272308971,28.21968
BUENAVS1_7_B4,36.653175595551595,-121.62953750035395,28.21968
BUENAVS1_7_B5,36.65320668330105,-121.62964245619625,28.21968
BUENAVS1_7_B6,36.653272145363964,-121.6297190021347,28.21968
BUENAVS1_7_B7,36.65335697428145,-121.62975556706088,28.21968
BUENAVS2_7_B1,36.65344659805961,-121.62974945473616,28.18141
BUENAVS2_7_B3,36.653528699704175,-121.62970424026268,28.18141
BUENAVS2_7_B4,36.653594014575496,-121.62962749889522,28.18141
BUENAVS2_7_B5,36.653636508590544,-121.62952895027708,28.18141
BULLARD_1_N001,36.824388,-119.769224,27.88706
BULLARD_1_N004,36.824387999947184,-119.76911168846675,27.88706
BULLARD_1_N005,36.824298097276774,-119.769224,27.88706
BULLARD_1_N006,36.824387999947184,-119.76933631153325,27.88706
BURLNGME_1_N001,37.589627,-122.363434,30.61277
BUTTE_1_N010,39.7118129999855,-121.81325170045862,28.55818
BUTTE_1_N101,39.7118129999855,-121.81336829954137,28.55818
BWILLIAM_LNODEILLW,34.16145330172,-114.38177086852794,28.02835
B_6_N001,32.714377595830264,-117.16944251257752,30.50092
B_6_N003,32.714198404079745,-117.16944251279143,30.50092
B_6_N005,32.714198404079745,-117.16965548720856,30.50092
B_6_N007,32.714377595830264,-117.16965548742249,30.50092
CABRILLO_1_N001,32.70751759908557,-117.24492651689708,28.58467
CABRILLO_6_N001,32.70733840082447,-117.24492651711095,30.56567
CABRILLO_6_N004,32.70733840082447,-117.24513948288904,30.56567
CALAVE_1_N001,36.71900181109094,-119.76554095699167,27.38077
CALAVE_1_N002,36.718822188804005,-119.76554095725366,27.38077
CALAVE_1_N004,36.718822188804005,-119.76576504274634,27.38077
CALCMENT_7_N4,37.37,-120.64,28.32564
CALISTGA_6_N001,38.592664,-122.57862,30.84825
CALLENDR_1_N001,35.04,-120.6,28.45516
CALPELLA_1_N001,39.197538,-123.192135,29.85628
CALSUB_LNODEET,39.521219,-120.008761,28.89375
CAMDEN_6_N001,36.446258999987045,-119.79904229562648,27.35428
CAMDEN_6_N002,36.446258999987045,-119.79915370437352,27.35428
CAMERON_6_N001,32.65324599998863,-116.48807277404411,27.19427
CAMINO_2_N001,34.83,-114.99,28.06469
CAMPHORA_6_N001,36.46829799998704,-121.39017127220814,29.64435
CAMPHORA_6_N003,36.46829799998704,-121.39028272779186,29.64435
CANAL_6_N001,37.066368999986636,-120.8354215297125,27.83702
CANAL_6_N006,37.066368999986636,-120.8355344702875,27.83702
CANBY_BP_LNODEACW,41.444925999984385,-120.88087787131334,28.05189
CANBY_BP_LNODEVEC,41.444925999984385,-120.88099812868666,28.05189
CAN_SUB_LNODEONA,34.18955419166312,-118.592,28.49048
CAN_SUB_LNODEONB,34.189472904155366,-118.59194326369176,28.48459
CAN_SUB_LNODEONC,34.189472904155366,-118.59205673630824,28.48165
CAPAY_6_N001,39.775993256822886,-122.10383,28.64943
CARBONA_6_N003,37.69218399998622,-121.41818185598439,29.83862
CARBONA_6_N101,37.69218399998622,-121.4182961440156,29.83862
CARLOTTA_6_N001,40.541122999984744,-124.06382054930958,30.01818
CARLOTTA_6_N003,40.541122999984744,-124.06393945069041,30.01818
CARLTNHS_1_N001,32.85503754591703,-117.01185140348343,30.13003
CARLTNHS_1_N004,32.85485845399255,-117.01185140369861,30.13003
CARNATIO_6_N001,35.311332,-119.083574,28.54935
CARNERAS_6_N001,35.541055,-119.805238,26.96867
CAROLNDS_6_N001,37.55291899998627,-122.37633097506193,30.7835
CAROLNDS_6_N002,37.55291899998627,-122.37644502493806,30.7835
CARQUINZ_1_N001,38.09103799998602,-122.24848662968667,30.21245
CARQUINZ_1_N002,38.09103799998602,-122.24860137031332,30.21245
CARRIZO_1_N001,35.3805629695311,-120.040252,28.01363
CARRIZO_LNODEHILL,35.38048201522088,-120.04019467441788,27.82524
CARRIZO_LNODEZOT1,35.38048201522088,-120.04030932558213,27.78109
CARTWRT_1_N001,37.78999999998617,-122.24994278512781,30.54213
CARTWRT_1_N010,37.78999999998617,-122.25005721487219,30.54213
CARUTHRS_6_N001,36.531554,-119.882758,27.53972
CAR_SM_LNODENE1,38.642773175556165,-121.3294330286556,28.83487
CAR_SM_LNODENE2,38.64259349099788,-121.32943302894401,28.83487
CAR_SM_LNODENE3,38.64259349099788,-121.329663082168,28.83487
CAR_SM_LNODENE4,38.642773175556165,-121.3296630824564,28.83487
CASTLE_LNODEDR1,37.36195490350885,-120.56264978595905,28.5729
CASTLE_LNODEDR2,37.36187666885442,-120.5625929569803,28.5729
CASTLE_LNODEDR3,37.36179843428164,-120.56264978607754,28.56407
CASTLE_LNODEDR4,37.36179843428164,-120.56276344403506,28.56407
CASTLE_LNODEDR5,37.36187666885442,-120.5628202731323,28.5729
CASTLE_LNODEDR6,37.36195490350885,-120.56276344415355,28.5729
CASTROVL_2_N001,37.69127699998625,-122.06100285669102,30.18301
CASTROVL_2_N003,37.69127699998625,-122.06111714330898,30.18301
CASTROVL_2_N006,36.76278384840137,-121.73625384648868,30.18301
CAS_LA_LNODESMW,34.587237,-118.656638,28.42278
CAS_PP_LNODE1AUX,34.58734037344726,-118.65692220263387,28.42278
CAS_PP_LNODE2AUX,34.58742309555189,-118.65687780855163,28.42278
CAS_PP_LNODE3AUX,34.587488904018386,-118.65680245963806,28.42278
CAS_PP_LNODE4AUX,34.58753171916694,-118.65670569917606,28.42278
CAS_PP_LNODE5AUX,34.58754852361777,-118.65659776098718,28.42278
CAS_PP_LNODE6AUX,34.58753896054594,-118.65648852558515,28.42278
CATALYST_7_N001,37.33647699998642,-121.87909619952335,30.73051
CATLETT_6_N001,38.808811,-121.516115,29.03209
CAWELOB_6_N001,35.57097799998741,-119.11546380934058,28.42572
CAWELOC_1_N001,35.57097799998741,-119.11557419065942,28.31681
CAYUCOS_6_N001,35.44865399998744,-120.8703058292383,28.45516
CAYUCOS_6_N006,35.44865399998744,-120.8704161707617,28.45516
CCOSTA_2_N001,37.998693,-121.783314,29.70027
CCSUB_1_N001,38.03,-121.75,29.6885
CCSUB_2_N001,38.01999999998606,-121.75994265860079,29.67967
CCSUB_2_N010,38.01999999998606,-121.7600573413992,29.67967
CEDRCRK_6_N101,40.79116899998464,-121.93795172476342,28.31387
CENTERS_6_N001,33.928884073837764,-118.105463,29.36471
CENTERS_6_N200,33.9288029630683,-118.10551943910147,29.36471
CEN_SUB_LNODEONB,33.948054083699034,-118.255,28.49931
CEN_SUB_LNODEONC,33.94797295813763,-118.25494353789466,28.49637
CEN_SUB_LNODEOND,33.94797295813763,-118.25505646210534,28.49931
CERES_LNODEDR1,37.6088562120824,-120.956729570412,28.52286
CERES_LNODEDR3,37.6089710504,-120.956595705015,28.52286
CERES_LNODEDR4,37.6089019185376,-120.956592000755,28.5258
CERES_LNODEDR5,37.6087606610128,-120.956712881849,28.52286
CERES_LNODEDR7,37.6089324750351,-120.956712057352,28.5258
CERES_LNODEDR8,37.6090011903052,-120.956714357349,28.5258
CERTTEED_1_N001,37.059999999986665,-120.07994353791257,27.74282
CERTTEED_1_N002,37.059999999986665,-120.08005646208743,27.74282
CHALLNGE_6_N001,39.48543,-121.220509,28.42278
CHANNEL_6_N001,37.95526599998612,-121.33242068885451,28.97911
CHARKA_1_N001,35.608038,-119.325523,28.06956
CHCARITA_1_N001,32.9600895309367,-117.08989329478639,30.1212
CHCARITA_1_N004,32.95991046897258,-117.08989329500262,30.1212
CHCARITA_1_N008,32.95991046897258,-117.09010670499737,30.1212
CHC_LNODE31A,38.95999999998579,-120.89994237638588,27.78992
CHC_LNODE33A,38.95999999998579,-120.90005762361412,27.78992
CHEROKEE_6_N001,38.005513,-121.237769,29.26463
CHESTER_6_N001,40.304405,-121.224282,28.23439
CHICOA_6_N001,39.71879299998543,-121.82096169136352,28.56701
CHICOA_6_N010,39.71879299998543,-121.82107830863647,28.56701
CHICOB_1_N001,39.725493999985424,-121.84718768259572,28.46693
CHICOB_1_N002,39.725493999985424,-121.84730431740428,28.46693
CHINO_6_N007,33.998301818402325,-117.67886922357054,29.10274
CHINO_6_N008,33.998301818402325,-117.67908677642946,29.10274
CHLDHOSP_1_N001,36.87,-119.81,27.66923
CHOLLAS_6_N001,32.744058749573895,-117.046316,30.84739
CHOLLAS_6_N008,32.743978125200904,-117.04626065732346,30.84739
CHOLLAS_6_N009,32.743978125200904,-117.04637134267654,30.84739
CHSTN_1_N001,38.09,-120.3,27.36311
CHWCHLLA_1_N001,37.12073295026913,-120.25055224215674,27.71633
CHWCHLLA_1_N002,37.12073295026913,-120.25066975784326,27.71633
CIG_SM_LNODESS,38.44525,-121.461543055556,28.85842
CIMA_2_N101,35.2691,-115.49292,28.44752
CITYUKH_1_B1,39.14300254479826,-123.19181754359136,29.8916
CLAIRMNT_6_N008,32.825996732119705,-117.184096,30.86211
CLAMMNA_1_N001,37.807826,-121.276142,29.81802
CLARIBEL_LNODEGFP,37.71028,-120.9688,28.77895
CLARKRD_7_N001,39.6546447946953,-121.635292,27.53678
CLARMNT_1_N001,32.82591613392796,-117.18404062431202,30.40084
CLAUS_LNODEKSN,37.639389999986214,-120.91954289863075,28.77012
CLAUS_LNODESME,37.639389999986214,-120.91965710136925,28.77012
CLAYTN_1_N001,38.34245511038229,-120.93484110965764,30.09176
CLAYTN_1_N004,37.943825,-121.969415,30.09176
CLAYTN_1_N029,38.3422748895056,-120.93484110994348,30.09176
CLAYTN_1_N030,38.3422748895056,-120.93507089005652,30.09176
CLAY_6_N001,38.34245511038229,-120.93507089034236,28.9585
CLERLKE_6_N001,39.007954999985856,-122.89377935245265,29.79741
CLERLKE_6_N012,39.007954999985856,-122.89389464754734,29.79741
CLMBAHL_6_N001,39.331874,-121.101368,31.81962
CLOUGH_LNODEIYF,37.62761111,-120.9751667,28.75246
CLOUGH_LNODEYBR,37.62761110994497,-120.97505251712948,28.75246
CLOVIS_1_N001,36.826043942491545,-119.681281,27.38666
CLOVIS_1_N004,36.825963028740034,-119.68122263908639,27.42492
CLOVIS_1_N101,36.825963028740034,-119.68133936091361,27.38666
CLOVRDLE_1_N001,38.795757,-123.011412,29.34705
CLRKSVLE_1_N001,38.655559898770534,-121.060175,29.09391
CLRKSVLE_1_N003,38.655479050599546,-121.06011522698469,29.09391
CLRKSVLE_1_N004,38.655479050599546,-121.0602347730153,29.09391
CLSAJCT_6_N001,39.190857,-121.990506,28.8908
CLWTER_2_N003,35.39850993300358,-118.93957167203409,30.7364
CMPEVRS_1_N001,37.041635999986624,-122.02530956161661,30.55979
CMPEVRS_1_N002,37.041635999986624,-122.02542243838339,30.55979
CNTRYCB_6_N001,37.97966036733168,-121.31639835392943,29.47657
CNTRYCB_6_N002,37.979479632557,-121.31639835421177,29.47657
CNTRYCB_6_N004,37.979479632557,-121.31662764578823,29.47657
CNTRYCB_6_N006,37.97966036733168,-121.31662764607057,29.47657
COLLEG_LNODEDR1,37.6091056801805,-120.992876143573,28.63471
COLLEG_LNODEDR2,37.6091096218649,-120.992789582042,28.63471
COLLEG_LNODEDR5,37.6090266914486,-120.992698116343,28.63471
COLLEG_LNODER15,37.6090419641747,-120.993034819943,28.63471
COLNGA1_6_N001,36.13602399998719,-120.34444457141348,27.55738
COLNGA1_6_N002,36.13602399998719,-120.34455542858652,27.55738
COLNGA2_6_N001,36.236577,-120.315114,27.50145
COLONY_6_N001,38.190132,-121.181632,29.35294
COLUMBUS_1_N001,35.398330066896115,-118.93957167228022,28.37568
COLUMBUS_1_N003,35.398330066896115,-118.93979232771979,28.37568
COLUMBUS_1_N005,35.39850993300358,-118.9397923279659,28.37568
COLUSA_6_N001,39.213610999985775,-122.00296022131043,28.90258
COLUSA_6_N004,39.213610999985775,-122.00307577868956,28.90258
COLWATER_1_N001,34.86012489309556,-116.85312978164612,24.64862
COLWATER_1_N002,34.86012489309556,-116.85324421835388,24.64862
COMMONS_LNODEDR1,37.6091045275098,-120.992962913259,28.66709
COMMONS_LNODEDR3,37.5166183000533,-120.867554724081,28.67592
COMMONS_LNODEDR4,37.516699044633,-120.867555122205,28.66709
COMMONS_LNODEDR5,37.5164895041446,-120.867550987033,28.67592
COMMONS_LNODEDR7,37.5165532160667,-120.867553025577,28.67592
COMMONS_LNODEDR8,37.5008689404211,-120.913270146673,28.66709
CONCHO_1_N002,33.785845,-116.342689,29.15866
CONTADNA_1_N001,36.29,-119.71,26.9569
CONTROLX_1_N001,37.342839,-118.471988,-46.36287
CONTROL_7_N001,37.34291722503321,-118.47193119226046,-45.78374
COOPER_LNODEDR1,37.3189566034476,-120.5119493179366,28.56701
COOPER_LNODEDR2,37.31895660339336,-120.51183575699493,28.58173
COOPER_LNODEDR3,37.318866291449055,-120.51183575713138,28.55818
COOPER_LNODEDR4,37.318802431310424,-120.51191605677509,28.58173
COOPER_LNODEDR5,37.318787159360575,-120.51202798203006,28.55818
COOPER_LNODEDR6,37.31881843902539,-120.51213451388375,28.58173
COOPER_LNODEDR7,37.318884305211256,-120.51221220923813,28.58173
COOPER_LNODEDR8,37.318969657813994,-120.51224932323211,28.59056
COOPER_LNODEDR9,37.31905983488123,-120.51224311913526,28.59056
COOPER_LNODER14,37.31914244338007,-120.5121972257278,28.56701
COOPER_LNODER15,37.31920816147405,-120.51211933201114,28.56701
COOPER_LNODER16,37.31925091782716,-120.51201930357878,28.56701
COOPER_LNODER17,37.31926769919903,-120.51190771989396,28.56701
COPUS_6_N001,35.093593,-119.278466,26.15626
CORCORAN_1_N001,36.10957699998725,-119.55797958991954,25.90017
CORCORAN_1_N005,36.10957699998725,-119.55809041008045,25.90017
CORDELIA_6_N001,38.216066,-122.112082,30.09471
CORDPMP_6_N003,38.575433098781254,-121.497588,30.11826
CORNING_6_N004,39.93198099998522,-122.18732639815484,29.0733
CORNING_6_N006,39.93198099998522,-122.18744360184516,29.0733
CORONADO_6_N001,32.698823762005226,-117.173249,30.52152
CORONADO_6_N002,32.69874311898509,-117.17319367259638,30.52152
CORONA_1_N001,32.69874311898509,-117.17330432740361,30.00935
CORRAL_6_N001,38.1014979999861,-120.92635462577833,28.71713
CORRAL_6_N003,38.1014979999861,-120.92646937422167,28.71713
CORSGOLD_1_N001,37.22751499998653,-119.69108432761332,27.54266
CORSGOLD_1_N003,37.22751499998653,-119.69119767238668,27.54266
CORTEZ_LNODEDR1,37.5005587104299,-120.913235680039,28.59645
CORTEZ_LNODEDR3,37.5007571927422,-120.913267914805,28.59351
CORTEZ_LNODEDR5,37.5006522266335,-120.913263660994,28.59645
CORTEZ_LNODEDR6,37.5008124927682,-120.913424010622,28.59645
CORTEZ_LNODEDR7,37.5007095209272,-120.913352769965,28.59351
CORTINA_1_N106,39.121407,-122.224176,28.85548
COR_LNODENE1,38.55393333331922,-121.20798139654603,28.84959
COR_LNODENE3,38.55393333331922,-121.20809638123197,28.84959
COTATI_6_N101,38.30970399998603,-122.73153156284509,30.67753
COTATI_6_N102,38.30970399998603,-122.73164643715491,30.67753
COTTLEA_2_N001,37.772676259234935,-120.825545,28.72302
COTTLE_7_N001,37.77259487036768,-120.82548555286246,28.72596
COTWDPGE_1_N001,34.38040399998781,-116.87675022716886,28.32564
COVELO6_6_N001,39.78628299998532,-123.24850460152904,30.61277
CPLECEF_1_N001,37.25999999998651,-121.63994328855216,30.76878
CPLECEF_1_N005,37.25999999998651,-121.64005671144784,30.76878
CPP_LNODESS1,38.3383555554995,-121.12458988828622,28.85548
CPP_LNODESS2,38.33844566948052,-121.124475,28.85548
CRABTREE_LNODENK1,37.64506,-120.60683,28.74657
CRCANAL_6_N001,40.1384740349693,-122.208547,29.07919
CREELMAN_6_N001,33.01815871873613,-116.853026,29.33091
CREELMAN_6_N004,33.01807814061963,-116.85297051775382,29.33091
CREELMAN_6_N014,33.01807814061963,-116.85308148224618,29.33091
CRESSEY_1_N001,37.42852799998634,-120.6386900986629,28.31093
CRESTWD_6_N001,32.699023999988746,-116.35373376108788,26.98234
CROWLNDG_LNODEDR1,37.4627004272953,-120.740076630976,28.53169
CROWLNDG_LNODEDR3,37.462786962981,-120.740080933369,28.52875
CROWLNDG_LNODEDR4,37.462613876709,-120.740078364387,28.52875
CROWLNDG_LNODEDR5,37.4625421344261,-120.740074305354,28.52875
CROWLNDG_LNODEDR7,37.4627827502437,-120.740270351347,28.53169
CRUSHER_6_N001,37.021645,-122.154383,30.18301
CRWSLDG_6_N001,37.377307,-121.085672,28.99971
CRYSTLSG_6_N001,37.528913,-122.361067,30.48914
CSG_LNODESS,38.51068967879612,-121.47509029333828,28.84665
CSTRVLLE_1_N001,36.762604151493385,-121.73625384675147,28.82016
CURTIS1_7_N001,37.974949221777045,-120.320668,26.79795
CURTISS_1_N101,37.974867889096444,-120.32072756943327,26.78323
CYMRIC_1_N001,35.31,-119.63,28.05189
DAIRYLND_1_N001,37.055221,-120.317015,27.36899
DALYCTY_1_N001,37.69180126214444,-122.455704,30.93656
DALYCTY_1_N005,37.69171986891291,-122.45564461457239,30.93656
DANISHCM_1_N001,36.71900181109094,-119.76576504300833,27.37488
DAVIS_1_N001,39.06008956957949,-121.70988464738468,29.60314
DAVIS_1_N007,39.05991043030674,-121.70988464767737,29.60314
DAVIS_1_N012,39.05991043030674,-121.71011535232263,29.60314
DECPTSG_2_N001,38.05999999998602,-121.86994264179833,30.08293
DECPTSG_2_N018,38.05999999998602,-121.87005735820168,30.08293
DEEPWATR_1_N101,38.55162999998592,-121.56020750817653,29.5531
DEEPWATR_1_N104,38.55162999998592,-121.56032249182347,29.5531
DELAMO_2_N001,33.84836303124857,-118.096994,29.40003
DELAMO_2_N014,33.84828198436281,-118.09693765855927,29.40003
DELAMO_2_N022,33.84828198436281,-118.09705034144073,29.40003
DELMAR_6_N001,38.7988788301003,-121.220655,30.4185
DELMAR_6_N001A,38.798798084934575,-121.22059518327069,29.11157
DELMAR_6_N005,38.798798084934575,-121.22071481672931,29.11157
DELMAR_6_N010,32.980789999988666,-117.25535963525417,30.4185
DELMAR_6_N011,32.980789999988666,-117.25546636474583,30.4185
DELMNTE_1_N010,36.599053999987,-121.8539621246086,29.12334
DELMNTE_1_N201,36.599053999987,-121.85407387539139,29.12334
DESCANSO_6_N001,32.86524,-116.633752,27.34439
DEVLDNPP_6_N003,35.774930999987355,-119.97393475743563,27.66335
DEVLSDN_6_N001,35.774930999987355,-119.97404524256437,27.62214
DFS_1_N001,36.72,-120.6,27.29835
DIABLO1_7_N001,35.215922999950024,-120.84743471985068,27.58682
DIABLO2_7_N001,35.215922999950024,-120.84765528014933,27.58387
DIABLOCN_2_N001,35.21601309719158,-120.847545,28.12548
DINUBAE_7_N001,36.56893330486095,-119.41841731957626,27.47496
DINUBA_6_N001,36.56893330486095,-119.41864068042374,27.50145
DINUBA_6_N005,36.56911269503489,-119.41864068068313,27.50145
DIRYVLLE_6_N001,40.12799,-122.097838,28.77306
DIVISION_6_N001,32.6815959999886,-117.12003376624276,30.47442
DIVISION_6_N009,32.6815959999886,-117.12014023375725,30.47442
DIXON-J1_6_N101,38.44545401121386,-121.826237,29.22048
DIXONLD_1_N001,37.457825231051295,-121.921353,30.52741
DIXONLD_1_N002,37.457743884459624,-121.92129383478914,30.52741
DIXONLD_1_N008,37.457743884459624,-121.92141216521087,30.53035
DIXON_6_B1,38.445372994377905,-121.8261772770627,29.22342
DIXON_6_N002,38.445372994377905,-121.8262967229373,29.22342
DMNDSPR_1_N001,38.69304699998593,-120.82566347343,29.08802
DMNDSPR_1_N003,38.69304699998593,-120.82577852656999,29.08802
DOBBINS_6_N001,39.339604,-121.197378,28.42278
DOLANRD_1_N001,36.800296,-121.769123,28.78189
DOMTAR_1_N001,38.13,-121.65,29.69144
DONNER_LNODE07,39.327305,-120.281812,30.3037
DONPEDRO_LNODENSS,37.6962503274167,-120.4206077500803,28.48754
DOSPALS_6_N001,36.97484,-120.635012,27.31601
DUKMOSS1_7_N001,36.85999999998676,-121.76005620188538,28.65532
DUKMOSS2_7_N001,36.84999999994714,-121.75988762218331,28.65532
DUKMOSS3_7_N001,36.84999999994714,-121.76011237781668,28.65532
DUKMOSS3_7_N002,36.85008992566386,-121.76,28.65532
DUKMOSS4_7_N001,36.84999999994714,-121.71988762218332,28.6406
DUKMOSS5_7_N001,36.83999999998681,-121.72005617595099,28.6406
DUKMOSS6_7_N001,36.84999999994714,-121.72011237781669,28.6406
DUKMOSS6_7_N002,36.85008992566386,-121.72,28.6406
DUMBARTN_1_N001,37.557155251259346,-122.057606,30.65692
DUMBARTN_1_N003,37.55707387435557,-122.05754673393427,30.65692
DUMBARTN_1_N011,37.55707387435557,-122.05766526606573,30.65692
DUNBAR_6_N001,38.38322299998598,-122.52777754540057,30.15947
DUNBAR_6_N002,38.38322299998598,-122.52789245459942,30.15947
DUNHILL_6_N001,32.901543,-117.229958,30.43321
DUNLAP_6_N001,36.64502999998689,-119.15909106962141,27.5927
DUNNIGAN_6_N001,38.924808,-121.989951,29.22342
DUNNSIDE_1_N001,35.03321,-116.467335,28.42351
EAGLEMTN_2_N001,33.82005401596653,-115.44,28.06661
EAGLEMTN_2_N002,33.8199729920039,-115.43994369314599,28.06661
EAGLROCK_2_N001,38.8293359999859,-122.81077743066047,28.8025
EAGLROCK_2_N012,38.8293359999859,-122.81089256933953,28.8025
EASTGATE_6_N101,32.88493613808494,-117.20083859603457,30.46559
EASTGATE_6_N201,32.88493613808494,-117.20094940396542,30.46559
EBMUDGRY_1_N001,37.93,-122.04,30.236
ECY_LNODE101,38.55445658675582,-121.43093112608555,28.84665
ECY_LNODE102,38.55427674646514,-121.4309311263732,28.84665
ECY_LNODE103,38.55427674646514,-121.43116109584881,28.84665
ECY_LNODE104,38.55445658675582,-121.43116109613645,28.84665
EDENVALE_1_N001,37.24503626216962,-121.7958386130011,29.62374
EDENVALE_1_N004,37.24485573772219,-121.79583861327271,29.62374
EDENVALE_1_N006,37.24485573772219,-121.79606538672729,29.62374
EDENVALE_1_N008,37.24503626216962,-121.7960653869989,29.62374
EDES_1_N001,37.738786999986225,-122.19371982090533,31.31922
EDES_1_N003,37.738786999986225,-122.19383417909467,31.32216
EDMON1AP_7_N001,34.986313,-118.738787,28.31093
EDMON2AP_7_N001,34.986312999950265,-118.73867680688261,28.31093
EDMON3AP_7_N001,34.98622271993701,-118.73867680700413,28.31093
EDMON3AP_7_N002,34.98615888237297,-118.73875472524391,28.31093
EDMON4AP_7_N001,34.98614361582445,-118.738863331203,28.31093
EDMON4AP_7_N002,34.98617488443967,-118.73896670370384,28.31093
EDMON5AP_7_N001,34.98624072734969,-118.73904209487607,28.31093
EDMON5AP_7_N002,34.986326049781965,-118.73907810817316,28.31093
EDMON6AP_7_N001,34.986416194964555,-118.73907208804029,28.31093
EDMON6AP_7_N002,34.98649877424742,-118.73902755565565,28.31093
EDMON7AP_7_N001,34.98656446909455,-118.73895197200041,28.31093
EDMON7AP_7_N002,34.98660721032227,-118.7388549100885,28.31093
EDMON8AP_7_N001,34.98662398575978,-118.738746635625,28.31093
EDMON8AP_7_N002,34.986614439197844,-118.738637059907,28.31093
EDWARDS_1_N001,34.991871,-117.890005,23.87153
EELRIVR_6_N001,40.602658,-124.210199,30.37729
EIGHTMI_2_N017,38.058077,-121.375292,29.34116
EISENHOW_1_N001,33.830599,-116.497612,28.86431
EISEN_6_N001,35.35714,-118.97131,28.3698
ELCAJNGT_7_N001,32.795346131065216,-116.97233863745876,34.76649
ELCAJNGT_7_N004,32.795346131065216,-116.97244936254124,34.79298
ELCAPTN_1_N001,37.335801999986415,-120.50517320028958,28.25205
ELCAPTN_1_N004,37.335801999986415,-120.50528679971042,28.25205
ELCAPTN_1_N005,37.365512,-120.578993,28.25205
ELCRRTO_1_N001,37.91620499998609,-122.30313670905946,30.42144
ELCRRTO_1_N023,37.91620499998609,-122.30325129094054,30.42144
ELKCREEK_6_N001,39.12957472883464,-123.711777,29.51189
ELKHIL1G_7_N001,35.22604999998747,-119.37772885850012,28.09605
ELKHIL2G_7_N001,35.22604999998747,-119.37783914149988,28.09605
ELK_6_N001,39.1294941355673,-123.71183698354646,30.236
ELK_SM_LNODENE2,38.37273738362879,-121.354256944444,28.85548
ELK_SM_LNODENE7,38.372656308170484,-121.35419723840097,28.85842
ELK_SM_LNODENE8,38.372656308170484,-121.35431665048702,28.85842
ELLIOTT_6_N001,32.81585999998874,-117.08840071898302,30.30664
ELLIOTT_6_N004,32.81585999998874,-117.08850728101697,30.30664
ELLIS_6_N001,37.716505,-121.548766,29.79152
ELLIS_6_N105,33.685126,-117.943596,29.79152
ELLSGTY_1_N001,33.685294,-117.943088,29.15572
ELNIDO_1_N004,37.12061299998659,-120.47270746040512,27.92532
ELNIDO_2_N001,37.12061299998659,-120.47282053959488,29.5737
ELNIDO_2_N012,33.89624399998809,-118.37271472929694,29.5737
ELNIDO_7_N001,33.89624399998809,-118.37282327070305,27.92532
ELPATIO_1_N001,37.29223717683988,-121.935913,30.71285
ELPATIO_1_N006,37.29215591156547,-121.93585402427247,30.71285
ELPATIO_1_N015,37.29215591156547,-121.93597197572753,30.71285
ELV_LNODENE1,38.71426666661026,-121.47683299057677,28.82016
ELV_LNODENE2,38.71418891290697,-121.47689052312896,28.82016
ELV_LNODENE3,38.71418891290697,-121.47700558798303,28.82016
ELV_LNODENE4,38.71426666661026,-121.47706312053523,28.82016
ELV_LNODENE5,38.71434442039811,-121.4770055881082,28.82016
ELV_LNODENE6,38.71434442039811,-121.4768905230038,28.82016
EMBRCDR_2_N001,37.780090430972514,-122.37988558363396,30.78938
EMBRCDR_2_N008,37.77990956891692,-122.37988558391392,30.78938
EMBRCDR_2_N101,37.77990956891692,-122.38011441608609,30.78938
EMBRCDR_2_N104,37.780090430972514,-122.38011441636604,30.78938
EMRLDLE_6_N001,37.462178,-122.277933,30.36551
EMRYSVE_1_N001,39.163430999985756,-121.56151425780503,28.72596
EMRYSVE_1_N003,39.163430999985756,-121.56162974219497,28.72596
ENCINAL_6_N001,39.247383,-121.637248,29.00266
ENCINA_1_N001,33.13699513479889,-117.33531843066032,30.16241
ENCINA_1_N049,33.13699513479889,-117.33542956933968,30.16241
ENCNITAS_6_N001,33.05068472041646,-117.285325,30.45088
ENCNITAS_6_N004,33.05060413977941,-117.28526949553299,30.45088
ENCNITAS_6_N011,33.05060413977941,-117.285380504467,30.45088
ENSLEN_LNODEHKQ,37.65224426097517,-121.0013,28.77306
ENSLEN_LNODELOU,37.65216286949752,-121.00124064749899,28.77306
ENSLEN_LNODEWFN,37.65216286949752,-121.00135935250101,28.77306
ERTA_6_N001,36.930594,-121.763827,30.31842
ESCNDIDO_6_N001,33.12543545233769,-117.116857,30.17124
ESCNDIDO_6_N046,33.12552499995441,-117.11696392572938,30.17124
ESCNDIDO_6_N053,33.12561454766245,-117.116857,30.17124
ESCO_6_N001,33.115770727187964,-117.089119,30.24188
ESCO_6_N004,33.11569013639368,-117.08906344744015,30.24188
ESQUON_6_N001,39.607876,-121.768445,28.57584
ESTGRND_1_N001,37.653951261060854,-122.403031,30.92184
ESTGRND_1_N005,37.65386986945481,-122.402971646041,30.92184
ESTGRND_1_N009,37.65386986945481,-122.403090353959,30.92184
ESTPRTL_1_N001,37.876677,-122.186415,30.33902
ESTQNCY_6_N001,39.938128,-120.910322,27.9371
ETIWANDA_6_N001,34.0883812512724,-117.5255740237224,28.91141
ETIWANDA_6_N003,34.08814499998799,-117.52552751207779,28.93496
EUREKAA_6_N001,40.793883999984665,-124.18290627263764,29.62963
EUREKA_6_N001,40.793883999984665,-124.18302572736236,29.61786
EVRGREEN_1_N001,37.303338999986465,-121.8408102375639,30.54507
EVRGREEN_1_N019,37.303338999986465,-121.84092376243609,30.54507
EXXONBH_7_N001,38.08095331088854,-122.13762073299924,29.71794
FAIRGRND_LNODEDR1,37.5006945896515,-120.867048786933,28.64649
FAIRGRND_LNODEDR3,37.5005735349484,-120.866718665766,28.64943
FAIRGRND_LNODEDR4,37.5005721589657,-120.866803820595,28.64943
FAIRGRND_LNODEDR5,37.5005181954718,-120.867051337755,28.64649
FAIRGRND_LNODEDR7,37.5005718981617,-120.866887330714,28.64943
FAIRGRND_LNODEDR8,37.5005716373084,-120.866970837622,28.64649
FAIRHAVN_6_N001,40.80028,-124.195714,29.59136
FAIRWAY_1_N001,34.91059499998762,-120.44635292480474,28.55524
FAIRWAY_1_N002,34.91059499998762,-120.44646307519525,28.55524
FAMOSO_1_N001,35.60500099998741,-119.20248280260235,28.22851
FARREL_1_N001,33.85654399998807,-116.49686777574072,28.6877
FARREL_1_N002,33.85654399998807,-116.49697622425927,28.6877
FAR_SUB_LNODEONA,34.03809021316632,-118.37089113436087,28.49342
FAR_SUB_LNODEONB,34.0379097867377,-118.37089113459244,28.49342
FAR_SUB_LNODEONC,34.0379097867377,-118.37110886540755,28.49342
FAR_SUB_LNODEOND,34.03809021316632,-118.37110886563912,28.49342
FELICITA_6_N001,33.093263724336374,-117.073637,30.23011
FELICITA_6_N005,33.09318313781945,-117.07358146461416,30.23011
FELICITA_6_N009,33.09318313781945,-117.07369253538583,30.23011
FELLOWSG_7_N001,35.195188999987465,-119.58505586292793,27.97536
FIGARDN_2_N001,36.8220309999868,-119.85852484727552,27.76048
FIGARDN_2_N101,36.8220309999868,-119.85863715272448,27.7546
FINNEY_LNODESNV,37.627520677678156,-120.9751667,28.77306
FIREBAGH_6_N001,36.850688,-120.466577,27.67807
FIREHOUS_LNODEBUSH,34.8569,-114.6245,27.93121
FIY_LNODE0LD,38.762778,-121.356944,28.82604
FLINT_1_N001,38.88530299998586,-121.06669540924167,29.73854
FMC_1_N001,37.347699999986396,-121.92219018683774,30.89241
FMC_1_N003,37.347699999986396,-121.92230381316226,30.89241
FOOTHILL_1_N001,35.27,-120.7,28.15492
FORSTHL_6_N001,39.01927,-120.830271,30.48031
FORTORD_6_N001,36.643363,-121.792138,29.21753
FORTRSS_6_N001,38.539559,-123.223713,30.72168
FOSTERW_7_N001,38.02007534657929,-122.06127131707333,30.14475
FRANKLIN_6_N003,38.012317,-122.264655,30.59805
FRA_SM_LNODENE1,38.38101134187077,-121.4768906014164,28.85842
FRA_SM_LNODENE2,38.380933333277234,-121.47683314740071,28.85842
FRA_SM_LNODENE3,38.38085532476781,-121.47689060154032,28.85842
FRA_SM_LNODENE4,38.38085532476781,-121.47700550957168,28.85842
FRA_SM_LNODENE5,38.380933333277234,-121.47706296371129,28.85842
FRA_SM_LNODENE6,38.38101134187077,-121.4770055096956,28.85842
FREDONIA_LNODELD,34.1733,-114.574,27.80464
FREMNT_1_N001,37.54118124868743,-121.962063,30.41261
FREMNT_1_N007,37.54109987564155,-121.96200374944321,30.41261
FREMNT_1_N013,37.54109987564155,-121.96212225055679,30.41261
FRIARS_1_N001,32.77904499998872,-117.15675673371696,30.27426
FRIARS_1_N009,32.77904499998872,-117.15686326628304,30.27426
FRNCHGLH_6_N001,40.68692,-122.641204,28.49048
FROGTOWN_7_N001,38.056504,-120.53381,28.05778
FRTSWRD_6_N001,40.21377199998503,-123.59658599020719,30.38317
FRUITLND_6_N001,40.28584,-123.837372,30.13297
FRUITVLE_6_N001,35.376774999987504,-119.0924868388967,28.32859
FRUITVLE_6_N101,35.376774999987504,-119.09259716110328,28.32859
FSTREET_LNODEDR1,37.4895796064313,-120.838424090027,28.64355
FSTREET_LNODEDR3,37.4896984214952,-120.838270217479,28.6406
FSTREET_LNODEDR4,37.4896152090171,-120.838173674241,28.6406
FSTREET_LNODEDR5,37.4894938869083,-120.83833925837,28.64355
FTCHMTN_6_N001,38.60608399998592,-122.85282549557644,30.5745
FTCHMTN_6_N003,38.60608399998592,-122.85294050442356,30.5745
FTL_LNODENE1,38.69308721315885,-121.348651111111,28.82899
FTL_LNODENE2,38.693006393405355,-121.34859132777218,28.82899
FTL_LNODENE3,38.693006393405355,-121.34871089444981,28.82899
FULTON_2_N010,38.49657200829278,-122.75943026543568,29.84451
FULTON_2_N049,38.49657200829278,-122.75954973456432,29.84451
F_6_N001,32.75497274686537,-117.126027,30.91358
F_6_N002,32.75489212655523,-117.12597165333155,30.91358
F_6_N005,32.75489212655523,-117.12608234666845,30.91358
GABILAN_6_N001,36.731511,-121.61325,29.82096
GALE_1_N001,34.85946599998758,-116.86535894183864,24.65745
GANSNER_6_N101,39.939187,-120.948157,28.35802
GANSO_1_N001,35.501698,-119.449132,27.99891
GARCIA_6_N001,38.88879,-123.550318,31.3516
GAREY_1_N002,34.98,-120.26,28.53463
GARFIELD_6_N001,32.795125,-116.996848,33.75895
GARNET_7_N001,33.93858299995228,-116.57633536031197,28.60822
GEER_LNODEDR1,37.52250334748,-120.843709746797,28.61117
GEER_LNODEDR2,37.5224993081714,-120.843588348711,28.60822
GEER_LNODEDR3,37.5224318250334,-120.843496861832,28.60822
GEER_LNODEDR4,37.5224297824039,-120.843426269924,28.60822
GEER_LNODEDR5,37.5224263420376,-120.843557323915,28.61117
GEER_LNODEDR7,37.5224225565731,-120.843630755159,28.61117
GEER_LNODEDR8,37.522425898329,-120.843709042834,28.61117
GENESEE_6_N001,32.87974054062765,-117.2133823800825,30.5068
GENESEE_6_N005,32.87956145928191,-117.21338238029792,30.5068
GENESEE_6_N011,32.87956145928191,-117.21359561970208,30.5068
GENESEE_6_N015,32.87974054062765,-117.2135956199175,30.5068
GENE_2_N001,34.3,-114.23,28.1615
GERBER_6_N101,40.064207,-122.156114,28.65238
GEYSR5-6_7_N001,38.777006613720275,-122.74238837921152,28.92612
GIFFEN_6_N001,36.545076,-120.334519,24.9759
GILROYF_1_N001,37.14,-121.58,30.0064
GILSTRAP_LNODEDR1,37.5800948624588,-120.975549487551,28.53169
GILSTRAP_LNODEDR3,37.5801662132492,-120.9757670064,28.53463
GILSTRAP_LNODEDR5,37.5799830759229,-120.975550499689,28.53169
GILSTRAP_LNODEDR7,37.58017229934,-120.975552395649,28.53169
GILSTRAP_LNODEDR8,37.5801700030066,-120.975645212521,28.53463
GILSTRAP_LNODER17,37.5801611951015,-120.976018315921,28.53463
GIRVAN_6_N001,40.51347,-122.378916,28.59939
GLENCLIF_6_N001,32.798367,-116.498315,27.19722
GLENSHIR_LNODERE,39.352238,-120.08626,30.17418
GLENWOOD_6_N001,37.45733023092607,-122.186967,30.95128
GLENWOOD_6_N004,37.457248884522265,-122.18690783531744,30.95128
GLENWOOD_6_N005,37.457248884522265,-122.18702616468256,30.95128
GLRYCGG1_7_N001,37.12999999998655,-121.5600565514771,30.02112
GOLDTREE_1_N001,35.32012199998752,-120.69284284611503,28.17258
GOLDTREE_1_N002,35.32012199998752,-120.69295315388497,28.17258
GOLETA_6_N200,34.46880142976412,-119.88445868708224,29.79447
GONZALES_6_N001,36.50885299998702,-121.44685522795733,30.00052
GONZALES_6_N003,36.50885299998702,-121.44696677204267,30.00052
GORMAN_6_N001,34.8014,-118.818908,28.53463
GOSELKE_1_N001,35.601596,-119.579654,27.53678
GOULD_2_N001,34.22145799998786,-118.18701737338756,29.00854
GOULD_2_N007,34.22145799998786,-118.18712662661244,29.00854
GRANDIS_1_N004,38.23108199998597,-121.59029758372996,29.26169
GRANDIS_1_N009,38.23108199998597,-121.59041241627003,29.26169
GRANITE_6_N001,32.804473,-116.92086,34.4221
GRANITE_6_N007,32.804472999954854,-116.9207534473782,34.4221
GRANITE_6_N008,32.80438343993102,-116.92086,34.4221
GRANITE_6_N009,32.804472999954854,-116.92096655262179,34.43976
GRANTRK_6_N001,37.67099326174171,-122.160116,29.75915
GRANT_1_N001,37.67091186911436,-122.16005663166834,30.81587
GRANT_1_N005,37.67091186911436,-122.16017536833166,30.81587
GRBRVLLE_6_N001,40.10263,-123.792873,30.73346
GRDNEAST_1_N101,36.47999999998696,-119.60994425959105,27.14234
GRDNEAST_1_N102,36.47999999998696,-119.61005574040897,27.14234
GRDNWEST_1_N001,36.59,-119.57,27.16295
GREENBRE_6_N001,37.93780399998614,-122.51415869769995,30.59511
GREENBRE_6_N003,37.93780399998614,-122.51427330230004,30.59511
GRIMWAY_1_N001,35.27,-118.87,28.12843
GRNTHLL_1_N001,32.80456256006898,-116.92086,30.21539
GRNVALY_1_N001,36.952139010813255,-121.76018,30.19184
GRNVALY_1_N011,36.95205799457908,-121.76012146857028,30.19184
GRSSVLY_6_N101,39.209514,-121.061004,31.42813
GRYSFLT_6_N001,40.021612,-121.065532,28.35508
GUALALA_6_N001,38.786699,-123.522777,31.30744
GUSTINE_6_N001,37.253223999986524,-121.01302629664288,-21.0
GUSTINE_6_N002,37.253223999986524,-121.01313970335713,-21.0
GYSRVLLE_6_N001,38.70981887157317,-122.907957,30.64809
GYSRVLLE_6_N003,38.70973806419826,-122.90789721183104,30.64809
HALSEYF_7_N001,38.90131699998584,-121.08772559737287,30.20362
HAL_SUB_LNODEON1,33.84769999998815,-118.30334578612137,28.49637
HAL_SUB_LNODEONA,33.84769999998815,-118.30345421387864,28.49931
HAMILTON_6_N001,39.746242,-122.011361,28.66709
HAMMER_6_N001,38.02138220754234,-121.320367,29.60314
HAMMER_6_N003,38.02130089621381,-121.32030740848892,29.60314
HAMMER_6_N004,38.02130089621381,-121.32042659151108,29.60314
HAMMONDS_1_N001,36.72011,-120.603287,27.26891
HARBORG_7_N101,33.770089981295506,-118.25010824500784,29.46185
HARDING_6_N001,37.96379937479765,-121.2904483692276,29.54721
HARDING_6_N004,37.96361862509118,-121.29044836950978,29.54721
HARDWICK_6_N001,36.404261,-119.68624,27.06875
HARRIS_6_N001,40.78104299998464,-124.13194328500423,29.53249
HARRIS_6_N003,40.78104299998464,-124.13206271499577,29.53249
HARTER_6_N001,39.14325399998575,-121.6480072716394,29.14395
HARTER_6_N003,39.14325399998575,-121.6481227283606,29.14395
HARTLEY_6_N001,39.077268,-122.932322,29.86806
HAR_GS_LNODE10AUX,33.77070285420546,-118.26588005129787,28.49637
HAR_GS_LNODE11AUX,33.770785160786886,-118.2658363056699,28.49637
HAR_GS_LNODE12AUX,33.77085063868779,-118.26576205737284,28.49637
HAR_GS_LNODE13AUX,33.770893238769126,-118.26566671029164,28.49637
HAR_GS_LNODE14AUX,33.77090995880947,-118.26556034876025,28.49637
HAR_GS_LNODE1AUX,33.770900443776654,-118.26545270896402,28.49637
HAR_GS_LNODE2AUX,33.770866485380765,-118.26535246672638,28.49637
HAR_GS_LNODE5AUX,33.77081149182394,-118.26526678898045,28.49637
HAR_SUB_LNODEONA,33.77073997374512,-118.26520109800133,28.49637
HAR_SUB_LNODEONB,33.77065707494083,-118.26515900180253,28.49637
HAR_SUB_LNODEONC,33.77056816417163,-118.26514234955444,28.49637
HATTON_6_N001,36.55679,-121.897162,29.27052
HAWKINS_LNODEDR1,37.5799617816957,-120.645598336747,28.57584
HAWKINS_LNODEDR3,37.5799481743814,-120.645311774451,28.56996
HAWKINS_LNODEDR5,37.5798175544824,-120.645562968772,28.57584
HAWKINS_LNODEDR7,37.5799502934699,-120.645479899093,28.56996
HAY_GS_LNODE10AUX,33.765034221459466,-118.09919670179296,28.49342
HAY_GS_LNODE12AUX,33.76505094051277,-118.09909035381168,28.49342
HAY_GS_LNODE14AUX,33.765041426041684,-118.09898272772843,28.49342
HAY_GS_LNODE15AUX,33.7650074696504,-118.0988824982613,28.49342
HAY_GS_LNODE9AUX,33.7649524793399,-118.09879683143038,28.49342
HAY_LNODESS1,33.76488096548275,-118.09873114881994,28.49342
HAY_LNODESS2,33.76479807157197,-118.09868905798392,28.49342
HED_LNODENE1,38.50998333333333,-121.355746944444,28.85254
HED_LNODENE2,38.50998333327719,-121.35563197930773,28.85254
HED_LNODENE3,38.50989337309517,-121.35563197945136,28.85254
HED_LNODENE4,38.50982976169183,-121.355713272007,28.85254
HED_LNODENE5,38.50981454922492,-121.35582658122124,28.85254
HED_LNODENE6,38.509845707051696,-121.35593443034743,28.85254
HED_LNODENE7,38.509911316684935,-121.35601308641768,28.85254
HED_LNODENE8,38.50999633683837,-121.3560506593429,28.85254
HENRITTA_6_N101,36.24160599998715,-119.9029965105001,27.25125
HERDLYN_6_N001,37.816383,-121.586176,28.85254
HERSHEY_LNODESLL,37.75083,-120.8453,28.72891
HERSHEY_LNODEXF1,37.7508299999447,-120.8451856244636,28.72891
HERSHEY_LNODEXF2,37.75073956547022,-120.8453,28.72891
HERSHEY_LNODEXF3,37.7508299999447,-120.84541437553641,28.72891
HERSHEY_LNODEXF4,37.750920434529704,-120.8453,28.72891
HICKS_2_N001,37.234159254320986,-121.90015163922017,29.63257
HICKS_2_N002,37.23397874557105,-121.9001516394916,29.63257
HICKS_2_N007,37.23397874557105,-121.90037836050841,29.63257
HIDESERT_2_N001,34.145263999987954,-116.18586145110677,22.74625
HIDESERT_2_N018,34.145263999987954,-116.18597054889322,22.74625
HIGGINS_1_N001,39.043590575891166,-121.09071766620363,33.03
HIGGINS_1_N002,39.04341142399536,-121.0907176664961,33.03
HIGGINS_1_N004,39.04341142399536,-121.09094833350389,33.03
HIGHLD_1_N001,38.93741777608508,-122.609034,29.08802
HIGHLD_1_N005,38.937337111942234,-122.60909387327588,29.08802
HIGHWAY_1_N001,38.166048151820924,-122.253616,30.53918
HIGHWAY_1_N002,38.16596692407439,-122.25355635179834,30.53918
HILLSDLE_6_N001,37.536271,-122.322394,30.71579
HILLSIDE_1_N001,37.879999999986126,-122.23994272916374,30.29781
HILLSIDE_1_N004,37.879999999986126,-122.24005727083625,30.29781
HILMAR_LNODEDR1,37.4189785637285,-120.849304571346,28.64355
HILMAR_LNODEDR2,37.4188603223578,-120.849075716434,28.64355
HILMAR_LNODEDR4,37.4189333711687,-120.849077780203,28.64355
HILMAR_LNODEDR5,37.4188652133943,-120.849148221032,28.64355
HILMAR_LNODEDR7,37.4188555229834,-120.849223847561,28.64355
HILMAR_LNODER17,37.4189123657556,-120.849307362712,28.64355
HINSON_6_N001,33.81885999995258,-118.22236564005779,29.50894
HLFMNBY_6_N002,37.46874323375435,-122.43018,30.83059
HLFMNBY_6_N004,37.46866188310803,-122.43012082319957,30.83059
HLFMNBY_6_N101,37.46866188310803,-122.43023917680043,30.83059
HMBLTBY_6_N003,40.78280899998469,-124.11247771670773,29.47951
HOBARTTP_LNODE19,39.400047,-120.149888,30.15358
HOLLISTR_1_N001,36.862728962246265,-121.405867,29.50011
HOLLISTR_1_N004,36.86264801886252,-121.40580858969733,29.50011
HOLLISTR_1_N101,36.86264801886252,-121.40592541030266,29.50011
HOMEGRND_1_N001,38.96,-122.84,29.13217
HOMEPROC_1_N001,38.94,-122.85,29.12334
HONCUT_1_N001,39.320099,-121.595289,28.58173
HOOPA_6_N001,41.056514,-123.682252,30.99837
HORSESHE_1_N001,38.744281999985915,-121.16156545871566,29.35588
HORSESHE_1_N002,38.744281999985915,-121.16168054128434,29.35588
HPLNDJT_6_N001,38.972898,-123.081134,29.7356
HSK_LA_LNODEKSS,34.487,-118.514,28.41984
HUGHSON_LNODEDR1,37.5949433309328,-120.846755674049,28.39629
HUGHSON_LNODEDR2,37.5949478453779,-120.846639431615,28.39334
HUGHSON_LNODEDR3,37.5948895849844,-120.846669736494,28.39334
HUGHSON_LNODEDR4,37.5949564824944,-120.846831604577,28.39629
HUGHSON_LNODEDR5,37.594883530932,-120.846800432358,28.39629
HUGHSON_LNODEDR8,37.5948895004896,-120.84669840193,28.39334
HUNT1G_7_N002,33.64610399995311,-117.97753404459904,29.77681
HUNT2G_7_N002,33.645950581890766,-117.97761038065147,29.77681
HUNT3G_7_N002,33.64596651133317,-117.97781805443613,29.77681
HUNT4G_7_N002,33.646116990569396,-117.97792719657157,29.77681
HURLEY_LNODE12LD3,38.587283,-121.418244,27.98404
HURON_6_N001,36.185797,-120.104535,27.37194
HUR_LNODENE1,38.58818333333333,-121.418666944444,28.83193
HUR_LNODENE2,38.58818333327699,-121.41855194404475,28.83193
HUR_LNODENE3,38.58810548632912,-121.41860944430671,28.83193
HUR_LNODENE4,38.58810548632912,-121.41872444458129,28.83193
HUR_LNODENE5,38.58818333327699,-121.41878194484326,28.83193
HUR_LNODENE7,38.58826118030932,-121.41872444470597,28.83193
HUR_LNODENE8,38.58826118030932,-121.41860944418204,28.83193
HWD_SUB_LNODEONA,34.088090251059334,-118.34689102435425,28.49637
HWD_SUB_LNODEONB,34.0879097488445,-118.34689102458658,28.49637
HWD_SUB_LNODEONC,34.0879097488445,-118.34710897541342,28.49637
HWD_SUB_LNODEOND,34.088090251059334,-118.34710897564575,28.49637
HYATT_2_N212,39.54,-121.47,28.35802
IBM-CTLE_1_N001,37.33,-121.74,29.62374
IBM-HRRS_1_N001,37.339999999986375,-121.73994319553019,29.58253
IBM-HRRS_1_N101,37.339999999986375,-121.74005680446982,29.58253
IGNACIO_1_N102,38.07555099998604,-122.54000436436782,30.02701
IMHOFF_1_N001,38.001509,-122.066739,30.38023
IMPRLBCH_6_N001,32.58332899998902,-117.09716179037093,30.46265
IMPRLBCH_6_N004,32.58332899998902,-117.09726820962906,30.46265
INDIANW_1_N001,33.75822999998817,-116.36079489140164,29.18221
INDIANW_1_N005,33.75822999998817,-116.36090310859835,29.18221
INDNFLT_6_N001,37.66547,-119.841331,29.13217
INDUSTRL_LNODEDR1,37.4786063003132,-120.866935168966,28.65826
INDUSTRL_LNODEDR2,37.4784258031614,-120.866836967643,28.66415
INDUSTRL_LNODEDR3,37.4784244272802,-120.866662034426,28.66415
INDUSTRL_LNODEDR5,37.4785292936467,-120.866935824384,28.65826
INDUSTRL_LNODEDR7,37.4784403782944,-120.866928290638,28.65826
INDUSTRL_LNODEDR8,37.4784247171011,-120.866748607625,28.66415
INGRMC_1_N001,37.83,-121.17,29.3706
INYOKERN_1_N001,35.65261399998741,-117.79478579202693,21.72045
INYOKERN_1_N008,35.65261399998741,-117.79489620797307,21.72045
IRONMTN_2_N001,34.16,-115.12,28.25703
IUKA_6_N001,37.665987,-121.831011,30.1212
JACINTO_6_N001,39.582923,-122.010645,28.67298
JAMACHA_6_N001,32.744163749547276,-116.957239,33.24268
JAMACHA_6_N006,32.74408312521416,-116.95718365728564,33.24268
JAMACHA_6_N015,32.74408312521416,-116.95729434271436,33.24268
JAMESON_1_N001,38.205743,-122.147539,29.34705
JANSCRK_6_N001,40.905394259900845,-124.072573,29.55015
JANSCRK_6_N003,40.90531287003298,-124.0725108262728,29.55015
JARVIS_1_N014,37.59572442721241,-122.01803387245575,30.55979
JARVIS_1_N016,37.595543572677634,-122.01803387273313,30.55979
JARVIS_1_N017,37.595543572677634,-122.01826212726687,30.55979
JARVIS_1_N101,37.59572442721241,-122.01826212754425,30.55979
JCBSCRNR_6_N001,36.22245499998718,-119.77977650530629,27.14234
JCBSCRNR_6_N003,36.22245499998718,-119.77988749469371,27.14234
JENNY_1_N001,37.769999999986226,-122.25994279875593,31.44285
JENNY_1_N008,37.769999999986226,-122.26005720124407,31.44285
JESSUP_1_N001,40.462102,-122.328061,28.26972
JMSCNPMP_1_N001,38.19,-122.47,30.19184
JOHANNA_2_N001,33.71362395818503,-117.852576,29.87983
JOHANNA_2_N007,33.71354302089469,-117.85251982319095,29.87983
JOLON_6_N001,36.013308,-121.167635,28.13726
KAMM_1_N001,36.58,-120.52,26.80089
KANAKA_1_N001,39.439999999985574,-121.38994201903363,28.55524
KEARNEY_6_N001,36.704357999986875,-119.88278399673257,27.54855
KEARNEY_6_N099,36.704357999986875,-119.88289600326743,27.54855
KEARNEY_7_N001,32.832849999988746,-117.13199871171014,30.99126
KEARNEY_7_N003,32.832849999988746,-117.13210528828985,31.05013
KELSO_2_N001,37.797722,-121.601591,29.27935
KERMAN_6_N001,36.69205999998684,-120.05918901200307,27.05992
KERMAN_6_N002,36.69205999998684,-120.05930098799692,27.06287
KERNOIL_1_N001,35.44070999998741,-119.02061483035583,28.39923
KERNOIL_1_N012,35.44070999998741,-119.02072516964418,28.39923
KERNPWR_1_N002,35.37980096994444,-119.097984,28.28149
KERNPWR_1_N201,35.37972001501422,-119.09792667452027,28.28149
KERNRDGE_1_N001,35.48320899998747,-119.76358482417542,27.94298
KERNRV_1_N001,35.37972001501422,-119.09804132547973,28.38451
KERNWATR_1_N001,35.400666,-119.035603,28.30504
KESWICK_6_N001,40.623725,-122.462027,28.3433
KETTLEMN_6_N001,36.044075,-120.112696,26.53009
KETTNER_6_N001,32.733172,-117.173774,30.4862
KIERNAN_LNODETUB,37.71047,-121.0139,28.75246
KINGCTY_6_N001,36.21683446252504,-121.1266820197143,28.10782
KINGCTY_6_N002,36.21683446252504,-121.1269039802857,28.10782
KINGCTY_6_N005,36.217013537372516,-121.12690398053972,28.10782
KINGSBRG_1_N001,36.48869063297857,-119.58234525016937,27.05404
KINGSBRG_1_N008,36.48861299994815,-119.58228950045047,27.05404
KIRKER_1_N001,38.0212542075842,-121.905844,30.04467
KIRKER_1_N005,38.02117289619287,-121.90578440854696,30.04467
KIRKER_1_N006,38.02117289619287,-121.90590359145303,30.04467
KNA_LNODENA2,40.654722,-122.389167,28.30504
KNGHTSLD_1_N001,38.809281,-121.74515,29.25286
KONOCTI6_6_N001,38.9325,-122.741085,29.43536
KYOCERA_6_N001,32.819776,-117.140362,30.94201
LADDCM_LNODEARD,37.73258,-121.01392,28.75246
LAFRESA_6_N001,33.86979104273171,-118.33319,29.54427
LAFRESA_6_N007,33.869709978621295,-118.33324636755688,29.54427
LAGNANL_1_N001,33.49498074466377,-117.70295838393929,30.03289
LAGNANL_1_N002,33.494801255243225,-117.70295838416239,30.03289
LAGNANL_1_N005,33.494801255243225,-117.70317361583761,30.03289
LAGNANL_1_N006,33.49498074466377,-117.70317361606071,30.03289
LAGRANG_LNODEOAD,37.6697612035926,-120.443808701526,28.48754
LAGUBELL_6_N001,33.975996097823064,-118.14794,29.22048
LAGUBELL_6_N210,33.97591495107552,-118.14799649540468,29.22048
LAGUNATP_6_N001,36.748942999986895,-121.60530194075191,30.47442
LAGUNITS_6_N001,36.748942999986895,-121.60541405924809,70.75
LAJOLLA_6_N001,32.840121999988746,-117.27517670850455,30.60688
LAJOLLA_6_N007,32.840121999988746,-117.27528329149546,30.60688
LAKEVIEW_6_N101,35.093678,-119.10139,28.17552
LAKEVLLE_1_N001,38.251505,-122.580692,29.92693
LAKEWOOD_1_N001,37.909008286572075,-122.05701271293042,30.236
LAKEWOOD_1_N003,37.90892999994441,-122.05695542598274,30.236
LAKEWOOD_1_N004,37.90885171340006,-122.05701271305232,30.236
LAKEWOOD_1_N006,37.90885171340006,-122.05712728694768,30.236
LAKEWOOD_1_N007,37.90892999994441,-122.05718457401727,30.236
LAKEWOOD_1_N009,37.909008286572075,-122.05712728706959,30.236
LAK_SM_LNODENE2,38.658077794318025,-121.13012359377534,28.85254
LAK_SM_LNODENE3,38.65799999994368,-121.13006607656462,28.85254
LAK_SM_LNODENE4,38.657922205653776,-121.13012359390028,28.85254
LAK_SM_LNODENE6,38.657922205653776,-121.13023862832172,28.85254
LAK_SM_LNODENE7,38.65799999994368,-121.13029614565738,28.85254
LAK_SM_LNODENE8,38.658077794318025,-121.13023862844666,28.85254
LAMONT_1_N001,35.296667999987505,-118.86162984910735,28.11077
LAMONT_1_N002,35.296667999987505,-118.86174015089266,28.11077
LAPHAM_LNODEQBZ,37.639494,-120.919982,28.776
LAPHAM_LNODEXBC,37.63949399994495,-120.91986779708742,28.776
LAPLMG1_7_N001,35.29516599994997,-119.59192469860037,28.1402
LAPLMG2_7_N001,35.2950123151544,-119.59200269352937,28.1402
LAPLMG3_7_N001,35.29502827228419,-119.59221488028864,28.1402
LAPLMG4_7_N001,35.29517901313358,-119.59232639423358,28.1402
LASPALMS_1_N001,36.8,-119.69,27.51028
LASPLGS_6_N001,33.31288499998846,-117.46694237728786,30.41261
LASPULGS_6_N001,33.31288499998846,-117.46704962271214,30.27721
LAURELES_6_N001,36.47781599998705,-121.7268922619553,29.98285
LAWRENCE_1_N001,37.397207,-122.010126,30.35374
LAWRENCE_1_N003,37.39720699994556,-122.01001226428907,30.35374
LAWRENCE_1_N004,37.39711664332103,-122.010126,30.35374
LAWRENCE_LNODEENCE,37.397297356679005,-122.010126,27.7752
LBEACH2G_7_N002,33.818691093192,-118.22254906136247,29.51189
LCIENEGA_6_N001,34.000751,-118.378408,29.65318
LEGRAND_1_N001,37.184412,-120.273463,27.68984
LEMOORE_6_N002,36.30998799998711,-119.79822042969916,27.38371
LEMOORE_6_N101,36.30998799998711,-119.79833157030085,27.38371
LEPRINO_1_N001,37.748396,-121.41576,29.40592
LERDO_1_N001,35.50010399998744,-119.15188082156193,28.30798
LERDO_1_N004,35.50010399998744,-119.15199117843807,28.30798
LILAC_6_N001,33.25325899998847,-117.08580343192692,30.20951
LILAC_6_N010,33.25325899998847,-117.08591056807307,30.20951
LIMESTNE_6_N001,38.63377399998596,-120.97960448884528,29.04387
LINCON_LNODECRZ,37.63940356621228,-120.91986779722644,28.77306
LINCON_LNODEFCN,37.639339619957,-120.91994855081084,28.77306
LINDEN_6_N101,38.016891,-121.095875,29.51483
LITEHIPE_6_N001,33.88040091918611,-118.17506849549716,29.43241
LITEHIPE_6_N008,33.88058108071875,-118.17528550473195,29.43241
LIVERMRE_6_N001,37.68013099998621,-121.78059286544908,30.09471
LIVERMRE_6_N003,37.68013099998621,-121.78070713455092,30.09471
LIVNGSTN_6_N001,37.363379203022006,-120.760425,27.38077
LLAGAS_1_N001,37.006958040367174,-121.557391,29.99757
LLAGAS_1_N003,37.00687697980194,-121.55733239433584,29.99757
LLAGAS_1_N005,37.00687697980194,-121.55744960566416,29.99757
LMEC1_1_N001,38.030625,-121.896783,29.9858
LMEC1_1_N101,38.03062499994427,-121.89666830800388,29.9858
LMEC1_1_N601,38.0305346591732,-121.89666830814532,29.9858
LMEC1_1_N801,38.03047077865233,-121.89674940756281,29.9858
LMECCT1_7_N001,38.0304867914731,-121.89697004046927,29.98285
LMECCT2_7_N001,38.03063805852326,-121.89708599331652,29.98285
LMECST1_7_N001,38.03081089924409,-121.89703337694175,29.98285
LMPC-CTY_1_N001,34.6,-120.39,28.83193
LOCKHD1_1_N001,37.409054,-122.03213,30.4185
LOCKHD2_1_N001,37.416224,-122.030655,30.41555
LOGANCR_2_N001,39.53955399998549,-122.26277291112409,28.74657
LOGANCR_2_N010,39.53955399998549,-122.26288908887592,28.74657
LONESTAR_1_N001,37.511676999986356,-122.20756301431467,30.78938
LOSALTS_6_N004,37.3939352129738,-122.114735,30.18301
LOSALTS_6_N005,37.393853893498445,-122.11467590496156,30.18301
LOSALTS_6_N101,37.393853893498445,-122.11479409503845,30.18301
LOSCCHS_6_N001,32.85981772690813,-116.899263,28.09016
LOSCOCHS_6_N001,32.85973713653372,-116.89920760858072,27.89189
LOSCOCHS_6_N034,32.85973713653372,-116.89931839141927,27.89189
LOSGATS_6_N002,37.226423999986494,-121.97722832893687,32.08
LOSGATS_6_N201,37.226423999986494,-121.97734167106313,32.08
LOSOSTS_6_N001,36.293864,-121.20007,28.12254
LOVELAND_6_N001,32.796957,-116.792258,27.78887
LOWGAP_7_N001,40.4327289999849,-123.47220368717633,29.06447
LOYALTON_LNODETY,39.6680639999855,-120.24305624345052,30.10648
LOYOLA_6_N001,37.360660999986344,-122.09993417231678,30.04467
LOYOLA_6_N004,37.360660999986344,-122.10004782768323,30.04467
LPFLKBD_6_N001,40.90531287003298,-124.07263517372719,29.55015
LSGLLNS_1_N001,38.022339207228725,-122.537978,30.13003
LSGLLNS_1_N002,38.0222578963706,-122.53791840805536,30.13003
LSGLLNS_1_N003,38.0222578963706,-122.53803759194464,30.13003
LSPSTAS_2_N001,37.700982436898656,-121.73360569835381,30.04172
LSPSTAS_2_N002,37.70080156299109,-121.73360569863272,30.04172
LSPSTAS_2_N010,37.70080156299109,-121.7338343013673,30.04172
LSPSTAS_2_N011,37.700982436898656,-121.73383430164618,30.04172
LSTHLLS_6_N001,35.785755,-119.866138,27.64863
LUCERNE_1_N001,39.110189,-122.81298,29.51483
LUCERNE_1_N004,39.11,-122.81,29.51483
LUIS#3_1_N001,36.65,-120.73,27.28952
LUIS#5_1_N001,36.72,-120.75,27.28952
LVNGSTN_7_N002,37.36329789847426,-120.76036593987695,28.32859
LYOTH-SP_6_N001,37.721862,-121.390858,29.72971
LYTNVLLE_6_N001,39.684962,-123.476979,30.50092
MABURY_1_N001,37.36089599998639,-121.86395517205479,30.55684
MABURY_6_N001,37.36089599998639,-121.86406882794522,30.98954
MADISON_1_N002,38.67073989103906,-121.969138,29.06153
MADISON_1_N201,38.67065905446531,-121.9690782228888,29.06153
MAGUNDEN_1_N002,35.36215899998747,-118.92373215922743,28.40512
MAINE-PR_6_N001,38.385820999985995,-121.77582145519017,29.14689
MALAGA_1_N001,36.69415479048744,-119.72474601890697,27.42786
MALAGA_1_N004,36.69397520940774,-119.72474601916853,27.42786
MALAGA_1_N005,36.69397520940774,-119.72496998083147,27.42786
MALAGA_1_N206,36.69415479048744,-119.72496998109303,27.42786
MANCHSTR_1_N001,36.78803392229639,-119.787488,27.6604
MANCHSTR_1_N002,36.787953038837564,-119.78742968988867,27.6604
MANCHSTR_1_N005,36.787953038837564,-119.78754631011132,27.6604
MANDLY1G_7_N002,34.207498198093205,-119.249016,29.12628
MANDLY2G_7_N002,34.20741690094034,-119.2489592448821,29.12628
MANDLY3G_7_N001,34.20741690094034,-119.2490727551179,29.12628
MANTECA_1_N001,37.80151542742815,-121.22356755493873,29.81802
MANTECA_1_N002,37.80133457246114,-121.22356755521895,29.81802
MANTECA_1_N012,37.80133457246114,-121.22379644478104,29.81802
MANTECA_1_N013,37.80151542742815,-121.22379644506127,29.81802
MANVILLE_1_N001,34.53,-120.43,28.79072
MARGARTA_1_N001,33.55007578845692,-117.62798626281774,30.01818
MARGARTA_1_N002,33.54989621144975,-117.62798626304166,30.01818
MARGARTA_1_N008,33.54989621144975,-117.62820173695833,30.01818
MARGARTA_1_N009,33.55007578845692,-117.62820173718225,30.01818
MARICOPA_6_N001,35.107547,-119.398151,27.47791
MARIPOS2_6_N001,37.50445799998627,-120.00773602136582,28.87314
MARIPOS2_6_N003,37.50445799998627,-120.00784997863418,28.87314
MARPOS_LNODEKSA,37.63932432741219,-120.92006110878681,28.776
MARPOS_LNODENOX,37.63935564925701,-120.92016824287315,28.776
MARSHALL_LNODEDR1,37.43587720766,-121.132527674588,28.77306
MARSHALL_LNODEDR2,37.4358760484777,-121.13220043951,28.77306
MARSHALL_LNODEDR3,37.4358798082574,-121.132682875263,28.77306
MARSHALL_LNODEDR4,37.4358789493306,-121.132046059332,28.77306
MARSHALL_LNODEDR5,37.4358787251639,-121.131895544498,28.77306
MARSHALL_LNODER8C,37.435876146414,-121.132374308977,28.77306
MARTELL_6_N001,38.369191999986,-120.79669245138386,29.01443
MARTINEZ_1_N001,38.02,-122.16,30.45382
MCARTHR_6_N001,41.05270199998445,-121.40878106361407,27.73694
MCCALL_1_N026,36.61141783540495,-119.639697,27.25714
MCCALL_1_N030,36.61133708228342,-119.63963891745578,27.25714
MCC_LNODEMCC,38.63008971070796,-121.51320976638306,28.82899
MCDISLE_6_N001,37.93693288402067,-121.52832945017714,31.01309
MCFRLND_6_N001,35.688444,-119.276835,28.26972
MCKEE_1_N001,37.366407204044364,-121.843789,30.44205
MCKEE_1_N005,37.36632589796316,-121.84372993637959,30.44205
MCKEE_1_N101,37.36632589796316,-121.84384806362041,30.44205
MCMULLN1_2_N001,36.592775,-119.989065,27.28363
MCY_LNODE101,38.563116666666666,-121.464371944444,28.84371
MCY_LNODE102,38.563116666610455,-121.4642569555954,28.84371
MCY_LNODE103,38.56302675430868,-121.46425695573926,28.84371
MCY_LNODE104,38.562963176761876,-121.46433826506194,28.84371
MCY_LNODE105,38.562947972391605,-121.46445159764659,28.84665
MCY_LNODE106,38.5629791136348,-121.46455946901716,28.84665
MCY_LNODE107,38.56304468834792,-121.46463814131086,28.84665
MCY_LNODE108,38.56312966325024,-121.46467572198618,28.84665
MDLRIVR_6_N001,37.93693288402067,-121.52844854982285,30.44499
MDWYPS_6_N001,35.402824999987416,-119.45497183549746,28.04012
MECCTG1_7_N100,37.239909741275135,-121.77988662517618,29.42653
MECCTG2_7_N100,37.2400902586168,-121.78011337509535,29.42064
MEDWLNE_1_N001,37.963141225082815,-122.052361,30.25072
MEDWLNE_1_N002,37.963059887443606,-122.05230143651556,30.25072
MEDWLNE_1_N006,37.963059887443606,-122.05242056348443,30.25072
MELROSE_6_N001,33.206560573300976,-117.25285494469412,30.30959
MELROSE_6_N004,33.20638142660739,-117.25285494491321,30.30959
MELROSE_6_N005,33.20638142660739,-117.25306905508678,30.30959
MELROSE_6_N009,33.206560573300976,-117.25306905530589,30.30959
MENLO_6_N001,37.4330313740754,-122.20260718789906,30.9866
MENLO_6_N002,37.43285062581547,-122.2026071881739,30.9866
MENLO_6_N003,37.43285062581547,-122.2028348118261,30.9866
MENLO_6_N004,37.4330313740754,-122.20283481210093,30.9866
MERCEDFL_7_N001,37.27292328168154,-120.48675154649395,28.29032
MERCED_1_N001,37.27274271821013,-120.48697845323395,28.31681
MERCED_1_N002,37.27292328168154,-120.48697845350604,28.31681
MERIDIAN_6_N101,37.225299,-121.744182,28.91435
MESACAL_6_N001,34.037454,-118.109265,29.06153
MESAHGTS_6_N001,32.829628731503114,-117.157263,30.95457
MESAHGTS_6_N007,32.82954813423625,-117.15720762268285,30.95457
MESARIM_6_N001,32.90498753633711,-117.17294735480384,30.79527
MESARIM_6_N007,32.90480846357245,-117.1729473550195,30.79527
MESARIM_6_N008,32.90480846357245,-117.1731606449805,30.79527
MESARIM_6_N012,32.90498753633711,-117.17316064519616,30.79527
METCALF_1_N018,37.22435199998651,-121.74197733145253,29.58253
METTLER_6_N001,38.078067,-121.2867,29.51189
MEYERS_LNODE31,38.877195,-119.986125,28.50226
MEYERS_LNODE32,38.87719499994345,-119.98600982501117,28.50226
MEYERS_LNODE33,38.87710533707398,-119.986125,28.50226
MEYERS_LNODE34,38.87719499994345,-119.98624017498884,28.50226
MEYERS_LNODE35,38.87728466292607,-119.986125,28.50226
MI-WUK_1_N001,38.052745,-120.217268,26.07973
MIDDLTWN_6_N002,38.7527889999859,-122.60852945612646,30.04761
MIDDLTWN_6_N101,38.7527889999859,-122.60864454387354,30.04761
MILLBRAE_1_N001,37.605189,-122.391045,30.74523
MILLBRAE_1_N004,37.60518899994505,-122.39093085578821,30.74523
MILLBRAE_1_N201,37.60518899994505,-122.3911591442118,30.74523
MILLBRAE_6_N001,37.6052794289691,-122.391045,30.81587
MILLER_1_N001,37.81,-121.1,28.52286
MILPITAS_1_N001,37.415395,-121.888564,30.46265
MILPITAS_1_N003,37.41539499994551,-121.8884502251851,30.46265
MILPITAS_1_N005,37.41530463419468,-121.888564,30.46265
MILPITAS_1_N006,37.41539499994551,-121.88867777481491,30.46265
MINNIER_LNODEJFF,37.71289,-120.93858,28.77895
MIRABEL_6_N001,38.489406,-122.894261,30.0741
MIRALOMA_6_N001,34.004371186293284,-117.56506721001799,29.01737
MIRAMAR_6_N001,32.89408253805123,-117.13552936589245,30.75406
MIRAMAR_6_N004,32.89390346185827,-117.135529366108,30.75406
MIRAMAR_6_N017,32.89390346185827,-117.135742633892,30.75406
MISSION_6_N001,32.784191999954906,-117.13741946348074,30.83999
MISSION_6_N031,32.78411443272647,-117.13747273178681,30.83999
MISSION_6_N040,32.78411443272647,-117.13757926821319,30.83999
MISSION_6_N049,32.784191999954906,-117.13763253651926,30.83999
MKT_SUB_LNODEONA,34.0434902173762,-118.24599112234871,28.49637
MKT_SUB_LNODEONB,34.04330978252786,-118.24599112258036,28.49637
MKT_SUB_LNODEONC,34.04330978252786,-118.24620887741963,28.49931
MKT_SUB_LNODEOND,34.0434902173762,-118.24620887765128,28.49637
MNDCTP_6_N001,39.251247,-123.196582,29.83568
MOFTFLD_1_N002,37.41,-122.04,30.40084
MOLINO_6_N002,38.42527299998595,-122.83215753598292,30.27721
MOLINO_6_N101,38.42527299998595,-122.83227246401708,30.27721
MONOLITH_6_N029,34.92999999998754,-118.4199449189089,28.28149
MONOLITH_6_N101,34.92999999998754,-118.4200550810911,28.28149
MONROE_1_N001,38.45321800700051,-122.743668,29.99168
MONROE_1_N002,38.45313699648462,-122.74360827529611,30.00346
MONROE_1_N101,38.45313699648462,-122.74372772470389,30.00346
MONSRATE_6_N001,33.32908099998846,-117.23541536188321,30.14769
MONSRATE_6_N007,33.32908099998846,-117.23552263811678,30.14769
MONTAGUE_1_N001,37.40375521599691,-121.905675,30.90712
MONTAGUE_1_N006,37.403673891986756,-121.90561589392182,30.90712
MONTAGUE_1_N007,37.403673891986756,-121.90573410607819,30.90712
MONTCLLO_1_N008,38.48,-122.32,29.44124
MONTEREY_6_N001,36.599917,-121.890341,29.22637
MONTERO_6_N001,38.47145299998595,-123.01207452586034,30.40378
MONTERO_6_N004,38.47145299998595,-123.01218947413966,30.40378
MONTGMRY_6_N001,32.631633999988686,-117.09951777952129,30.34491
MONTGMRY_6_N002,32.631633999988686,-117.0996242204787,30.34491
MONTPELR_LNODEDR3,37.5513950204046,-120.771210942368,28.59939
MONTPELR_LNODEDR4,37.5513208784333,-120.77132554154,28.59939
MONTPELR_LNODEDR5,37.5513203022304,-120.771217224249,28.59939
MONTPELR_LNODEDR7,37.551320342333,-120.771557696814,28.59645
MONTPELR_LNODEDR8,37.5513195014288,-120.771445581179,28.59645
MOORPARK_6_N001,34.28245799998789,-118.90073231455499,28.76423
MORAGA_1_N001,37.848008,-122.160732,30.15947
MORGAN_1_N001,37.12745917114046,-121.65871690356438,27.96948
MORMON_6_N001,37.968746,-121.185898,29.35588
MOROHILL_6_N001,33.252187,-117.300305,30.45971
MORROBY_1_N001,35.373004,-120.855187,28.03718
MOSSLD_1_N001,36.804150842399494,-121.78373687034716,28.73774
MOSSLND6_7_ND001,36.80399515757413,-121.78384912953872,28.8702
MOSSLND7_7_ND001,36.804150842399494,-121.78384912965284,28.8702
MPLECRK_6_N001,40.767881,-123.87365,29.94164
MREIS-Q_1_N001,38.12,-122.33,30.59805
MRGNHIL_1_N001,37.12727882875214,-121.65871690383386,29.89455
MRGNHIL_1_N004,37.12727882875214,-121.65894309616613,29.89455
MRGNHIL_1_N007,37.12745917114046,-121.65894309643562,29.89455
MRTSVAL_LNODE32,39.329538,-120.170031,30.07999
MRYSVLLE_6_N001,39.13944599998575,-121.58327227419691,29.07036
MRYSVLLE_6_N003,39.13944599998575,-121.58338772580308,29.07036
MSHR60V_6_N001,38.02150699998609,-121.28089465794243,29.84745
MSHR60V_6_N006,38.02150699998609,-121.28100934205757,29.84745
MTEDEN_1_N001,37.63264525976642,-122.10124,30.79821
MTEDEN_1_N005,37.632563870101905,-122.10118066447778,30.79821
MTEDEN_1_N009,37.632563870101905,-122.10129933552223,30.79821
MTNHOUSE_LNODE1KV,37.79428,-121.55964,28.80838
MTNPASS_1_N001,35.508179,-115.53125,27.67378
MTNQUAR_6_N001,38.914515,-121.015694,30.0064
MTVIEW_1_N001,34.07927114678052,-117.240376,30.21539
MTVIEW_1_N004,34.079189926596804,-117.24031938460595,30.21539
MTVIEW_1_N005,34.079189926596804,-117.24043261539406,30.21539
MURRAY_6_N001,32.79087756459772,-117.0229334582287,32.85342
MURRAY_6_N004,32.790698435312095,-117.02293345844329,32.85342
MURRAY_6_N005,32.790698435312095,-117.02314654155671,32.85342
MURRAY_6_N015,32.79087756459772,-117.0231465417713,32.85342
MUSLSLGH_6_N001,36.264507,-119.907357,27.26303
NARROWS1_7_N001,33.13712344927391,-116.2943780565384,28.49637
NARROWS_6_N010,33.137302550634665,-116.29459194367982,26.23804
NATNLCTY_6_N001,32.67305199998863,-117.10726576866911,30.45676
NATNLCTY_6_N005,32.67305199998863,-117.10737223133088,30.45676
NAT_LNODENE1,38.65097779957077,-121.48672359559271,28.8231
NAT_LNODENE2,38.65089999994365,-121.48666608019934,28.8231
NAT_LNODENE3,38.650822200401045,-121.48672359571763,28.8231
NAT_LNODENE4,38.650822200401045,-121.48683862650437,28.82016
NAT_LNODENE5,38.65089999994365,-121.48689614202266,28.82016
NAT_LNODENE6,38.65097779957077,-121.4868386266293,28.82016
NAVSTMTR_6_N001,32.67041199998878,-117.11463876940559,30.48031
NAVSTMTR_6_N011,32.67041199998878,-117.11474523059441,30.48031
NAVY35R_1_N001,35.29,-119.45,28.13726
NBRANCH_6_N001,38.199837,-120.719506,28.85254
NCMETER_1_N001,33.089572,-117.203236,30.19479
NCPA1GY1_7_N001,38.329999999986036,-122.63005744213352,29.70027
NCPA1GY2_7_N001,38.33999999998601,-122.64005744453604,29.70027
NCPA2GY1_7_N001,38.34999999998599,-122.65005744690819,29.67967
NCPA2GY2_7_N001,38.329999999986036,-122.68005744213352,29.66201
NDUBLIN_2_N002,37.86,-121.88,29.73854
NEWARKD_1_N001,37.50049924095103,-121.987091,30.38023
NEWARKD_1_N012,37.500417879509776,-121.98703179018516,30.38023
NEWBURG_6_N001,40.59455299998477,-124.13512748525541,30.34491
NEWBURG_6_N003,40.59455299998477,-124.13524651474458,30.34491
NEWELL_LNODEWELL,41.888139999984205,-121.37832971620207,27.7752
NEWHALL_1_N001,36.86718099998678,-120.32825478878492,26.91275
NEWHALL_1_N002,36.86718099998678,-120.32836721121508,26.91275
NEWMAN_6_B2,37.31543099998646,-121.01505122358405,28.97911
NEWMAN_6_N001,37.31543099998646,-121.01516477641594,28.97911
NOISLMTR_6_N004,32.70244776093939,-117.182166,30.53035
NOISLMTR_6_N009,32.702367119518385,-117.18211067144682,30.53035
NORCO_1_N001,35.28535,-119.308893,28.23145
NORD1_1_N001,39.759998999985385,-121.90689363690683,28.60234
NORD1_1_N003,39.759998999985385,-121.90701036309318,28.60234
NORTECH_1_N001,37.46,-121.76,30.82
NORTHOAK_6_N003,35.96338313356797,-119.45673850749412,29.21165
NORTHOAK_6_N004,35.96338313356797,-119.45685349250587,29.21165
NORTHOAK_6_N005,37.36329789847426,-120.76048406012305,29.21165
NOVATO_6_N001,38.10860199998601,-122.56828762317217,30.05056
NOVATO_6_N002,38.10860199998601,-122.56840237682783,30.05056
NRTHTWR_1_N001,38.066061192073654,-122.195674,30.59805
NRTHTWR_1_N002,38.06597990394814,-122.1956143891305,30.59805
NRTHTWR_1_N004,38.06597990394814,-122.19573361086951,30.59805
NR_SUB_LNODEONA,34.22909034238915,-118.54339073176756,28.47576
NR_SUB_LNODEONB,34.228909657513995,-118.54339073200198,28.47576
NR_SUB_LNODEONC,34.228909657513995,-118.54360926799801,28.47576
NR_SUB_LNODEOND,34.22909034238915,-118.54360926823244,28.47576
NUMITAP_1_N003,37.5,-122.04,30.58922
NVYSCHL_6_N001,36.59909,-121.877082,29.19693
NWKDIST_2_N001,37.47999999998637,-121.97994304564625,30.33019
NWKDIST_2_N004,37.47999999998637,-121.98005695435374,30.33019
NWKDIST_2_N017,37.96361862509118,-121.29067763049022,30.33019
OAKC12_7_N002,37.79751331310943,-122.28096478011268,30.53918
OAKDAL_LNODEMTS,37.66746999998627,-120.95814287556452,28.776
OAKDAL_LNODENDN,37.66746999998627,-120.95825712443548,28.776
OAKHURST_1_N001,37.32379499998641,-119.63394921398016,27.62508
OAKHURST_1_N002,37.32379499998641,-119.63406278601984,27.62508
OAKLAND_1_N001,37.79743499994459,-122.28090756034669,30.52446
OAKLAND_1_N006,37.797356686862834,-122.280964780234,30.52446
OAKLAND_1_N033,37.797356686862834,-122.28107921976599,30.52446
OCEANO_1_N001,35.10177099998753,-120.58099587832989,28.48459
OCEANO_1_N004,35.10177099998753,-120.5811061216701,28.48459
OCEANSDE_6_N001,33.19681799998853,-117.381743480479,30.38906
OCEANSDE_6_N002,33.19681799998853,-117.381850519521,30.38906
OIGLASS_1_N001,37.75,-121.31,29.61786
OILDALE_1_N001,35.42,-118.98,28.38157
OILFLDS_6_N001,35.95646873409211,-120.85121,27.56621
OILFLDS_6_N007,35.95638813294024,-120.8511525112428,27.56621
OLDRIVR_6_N001,35.208404,-119.100252,28.00774
OLDTOWN_6_N001,32.766092,-117.192529,30.35668
OLEMA_6_N001,38.042497,-122.786541,30.38317
OLETA_6_N001,38.48064499998599,-120.84462852385393,29.01443
OLETA_6_N003,38.48064499998599,-120.84474347614606,29.01443
OLINDA_6_N001,33.94616008273055,-117.922244,29.21165
OLIVHRST_1_N001,39.0918869999858,-121.54288430472884,29.0056
OLIVHRST_1_N002,39.0918869999858,-121.54299969527116,29.0056
OLY_SUB_LNODEONA,34.03409021003063,-118.45989114327803,28.49048
OLY_SUB_LNODEONB,34.03390978987338,-118.45989114350952,28.49048
OLY_SUB_LNODEONC,34.03390978987338,-118.46010885649046,28.49048
OLY_SUB_LNODEOND,34.03409021003063,-118.46010885672197,28.49048
OMAR_2_N001,35.475983864148716,-118.98698399999999,28.09899
OMWD_6_N001,33.068479,-117.141404,30.22128
ONEILPMP_7_LN001,37.098611,-121.0475,28.23145
OREGNTRL_1_N001,40.61902099998471,-122.32226045686366,28.2079
OREGNTRL_6_N001,40.61902099998471,-122.32237954313634,28.1873
OREGON_LNODENK1,37.63168999998624,-120.9742429051075,28.77895
OREGON_LNODENK2,37.63168999998624,-120.9743570948925,28.77895
ORICK_6_N001,41.294542,-124.056522,29.65023
ORLANDB_6_N001,39.725068,-122.178873,28.61411
OROLOMA_6_N001,36.886866,-120.655928,27.32484
OROSI_6_N006,36.544759,-119.251776,27.60448
OROVILLE_6_N001,39.50524442035656,-121.5593758990519,28.59939
OROVILLE_6_N005,39.50524442035656,-121.5596081009481,28.59939
OROVILLE_6_N102,39.50542357952801,-121.55960810124742,28.59939
ORV_LNODENE1,38.68455,-121.267326944444,28.83193
ORV_LNODENE2,38.68454999994364,-121.26721189591703,28.83193
ORV_LNODENE3,38.68446019318104,-121.26721189606141,28.83193
ORV_LNODENE4,38.68439669026182,-121.26729324758281,28.83193
ORV_LNODENE5,38.68438150373832,-121.26740663898543,28.83487
ORV_LNODENE6,38.6844126084275,-121.26751456633991,28.83487
ORV_LNODENE7,38.6844781061685,-121.26759327946426,28.83487
ORV_LNODENE8,38.68456298132683,-121.2676308796447,28.83487
OTAY_6_N001,32.595376662064226,-117.05752057560969,30.38612
OTAY_6_N014,32.59519733784581,-117.05752057582266,30.38612
OTTER_6_N001,36.47781599998705,-121.7270037380447,29.98285
OVES_SUB_LNODEBKB,37.43792099998635,-118.55704491120122,24.92292
OVES_SUB_LNODEBKC,36.443,-118.0438,24.93469
OVES_SUB_LNODEBKD,37.342,-118.441,24.95235
OXFORD_1_N001,36.7,-120.68,27.28363
P0504GT1_7_CN1,37.96379937479765,-121.2906776307724,27.26303
PACFCBCH_6_N001,32.799218999988646,-117.24014772581532,30.5068
PACFCBCH_6_N004,32.799218999988646,-117.24025427418468,30.5068
PACIFICA_6_N001,37.59458399998625,-122.48892793722666,31.122
PACIFICA_6_N003,37.59458399998625,-122.48904206277334,31.122
PADUA_6_N001,34.120216,-117.639076,29.03504
PALMR_1_N001,34.825223,-120.298953,28.54641
PALOMAR_1_N001,33.12281772819047,-117.287925,30.18596
PALOMAR_1_N004,33.1227371358924,-117.28786944194597,30.18596
PALOMAR_1_N013,33.1227371358924,-117.28798055805403,30.18596
PANAMA_6_N001,35.29556801570901,-119.021525,28.58173
PANAMA_LNODECOUERCRK1,35.29548699213203,-119.02146768568419,28.38451
PANAMA_LNODECOUERCRK2,35.29548699213203,-119.02158231431581,28.38451
PANRAMA_1_N001,40.434409,-122.2679,28.26383
PARADISE_1_N001,39.7615578392488,-121.618634,28.58173
PARADISE_LNODEDISE,39.76147708035982,-121.61857334522642,27.7752
PARADISX_6_N001,39.76147708035982,-121.61869465477358,30.78148
PARADS_LNODEFEG,37.69056,-121.02061,28.78189
PARADS_LNODEKHB,37.690559999944874,-121.02049571450051,28.78189
PARKWAY_2_N001,38.17,-122.25,29.51778
PAR_LNODEAPM,37.668079999986205,-120.9174128750731,28.77895
PAR_LNODEFVM,37.668079999986205,-120.9175271249269,28.77895
PAULSWT_1_N001,36.99234705413821,-121.98202825128297,30.601
PAULSWT_1_N004,36.9921669457552,-121.98202825154998,30.601
PAULSWT_1_N101,36.99234705413821,-121.98225374871703,30.601
PEABODY_2_N002,38.28558699998594,-121.97025256896055,29.17338
PEABODY_2_N006,38.28558699998594,-121.97036743103946,29.17338
PEACHTON_6_N001,39.3784769999856,-121.68494608007006,28.79661
PEACHTON_6_N004,39.3784769999856,-121.68506191992994,28.79661
PEARBMAP_7_B1,34.508883999950896,-117.91829825412502,28.7083
PEARBMAP_7_B3,34.50879356514072,-117.9182982542441,28.7083
PEARBMAP_7_B4,34.50872961811796,-117.91837585623696,28.7083
PEARBMBP_7_B1,34.50871432539329,-117.91848402139897,28.7083
PEARBMBP_7_B3,34.50874564762435,-117.91858697434263,28.7083
PEARBMBP_7_B4,34.5088116034329,-117.91866205952238,28.7083
PEARBMCP_7_B1,34.50889707216307,-117.91869792664747,28.71125
PEARBMCP_7_B3,34.50898737191128,-117.91869193094361,28.71125
PEARBMDP_7_B1,34.50907009278566,-117.91864757930026,28.70242
PEASE_1_N001,39.17010299998576,-121.66113925312504,28.985
PEASE_1_N009,39.17010299998576,-121.66125474687495,28.985
PENDLETN_6_N001,33.30925299998849,-117.3349783807102,30.24188
PENDLETN_6_N004,33.30925299998849,-117.3350856192898,30.24188
PENNGRVE_1_N001,38.315547,-122.681119,30.08293
PENRYN_6_N001,38.8444299999859,-121.16613942513398,29.92987
PENRYN_6_N004,38.8444299999859,-121.16625457486602,29.92987
PERMNNTE_6_N002,34.355793,-116.855947,29.85628
PERRY_6_N008,35.570805,-121.055868,28.54052
PETLMAA_6_N001,38.234002,-122.636285,29.94164
PETLMAC_6_N002,38.2390641182539,-122.636804,30.24483
PETLMAC_6_N003,38.23898294085798,-122.63674432895719,30.24483
PETLMAC_6_N004,38.23898294085798,-122.6368636710428,30.24483
PGG_LNODESS1,38.531716666610464,-121.39934830807131,28.84076
PGG_LNODESS2,38.531794557439916,-121.39929082076439,28.84076
PHILLIPS_1_N001,37.34,-122.03,30.29487
PHILO_6_N001,39.063719,-123.437524,30.11826
PICO_1_N001,33.45676299998844,-117.58919323286267,29.96519
PICO_1_N004,33.45676299998844,-117.58930076713733,29.96519
PIERCY_1_N201,37.28,-121.83,29.99463
PIKECTY_6_N001,39.438734,-120.997847,32.08748
PIONEER_LNODEBUS,37.39756017328021,-120.7270641608972,28.55524
PIONEER_LNODEDR1,37.39756017322573,-120.72695042442128,28.56701
PIONEER_LNODEDR2,37.3974698163648,-120.7269504245584,28.56701
PIONEER_LNODEDR3,37.3974059244655,-120.72703084832322,28.56701
PIONEER_LNODEDR4,37.39739064492007,-120.72714294658331,28.56701
PIONEER_LNODEDR5,37.39742194014138,-120.72724964310564,28.5729
PIONEER_LNODEDR6,37.397487839085414,-120.72732745855615,28.5729
PIONEER_LNODEDR7,37.39757323413797,-120.72736462991926,28.56701
PIONEER_LNODEDR8,37.397663456054794,-120.72735841623376,28.56701
PIONEER_LNODEDR9,37.39774610563929,-120.72731245188831,28.56701
PIONEER_LNODER15,37.397811856418734,-120.72723443776906,28.5729
PIT1_6_N001,38.030670659249246,-121.86908630802888,27.8694
PIT3_7_N001,38.030606778782065,-121.8691674075287,27.88411
PIT5_7_B1,38.030591501969816,-121.86928044765509,27.96653
PITSBURG_1_N001,38.03101263810665,-121.86937270758541,30.0064
PITTSBRG_6_N101,38.031055408073875,-121.8692716827705,29.6885
PLACERVL_1_N001,38.73027886166341,-120.788047,29.08508
PLACER_1_N001,38.901310999985846,-121.08802340262966,29.77975
PLACER_7_N009,38.901310999985846,-121.08813859737035,29.83862
PLAINFLD_6_N001,38.61887,-121.793976,29.6885
PLANETRN_LNODEANET,34.16127269818337,-114.38177086876138,28.01952
PLOALTO_1_N001,33.356029648193925,-117.1119886715524,30.9866
PLOALTO_1_N007,33.35585035171371,-117.11198867177347,30.9866
PLOALTO_1_N013,33.35585035171371,-117.11220332822651,30.9866
PLUMAS_6_N001,39.026121,-121.54308,28.99677
PNEDLE_1_N001,36.829999999986725,-119.82994383698444,27.84879
PNEDLE_1_N002,36.829999999986725,-119.83005616301556,27.86056
PNEGRVE_6_N001,38.41271199998601,-120.6602245387678,28.65826
PNEGRVE_6_N002,38.41271199998601,-120.6603394612322,28.65826
PNTARNA_6_N001,38.912571,-123.679495,31.32511
POC_LNODENE2,38.490383333333334,-121.470263055556,28.85842
POC_LNODENE3,38.49038333327713,-121.4701480990094,28.85842
POC_LNODENE4,38.490293355392375,-121.470263055556,28.85842
POC_LNODENE7,38.49038333327713,-121.47037801210259,28.85548
POC_LNODENE8,38.49047331127424,-121.470263055556,28.85548
POINTLMA_6_N013,32.74152175021991,-117.233364,30.47148
POINTLMA_6_N014,32.74144112487782,-117.23330865823404,30.47148
POLPASPP_6_N002,38.57552299994369,-121.49770299452835,27.73399
POMERADO_6_N001,32.941482719314884,-117.032882,30.04761
POMERADO_6_N004,32.9414021403303,-117.03282656531631,30.04761
POMERADO_6_N008,32.9414021403303,-117.03293743468369,30.04761
PORTOLA_LNODE31,39.803943999985336,-120.46453157749829,30.10648
PORTOLA_LNODE32,39.803943999985336,-120.46464842250171,30.10648
POSOMT_1_N001,35.559194,-118.957501,28.45516
POST_1_N001,39.11,-121.64,29.53544
POTRERO_1_N001,37.46005423161257,-122.4,30.80999
POTRERO_1_N013,37.45997288417899,-122.39994083241324,30.80999
POTRERO_1_N016,37.45997288417899,-122.40005916758676,30.80999
POUST_LNODEIGQ,37.69046956305469,-121.02049571463989,28.77895
POUST_LNODELD2,37.6904056145667,-121.02057652662188,28.77895
POWAY_6_N001,32.978722999988655,-117.03130363648788,30.15064
POWAY_6_N010,32.978722999988655,-117.03141036351212,30.15064
PP1_LNODEOAD,34.59026131985074,-118.4546210726575,28.41101
PP1_PP2_LNODELMW,34.59026131985074,-118.4547309273425,28.40806
PP2_LNODEAUX,34.53433699995089,-118.52522278142764,28.41395
PP2_LNODEOAD,34.534427436468654,-118.525113,28.41395
PPSTLTAP_1_N001,38.01999999998606,-122.36994265860079,30.46559
PPSTLTAP_1_N104,38.01999999998606,-122.3700573413992,30.46559
PRAXAIR_1_B1,37.99999999998611,-121.80994266753221,30.08882
PRCTRVLY_1_N001,32.665044,-116.986801,30.04172
PRSCOT_LNODEAEJ,37.6903903214879,-121.02068916599474,28.76717
PRSCOT_LNODETKD,37.69042164442615,-121.02079637755577,28.76717
PRUNEDLE_1_N001,36.785518920972784,-121.671051,29.11451
PRUNEDLE_1_N002,36.785438039499425,-121.67099269323379,29.11451
PSARBLS_6_N001,35.61564884893555,-120.67989,28.03129
PSARBLS_6_N005,35.61556807551859,-120.67983263488163,28.03129
PSARBLS_6_N007,35.61556807551859,-120.67994736511837,28.03129
PTMRTTI_6_N001,37.030856,-122.187639,30.18301
PTR_PP_LNODEROM,35.24801901925079,-118.1756473615291,28.03718
PUEBLOPG_1_N001,38.345348999986,-122.29956355419145,30.20362
PUEBLOPG_1_N010,38.345348999986,-122.29967844580855,30.20362
PURISIMA_1_N001,34.700622,-120.435261,28.74363
QUEBEC_1_N001,36.07,-119.56,27.38371
RADUM_6_N001,37.67264599998626,-121.85946487140774,30.12414
RADUM_6_N004,37.67264599998626,-121.85957912859226,30.12414
RAINBOW_1_N001,36.709983,-119.538157,27.40726
RANCHRS_1_N001,36.700797999986875,-119.75437400116115,27.43964
RANDSBRG_1_N001,35.375699,-117.655868,23.16888
RAWSON_6_N001,40.145295999985066,-122.21242808907787,29.06447
RAWSON_6_N002,40.145295999985066,-122.21254591092213,29.06447
RCARMEL_6_N001,32.99378371822819,-117.077745,30.21834
RCARMEL_6_N004,32.9937031408736,-117.07768953360795,30.21834
RCARMEL_6_N011,32.9937031408736,-117.07780046639205,30.21834
RECTOR_6_N001,36.29851,-119.242336,27.94593
REDBLFF_6_N001,40.1825869024183,-122.244610070096,28.72302
REDBLFF_6_N004,40.1825869024183,-122.24484592990399,28.72302
REDBLFF_6_N005,40.18276709746204,-122.24484593021722,28.72302
REDBUD_1_N001,39.02788699998577,-122.66224734180834,29.35882
REDBUD_1_N004,39.02788699998577,-122.66236265819167,29.35882
REDWOOD_6_N001,37.490252,-122.213021,31.03664
REDWOOD_6_N002,37.49025199994532,-122.2129070707913,31.03664
REDWOOD_6_N005,37.49016160208324,-122.213021,31.03664
REDWOOD_6_N006,37.49025199994532,-122.21313492920869,31.03664
REDWOOD_6_N007,37.49034239791678,-122.213021,31.03664
REEDLEY_1_N001,36.605116999986976,-119.3758071174397,27.41315
REEDLEY_6_N001,36.605116999986976,-119.3759188825603,27.41609
REINWY_LNODEGME,37.63942160426353,-120.92024637744797,28.76717
REINWY_LNODEQAC,37.6395070719657,-120.92028370125492,28.76717
RENFRO_1_N001,35.409999999987434,-119.16994483454441,28.21085
RENFRO_1_N010,35.409999999987434,-119.1700551654556,28.23734
RESERVR_LNODEFFW,37.651919999986276,-120.67483288823061,28.76129
RESERVR_LNODEPMW,37.651919999986276,-120.67494711176938,28.76129
RICE_6_N002,39.402805999985674,-122.01287205646442,28.67592
RICE_6_N101,39.402805999985674,-122.01298794353558,28.67592
RICHMOND_1_B1,37.92597623462323,-122.369629,30.42733
RICHMOND_1_N001,37.92589488267337,-122.36956945615904,30.42733
RINCON_1_N001,33.285967608914305,-116.9585228047856,29.59725
RINCON_1_N003,33.28578839099371,-116.95852280500573,29.59725
RINCON_6_N001,33.28578839099371,-116.95873719499427,30.29487
RINCON_6_N008,33.285967608914305,-116.9587371952144,30.29487
RIN_SUB_LNODEONA,34.28105422156671,-118.479,28.48754
RIN_SUB_LNODEONB,34.28097288920359,-118.47894317065887,28.48754
RIN_SUB_LNODEONC,34.28097288920359,-118.47905682934115,28.48754
RIOBRVO_1_N001,35.44252289360183,-119.26010566010629,28.26677
RIOBRVO_1_N006,35.44234310629778,-119.26010566035274,28.26677
RIOBRVTM_1_N001,35.44252289360183,-119.26032633989371,28.17552
RIODELL_6_N001,40.495382,-124.099276,29.76798
RIOHONDO_6_N001,34.10610615849042,-117.97947,28.97911
RIOHONDO_LNODEONDO,34.1060249207417,-117.97952664559254,27.7752
RIPON_1_N001,37.72,-121.13,29.74737
RIVERROC_6_N001,36.902618,-119.771768,26.91275
RIVRBANK_1_N001,37.76895425952452,-120.908163,28.54935
RIVRSIDE_6_N001,34.021990939807104,-117.33196554960466,29.12628
ROADWAY_1_N001,34.590373,-117.431752,21.46834
ROBROY_1_N001,36.979885,-121.867457,30.40378
ROCKET_1_N001,34.933939,-117.692217,22.92665
ROCKLIN_6_N001,38.788043999985874,-121.23171544490323,29.11157
ROCKLIN_6_N003,38.788043999985874,-121.23183055509676,29.11157
ROEDING_LNODEDR1,37.587341764588,-120.935901626126,28.52875
ROEDING_LNODEDR2,37.5872777703549,-120.935976143427,28.52286
ROEDING_LNODEDR3,37.5871231822836,-120.935612409,28.52286
ROEDING_LNODEDR5,37.5870085148256,-120.935981028585,28.52875
ROEDING_LNODEDR6,37.5871259671814,-120.935792411292,28.52875
ROEDING_LNODEDR7,37.5871257817397,-120.935692486018,28.52286
ROGERS_LNODEDR1,37.4749114287345,-121.178218328626,28.78778
ROGERS_LNODEDR2,37.4751811958932,-121.178206809282,28.78778
ROGERS_LNODEDR3,37.4750639771164,-121.17821700138,28.78778
ROGERS_LNODEDR5,37.4748414013345,-121.178225065561,28.78778
ROGERS_LNODEDR7,37.4749721097043,-121.178220428168,28.78778
ROGH-RDY_6_N001,37.95526599998612,-121.33253531114549,28.97322
ROSECYN_6_N001,32.84459772910598,-117.236988,30.57745
ROSECYN_6_N017,32.84451713543481,-117.23693261581597,30.57745
ROSEDAL_1_N001,35.37703397144563,-119.077971,28.28738
ROSELE_LNODEHMV,37.68013999998623,-120.94014286544196,28.776
ROSELE_LNODERLV,37.68013999998623,-120.94025713455804,28.776
ROSEMR_LNODEAEI,37.64253,-121.0423,28.78778
ROSE_6_N001,32.84451713543481,-117.23704338418403,28.12548
ROSSMOOR_2_N001,37.86470199998613,-122.08030973806707,30.04467
ROSSMOOR_2_N101,37.86470199998613,-122.08042426193292,30.04467
RSC_LNODE8LD,38.761389,-121.264722,28.83193
RSM_SUB_LNODEONB,34.244054210355124,-118.392,28.49048
RSM_SUB_LNODEONC,34.24397289480934,-118.39194320739797,28.49342
RSM_SUB_LNODEOND,34.24397289480934,-118.39205679260202,28.49048
RSNTAFE_6_N009,33.014261,-117.198557,30.35963
RSVTNRD_6_N001,36.624374,-121.68835,29.88572
RTRACK_1_N001,37.979737,-120.414515,27.73694
RUSSRCH_6_N001,40.819848,-123.826638,30.28015
RVRBANK_1_N001,37.76887287022286,-120.90810355553742,28.63471
RVRBANK_1_N005,37.76887287022286,-120.90822244446258,28.63471
SAFEWAY_1_N001,37.71,-121.4,29.49717
SALINAS_1_N001,36.683239999986945,-121.65120502290527,29.29701
SALINAS_1_N024,36.683239999986945,-121.65131697709472,29.29701
SANARDO_6_N001,36.073766,-120.936804,27.83407
SANCRLS_6_N001,37.49972924078839,-122.243974,31.02192
SANCRLS_6_N002,37.499647879591045,-122.24391479097326,31.02192
SANCRLS_6_N004,37.499647879591045,-122.24403320902674,31.02192
SANDCRK_6_N001,36.64502999998689,-119.15920293037858,27.58976
SANGER_1_N001,36.70707499998684,-119.6108700066517,27.36016
SANJOQN_6_N001,36.62101099998692,-120.17805409852517,26.89214
SANJOQN_6_N006,36.62101099998692,-120.17816590147483,26.8892
SANLUSRY_6_N013,36.77962699998679,-120.72995490173179,30.10943
SANLUSRY_6_N014,36.77962699998679,-120.73006709826822,30.10943
SANLUSRY_6_N101,33.211532999988535,-117.33442746812834,30.10943
SANLUSRY_6_N201,33.211532999988535,-117.33453453187165,30.10943
SANMATEO_1_N001,37.58333525489619,-122.319035,29.98285
SANMATEO_1_N001A,37.58325387253711,-122.31897570912398,30.55684
SANMATEO_1_N009,33.409472,-117.590641,29.98285
SANMATO_6_N001,37.58325387253711,-122.31909429087602,30.56567
SANMIGL_6_N001,35.75192,-120.684163,27.57799
SANMRCOS_6_N001,33.12885155124498,-117.19722253462301,30.32136
SANMRCOS_6_N007,33.12877399995433,-117.19716906934049,30.32136
SANMRCOS_6_N011,33.12869644873215,-117.19722253471747,30.32136
SANPBLO_1_N001,37.984803,-122.336618,30.48325
SANRAFL_1_N001,37.970858222937125,-122.527065,30.17713
SANRAFL_1_N006,37.97077688851645,-122.52700543261207,30.17713
SANRAFL_1_N007,37.97077688851645,-122.52712456738792,30.17713
SANRAMON_2_N001,37.745125434987564,-121.93600563263105,30.18007
SANRAMON_2_N004,37.74494456490202,-121.93600563291054,30.18007
SANRAMON_2_N023,37.74494456490202,-121.93623436708945,30.18007
SANRAMON_2_N024,37.745125434987564,-121.93623436736895,30.18007
SANTAFE_LNODEPLNT,38.77997308074166,-122.67005981025191,27.7752
SANTARO_1_N001,33.78461699446498,-116.41025972078828,29.14983
SANTARO_1_N014,33.78443700544048,-116.41025972101585,29.14983
SANTARO_1_N017,33.78443700544048,-116.41047627898415,29.14983
SANTARO_1_N021,33.78461699446498,-116.41047627921172,29.14983
SANTEE_1_N001,32.85452999998873,-116.96829070198787,29.35323
SANTEE_1_N004,32.85452999998873,-116.96839729801214,29.35323
SANYSDRO_6_N001,32.562237999988916,-117.02641779453799,30.49209
SANYSDRO_6_N004,32.562237999988916,-117.02652420546201,30.49209
SARATOGA_2_N001,37.28099617234283,-122.014883,29.73265
SARATOGA_2_N006,37.28091491381397,-122.0148240379766,29.73265
SARATOGA_2_N011,37.28091491381397,-122.0149419620234,29.73265
SAUGUS_6_N001,34.4222099999511,-118.5721663854507,28.64649
SAUSALTO_6_N001,37.86340599998612,-122.49836873883264,30.87475
SAUSALTO_6_N002,37.86340599998612,-122.49848326116737,30.87475
SCA_GS_LNODE1AUX,33.91807886040714,-118.42789938920775,28.49048
SCA_GS_LNODE2AUX,33.91816402577284,-118.42793487934084,28.49048
SCA_GS_LNODE4AUX,33.91825400500674,-118.42792894664778,28.48754
SCA_GS_LNODE5AUX,33.91833643226557,-118.42788506116258,28.48754
SCA_GS_LNODE6AUX,33.91840200617013,-118.42781057548723,28.48754
SCA_GS_LNODE7AUX,33.91844466871178,-118.42771492357166,28.48459
SCA_LA_LNODE3SS,33.91846141326686,-118.42760822199088,28.48754
SCA_SUB_LNODEONA,33.918451884282646,-118.42750023805854,28.49048
SCA_SUB_LNODEONB,33.91841787609632,-118.42739967533626,28.49048
SCHINDLR_1_N005,36.402237,-120.138272,26.08561
SCHMLBCH_1_N001,38.3,-121.87,29.43536
SCLARA_6_N001,34.3007956214976,-119.18563240503143,29.12923
SCRIPPS_6_N001,32.91119872129761,-117.112589,30.58039
SCRIPPS_6_N008,32.91111813933897,-117.11253358224198,30.58039
SCRIPPS_6_N013,32.91111813933897,-117.112644417758,30.58039
SCWAX_1_N001,36.700797999986875,-119.75448599883885,27.4367
SCY_LNODE102,38.508556628165735,-121.46418309094265,28.84959
SCY_LNODE103,38.50837670505527,-121.4641830912299,28.84959
SCY_LNODE105,38.50837670505527,-121.4644130198821,28.84959
SCY_LNODE106,38.508556628165735,-121.46441302016935,28.84959
SEARLES_7_N001,35.75666699998737,-117.38050076336167,22.01775
SEMITRPC_1_N001,35.600398,-119.437498,27.89589
SERRMNTE_1_N011,37.69171986891291,-122.4557633854276,30.90712
SFIA-MA_1_N001,37.63904926020716,-122.385896,30.83354
SFIA_1_N001,37.63896786988162,-122.38583665888167,30.76583
SFIA_1_N007,37.63896786988162,-122.38595534111833,30.76583
SHADOWR_1_N001,33.141540731105856,-117.238793,30.20068
SHADOWR_1_N006,33.141460134434745,-117.23873742707973,30.20068
SHADOWR_1_N008,33.141460134434745,-117.23884857292028,30.20068
SHADYGLN_6_N001,39.115058,-120.95331,30.83354
SHAFTER_7_N022,39.77608299994151,-122.10394676937125,28.22851
SHARON_1_N001,37.097275,-120.156454,27.68984
SHAWROAD_1_N001,37.55,-122.42,30.6687
SHLLCHM_6_N001,38.031607,-121.945728,29.6885
SHNGLESR_1_N001,38.65969989665331,-120.946938,29.07624
SHNGLESR_1_N004,38.659619051658225,-120.94687822587784,29.07624
SHNGLESR_1_N103,38.659619051658225,-120.94699777412217,29.07624
SHREDDER_1_N001,37.511676999986356,-122.20767698568532,30.78938
SIERABRK_LNODE19,39.646142,-120.217943,30.11237
SILVERDO_1_N001,38.49950299998593,-122.45908751973128,29.51189
SILVERDO_1_N002,38.49950299998593,-122.45920248026871,29.51189
SISK_LNODEKZH,37.69048760173528,-121.02087456863451,28.76129
SISK_LNODEYUP,37.69057307242136,-121.0209119194331,28.76129
SISQUOC_1_N001,34.87826099998756,-120.33120693531723,28.50226
SISQUOC_1_N020,34.87826099998756,-120.33131706468278,28.50226
SLMNCRK_6_N001,38.343592,-123.044809,30.55979
SMRTVLTP_6_N101,39.207939,-121.301476,28.47871
SMTRPCWS_1_N001,35.59,-119.44,27.89
SNANDRES_6_N001,37.603294,-122.420424,30.89535
SNBRNRD_6_N001,35.092421,-118.878241,27.96653
SNJOSEB_1_N001,37.34102432531631,-121.9009493888098,30.84237
SNJOSEB_1_N005,37.34084367457506,-121.9009493890831,30.84237
SNJOSEB_1_N009,37.34084367457506,-121.9011766109169,30.84237
SNJOSEB_1_N013,37.34102432531631,-121.9011766111902,30.84237
SNJSEA_1_N001,37.328246190599145,-121.902531,30.81882
SNJSEA_1_N005,37.32816490468582,-121.90247198103432,30.81882
SNJSEA_1_N101,37.32816490468582,-121.90259001896567,30.81882
SNLNDRO_1_N001,37.711237436769906,-122.14880668270004,30.9395
SNLNDRO_1_N014,37.71105656311971,-122.14880668297907,30.9395
SNLNDRO_1_N017,37.71105656311971,-122.14903531702092,30.9395
SNLNDRO_1_N027,37.711237436769906,-122.14903531729996,30.9395
SNROSA_LNODEMEA,37.5099999999863,-121.22994301594794,28.77895
SNROSA_LNODEYWX,37.5099999999863,-121.23005698405206,28.77895
SNTAMRA_1_N001,33.12877399995433,-117.19738293065951,28.49342
SNTAMRA_1_N005,33.12885155124498,-117.19732946537698,28.49342
SNTANLA_6_N001,37.085979,-121.013273,28.16669
SNTARSA_1_N001,38.43691201584367,-122.71331,30.06527
SNTARSA_1_N002,38.43683099206306,-122.71325027901105,30.06527
SNTARSA_1_N006,38.43683099206306,-122.71336972098895,30.06527
SNTARTA_6_N001,37.055061,-120.634086,27.26597
SNTAYNZ_1_N001,34.625273999987726,-120.11813905143147,28.62
SNTAYNZ_1_N002,34.625273999987726,-120.11824894856854,28.62
SNTHLNE_6_N001,37.6223639999863,-122.44717791303894,31.02192
SNTHLNE_6_N002,37.6223639999863,-122.44729208696106,31.02192
SOBRANTE_1_N001,37.90594,-122.208144,30.27132
SOLEDAD_6_N001,36.429513,-121.331901,29.64435
SONOFRE_2_N067,33.3697279999884,-117.55438367777961,29.86217
SOUTHBAS_1_N001,34.881503,-117.892023,23.87447
SOUTHBY_6_N001,38.575612901218726,-121.497588,29.34116
SOUTH_LNODE108,40.39538221,-121.8791458,27.79875
SOUTH_LNODE204,40.39538220993951,-121.87902727370097,27.79875
SOUTH_LNODEC542,40.39529194143137,-121.87902727385986,27.79875
SOUTH_LNODEC544,40.39522811201244,-121.87911108453021,27.79875
SOUTH_LNODEC546,40.39521284740522,-121.87922790359386,27.79875
SOUTH_LNODEC547,40.39524411201219,-121.8793390934442,27.79875
SOUTH_LNODEC548,40.39530994650243,-121.87942018597366,27.79875
SOUTH_LNODEC549,40.395395258043976,-121.87945892278287,27.79875
SOUTH_LNODEC550,40.3954853917418,-121.8794524474595,27.79875
SOUTH_LNODEC552,40.39556796052161,-121.87940454742642,27.79875
SPANSHCK_6_N001,40.026139,-120.961748,28.35508
SPENCE_6_N001,36.613591,-121.566779,29.69439
SPICAMIN_1_N001,38.73992576174639,-120.67723108004192,29.0262
SPRINGVL_6_N001,36.10586253074472,-118.93516918490357,27.98125
SPRNGVLY_6_N001,32.73903399998875,-117.00264674817954,30.86742
SPRNGVLY_6_N010,32.73903399998875,-117.00275325182045,30.86742
SQAWVLY_LNODE01,39.20568653401713,-120.20123845453338,30.1006
SQAWVLY_LNODE81,39.20550746586879,-120.20123845482796,30.1006
SQAWVLY_LNODE82,39.20550746586879,-120.20146954517205,30.1006
SQAWVLY_LNODE83,39.20568653401713,-120.20146954546662,30.1006
STAFFORD_6_N002,38.12003299998604,-122.61362861905879,30.06822
STAFFORD_6_N101,38.12003299998604,-122.6137433809412,30.06822
STAGG_2_N001,37.99164936143144,-121.34848834268168,29.37943
STAGG_2_N014,37.99146863845723,-121.34848834296415,29.37943
STAGG_6_N001,37.99146863845723,-121.34871765703586,29.40003
STAGG_6_N003,37.99164936143144,-121.34871765731833,29.40003
STAMPEDE_LNODE19,39.46748199998557,-120.10518300964912,30.14475
STATELN_LNODE01,38.95238461856907,-119.94181675988908,28.49931
STATELN_LNODE22,38.952205381317675,-119.94181676018052,28.49931
STATELN_LNODE23,38.952205381317675,-119.94204723981947,28.49931
STATELN_LNODELY,38.95238461856907,-119.94204724011091,28.49931
STATIN-L_7_N001,37.81024899998616,-122.271385771776,30.51269
STATIND_1_N001,37.837585251800924,-122.263503,30.44793
STATIND_1_N010,37.83750387408463,-122.26344350874284,30.44793
STATIND_1_N013,37.83750387408463,-122.26356249125715,30.44793
STATINJ_1_N001,37.76334825993251,-122.214444,31.40164
STATINJ_1_N012,37.763266870018874,-122.21438455959633,31.40164
STATINJ_1_N027,37.763266870018874,-122.21450344040367,31.40164
STATINL_1_N001,37.81024899998616,-122.271500228224,30.50975
STATINX_1_N001,37.80554442667025,-122.23091354965457,30.49209
STATINX_1_N012,37.805363573219,-122.23091354993484,30.49209
STATINX_1_N014,37.805363573219,-122.23114245006515,30.49209
STATINX_1_N024,37.80554442667025,-122.23114245034543,30.49209
STB_LNODE201,38.57233333333333,-121.483291944444,28.84665
STB_LNODE202,38.57233333327705,-121.48317695138249,28.84665
STB_LNODE203,38.57224342921349,-121.48317695152639,28.84665
STB_LNODE204,38.57217985749196,-121.48325826382802,28.84665
STB_LNODE205,38.572164654514715,-121.48337160056485,28.84665
STB_LNODE206,38.57219579290459,-121.48347947588752,28.84665
STB_LNODE207,38.5722613616095,-121.48355815106362,28.84665
STB_LNODE208,38.57234632872595,-121.48359573311588,28.84665
STB_LNODE209,38.57243609852223,-121.48358945079376,28.84665
STB_LNODE210,38.57251833393617,-121.48354297863219,28.84665
STB_LNODE211,38.572583755229644,-121.4834641025941,28.84665
STB_LNODE212,38.57262631848412,-121.48336281268834,28.84665
STCKTNAR_6_N001,37.963279,-121.323476,28.97911
STCRUZ_LNODECXA,37.627559999986325,-120.97504290860819,28.72008
STCRUZ_LNODEWLS,37.627559999986325,-120.97515709139182,28.72008
STDDRD_LNODECEA,37.704079999986206,-121.06864284680097,28.76717
STDDRD_LNODEWZO,37.704079999986206,-121.06875715319903,28.76717
STDOIL_1_N009,37.94,-122.38,30.49503
STD_LNODENE1,38.57225,-121.500568888889,28.84665
STD_LNODENE2,38.572249999943736,-121.50045389586575,28.84665
STD_LNODENE4,38.57217214071853,-121.50051139243968,28.84665
STD_LNODENE5,38.57217214071853,-121.50062638533832,28.84665
STD_LNODENE6,38.572249999943736,-121.50068388191225,28.84665
STD_LNODENE7,38.57232785925329,-121.50062638546294,28.84665
STD_LNODENE8,38.57232785925329,-121.50051139231506,28.84665
STELLING_1_N001,37.3360521934471,-122.042805,29.91515
STELLING_1_N004,37.33597090326187,-122.04274597179945,29.91515
STELLING_1_N007,37.33597090326187,-122.04286402820055,29.91515
STE_SM_LNODE301,38.58631666666667,-121.472838888889,28.84371
STE_SM_LNODE302,38.586316666610415,-121.47272388936047,28.84371
STE_SM_LNODE303,38.58622677499287,-121.47272388950444,28.84371
STE_SM_LNODE304,38.58616321207191,-121.47280520637891,28.84371
STE_SM_LNODE305,38.58614801119931,-121.4729185494895,28.84371
STE_SM_LNODE306,38.58617914527848,-121.47302643087885,28.84371
STE_SM_LNODE307,38.58624470490619,-121.47310511047952,28.84371
STE_SM_LNODE308,38.586329660260105,-121.47314269464546,28.84371
STE_SM_LNODE309,38.58641941762905,-121.47313641197016,28.84371
STF_LNODEDAX,37.69055999998624,-121.02097285725026,28.75246
STF_LNODEIPN,37.69055999998624,-121.02108714274974,28.75246
STJ_SUB_LNODEONB,34.067054141297895,-118.226,28.49048
STJ_SUB_LNODEONC,34.06697292933807,-118.22594339850212,28.49637
STJ_SUB_LNODEOND,34.06697292933807,-118.22605660149787,28.49637
STKTONA_1_N001,37.94722338217881,-121.28911838573319,28.97911
STKTONA_1_N003,37.947042617710025,-121.28911838601516,28.97911
STKTONA_6_N001,37.947042617710025,-121.28934761398483,29.14395
STKTONA_6_N004,37.94722338217881,-121.2893476142668,29.14395
STLLWATR_6_N001,40.677845,-122.34971,28.23734
STOCKDLE_1_N001,35.316584007161445,-119.06818269302951,28.255
STOCKDL_2_N001,35.31640399273835,-119.06818269327503,28.28738
STOCKDL_2_N002,35.31640399273835,-119.06840330672496,28.28738
STOCKDL_2_N101,35.316584007161445,-119.0684033069705,28.28738
STOCKM_LNODEVZF,37.62761110994497,-120.9752808828705,28.76129
STOCKM_LNODEXFA,37.62770154232185,-120.9751667,28.76129
STONCRRL_6_N001,36.472251999987044,-119.18811326795893,27.7752
STONCRRL_6_N003,36.472251999987044,-119.18822473204106,27.7752
STONE_1_N001,37.303708999986505,-121.86757223713448,30.63926
STONE_1_N005,37.303708999986505,-121.8676857628655,30.63926
STONYPT_1_N001,38.42,-122.78,30.11531
STOREY1_2_N001,36.98288702744317,-120.033746,27.83996
STOREY2_2_N001,36.98280598626407,-120.03380457310557,27.85173
STREAMVW_6_N001,32.745604999988714,-117.07864474591278,30.82363
STREAMVW_6_N007,32.745604999988714,-117.07875125408721,30.82363
STROUD_6_N001,36.530868,-120.104386,26.4771
STUART_6_N001,33.256701,-117.416547,30.40672
STURLOCK_LNODEDR3,37.4835881458663,-120.846727672541,28.64649
STURLOCK_LNODEDR4,37.4835360336794,-120.846797393384,28.64649
STURLOCK_LNODEDR7,37.4834830942642,-120.846867453726,28.64649
STURLOCK_LNODER13,37.483522165007,-120.846657059231,28.64649
SUISUN_1_N001,38.24526219208727,-122.04122215940386,29.45302
SUISUN_1_N008,38.24508180780079,-122.04122215968883,29.45302
SUISUN_1_N009,38.24508180780079,-122.04145184031117,29.45302
SUMMIT_6_N001,39.319203,-120.378897,30.3714
SUNOL_6_N001,37.586891,-121.869379,30.26838
SURF_1_N009,34.61,-120.22,28.56701
SWEETWTR_6_N017,32.65811799998879,-117.0916867727539,30.41261
SWEETWTR_6_N018,32.65811799998879,-117.0917932272461,30.41261
SWIFT_1_N001,37.3225281884819,-121.796729,30.17713
SWIFT_1_N003,37.322446905744414,-121.79666998783091,30.17713
SWIFT_1_N006,37.322446905744414,-121.79678801216909,30.17713
SYCAMORE_1_N101,39.76991684305054,-121.824218,28.60528
SYCAMORE_1_N201,39.76983607845885,-121.82415733357864,28.60528
SYCAMORE_1_N301,39.76983607845885,-121.82427866642136,28.60528
SYLVANCM_LNODECPR,37.688469999986225,-120.97663285888366,28.77012
SYLVANCM_LNODEHGR,37.688469999986225,-120.97674714111633,28.77012
TAFT1_1_N001,35.14999999998751,-119.47994486994581,27.86056
TAFT1_1_N004,35.14999999998751,-119.48005513005418,27.86056
TAHDONR_LNODE07,39.337309,-120.221277,30.22128
TAHOCTY_LNODE01,39.165971540038264,-120.14445351203682,30.11826
TAHOCTY_LNODE71,39.16579245984778,-120.14445351233086,30.11826
TAHOCTY_LNODE72,39.16579245984778,-120.14468448766914,30.11826
TAHOCTY_LNODE73,39.165971540038264,-120.14468448796318,30.11826
TAMARACK_6_N001,39.313743,-120.496804,30.46854
TAMARISK_1_N001,33.817316,-116.454898,29.02326
TAP710_1_N004,32.595376662064226,-117.0577334243903,-41.27943
TAP801_1_N001,34.109614,-116.411837,28.97911
TAP807_1_N001,34.0,-116.5,28.59645
TAR_SUB_LNODEONA,34.17905418777958,-118.544,28.48165
TAR_SUB_LNODEONB,34.1789729060972,-118.54394327481864,28.48165
TAR_SUB_LNODEONC,34.1789729060972,-118.54405672518136,28.48459
TASSAJAR_2_N001,37.79959499998613,-121.9077887787453,30.17124
TASSAJAR_2_N002,37.79959499998613,-121.9079032212547,30.17124
TAYLOR_LNODEDR1,37.5369331958297,-120.809398426319,28.55818
TAYLOR_LNODEDR5,37.5369383829719,-120.809348192848,28.55818
TAYLOR_LNODEDR7,37.536937531095,-120.809217269976,28.55524
TAYLOR_LNODEDR8,37.5369366699963,-120.809289591436,28.55818
TECUYA_6_N001,35.018589,-118.979536,28.05189
TEICHERT_1_N001,37.79,-121.36,29.03504
TEJON_6_N001,35.019534,-118.954779,28.05189
TELECYN_1_N001,32.6379177816674,-117.01607,30.06822
TELECYN_1_N006,32.63783710915427,-117.01601469007429,30.06822
TELECYN_1_N014,32.63783710915427,-117.01612530992571,30.06822
TEMBLOR_1_N003,35.382795999987465,-119.69634883811833,27.90177
TEMPLETN_2_N008,35.554496,-120.679996,27.96064
TERMNOUS_6_N001,38.116464,-121.422007,29.74737
TESSUB_2_N001,37.73,-121.93,30.48031
TEVIS_1_N001,35.319191999987495,-119.12859784623319,28.25794
TEVIS_1_N003,35.319191999987495,-119.12870815376681,28.27266
TEXSUN1G_7_N001,35.36999999998748,-119.4800551602316,28.13726
TEXSUN2G_7_N001,35.3599999999875,-119.48005515895167,28.13726
THORNHIL_1_N001,33.833699,-116.524642,28.87314
TIDEWATR_2_N001,38.01989465330933,-122.06150068264388,30.13003
TIDEWATR_2_N014,38.02007534657929,-122.06150068292666,30.13003
TLRELKE_6_N001,36.003703,-119.948802,27.85762
TOCALOMA_6_N001,38.05521,-122.760914,30.20656
TOL_SUB_LNODEONA,34.175740310821865,-118.36069083905292,28.49637
TOL_SUB_LNODEONB,34.1755596890815,-118.36069083928658,28.49342
TOL_SUB_LNODEONC,34.1755596890815,-118.36090916071342,28.49342
TOL_SUB_LNODEOND,34.175740310821865,-118.36090916094707,28.49342
TOREYPNS_6_N001,32.89877953728695,-117.23987836114813,30.45676
TOREYPNS_6_N007,32.89860046262259,-117.23987836136372,30.45676
TOREYPNS_6_N008,32.89860046262259,-117.24009163863627,30.45676
TOREYPNS_6_N009,32.89877953728695,-117.24009163885188,30.45676
TORTILLA_1_N007,34.874547,-117.064691,24.35501
TRABUCO_1_N001,33.5630767991568,-117.67324523376014,30.0064
TRABUCO_1_N005,33.562897200749894,-117.67324523398426,30.0064
TRABUCO_1_N009,33.562897200749894,-117.67346076601574,30.0064
TRABUCO_1_N013,33.5630767991568,-117.67346076623986,30.0064
TRACY_1_N001,37.748395999944734,-121.41564562794372,29.41475
TRACY_1_N002,37.748305565247314,-121.41576,29.41475
TRACY_1_N007,37.748395999944734,-121.41587437205628,29.41475
TRACY_1_N101,37.74848643475262,-121.41576,29.41475
TRESVIS_6_N001,39.486707,-121.687993,28.56996
TRIMBLE_1_N004,37.42009036798162,-121.72988621524279,30.86886
TRIMBLE_1_N010,37.41990963190925,-121.72988621551741,30.86886
TRIMBLE_1_N016,37.41990963190925,-121.7301137844826,30.86886
TRIMBLE_1_N020,37.42009036798162,-121.73011378475721,30.86886
TRINIDAD_6_N001,41.064242,-124.128367,29.69439
TRUCKEE_LNODE02,39.330431720184855,-120.181195,30.17418
TRUCKEE_LNODE03,39.33035113989209,-120.18113485420918,30.17418
TRUCKEE_LNODE49,39.33035113989209,-120.18125514579083,30.16535
TUDOR_6_N001,38.982071,-121.635205,29.09391
TULUCAY_6_N001,38.247946,-122.268228,29.98874
TUPMAN_1_N101,35.354039,-119.270638,28.21085
TVYVLLY_6_N001,36.770622,-119.393233,27.27774
TXROSDL_1_N001,35.37695301426363,-119.07791367489159,28.28738
TXROSDL_1_N002,35.37695301426363,-119.0780283251084,28.28738
TYLER_6_N001,40.138392982499205,-122.20848578836895,29.08213
TYLER_6_N002,40.138392982499205,-122.20860821163106,29.08213
UCM_6_N001,32.88368472395273,-117.222424,30.50092
UCM_6_N002,32.88360413801135,-117.22236859671557,30.50092
UCM_6_N006,32.88360413801135,-117.22247940328444,30.50092
UKIAH_1_N001,39.142823455087914,-123.19204845611492,29.88572
UKIAH_1_N005,39.14300254479826,-123.19204845640866,29.88572
UPPRLKE_6_N001,39.145906,-122.916845,29.86806
URBAN_6_N001,32.71330799998875,-117.15140275665348,30.51563
URBAN_6_N005,32.71330799998875,-117.15150924334651,30.51563
URICH_6_N001,38.029918,-122.103005,30.61277
VACA-DIX_1_N001,38.401616982566644,-121.91986928712716,29.0056
VACAVIL_1_N001,38.356520058867716,-121.97951,29.04092
VACAVIL_1_N101,38.35643897055109,-121.97945029786577,29.0733
VACAVIL_1_N102,38.35643897055109,-121.97956970213424,29.0733
VALCNTR_6_N001,33.230683,-117.018401,30.28015
VALLEYSC_1_N001,33.738397971600605,-117.156432,28.83487
VALLEYSC_1_N107,33.738317014186954,-117.15648820699798,28.84665
VALLYHM_1_N001,37.85575599998615,-120.94408374338772,34.66
VALLYVW_1_N001,37.96607299998612,-122.27841868352904,30.46854
VALLYVW_1_N003,37.96607299998612,-122.27853331647096,30.46854
VAL_GS_LNODE5AUX,34.24482148241572,-118.3914027121072,28.49048
VAL_GS_LNODE6AUX,34.24485277566131,-118.39150524618782,28.48754
VAL_GS_LNODE7AUX,34.24491867043375,-118.39158002588233,28.48754
VAL_GS_LNODE8AUX,34.245004060069334,-118.391615747079,28.49048
VAL_LNODELSS,34.24509427625119,-118.39160977576542,28.49048
VASCO_6_N001,37.71132099998621,-121.71587984128799,30.02995
VASCO_6_N003,37.71132099998621,-121.71599415871201,30.02995
VASONA_2_N001,37.26,-121.9,29.69439
VEDDER_1_N001,35.61,-118.96,28.45516
VEL_SUB_LNODEONA,34.01555411723447,-118.204,28.49637
VEL_SUB_LNODEONB,34.01547294136984,-118.20394345800285,28.49637
VEL_SUB_LNODEONC,34.01547294136984,-118.20405654199715,28.49637
VESTAL_6_N001,35.85713659527842,-119.08872645400277,27.73694
VICTOR_1_N001,38.145651267656454,-121.17732422029407,22.79233
VICTOR_6_N001,38.145470732231836,-121.17755377942188,29.26463
VICTOR_6_N002,38.145651267656454,-121.17755377970593,29.26463
VIEJOSC_2_N001,36.578772821150025,-121.908968,29.59725
VIEJOSC_2_N004,33.667334,-117.642727,29.59725
VIEJO_6_N001,36.578692089410936,-121.90890995739635,29.30878
VIEJO_6_N003,36.578692089410936,-121.90902604260364,29.30878
VIERRA_1_N001,37.85,-121.24,29.38237
VINA_6_N001,39.941614,-122.041739,28.86725
VINEYARD_2_N001,37.66967326170019,-121.85436,30.26543
VINEYARD_2_N002,37.66959186913507,-121.85430063276966,30.26543
VINEYARD_6_N001,37.66959186913507,-121.85441936723034,30.12414
VN_SUB_LNODEONA,34.18009031354033,-118.44489083013903,28.49637
VN_SUB_LNODEONB,34.17990968636295,-118.44489083037274,28.49342
VN_SUB_LNODEONC,34.17990968636295,-118.44510916962726,28.49637
VN_SUB_LNODEOND,34.18009031354033,-118.44510916986097,28.49342
VSTA_1_N001,34.04125299995202,-117.32061812723687,29.00854
VSTA_6_N001,34.04125299995202,-117.32083587276313,29.0262
WAHTOKE_1_N001,36.61618299998699,-119.452409104289,27.33956
WAHTOKE_1_N002,36.61618299998699,-119.45252089571099,27.33956
WALNUT_6_N001,34.00840381020035,-117.94966020073771,29.20282
WARENCYN_6_N001,33.01545499998868,-117.00226861385794,30.20656
WARENCYN_6_N002,33.01545499998868,-117.00237538614206,30.20656
WARNERS_6_N001,33.247186,-116.675942,29.49359
WARNER_LNODERV1,41.50091505739131,-120.533072,28.08722
WARNER_LNODERV3,41.50083397128745,-120.53300949206302,28.08722
WARNER_LNODESC1,41.50083397128745,-120.53313450793698,28.08722
WASCO_7_N008,39.77617274317707,-122.10383,28.03718
WASHNGT_LNODEDR1,37.4893772928244,-120.903967825898,28.69359
WASHNGT_LNODEDR2,37.4895172164325,-120.904092990936,28.69359
WASHNGT_LNODEDR3,37.4894692627508,-120.903968029781,28.69359
WASHNGT_LNODEDR4,37.489297130992,-120.993988447763,28.69359
WASHNGT_LNODEDR5,37.4894207521695,-120.904091725093,28.69359
WASHNGT_LNODEDR6,37.4892474344412,-120.904090188054,28.69359
WASHNGT_LNODEDR7,37.4892029595549,-120.903964429204,28.69359
WASHNGT_LNODER15,37.4893341220127,-120.90409199878,28.69359
WATRSHED_6_N001,37.487815,-122.310237,30.76289
WEBER_6_N001,37.919828,-121.240232,29.16161
WEC_SY_LNODEUX1,37.4878752249074,-120.89565231921667,28.65238
WEC_SY_LNODEUX2,37.4878752249074,-120.89576624369113,28.6406
WELFLDPM_LNODELPMP,34.16127269818337,-114.38198913123861,28.02835
WELFLDPM_LNODERALS,34.16145330172,-114.38198913147205,28.02835
WEMRSWS_6_N001,39.035984,-120.987909,30.52446
WESTLANE_6_N001,37.990674,-121.282373,29.60314
WESTLNDS_1_N001,36.3999999999871,-120.31994434326373,26.24751
WESTLNDS_1_N019,36.3999999999871,-120.32005565673627,26.24751
WESTPARK_1_N001,35.374163973003284,-119.039839,28.34036
WESTPARK_1_N005,35.374083013484764,-119.03978167527592,28.34036
WESTPARK_1_N009,35.374083013484764,-119.03989632472408,28.34036
WESTPLAT_1_N001,35.42,-119.3,28.19024
WESTPORT_LNODEDR1,37.5225825838401,-120.993998352649,28.59056
WESTPORT_LNODEDR3,37.5223769944682,-120.993990429526,28.58762
WESTPORT_LNODEDR5,37.5225172095941,-120.993995815213,28.59056
WESTPORT_LNODEDR7,37.5224455031416,-120.903973009416,28.58762
WHEATLND_6_N001,39.013055,-121.418524,28.58762
WHEELER_6_N001,35.089761,-118.976591,28.04012
WHISMAN_1_N001,37.40491321634772,-122.068856,39.0
WHISMAN_1_N004,37.404831891811426,-122.06879689262591,39.0
WHISMAN_1_N009,37.404831891811426,-122.06891510737408,39.0
WHITMORE_6_N001,40.628753,-121.915711,28.67887
WILDWOOD_1_N001,40.387138,-123.045061,28.79955
WILKINS_6_N001,39.00552,-121.867233,29.18221
WILLIAMS_6_N002,39.15758,-122.14762,28.81133
WILLITS_6_N001,39.405666,-123.327366,30.15358
WILLOWS_6_N001,39.531805,-122.185874,28.65826
WIL_SUB_LNODEONB,33.797999999988214,-118.25794584458627,28.49637
WIL_SUB_LNODEONC,33.797999999988214,-118.25805415541372,28.49637
WINTERS_6_N001,38.517708,-121.951331,29.20282
WOHLER_6_N001,38.512048,-122.880906,30.25955
WOLFE_1_N001,37.335142193117605,-122.020824,29.9181
WOLFE_1_N002,37.335060903426545,-122.02076497287341,29.9181
WOLFE_1_N007,37.335060903426545,-122.02088302712659,29.9181
WOODACRE_6_N001,38.012118,-122.65455,30.17124
WOODLD_1_N001,38.67823188725648,-121.760143,29.46479
WOODLD_1_N005,38.67815105635662,-121.76008322082818,29.46479
WOODLD_1_N012,38.67815105635662,-121.76020277917182,29.46479
WOODSIDE_6_N003,37.43624399998641,-122.2420270905538,30.41261
WOODSIDE_6_N004,37.43624399998641,-122.24214090944619,30.41261
WOODWARD_1_N005,36.8966369999867,-119.74995475043866,27.62214
WOODWARD_1_N006,36.8966369999867,-119.75006724956134,27.62214
WPBART_1_N001,38.02005420797604,-121.98,30.21834
WPBART_1_N004,38.01997289599686,-121.97994040909197,30.21834
WPBART_1_N026,38.01997289599686,-121.98005959090804,30.21834
WSCOPRSN_1_N001,35.61,-119.37,27.95476
WSCRMNO_1_N004,38.58939293336201,-121.545027,29.52366
WSCRMNO_1_N013,38.58931203330379,-121.54496724378153,29.52366
WSCRMNO_1_N201,38.58931203330379,-121.54508675621847,29.52366
WSTFRSO_1_N001,36.71841899998688,-119.81853697917856,27.36899
WSTFRSO_1_N004,36.71841899998688,-119.81864902082144,27.36899
WSTLD1RA_1_N001,36.72,-120.72,27.27774
WYANDTTE_1_N001,39.491682744465926,-121.541161,28.50814
WYANDTTE_1_N003,39.49160212775149,-121.54110068770393,28.50814
WYANDTTE_1_N102,39.49160212775149,-121.54122131229607,28.50814
ZACA_1_N001,34.696829,-120.151374,28.59645
ZANKER_1_N001,37.469999999986335,-121.8099430557453,30.8041
ZANKER_1_N003,37.469999999986335,-121.8100569442547,30.8041
AGER_LNODE35,41.8675,-122.46414,0.0
ALTURAS_LNODE17,41.49972,-120.53306,0.0
BIGSPRIN_LNODELD1,41.616776,-122.39929,0.0
CAMERON_LNODEKM,32.65324599998863,-116.48817922595589,0.0
CASTELLA_LNODE,41.146254,-122.319747,0.0
CEDARVIL_LNODED1,41.53156,-120.18194,0.0
CLEARLAO_LNODE44,41.704981,-121.276741,0.0
COPCO2_LNODE21,41.97667,-122.36167,0.0
DAVISCR_LNODED1,41.73,-120.37,0.0
DELNORTE_LNODE50,41.86761799998422,-124.13905472462552,0.0
DELNORTE_LNODE51,41.86761799998422,-124.13917527537447,0.0
DOGCREEK_LNODE,40.94013311,-122.431008,0.0
DORRIS_LNODE06,41.96694,-121.91333,0.0
EAGLEMTN_LNODEHI,33.8199729920039,-115.44005630685402,0.0
FLINT_LNODE_LDT1,38.88530299998586,-121.06681059075832,0.0
GASQUET_LNODE42,41.84833,-123.96667,0.0
INTERNAT_LNODELD,41.432568,-122.38296,0.0
LITTLESH_LNODELD1,41.70174123,-122.3696599,0.0
LUCERNE_LNODELD,41.60361,-122.5225,0.0
MACDOEL_LNODE20,41.83166999998427,-122.00465973878569,0.0
MACDOEL_LNODE45,41.83166999998427,-122.00478026121432,0.0
MADISON_LNODE1,38.67065905446531,-121.9691977771112,0.0
MOTT_LNODE,41.262727,-122.270475,0.0
NDUNSMUI_LNODE7,41.2207989999844,-122.27643096616978,0.0
NDUNSMUI_LNODE9,41.2207989999844,-122.27655103383022,0.0
NEWELL_LNODE90,41.888139999984205,-121.37845028379793,0.0
NUTGLADE_LNODE,41.178254,-122.290711,0.0
PATRICKS_LNODE49,41.88139,-123.86472,0.0
PEREZ_LNODED1,41.63306,-121.22639,0.0
PRAXAIR_LNODEPM,37.99999999998611,-121.81005733246779,0.0
REDWOODU_LNODED2,41.76083,-124.16347,0.0
SDUNSMUI_LNODE,41.201244,-122.2764098,0.0
SHASTINA_LNODELD1,41.548666,-122.364174,0.0
SHOTGUNC_LNODE,41.053889,-122.381667,0.0
TULELAKE_LNODE35,41.95333,-121.47111,0.0
TUNNEL_LNODE33,41.925559999984245,-121.56576970013403,0.0
TUNNEL_LNODE40,41.925559999984245,-121.56589029986597,0.0
WEED_LNODER1,41.43139,-122.38944,0.0
YREKA_LNODE76,41.72897989068449,-122.63154955171838,0.0
YREKA_LNODED1,41.72880010918983,-122.63154955205546,0.0
YREKA_LNODED2,41.72880010918983,-122.63179044794454,0.0
YREKA_LNODED3,41.72897989068449,-122.63179044828162,0.0
