node_id,lat,lon,price_dp
12TH_S_LNODENMZ,37.63715677998629,-120.99316020050249,48.98715
12TH_S_LNODEXWQ,37.63715677998629,-120.99327439949751,48.98715
8TH_ST_LNODEBXG,37.64197726998626,-121.00603849646912,48.98222
8TH_ST_LNODELZF,37.64197726998626,-121.00615270353089,48.98222
AEC300_1_N001,37.74,-121.48,48.75038
AGNEW_1_N003,37.51,-121.84,50.88369
AIRPROD_1_N001,36.65,-119.54,49.79097
AIR_SUB_LNODENAA,33.96205409081493,-118.376,47.56988
AIR_SUB_LNODENAB,33.961972954579615,-118.37594352117388,47.56988
AIR_SUB_LNODEONC,33.961972954579615,-118.37605647882611,47.56988
ALAMITOS_2_N001,33.771584,-118.100596,48.96246
ALAMITOS_2_N040,33.77,-118.1,48.96246
ALAMT1G_7_N002,33.77149401717401,-118.1004877514908,48.96246
ALAMT2G_7_N002,33.771415173499584,-118.10067098425147,48.96246
ALAMT3G_7_N002,33.77144633917227,-118.10077253262283,48.96246
ALAMT4G_7_N002,33.771511965310076,-118.10084659342048,48.96246
ALAMT5G_7_N002,33.771597006833865,-118.1008819712055,48.96246
ALAMT6G_7_N002,33.77176916262267,-118.10083231072662,48.96246
ALHAMBRA_1_N001,37.99408499998608,-122.13031167024367,49.3306
ALHAMBRA_1_N002,37.99408499998608,-122.13042632975633,49.3306
ALLEGHNY_6_N001,39.464893,-120.844946,49.20157
ALMADEN_6_N001,37.26027,-121.890082,50.20222
ALMOND_LNODEAUX,37.574202045609525,-120.98511610244,48.70074
ALPAUGH_7_N002,35.963463732836644,-119.456796,47.78918
ALPINE_6_N001,32.82778299998866,-116.78987271391081,35.31468
ALPINE_6_N005,32.82778299998866,-116.78997928608918,35.31468
ALTO_6_N001,37.89825299998615,-122.52430271885964,51.56248
ALTO_6_N101,37.89825299998615,-122.52441728114036,51.56248
ALTTA_BP_LNODEPRT,41.51205899998436,-120.5236838478691,47.08594
ALTTA_BP_LNODETON,41.51205899998436,-120.5238041521309,47.08594
AMERIGAS_1_N001,38.43,-121.79,48.47609
AMESBS_1_N004,37.41751022008469,-122.066192,50.44419
AMESBS_1_N101,37.41742888994297,-122.06613287861066,50.44419
AMESDST_1_N001,37.41742888994297,-122.06625112138934,50.44419
AMFORST_6_N001,38.369191999986,-120.79657754861613,49.35016
ANDERSON_6_N001,40.449838,-122.305068,48.04334
ANGIOLA_6_N001,35.992007,-119.57137,50.34899
ANITA_6_N001,39.811047,-121.919761,49.14725
ANNAPOLS_6_N001,38.680315,-123.311782,51.09335
ANTELOPE_6_N001,35.658117,-119.996015,47.97908
ANTLER_6_N001,40.893581,-122.379244,49.04311
APPLEHL_1_N001,38.73992576174639,-120.67700091995808,49.93243
APPLEHL_1_N002,38.73974623814083,-120.67700092024737,49.93243
APPMAT_1_N001,37.359999999986435,-121.97994317305394,50.54296
APPMAT_1_N010,37.359999999986435,-121.98005682694607,50.54296
ARBUCKLE_6_N001,39.017625,-122.061575,48.45365
ARCATA_6_N001,40.867132,-124.088286,66.77963
ARVINED_1_N001,35.15044599998752,-118.87870286987292,48.0509
ARVIN_6_N001,35.15044599998752,-118.87881313012709,48.90521
ASHLAN_2_N001,36.79263892472445,-119.82749,50.08951
ASHLAN_2_N007,36.7925580376235,-119.82743168375806,50.08951
ASHLAN_2_N008,36.7925580376235,-119.82754831624194,50.08951
ASH_6_N001,33.1365697302963,-117.070292,50.49119
ASH_6_N005,33.13648913483958,-117.0702364310647,50.49119
ASH_6_N101,33.13648913483958,-117.07034756893529,50.49119
ASPEN_LNODESPEN,37.69337956,-122.069288,46.32051
ATASCDRO_6_N001,35.465309,-120.671582,49.18401
ATWATER_1_B2,37.35999599998639,-120.6146481730584,50.63497
ATWATER_1_N001,37.35999599998639,-120.6147618269416,50.63497
ATW_SUB_LNODEONB,34.1096541600031,-118.254,47.57482
ATW_SUB_LNODEONC,34.10957291998536,-118.25394335044959,47.57482
ATW_SUB_LNODEOND,34.10957291998536,-118.2540566495504,47.56988
AUBERRY_6_N001,37.06806099998665,-119.495719527536,52.19813
AUBERRY_6_N003,37.06806099998665,-119.495832472464,52.19813
AUBURN_6_N001,38.903397,-121.069921,50.32974
AUGUST_LNODEDR1,37.4182520696912,-120.831252690486,48.78963
AUGUST_LNODEDR3,37.4182452743243,-120.831131410372,48.78963
AUGUST_LNODEDR4,37.4182458785436,-120.830989786937,48.78469
AUGUST_LNODEDR5,37.4182557186304,-120.831363604619,48.78963
AVENA_1_N001,37.842208,-121.054122,50.28123
AVOCADO_6_N001,33.38466699998843,-117.23692330729693,51.66275
AVOCADO_6_N002,33.38466699998843,-117.23703069270306,51.66275
BAFOOD1_6_N001,36.33,-121.16,48.45228
BAHIA_2_N001,38.08095331088854,-122.13739126700075,49.1114
BAHIA_2_N011,38.08077268899996,-122.13739126728416,49.1114
BAILYJ1_1_N010,34.77604,-118.77504,49.19482
BAIR_1_N001,37.496937,-122.214157,50.95777
BAKER_1_N001,35.284771,-116.064256,47.76556
BALFOUR_6_N001,37.92596,-121.678546,49.06374
BANGOR_6_N001,39.388064,-121.402937,48.00384
BANGS_LNODEKGC,37.70469,-121.0418,49.02666
BANNING_1_N001,33.922289,-116.87283,48.02442
BANTA_6_N001,37.7528989999862,-121.35057581075783,49.55037
BARRETT_6_N001,32.667194,-116.700208,34.5937
BARRE_6_N001,33.80900298319592,-117.98332966316445,48.99703
BARRE_6_N002,33.80900298319592,-117.98354633683554,48.99703
BARRE_6_N003,33.80918301670945,-117.9835463370635,49.00197
BARRY_6_N001,39.069323,-121.690208,50.66329
BARTON_1_N001,36.76408490976673,-119.735935,50.08951
BARTON_1_N007,36.76400404510246,-119.73587672164825,50.08951
BARTON_1_N008,36.76400404510246,-119.73599327835174,50.08951
BASALT_6_N002,38.26328599998595,-122.26916657483297,49.11312
BASALT_6_N101,38.26328599998595,-122.26928142516702,49.11312
BATAVIA_6_N001,38.385820999985995,-121.77570654480984,48.66374
BATIQTOS_1_N001,33.1011727252775,-117.250399,50.44944
BATIQTOS_1_N008,33.101092137348985,-117.25034345864424,50.44944
BATIQTOS_1_N015,33.101092137348985,-117.25045454135577,50.44944
BAYMDWS_1_N001,37.55162541726735,-122.29307795256243,50.87382
BAYMDWS_1_N004,37.551444582623034,-122.29307795283914,50.87382
BAYMDWS_1_N008,37.551444582623034,-122.29330604716085,50.87382
BAYMDWS_1_N012,37.55162541726735,-122.29330604743757,50.87382
BAYSHOR1_1_N001,37.74603599998622,-122.40302381566526,51.52566
BAYSHOR2_1_N001,37.74603599998622,-122.40313818433472,51.5306
BAYWOOD_6_N001,35.360177,-120.811564,50.27041
BCN_PP_LNODESS1,35.25680070871138,-118.02736892630813,46.96248
BCN_PP_LNODESS2,35.256766720360744,-118.02726679027704,46.96248
BEARTAP_1_N001,35.38,-119.0,49.31015
BELLEF_7_CN10,39.776083,-122.10383,47.81474
BELLEF_7_CN11,39.77608299994151,-122.10371323062876,47.82956
BELLPGE_1_N001,38.947418999985814,-121.0911283822858,50.05814
BELLPGE_1_N005,38.947418999985814,-121.0912436177142,50.05814
BELLVUE_1_N001,38.379084046922976,-122.712022,49.90818
BELLVUE_1_N003,38.37900297652332,-122.711962292445,49.90818
BELLVUE_1_N005,38.37900297652332,-122.712081707555,49.90818
BELMONT_1_N001,37.52332024549896,-122.264967,51.01703
BELMONT_1_N006,37.52323887723573,-122.26490776711239,51.01703
BELMONT_1_N008,37.52323887723573,-122.26502623288762,51.01703
BELRIDGE_1_N001,35.455722,-119.631903,47.79412
BERESFRD_6_N001,37.565013999986284,-122.31923796388803,50.9232
BERESFRD_6_N002,37.565013999986284,-122.31935203611197,50.9232
BERNARDO_6_N001,33.021575,-117.096228,50.46849
BERNARDO_6_N002,33.021574999954524,-117.09612121988424,50.46849
BERNARDO_6_N009,33.02148546856512,-117.096228,50.46849
BERNARDO_6_N013,33.021574999954524,-117.09633478011577,50.46849
BERNARDO_6_N014,33.0216645314348,-117.096228,50.46849
BERNARDO_LNODEARDO,33.02157451,-117.0962277,46.32051
BERVLLY_6_N001,37.586478,-120.125088,52.37322
BIGBASN_6_N001,37.129545,-122.172132,51.01209
BIGCRK1_7_N001,37.20203293082091,-119.24090286336467,48.61205
BIGMDWS_6_N001,40.171215,-121.085128,45.30263
BIGRIVR_6_N001,39.311461,-123.786522,53.11533
BIOLA_6_N001,36.792525,-120.114116,50.52902
BIXLER_6_N001,37.9370142319286,-121.528389,49.12075
BKRSFLD_2_N001,35.388298999987455,-119.0044078374034,47.69535
BKRSFLD_2_N101,35.388298999987455,-119.0045181625966,47.69535
BLLEHVN_6_N001,37.4772652825887,-122.16793304841748,51.43677
BLLEHVN_6_N002,37.477186999945324,-122.16787609695427,51.43677
BLLEHVN_6_N004,37.477108717384,-122.1679330485368,51.43677
BLLEHVN_6_N006,37.477108717384,-122.1680469514632,51.43677
BLLEHVN_6_N007,37.477186999945324,-122.16810390304572,51.43677
BLUELKE_6_N001,40.88014,-123.980584,67.15987
BLUSTNPP_6_N003,38.575523,-121.497588,47.9692
BLYTHESC_1_N005,33.614957,-114.682935,44.88356
BNAVSTA_6_N001,36.653344,-121.62946,49.52118
BNAVSTA_6_N002,36.65334399994771,-121.62934811906177,49.52118
BNTACRB_6_N001,37.7528989999862,-121.35069018924217,50.26642
BOGARD_6_N001,40.586552,-121.093959,46.19376
BOGUE_1_N001,39.09613073444745,-121.623771,48.84108
BOGUE_1_N201,39.096050132760894,-121.62371103865068,48.84108
BOLINAS_6_N001,37.941119,-122.707332,50.3378
BOLLMAN_1_N003,38.04,-121.98,49.17334
BOLTHSE_1_N009,35.36215899998747,-118.92362184077258,48.9941
BONITA_6_N001,36.967863,-120.20266,51.10679
BONNIEN_7_N001,39.214314999985774,-120.80917722077704,49.28915
BORDEN_2_N007,36.92227399998671,-119.98422371699712,50.08951
BORDER_6_N001,32.56633480869927,-116.944389,52.48963
BORDER_6_N008,32.566254095638485,-116.94433370647506,52.48963
BORONDA_6_N001,36.689983,-121.679239,49.31378
BOSWELL_6_N001,36.085115,-119.552823,50.34899
BOWLES_6_N001,36.605651,-119.773312,50.38581
BRDGVLT_7_N001,40.47956799998481,-123.78034162638289,63.87101
BREEZE_LNODEYT1,35.123880999987534,-118.37403687435777,46.45525
BREEZE_LNODEYT2,35.123880999987534,-118.37414712564222,46.68101
BRENTWOD_2_N001,37.91959423612686,-121.676423,48.83927
BRENTWOD_2_N006,37.91951288192155,-121.67636345967551,48.83927
BRENTWOD_2_N011,37.91951288192155,-121.67648254032449,48.83927
BRGSMR_LNODEGZB,37.66621999998627,-120.97704287657282,48.98715
BRGSMR_LNODETHU,37.66621999998627,-120.97715712342718,48.98715
BRITTN_1_N001,37.37433620668406,-122.015575,50.53308
BRITTN_1_N005,37.37425489664326,-122.01551592726007,50.53308
BRITTN_1_N006,37.37425489664326,-122.01563407273993,50.53308
BRKRSLG_1_N005,38.57552299994369,-121.49747300547165,50.36968
BROCKWAY_LNODE01,39.243063530935196,-120.02634939696748,49.46122
BROCKWAY_LNODE02,39.242884468950564,-120.02634939726258,49.46122
BROCKWAY_LNODE51,39.242884468950564,-120.02658060273741,49.46122
BROCKWAY_LNODE52,39.243063530935196,-120.02658060303253,49.46122
BRRNDAC_6_N001,35.658183,-120.040362,47.97908
BRUNSWCK_1_N003,39.23119771901711,-121.034946,49.79597
BRUNSWCK_1_N008,39.23111714047599,-121.03488594065819,49.79597
BRUNSWCK_1_N101,39.23111714047599,-121.03500605934181,49.66758
BRWNSVY_6_N001,39.226226,-121.422634,49.30528
BUELLTON_1_N001,34.625261999987686,-120.18631205143852,50.57165
BUELLTON_1_N003,34.625261999987686,-120.18642194856149,50.57165
BUENAVS1_7_B1,36.653254242119594,-121.62934811919219,48.05584
BUENAVS1_7_B3,36.65319077379855,-121.6294272308971,48.05584
BUENAVS1_7_B4,36.653175595551595,-121.62953750035395,48.05584
BUENAVS1_7_B5,36.65320668330105,-121.62964245619625,48.05584
BUENAVS1_7_B6,36.653272145363964,-121.6297190021347,48.05584
BUENAVS1_7_B7,36.65335697428145,-121.62975556706088,48.05584
BUENAVS2_7_B1,36.65344659805961,-121.62974945473616,47.43856
BUENAVS2_7_B3,36.653528699704175,-121.62970424026268,47.43856
BUENAVS2_7_B4,36.653594014575496,-121.62962749889522,47.43856
BUENAVS2_7_B5,36.653636508590544,-121.62952895027708,47.43856
BULLARD_1_N001,36.824388,-119.769224,50.35124
BULLARD_1_N004,36.824387999947184,-119.76911168846675,50.35124
BULLARD_1_N005,36.824298097276774,-119.769224,50.35124
BULLARD_1_N006,36.824387999947184,-119.76933631153325,50.35124
BURLNGME_1_N001,37.589627,-122.363434,50.79974
BUTTE_1_N010,39.7118129999855,-121.81325170045862,47.42606
BUTTE_1_N101,39.7118129999855,-121.81336829954137,47.42606
BWILLIAM_LNODEILLW,34.16145330172,-114.38177086852794,46.5773
B_6_N001,32.714377595830264,-117.16944251257752,50.66975
B_6_N003,32.714198404079745,-117.16944251279143,50.66975
B_6_N005,32.714198404079745,-117.16965548720856,50.66975
B_6_N007,32.714377595830264,-117.16965548742249,50.66975
CABRILLO_1_N001,32.70751759908557,-117.24492651689708,50.33461
CABRILLO_6_N001,32.70733840082447,-117.24492651711095,50.87272
CABRILLO_6_N004,32.70733840082447,-117.24513948288904,50.87272
CALAVE_1_N001,36.71900181109094,-119.76554095699167,49.70208
CALAVE_1_N002,36.718822188804005,-119.76554095725366,49.70208
CALAVE_1_N004,36.718822188804005,-119.76576504274634,49.70208
CALCMENT_7_N4,37.37,-120.64,47.87894
CALISTGA_6_N001,38.592664,-122.57862,52.19951
CALLENDR_1_N001,35.04,-120.6,49.98894
CALPELLA_1_N001,39.197538,-123.192135,50.74499
CALSUB_LNODEET,39.521219,-120.008761,48.16741
CAMDEN_6_N001,36.446258999987045,-119.79904229562648,50.89219
CAMDEN_6_N002,36.446258999987045,-119.79915370437352,50.89219
CAMERON_6_N001,32.65324599998863,-116.48807277404411,34.27765
CAMINO_2_N001,34.83,-114.99,46.28612
CAMPHORA_6_N001,36.46829799998704,-121.39017127220814,49.93105
CAMPHORA_6_N003,36.46829799998704,-121.39028272779186,49.93105
CANAL_6_N001,37.066368999986636,-120.8354215297125,49.62488
CANAL_6_N006,37.066368999986636,-120.8355344702875,49.62488
CANBY_BP_LNODEACW,41.444925999984385,-120.88087787131334,47.19458
CANBY_BP_LNODEVEC,41.444925999984385,-120.88099812868666,47.19458
CAN_SUB_LNODEONA,34.18955419166312,-118.592,47.49288
CAN_SUB_LNODEONB,34.189472904155366,-118.59194326369176,47.56988
CAN_SUB_LNODEONC,34.189472904155366,-118.59205673630824,47.57482
CAPAY_6_N001,39.775993256822886,-122.10383,47.66085
CARBONA_6_N003,37.69218399998622,-121.41818185598439,50.33555
CARBONA_6_N101,37.69218399998622,-121.4182961440156,50.33555
CARLOTTA_6_N001,40.541122999984744,-124.06382054930958,67.60431
CARLOTTA_6_N003,40.541122999984744,-124.06393945069041,67.60431
CARLTNHS_1_N001,32.85503754591703,-117.01185140348343,50.22451
CARLTNHS_1_N004,32.85485845399255,-117.01185140369861,50.22451
CARNATIO_6_N001,35.311332,-119.083574,48.51016
CARNERAS_6_N001,35.541055,-119.805238,47.97908
CAROLNDS_6_N001,37.55291899998627,-122.37633097506193,51.82196
CAROLNDS_6_N002,37.55291899998627,-122.37644502493806,51.82196
CARQUINZ_1_N001,38.09103799998602,-122.24848662968667,48.71313
CARQUINZ_1_N002,38.09103799998602,-122.24860137031332,48.71313
CARRIZO_1_N001,35.3805629695311,-120.040252,48.44596
CARRIZO_LNODEHILL,35.38048201522088,-120.04019467441788,46.50817
CARRIZO_LNODEZOT1,35.38048201522088,-120.04030932558213,46.28595
CARTWRT_1_N001,37.78999999998617,-122.24994278512781,49.62922
CARTWRT_1_N010,37.78999999998617,-122.25005721487219,49.62922
CARUTHRS_6_N001,36.531554,-119.882758,49.82779
CAR_SM_LNODENE1,38.642773175556165,-121.3294330286556,48.78469
CAR_SM_LNODENE2,38.64259349099788,-121.32943302894401,48.78469
CAR_SM_LNODENE3,38.64259349099788,-121.329663082168,48.78469
CAR_SM_LNODENE4,38.642773175556165,-121.3296630824564,48.78469
CASTLE_LNODEDR1,37.36195490350885,-120.56264978595905,48.77481
CASTLE_LNODEDR2,37.36187666885442,-120.5625929569803,48.77481
CASTLE_LNODEDR3,37.36179843428164,-120.56264978607754,48.76493
CASTLE_LNODEDR4,37.36179843428164,-120.56276344403506,48.76493
CASTLE_LNODEDR5,37.36187666885442,-120.5628202731323,48.77481
CASTLE_LNODEDR6,37.36195490350885,-120.56276344415355,48.77481
CASTROVL_2_N001,37.69127699998625,-122.06100285669102,49.84667
CASTROVL_2_N003,37.69127699998625,-122.06111714330898,49.84667
CASTROVL_2_N006,36.76278384840137,-121.73625384648868,49.84667
CAS_LA_LNODESMW,34.587237,-118.656638,47.49581
CAS_PP_LNODE1AUX,34.58734037344726,-118.65692220263387,47.49581
CAS_PP_LNODE2AUX,34.58742309555189,-118.65687780855163,47.49581
CAS_PP_LNODE3AUX,34.587488904018386,-118.65680245963806,47.49581
CAS_PP_LNODE4AUX,34.58753171916694,-118.65670569917606,47.49581
CAS_PP_LNODE5AUX,34.58754852361777,-118.65659776098718,47.49581
CAS_PP_LNODE6AUX,34.58753896054594,-118.65648852558515,47.49581
CATALYST_7_N001,37.33647699998642,-121.87909619952335,49.73803
CATLETT_6_N001,38.808811,-121.516115,49.84354
CAWELOB_6_N001,35.57097799998741,-119.11546380934058,48.04596
CAWELOC_1_N001,35.57097799998741,-119.11557419065942,48.12991
CAYUCOS_6_N001,35.44865399998744,-120.8703058292383,50.38399
CAYUCOS_6_N006,35.44865399998744,-120.8704161707617,50.38399
CCOSTA_2_N001,37.998693,-121.783314,48.80695
CCSUB_1_N001,38.03,-121.75,48.84152
CCSUB_2_N001,38.01999999998606,-121.75994265860079,48.82671
CCSUB_2_N010,38.01999999998606,-121.7600573413992,48.82671
CEDRCRK_6_N101,40.79116899998464,-121.93795172476342,52.569
CENTERS_6_N001,33.928884073837764,-118.105463,48.87851
CENTERS_6_N200,33.9288029630683,-118.10551943910147,48.87851
CEN_SUB_LNODEONB,33.948054083699034,-118.255,47.55013
CEN_SUB_LNODEONC,33.94797295813763,-118.25494353789466,47.54519
CEN_SUB_LNODEOND,33.94797295813763,-118.25505646210534,47.55013
CERES_LNODEDR1,37.6088562120824,-120.956729570412,48.73037
CERES_LNODEDR3,37.6089710504,-120.956595705015,48.73037
CERES_LNODEDR4,37.6089019185376,-120.956592000755,48.73531
CERES_LNODEDR5,37.6087606610128,-120.956712881849,48.73037
CERES_LNODEDR7,37.6089324750351,-120.956712057352,48.73531
CERES_LNODEDR8,37.6090011903052,-120.956714357349,48.73531
CERTTEED_1_N001,37.059999999986665,-120.07994353791257,50.58559
CERTTEED_1_N002,37.059999999986665,-120.08005646208743,50.58559
CHALLNGE_6_N001,39.48543,-121.220509,49.31515
CHANNEL_6_N001,37.95526599998612,-121.33242068885451,48.94029
CHARKA_1_N001,35.608038,-119.325523,47.85337
CHCARITA_1_N001,32.9600895309367,-117.08989329478639,50.34134
CHCARITA_1_N004,32.95991046897258,-117.08989329500262,50.34134
CHCARITA_1_N008,32.95991046897258,-117.09010670499737,50.34134
CHC_LNODE31A,38.95999999998579,-120.89994237638588,46.29582
CHC_LNODE33A,38.95999999998579,-120.90005762361412,46.29582
CHEROKEE_6_N001,38.005513,-121.237769,49.5625
CHESTER_6_N001,40.304405,-121.224282,45.33226
CHICOA_6_N001,39.71879299998543,-121.82096169136352,47.44582
CHICOA_6_N010,39.71879299998543,-121.82107830863647,47.44582
CHICOB_1_N001,39.725493999985424,-121.84718768259572,47.32236
CHICOB_1_N002,39.725493999985424,-121.84730431740428,47.32236
CHINO_6_N007,33.998301818402325,-117.67886922357054,48.41432
CHINO_6_N008,33.998301818402325,-117.67908677642946,48.41432
CHLDHOSP_1_N001,36.87,-119.81,50.02038
CHOLLAS_6_N001,32.744058749573895,-117.046316,50.83984
CHOLLAS_6_N008,32.743978125200904,-117.04626065732346,50.83984
CHOLLAS_6_N009,32.743978125200904,-117.04637134267654,50.83984
CHSTN_1_N001,38.09,-120.3,49.92793
CHWCHLLA_1_N001,37.12073295026913,-120.25055224215674,50.49176
CHWCHLLA_1_N002,37.12073295026913,-120.25066975784326,50.49176
CIG_SM_LNODESS,38.44525,-121.461543055556,48.85382
CIMA_2_N101,35.2691,-115.49292,47.09308
CITYUKH_1_B1,39.14300254479826,-123.19181754359136,50.77955
CLAIRMNT_6_N008,32.825996732119705,-117.184096,21.75
CLAMMNA_1_N001,37.807826,-121.276142,49.71334
CLARIBEL_LNODEGFP,37.71028,-120.9688,48.98715
CLARKRD_7_N001,39.6546447946953,-121.635292,46.91249
CLARMNT_1_N001,32.82591613392796,-117.18404062431202,49.41973
CLAUS_LNODEKSN,37.639389999986214,-120.91954289863075,48.99209
CLAUS_LNODESME,37.639389999986214,-120.91965710136925,48.99209
CLAYTN_1_N001,38.34245511038229,-120.93484110965764,48.88865
CLAYTN_1_N004,37.943825,-121.969415,48.88865
CLAYTN_1_N029,38.3422748895056,-120.93484110994348,48.88865
CLAYTN_1_N030,38.3422748895056,-120.93507089005652,48.88865
CLAY_6_N001,38.34245511038229,-120.93507089034236,49.43411
CLERLKE_6_N001,39.007954999985856,-122.89377935245265,50.89313
CLERLKE_6_N012,39.007954999985856,-122.89389464754734,50.89313
CLMBAHL_6_N001,39.331874,-121.101368,49.00404
CLOUGH_LNODEIYF,37.62761111,-120.9751667,49.03654
CLOUGH_LNODEYBR,37.62761110994497,-120.97505251712948,49.03654
CLOVIS_1_N001,36.826043942491545,-119.681281,49.69939
CLOVIS_1_N004,36.825963028740034,-119.68122263908639,49.77841
CLOVIS_1_N101,36.825963028740034,-119.68133936091361,49.69939
CLOVRDLE_1_N001,38.795757,-123.011412,49.6092
CLRKSVLE_1_N001,38.655559898770534,-121.060175,49.85342
CLRKSVLE_1_N003,38.655479050599546,-121.06011522698469,49.85342
CLRKSVLE_1_N004,38.655479050599546,-121.0602347730153,49.85342
CLSAJCT_6_N001,39.190857,-121.990506,48.30057
CLWTER_2_N003,35.39850993300358,-118.93957167203409,50.56978
CMPEVRS_1_N001,37.041635999986624,-122.02530956161661,51.03722
CMPEVRS_1_N002,37.041635999986624,-122.02542243838339,51.03722
CNTRYCB_6_N001,37.97966036733168,-121.31639835392943,49.62176
CNTRYCB_6_N002,37.979479632557,-121.31639835421177,49.62176
CNTRYCB_6_N004,37.979479632557,-121.31662764578823,49.62176
CNTRYCB_6_N006,37.97966036733168,-121.31662764607057,49.62176
COLLEG_LNODEDR1,37.6091056801805,-120.992876143573,48.78963
COLLEG_LNODEDR2,37.6091096218649,-120.992789582042,48.78963
COLLEG_LNODEDR5,37.6090266914486,-120.992698116343,48.78963
COLLEG_LNODER15,37.6090419641747,-120.993034819943,48.78963
COLNGA1_6_N001,36.13602399998719,-120.34444457141348,48.17886
COLNGA1_6_N002,36.13602399998719,-120.34455542858652,48.17886
COLNGA2_6_N001,36.236577,-120.315114,48.09985
COLONY_6_N001,38.190132,-121.181632,49.8341
COLUMBUS_1_N001,35.398330066896115,-118.93957167228022,49.30027
COLUMBUS_1_N003,35.398330066896115,-118.93979232771979,49.30027
COLUMBUS_1_N005,35.39850993300358,-118.9397923279659,49.30027
COLUSA_6_N001,39.213610999985775,-122.00296022131043,48.48822
COLUSA_6_N004,39.213610999985775,-122.00307577868956,48.48822
COLWATER_1_N001,34.86012489309556,-116.85312978164612,47.15003
COLWATER_1_N002,34.86012489309556,-116.85324421835388,47.15003
COMMONS_LNODEDR1,37.6091045275098,-120.992962913259,48.81432
COMMONS_LNODEDR3,37.5166183000533,-120.867554724081,48.81432
COMMONS_LNODEDR4,37.516699044633,-120.867555122205,48.81432
COMMONS_LNODEDR5,37.5164895041446,-120.867550987033,48.81432
COMMONS_LNODEDR7,37.5165532160667,-120.867553025577,48.81432
COMMONS_LNODEDR8,37.5008689404211,-120.913270146673,48.81432
CONCHO_1_N002,33.785845,-116.342689,46.88942
CONTADNA_1_N001,36.29,-119.71,49.00579
CONTROLX_1_N001,37.342839,-118.471988,-25.20741
CONTROL_7_N001,37.34291722503321,-118.47193119226046,-24.09654
COOPER_LNODEDR1,37.3189566034476,-120.5119493179366,48.77481
COOPER_LNODEDR2,37.31895660339336,-120.51183575699493,48.77481
COOPER_LNODEDR3,37.318866291449055,-120.51183575713138,48.76987
COOPER_LNODEDR4,37.318802431310424,-120.51191605677509,48.77481
COOPER_LNODEDR5,37.318787159360575,-120.51202798203006,48.76987
COOPER_LNODEDR6,37.31881843902539,-120.51213451388375,48.77481
COOPER_LNODEDR7,37.318884305211256,-120.51221220923813,48.77481
COOPER_LNODEDR8,37.318969657813994,-120.51224932323211,48.77481
COOPER_LNODEDR9,37.31905983488123,-120.51224311913526,48.77481
COOPER_LNODER14,37.31914244338007,-120.5121972257278,48.76493
COOPER_LNODER15,37.31920816147405,-120.51211933201114,48.76493
COOPER_LNODER16,37.31925091782716,-120.51201930357878,48.76493
COOPER_LNODER17,37.31926769919903,-120.51190771989396,48.76493
COPUS_6_N001,35.093593,-119.278466,49.53237
CORCORAN_1_N001,36.10957699998725,-119.55797958991954,50.31442
CORCORAN_1_N005,36.10957699998725,-119.55809041008045,50.31442
CORDELIA_6_N001,38.216066,-122.112082,49.0588
CORDPMP_6_N003,38.575433098781254,-121.497588,49.17238
CORNING_6_N004,39.93198099998522,-122.18732639815484,48.76207
CORNING_6_N006,39.93198099998522,-122.18744360184516,48.76207
CORONADO_6_N001,32.698823762005226,-117.173249,50.72901
CORONADO_6_N002,32.69874311898509,-117.17319367259638,50.72901
CORONA_1_N001,32.69874311898509,-117.17330432740361,49.38472
CORRAL_6_N001,38.1014979999861,-120.92635462577833,52.20939
CORRAL_6_N003,38.1014979999861,-120.92646937422167,52.20939
CORSGOLD_1_N001,37.22751499998653,-119.69108432761332,50.39075
CORSGOLD_1_N003,37.22751499998653,-119.69119767238668,50.39075
CORTEZ_LNODEDR1,37.5005587104299,-120.913235680039,48.76987
CORTEZ_LNODEDR3,37.5007571927422,-120.913267914805,48.76987
CORTEZ_LNODEDR5,37.5006522266335,-120.913263660994,48.76987
CORTEZ_LNODEDR6,37.5008124927682,-120.913424010622,48.76987
CORTEZ_LNODEDR7,37.5007095209272,-120.913352769965,48.76987
CORTINA_1_N106,39.121407,-122.224176,47.28329
COR_LNODENE1,38.55393333331922,-121.20798139654603,48.83901
COR_LNODENE3,38.55393333331922,-121.20809638123197,48.83901
COTATI_6_N101,38.30970399998603,-122.73153156284509,52.1847
COTATI_6_N102,38.30970399998603,-122.73164643715491,52.1847
COTTLEA_2_N001,37.772676259234935,-120.825545,49.42198
COTTLE_7_N001,37.77259487036768,-120.82548555286246,49.42198
COTWDPGE_1_N001,34.38040399998781,-116.87675022716886,47.56433
COVELO6_6_N001,39.78628299998532,-123.24850460152904,53.98
CPLECEF_1_N001,37.25999999998651,-121.63994328855216,50.77011
CPLECEF_1_N005,37.25999999998651,-121.64005671144784,50.77011
CPP_LNODESS1,38.3383555554995,-121.12458988828622,48.8637
CPP_LNODESS2,38.33844566948052,-121.124475,48.8637
CRABTREE_LNODENK1,37.64506,-120.60683,48.97728
CRCANAL_6_N001,40.1384740349693,-122.208547,49.58407
CREELMAN_6_N001,33.01815871873613,-116.853026,43.6886
CREELMAN_6_N004,33.01807814061963,-116.85297051775382,43.6886
CREELMAN_6_N014,33.01807814061963,-116.85308148224618,43.69354
CRESSEY_1_N001,37.42852799998634,-120.6386900986629,50.68929
CRESTWD_6_N001,32.699023999988746,-116.35373376108788,33.85296
CROWLNDG_LNODEDR1,37.4627004272953,-120.740076630976,48.73531
CROWLNDG_LNODEDR3,37.462786962981,-120.740080933369,48.73037
CROWLNDG_LNODEDR4,37.462613876709,-120.740078364387,48.73037
CROWLNDG_LNODEDR5,37.4625421344261,-120.740074305354,48.73037
CROWLNDG_LNODEDR7,37.4627827502437,-120.740270351347,48.73531
CRUSHER_6_N001,37.021645,-122.154383,51.37258
CRWSLDG_6_N001,37.377307,-121.085672,50.44913
CRYSTLSG_6_N001,37.528913,-122.361067,51.04172
CSG_LNODESS,38.51068967879612,-121.47509029333828,48.82913
CSTRVLLE_1_N001,36.762604151493385,-121.73625384675147,48.66687
CURTIS1_7_N001,37.974949221777045,-120.320668,50.49582
CURTISS_1_N101,37.974867889096444,-120.32072756943327,50.52545
CYMRIC_1_N001,35.31,-119.63,47.42375
DAIRYLND_1_N001,37.055221,-120.317015,50.11914
DALYCTY_1_N001,37.69180126214444,-122.455704,51.71825
DALYCTY_1_N005,37.69171986891291,-122.45564461457239,51.71825
DANISHCM_1_N001,36.71900181109094,-119.76576504300833,49.68727
DAVIS_1_N001,39.06008956957949,-121.70988464738468,50.49045
DAVIS_1_N007,39.05991043030674,-121.70988464767737,50.49045
DAVIS_1_N012,39.05991043030674,-121.71011535232263,50.49045
DECPTSG_2_N001,38.05999999998602,-121.86994264179833,48.84915
DECPTSG_2_N018,38.05999999998602,-121.87005735820168,48.84915
DEEPWATR_1_N101,38.55162999998592,-121.56020750817653,50.31536
DEEPWATR_1_N104,38.55162999998592,-121.56032249182347,50.31536
DELAMO_2_N001,33.84836303124857,-118.096994,48.95753
DELAMO_2_N014,33.84828198436281,-118.09693765855927,48.95753
DELAMO_2_N022,33.84828198436281,-118.09705034144073,48.95753
DELMAR_6_N001,38.7988788301003,-121.220655,50.76697
DELMAR_6_N001A,38.798798084934575,-121.22059518327069,49.72009
DELMAR_6_N005,38.798798084934575,-121.22071481672931,49.72009
DELMAR_6_N010,32.980789999988666,-117.25535963525417,50.76697
DELMAR_6_N011,32.980789999988666,-117.25546636474583,50.76697
DELMNTE_1_N010,36.599053999987,-121.8539621246086,49.23476
DELMNTE_1_N201,36.599053999987,-121.85407387539139,49.23476
DESCANSO_6_N001,32.86524,-116.633752,34.61345
DEVLDNPP_6_N003,35.774930999987355,-119.97393475743563,47.91488
DEVLSDN_6_N001,35.774930999987355,-119.97404524256437,47.93957
DFS_1_N001,36.72,-120.6,48.24262
DIABLO1_7_N001,35.215922999950024,-120.84743471985068,46.71758
DIABLO2_7_N001,35.215922999950024,-120.84765528014933,46.71264
DIABLOCN_2_N001,35.21601309719158,-120.847545,48.78895
DINUBAE_7_N001,36.56893330486095,-119.41841731957626,49.9068
DINUBA_6_N001,36.56893330486095,-119.41864068042374,49.97593
DINUBA_6_N005,36.56911269503489,-119.41864068068313,49.97593
DIRYVLLE_6_N001,40.12799,-122.097838,50.08777
DIVISION_6_N001,32.6815959999886,-117.12003376624276,50.63069
DIVISION_6_N009,32.6815959999886,-117.12014023375725,50.63069
DIXON-J1_6_N101,38.44545401121386,-121.826237,48.80695
DIXONLD_1_N001,37.457825231051295,-121.921353,50.7553
DIXONLD_1_N002,37.457743884459624,-121.92129383478914,50.7553
DIXONLD_1_N008,37.457743884459624,-121.92141216521087,50.7553
DIXON_6_B1,38.445372994377905,-121.8261772770627,48.81189
DIXON_6_N002,38.445372994377905,-121.8262967229373,48.81189
DMNDSPR_1_N001,38.69304699998593,-120.82566347343,49.84354
DMNDSPR_1_N003,38.69304699998593,-120.82577852656999,49.84354
DOBBINS_6_N001,39.339604,-121.197378,48.71763
DOLANRD_1_N001,36.800296,-121.769123,48.61749
DOMTAR_1_N001,38.13,-121.65,48.84152
DONNER_LNODE07,39.327305,-120.281812,49.9106
DONPEDRO_LNODENSS,37.6962503274167,-120.4206077500803,48.70568
DOSPALS_6_N001,36.97484,-120.635012,48.55373
DUKMOSS1_7_N001,36.85999999998676,-121.76005620188538,48.36564
DUKMOSS2_7_N001,36.84999999994714,-121.75988762218331,48.36564
DUKMOSS3_7_N001,36.84999999994714,-121.76011237781668,48.36564
DUKMOSS3_7_N002,36.85008992566386,-121.76,48.36564
DUKMOSS4_7_N001,36.84999999994714,-121.71988762218332,48.37058
DUKMOSS5_7_N001,36.83999999998681,-121.72005617595099,48.37058
DUKMOSS6_7_N001,36.84999999994714,-121.72011237781669,48.37058
DUKMOSS6_7_N002,36.85008992566386,-121.72,48.37058
DUMBARTN_1_N001,37.557155251259346,-122.057606,51.04224
DUMBARTN_1_N003,37.55707387435557,-122.05754673393427,51.04224
DUMBARTN_1_N011,37.55707387435557,-122.05766526606573,51.04224
DUNBAR_6_N001,38.38322299998598,-122.52777754540057,49.98719
DUNBAR_6_N002,38.38322299998598,-122.52789245459942,49.98719
DUNHILL_6_N001,32.901543,-117.229958,50.61657
DUNLAP_6_N001,36.64502999998689,-119.15909106962141,50.1389
DUNNIGAN_6_N001,38.924808,-121.989951,49.87092
DUNNSIDE_1_N001,35.03321,-116.467335,47.45925
EAGLEMTN_2_N001,33.82005401596653,-115.44,46.0188
EAGLEMTN_2_N002,33.8199729920039,-115.43994369314599,46.0188
EAGLROCK_2_N001,38.8293359999859,-122.81077743066047,48.05309
EAGLROCK_2_N012,38.8293359999859,-122.81089256933953,48.05309
EASTGATE_6_N101,32.88493613808494,-117.20083859603457,50.66007
EASTGATE_6_N201,32.88493613808494,-117.20094940396542,50.66007
EBMUDGRY_1_N001,37.93,-122.04,49.02805
ECY_LNODE101,38.55445658675582,-121.43093112608555,48.80938
ECY_LNODE102,38.55427674646514,-121.4309311263732,48.80938
ECY_LNODE103,38.55427674646514,-121.43116109584881,48.80938
ECY_LNODE104,38.55445658675582,-121.43116109613645,48.80938
EDENVALE_1_N001,37.24503626216962,-121.7958386130011,49.2442
EDENVALE_1_N004,37.24485573772219,-121.79583861327271,49.2442
EDENVALE_1_N006,37.24485573772219,-121.79606538672729,49.2442
EDENVALE_1_N008,37.24503626216962,-121.7960653869989,49.2442
EDES_1_N001,37.738786999986225,-122.19371982090533,53.6995
EDES_1_N003,37.738786999986225,-122.19383417909467,53.70444
EDMON1AP_7_N001,34.986313,-118.738787,48.3602
EDMON2AP_7_N001,34.986312999950265,-118.73867680688261,48.3602
EDMON3AP_7_N001,34.98622271993701,-118.73867680700413,48.3602
EDMON3AP_7_N002,34.98615888237297,-118.73875472524391,48.3602
EDMON4AP_7_N001,34.98614361582445,-118.738863331203,48.3602
EDMON4AP_7_N002,34.98617488443967,-118.73896670370384,48.3602
EDMON5AP_7_N001,34.98624072734969,-118.73904209487607,48.3602
EDMON5AP_7_N002,34.986326049781965,-118.73907810817316,48.3602
EDMON6AP_7_N001,34.986416194964555,-118.73907208804029,48.3602
EDMON6AP_7_N002,34.98649877424742,-118.73902755565565,48.3602
EDMON7AP_7_N001,34.98656446909455,-118.73895197200041,48.3602
EDMON7AP_7_N002,34.98660721032227,-118.7388549100885,48.3602
EDMON8AP_7_N001,34.98662398575978,-118.738746635625,48.3602
EDMON8AP_7_N002,34.986614439197844,-118.738637059907,48.3602
EDWARDS_1_N001,34.991871,-117.890005,48.39205
EELRIVR_6_N001,40.602658,-124.210199,67.35246
EIGHTMI_2_N017,38.058077,-121.375292,49.38966
EISENHOW_1_N001,33.830599,-116.497612,47.2862
EISEN_6_N001,35.35714,-118.97131,48.04103
ELCAJNGT_7_N001,32.795346131065216,-116.97233863745876,95.1
ELCAJNGT_7_N004,32.795346131065216,-116.97244936254124,95.1642
ELCAPTN_1_N001,37.335801999986415,-120.50517320028958,50.54608
ELCAPTN_1_N004,37.335801999986415,-120.50528679971042,50.54608
ELCAPTN_1_N005,37.365512,-120.578993,50.54608
ELCRRTO_1_N001,37.91620499998609,-122.30313670905946,49.47947
ELCRRTO_1_N023,37.91620499998609,-122.30325129094054,49.47947
ELKCREEK_6_N001,39.12957472883464,-123.711777,50.49045
ELKHIL1G_7_N001,35.22604999998747,-119.37772885850012,47.14227
ELKHIL2G_7_N001,35.22604999998747,-119.37783914149988,47.14227
ELK_6_N001,39.1294941355673,-123.71183698354646,52.75978
ELK_SM_LNODENE2,38.37273738362879,-121.354256944444,48.85382
ELK_SM_LNODENE7,38.372656308170484,-121.35419723840097,48.85876
ELK_SM_LNODENE8,38.372656308170484,-121.35431665048702,48.85876
ELLIOTT_6_N001,32.81585999998874,-117.08840071898302,50.585
ELLIOTT_6_N004,32.81585999998874,-117.08850728101697,50.585
ELLIS_6_N001,37.716505,-121.548766,49.42821
ELLIS_6_N105,33.685126,-117.943596,49.42821
ELLSGTY_1_N001,33.685294,-117.943088,48.73557
ELNIDO_1_N004,37.12061299998659,-120.47270746040512,50.30411
ELNIDO_2_N001,37.12061299998659,-120.47282053959488,49.29332
ELNIDO_2_N012,33.89624399998809,-118.37271472929694,49.29332
ELNIDO_7_N001,33.89624399998809,-118.37282327070305,50.30411
ELPATIO_1_N001,37.29223717683988,-121.935913,50.83431
ELPATIO_1_N006,37.29215591156547,-121.93585402427247,50.83431
ELPATIO_1_N015,37.29215591156547,-121.93597197572753,50.83431
ELV_LNODENE1,38.71426666661026,-121.47683299057677,48.74024
ELV_LNODENE2,38.71418891290697,-121.47689052312896,48.74024
ELV_LNODENE3,38.71418891290697,-121.47700558798303,48.74024
ELV_LNODENE4,38.71426666661026,-121.47706312053523,48.74024
ELV_LNODENE5,38.71434442039811,-121.4770055881082,48.74024
ELV_LNODENE6,38.71434442039811,-121.4768905230038,48.74518
EMBRCDR_2_N001,37.780090430972514,-122.37988558363396,51.38739
EMBRCDR_2_N008,37.77990956891692,-122.37988558391392,51.38739
EMBRCDR_2_N101,37.77990956891692,-122.38011441608609,51.38739
EMBRCDR_2_N104,37.780090430972514,-122.38011441636604,51.38739
EMRLDLE_6_N001,37.462178,-122.277933,50.72073
EMRYSVE_1_N001,39.163430999985756,-121.56151425780503,48.54973
EMRYSVE_1_N003,39.163430999985756,-121.56162974219497,48.54973
ENCINAL_6_N001,39.247383,-121.637248,49.14457
ENCINA_1_N001,33.13699513479889,-117.33531843066032,50.39068
ENCINA_1_N049,33.13699513479889,-117.33542956933968,50.39068
ENCNITAS_6_N001,33.05068472041646,-117.285325,50.95062
ENCNITAS_6_N004,33.05060413977941,-117.28526949553299,50.95062
ENCNITAS_6_N011,33.05060413977941,-117.285380504467,50.95062
ENSLEN_LNODEHKQ,37.65224426097517,-121.0013,48.98715
ENSLEN_LNODELOU,37.65216286949752,-121.00124064749899,48.98715
ENSLEN_LNODEWFN,37.65216286949752,-121.00135935250101,48.98715
ERTA_6_N001,36.930594,-121.763827,50.22735
ESCNDIDO_6_N001,33.12543545233769,-117.116857,50.42431
ESCNDIDO_6_N046,33.12552499995441,-117.11696392572938,50.42431
ESCNDIDO_6_N053,33.12561454766245,-117.116857,50.42431
ESCO_6_N001,33.115770727187964,-117.089119,50.50826
ESCO_6_N004,33.11569013639368,-117.08906344744015,50.50826
ESQUON_6_N001,39.607876,-121.768445,47.48532
ESTGRND_1_N001,37.653951261060854,-122.403031,51.48616
ESTGRND_1_N005,37.65386986945481,-122.402971646041,51.48616
ESTGRND_1_N009,37.65386986945481,-122.403090353959,51.48616
ESTPRTL_1_N001,37.876677,-122.186415,49.28612
ESTQNCY_6_N001,39.938128,-120.910322,43.47549
ETIWANDA_6_N001,34.0883812512724,-117.5255740237224,48.06115
ETIWANDA_6_N003,34.08814499998799,-117.52552751207779,48.0809
EUREKAA_6_N001,40.793883999984665,-124.18290627263764,66.6216
EUREKA_6_N001,40.793883999984665,-124.18302572736236,66.59197
EVRGREEN_1_N001,37.303338999986465,-121.8408102375639,49.73803
EVRGREEN_1_N019,37.303338999986465,-121.84092376243609,49.73803
EXXONBH_7_N001,38.08095331088854,-122.13762073299924,49.1509
FAIRGRND_LNODEDR1,37.5006945896515,-120.867048786933,48.79456
FAIRGRND_LNODEDR3,37.5005735349484,-120.866718665766,48.7995
FAIRGRND_LNODEDR4,37.5005721589657,-120.866803820595,48.7995
FAIRGRND_LNODEDR5,37.5005181954718,-120.867051337755,48.79456
FAIRGRND_LNODEDR7,37.5005718981617,-120.866887330714,48.7995
FAIRGRND_LNODEDR8,37.5005716373084,-120.866970837622,48.79456
FAIRHAVN_6_N001,40.80028,-124.195714,66.60185
FAIRWAY_1_N001,34.91059499998762,-120.44635292480474,49.79635
FAIRWAY_1_N002,34.91059499998762,-120.44646307519525,49.79635
FAMOSO_1_N001,35.60500099998741,-119.20248280260235,48.0509
FARREL_1_N001,33.85654399998807,-116.49686777574072,47.1825
FARREL_1_N002,33.85654399998807,-116.49697622425927,47.1825
FAR_SUB_LNODEONA,34.03809021316632,-118.37089113436087,47.56495
FAR_SUB_LNODEONB,34.0379097867377,-118.37089113459244,47.56988
FAR_SUB_LNODEONC,34.0379097867377,-118.37110886540755,47.56988
FAR_SUB_LNODEOND,34.03809021316632,-118.37110886563912,47.56988
FELICITA_6_N001,33.093263724336374,-117.073637,50.54457
FELICITA_6_N005,33.09318313781945,-117.07358146461416,50.54457
FELICITA_6_N009,33.09318313781945,-117.07369253538583,50.54457
FELLOWSG_7_N001,35.195188999987465,-119.58505586292793,47.50276
FIGARDN_2_N001,36.8220309999868,-119.85852484727552,50.09445
FIGARDN_2_N101,36.8220309999868,-119.85863715272448,50.07964
FINNEY_LNODESNV,37.627520677678156,-120.9751667,49.00197
FIREBAGH_6_N001,36.850688,-120.466577,49.38335
FIREHOUS_LNODEBUSH,34.8569,-114.6245,46.56743
FIY_LNODE0LD,38.762778,-121.356944,48.74518
FLINT_1_N001,38.88530299998586,-121.06669540924167,50.05814
FMC_1_N001,37.347699999986396,-121.92219018683774,51.08616
FMC_1_N003,37.347699999986396,-121.92230381316226,51.08616
FOOTHILL_1_N001,35.27,-120.7,49.14944
FORSTHL_6_N001,39.01927,-120.830271,49.16969
FORTORD_6_N001,36.643363,-121.792138,49.48661
FORTRSS_6_N001,38.539559,-123.223713,51.0736
FOSTERW_7_N001,38.02007534657929,-122.06127131707333,49.06149
FRANKLIN_6_N003,38.012317,-122.264655,50.14015
FRA_SM_LNODENE1,38.38101134187077,-121.4768906014164,48.8637
FRA_SM_LNODENE2,38.380933333277234,-121.47683314740071,48.8637
FRA_SM_LNODENE3,38.38085532476781,-121.47689060154032,48.8637
FRA_SM_LNODENE4,38.38085532476781,-121.47700550957168,48.8637
FRA_SM_LNODENE5,38.380933333277234,-121.47706296371129,48.8637
FRA_SM_LNODENE6,38.38101134187077,-121.4770055096956,48.8637
FREDONIA_LNODELD,34.1733,-114.574,46.34521
FREMNT_1_N001,37.54118124868743,-121.962063,50.4195
FREMNT_1_N007,37.54109987564155,-121.96200374944321,50.4195
FREMNT_1_N013,37.54109987564155,-121.96212225055679,50.4195
FRIARS_1_N001,32.77904499998872,-117.15675673371696,50.3399
FRIARS_1_N009,32.77904499998872,-117.15686326628304,50.3399
FRNCHGLH_6_N001,40.68692,-122.641204,49.08262
FROGTOWN_7_N001,38.056504,-120.53381,49.15263
FRTSWRD_6_N001,40.21377199998503,-123.59658599020719,66.35
FRUITLND_6_N001,40.28584,-123.837372,66.35
FRUITVLE_6_N001,35.376774999987504,-119.0924868388967,47.89288
FRUITVLE_6_N101,35.376774999987504,-119.09259716110328,47.89288
FSTREET_LNODEDR1,37.4895796064313,-120.838424090027,48.7995
FSTREET_LNODEDR3,37.4896984214952,-120.838270217479,48.79456
FSTREET_LNODEDR4,37.4896152090171,-120.838173674241,48.79456
FSTREET_LNODEDR5,37.4894938869083,-120.83833925837,48.7995
FTCHMTN_6_N001,38.60608399998592,-122.85282549557644,51.06372
FTCHMTN_6_N003,38.60608399998592,-122.85294050442356,51.06372
FTL_LNODENE1,38.69308721315885,-121.348651111111,48.75506
FTL_LNODENE2,38.693006393405355,-121.34859132777218,48.75506
FTL_LNODENE3,38.693006393405355,-121.34871089444981,48.75506
FULTON_2_N010,38.49657200829278,-122.75943026543568,49.28102
FULTON_2_N049,38.49657200829278,-122.75954973456432,49.28102
F_6_N001,32.75497274686537,-117.126027,56.91306
F_6_N002,32.75489212655523,-117.12597165333155,56.91306
F_6_N005,32.75489212655523,-117.12608234666845,56.91306
GABILAN_6_N001,36.731511,-121.61325,50.91376
GALE_1_N001,34.85946599998758,-116.86535894183864,47.15497
GANSNER_6_N101,39.939187,-120.948157,45.673
GANSO_1_N001,35.501698,-119.449132,47.43856
GARCIA_6_N001,38.88879,-123.550318,53.33261
GAREY_1_N002,34.98,-120.26,49.63338
GARFIELD_6_N001,32.795125,-116.996848,86.40835
GARNET_7_N001,33.93858299995228,-116.57633536031197,47.09855
GEER_LNODEDR1,37.52250334748,-120.843709746797,48.78469
GEER_LNODEDR2,37.5224993081714,-120.843588348711,48.77975
GEER_LNODEDR3,37.5224318250334,-120.843496861832,48.77975
GEER_LNODEDR4,37.5224297824039,-120.843426269924,48.77975
GEER_LNODEDR5,37.5224263420376,-120.843557323915,48.78469
GEER_LNODEDR7,37.5224225565731,-120.843630755159,48.78469
GEER_LNODEDR8,37.522425898329,-120.843709042834,48.78469
GENESEE_6_N001,32.87974054062765,-117.2133823800825,50.71533
GENESEE_6_N005,32.87956145928191,-117.21338238029792,50.71533
GENESEE_6_N011,32.87956145928191,-117.21359561970208,50.71533
GENESEE_6_N015,32.87974054062765,-117.2135956199175,50.71533
GENE_2_N001,34.3,-114.23,46.296
GERBER_6_N101,40.064207,-122.156114,49.45074
GEYSR5-6_7_N001,38.777006613720275,-122.74238837921152,48.72525
GIFFEN_6_N001,36.545076,-120.334519,49.07718
GILROYF_1_N001,37.14,-121.58,49.98
GILSTRAP_LNODEDR1,37.5800948624588,-120.975549487551,48.73037
GILSTRAP_LNODEDR3,37.5801662132492,-120.9757670064,48.73037
GILSTRAP_LNODEDR5,37.5799830759229,-120.975550499689,48.73037
GILSTRAP_LNODEDR7,37.58017229934,-120.975552395649,48.73037
GILSTRAP_LNODEDR8,37.5801700030066,-120.975645212521,48.73037
GILSTRAP_LNODER17,37.5801611951015,-120.976018315921,48.73037
GIRVAN_6_N001,40.51347,-122.378916,48.44828
GLENCLIF_6_N001,32.798367,-116.498315,34.3221
GLENSHIR_LNODERE,39.352238,-120.08626,49.59456
GLENWOOD_6_N001,37.45733023092607,-122.186967,51.17011
GLENWOOD_6_N004,37.457248884522265,-122.18690783531744,51.17011
GLENWOOD_6_N005,37.457248884522265,-122.18702616468256,51.17011
GLRYCGG1_7_N001,37.12999999998655,-121.5600565514771,49.98
GOLDTREE_1_N001,35.32012199998752,-120.69284284611503,49.28277
GOLDTREE_1_N002,35.32012199998752,-120.69295315388497,49.28277
GOLETA_6_N200,34.46880142976412,-119.88445868708224,50.87375
GONZALES_6_N001,36.50885299998702,-121.44685522795733,50.1829
GONZALES_6_N003,36.50885299998702,-121.44696677204267,50.1829
GORMAN_6_N001,34.8014,-118.818908,48.57254
GOSELKE_1_N001,35.601596,-119.579654,47.60152
GOULD_2_N001,34.22145799998786,-118.18701737338756,48.0679
GOULD_2_N007,34.22145799998786,-118.18712662661244,48.0679
GRANDIS_1_N004,38.23108199998597,-121.59029758372996,49.67339
GRANDIS_1_N009,38.23108199998597,-121.59041241627003,49.67339
GRANITE_6_N001,32.804473,-116.92086,97.6
GRANITE_6_N007,32.804472999954854,-116.9207534473782,97.6
GRANITE_6_N008,32.80438343993102,-116.92086,97.6
GRANITE_6_N009,32.804472999954854,-116.92096655262179,97.6
GRANTRK_6_N001,37.67099326174171,-122.160116,51.61005
GRANT_1_N001,37.67091186911436,-122.16005663166834,51.66727
GRANT_1_N005,37.67091186911436,-122.16017536833166,51.66727
GRBRVLLE_6_N001,40.10263,-123.792873,70.03929
GRDNEAST_1_N101,36.47999999998696,-119.60994425959105,49.47492
GRDNEAST_1_N102,36.47999999998696,-119.61005574040897,49.47492
GRDNWEST_1_N001,36.59,-119.57,49.50455
GREENBRE_6_N001,37.93780399998614,-122.51415869769995,51.42421
GREENBRE_6_N003,37.93780399998614,-122.51427330230004,51.42421
GRIMWAY_1_N001,35.27,-118.87,48.09041
GRNTHLL_1_N001,32.80456256006898,-116.92086,50.23119
GRNVALY_1_N001,36.952139010813255,-121.76018,50.15327
GRNVALY_1_N011,36.95205799457908,-121.76012146857028,50.15327
GRSSVLY_6_N101,39.209514,-121.061004,49.61145
GRYSFLT_6_N001,40.021612,-121.065532,45.50016
GUALALA_6_N001,38.786699,-123.522777,51.1131
GUSTINE_6_N001,37.253223999986524,-121.01302629664288,52.36022
GUSTINE_6_N002,37.253223999986524,-121.01313970335713,52.36022
GYSRVLLE_6_N001,38.70981887157317,-122.907957,51.51804
GYSRVLLE_6_N003,38.70973806419826,-122.90789721183104,51.51804
HALSEYF_7_N001,38.90131699998584,-121.08772559737287,50.50751
HAL_SUB_LNODEON1,33.84769999998815,-118.30334578612137,47.53038
HAL_SUB_LNODEONA,33.84769999998815,-118.30345421387864,47.53532
HAMILTON_6_N001,39.746242,-122.011361,47.83862
HAMMER_6_N001,38.02138220754234,-121.320367,49.85879
HAMMER_6_N003,38.02130089621381,-121.32030740848892,49.85879
HAMMER_6_N004,38.02130089621381,-121.32042659151108,49.85879
HAMMONDS_1_N001,36.72011,-120.603287,48.13892
HARBORG_7_N101,33.770089981295506,-118.25010824500784,49.09086
HARDING_6_N001,37.963708999986125,-121.29050568468435,49.58225
HARDING_6_N004,37.963708999986125,-121.29062031531565,49.58225
HARDWICK_6_N001,36.404261,-119.68624,49.83048
HARRIS_6_N001,40.78104299998464,-124.13194328500423,66.34012
HARRIS_6_N003,40.78104299998464,-124.13206271499577,66.34012
HARTER_6_N001,39.14325399998575,-121.6480072716394,48.76701
HARTER_6_N003,39.14325399998575,-121.6481227283606,48.76701
HARTLEY_6_N001,39.077268,-122.932322,51.24375
HAR_GS_LNODE10AUX,33.77070285420546,-118.26588005129787,47.53038
HAR_GS_LNODE11AUX,33.770785160786886,-118.2658363056699,47.53038
HAR_GS_LNODE12AUX,33.77085063868779,-118.26576205737284,47.53038
HAR_GS_LNODE13AUX,33.770893238769126,-118.26566671029164,47.53038
HAR_GS_LNODE14AUX,33.77090995880947,-118.26556034876025,47.53038
HAR_GS_LNODE1AUX,33.770900443776654,-118.26545270896402,47.53038
HAR_GS_LNODE2AUX,33.770866485380765,-118.26535246672638,47.53038
HAR_GS_LNODE5AUX,33.77081149182394,-118.26526678898045,47.53038
HAR_SUB_LNODEONA,33.77073997374512,-118.26520109800133,47.53038
HAR_SUB_LNODEONB,33.77065707494083,-118.26515900180253,47.53038
HAR_SUB_LNODEONC,33.77056816417163,-118.26514234955444,47.53038
HATTON_6_N001,36.55679,-121.897162,49.54093
HAWKINS_LNODEDR1,37.5799617816957,-120.645598336747,48.75012
HAWKINS_LNODEDR3,37.5799481743814,-120.645311774451,48.74518
HAWKINS_LNODEDR5,37.5798175544824,-120.645562968772,48.75012
HAWKINS_LNODEDR7,37.5799502934699,-120.645479899093,48.74518
HAY_GS_LNODE10AUX,33.765034221459466,-118.09919670179296,47.56001
HAY_GS_LNODE12AUX,33.76505094051277,-118.09909035381168,47.56001
HAY_GS_LNODE14AUX,33.765041426041684,-118.09898272772843,47.56001
HAY_GS_LNODE15AUX,33.7650074696504,-118.0988824982613,47.56001
HAY_GS_LNODE9AUX,33.7649524793399,-118.09879683143038,47.56001
HAY_LNODESS1,33.76488096548275,-118.09873114881994,47.56001
HAY_LNODESS2,33.76479807157197,-118.09868905798392,47.56001
HED_LNODENE1,38.50998333333333,-121.355746944444,48.84395
HED_LNODENE2,38.50998333327719,-121.35563197930773,48.84395
HED_LNODENE3,38.50989337309517,-121.35563197945136,48.84395
HED_LNODENE4,38.50982976169183,-121.355713272007,48.84395
HED_LNODENE5,38.50981454922492,-121.35582658122124,48.84395
HED_LNODENE6,38.509845707051696,-121.35593443034743,48.84395
HED_LNODENE7,38.509911316684935,-121.35601308641768,48.84395
HED_LNODENE8,38.50999633683837,-121.3560506593429,48.84395
HENRITTA_6_N101,36.24160599998715,-119.9029965105001,48.52453
HERDLYN_6_N001,37.816383,-121.586176,48.53804
HERSHEY_LNODESLL,37.75083,-120.8453,49.09086
HERSHEY_LNODEXF1,37.7508299999447,-120.8451856244636,49.09086
HERSHEY_LNODEXF2,37.75073956547022,-120.8453,49.09086
HERSHEY_LNODEXF3,37.7508299999447,-120.84541437553641,49.09086
HERSHEY_LNODEXF4,37.750920434529704,-120.8453,49.09086
HICKS_2_N001,37.234159254320986,-121.90015163922017,49.44173
HICKS_2_N002,37.23397874557105,-121.9001516394916,49.44173
HICKS_2_N007,37.23397874557105,-121.90037836050841,49.44173
HIDESERT_2_N001,34.145263999987954,-116.18586145110677,47.8875
HIDESERT_2_N018,34.145263999987954,-116.18597054889322,47.8875
HIGGINS_1_N001,39.043590575891166,-121.09071766620363,49.78879
HIGGINS_1_N002,39.04341142399536,-121.0907176664961,49.78879
HIGGINS_1_N004,39.04341142399536,-121.09094833350389,49.78879
HIGHLD_1_N001,38.93741777608508,-122.609034,48.7055
HIGHLD_1_N005,38.937337111942234,-122.60909387327588,48.7055
HIGHWAY_1_N001,38.166048151820924,-122.253616,48.77239
HIGHWAY_1_N002,38.16596692407439,-122.25355635179834,48.77239
HILLSDLE_6_N001,37.536271,-122.322394,51.43677
HILLSIDE_1_N001,37.879999999986126,-122.23994272916374,49.15953
HILLSIDE_1_N004,37.879999999986126,-122.24005727083625,49.15953
HILMAR_LNODEDR1,37.4189785637285,-120.849304571346,48.79456
HILMAR_LNODEDR2,37.4188603223578,-120.849075716434,48.7995
HILMAR_LNODEDR4,37.4189333711687,-120.849077780203,48.79456
HILMAR_LNODEDR5,37.4188652133943,-120.849148221032,48.7995
HILMAR_LNODEDR7,37.4188555229834,-120.849223847561,48.7995
HILMAR_LNODER17,37.4189123657556,-120.849307362712,48.79456
HINSON_6_N001,33.81885999995258,-118.22236564005779,49.13036
HLFMNBY_6_N002,37.46874323375435,-122.43018,52.29109
HLFMNBY_6_N004,37.46866188310803,-122.43012082319957,52.29109
HLFMNBY_6_N101,37.46866188310803,-122.43023917680043,52.29109
HMBLTBY_6_N003,40.78280899998469,-124.11247771670773,66.29568
HOBARTTP_LNODE19,39.400047,-120.149888,49.58468
HOLLISTR_1_N001,36.862728962246265,-121.405867,49.65945
HOLLISTR_1_N004,36.86264801886252,-121.40580858969733,49.65945
HOLLISTR_1_N101,36.86264801886252,-121.40592541030266,49.65945
HOMEGRND_1_N001,38.96,-122.84,48.83389
HOMEPROC_1_N001,38.94,-122.85,48.81908
HONCUT_1_N001,39.320099,-121.595289,48.0384
HOOPA_6_N001,41.056514,-123.682252,68.63146
HORSESHE_1_N001,38.744281999985915,-121.16156545871566,49.87811
HORSESHE_1_N002,38.744281999985915,-121.16168054128434,49.87811
HPLNDJT_6_N001,38.972898,-123.081134,50.49808
HSK_LA_LNODEKSS,34.487,-118.514,47.49087
HUGHSON_LNODEDR1,37.5949433309328,-120.846755674049,48.66617
HUGHSON_LNODEDR2,37.5949478453779,-120.846639431615,48.66123
HUGHSON_LNODEDR3,37.5948895849844,-120.846669736494,48.66123
HUGHSON_LNODEDR4,37.5949564824944,-120.846831604577,48.66617
HUGHSON_LNODEDR5,37.594883530932,-120.846800432358,48.66617
HUGHSON_LNODEDR8,37.5948895004896,-120.84669840193,48.66123
HUNT1G_7_N002,33.64610399995311,-117.97753404459904,49.41833
HUNT2G_7_N002,33.645950581890766,-117.97761038065147,49.41833
HUNT3G_7_N002,33.64596651133317,-117.97781805443613,49.41833
HUNT4G_7_N002,33.646116990569396,-117.97792719657157,49.41833
HURLEY_LNODE12LD3,38.587283,-121.418244,46.27113
HURON_6_N001,36.185797,-120.104535,47.96158
HUR_LNODENE1,38.58818333333333,-121.418666944444,48.76987
HUR_LNODENE2,38.58818333327699,-121.41855194404475,48.76987
HUR_LNODENE3,38.58810548632912,-121.41860944430671,48.76987
HUR_LNODENE4,38.58810548632912,-121.41872444458129,48.76987
HUR_LNODENE5,38.58818333327699,-121.41878194484326,48.76987
HUR_LNODENE7,38.58826118030932,-121.41872444470597,48.76987
HUR_LNODENE8,38.58826118030932,-121.41860944418204,48.76987
HWD_SUB_LNODEONA,34.088090251059334,-118.34689102435425,47.57976
HWD_SUB_LNODEONB,34.0879097488445,-118.34689102458658,47.57976
HWD_SUB_LNODEONC,34.0879097488445,-118.34710897541342,47.57976
HWD_SUB_LNODEOND,34.088090251059334,-118.34710897564575,47.57976
HYATT_2_N212,39.54,-121.47,47.07051
IBM-CTLE_1_N001,37.33,-121.74,49.2442
IBM-HRRS_1_N001,37.339999999986375,-121.73994319553019,49.17507
IBM-HRRS_1_N101,37.339999999986375,-121.74005680446982,49.17507
IGNACIO_1_N102,38.07555099998604,-122.54000436436782,49.24152
IMHOFF_1_N001,38.001509,-122.066739,49.19414
IMPRLBCH_6_N001,32.58332899998902,-117.09716179037093,50.79781
IMPRLBCH_6_N004,32.58332899998902,-117.09726820962906,50.80275
INDIANW_1_N001,33.75822999998817,-116.36079489140164,46.91411
INDIANW_1_N005,33.75822999998817,-116.36090310859835,46.91411
INDNFLT_6_N001,37.66547,-119.841331,52.35841
INDUSTRL_LNODEDR1,37.4786063003132,-120.866935168966,48.80444
INDUSTRL_LNODEDR2,37.4784258031614,-120.866836967643,48.80938
INDUSTRL_LNODEDR3,37.4784244272802,-120.866662034426,48.80938
INDUSTRL_LNODEDR5,37.4785292936467,-120.866935824384,48.80444
INDUSTRL_LNODEDR7,37.4784403782944,-120.866928290638,48.80444
INDUSTRL_LNODEDR8,37.4784247171011,-120.866748607625,48.80938
INGRMC_1_N001,37.83,-121.17,49.42692
INYOKERN_1_N001,35.65261399998741,-117.79478579202693,46.32614
INYOKERN_1_N008,35.65261399998741,-117.79489620797307,46.32614
IRONMTN_2_N001,34.16,-115.12,46.17388
IUKA_6_N001,37.665987,-121.831011,49.63926
JACINTO_6_N001,39.582923,-122.010645,48.04109
JAMACHA_6_N001,32.744163749547276,-116.957239,94.61321
JAMACHA_6_N006,32.74408312521416,-116.95718365728564,94.61321
JAMACHA_6_N015,32.74408312521416,-116.95729434271436,94.61321
JAMESON_1_N001,38.205743,-122.147539,49.67608
JANSCRK_6_N001,40.905394259900845,-124.072573,66.40926
JANSCRK_6_N003,40.90531287003298,-124.0725108262728,66.40926
JARVIS_1_N014,37.59572442721241,-122.01803387245575,51.07135
JARVIS_1_N016,37.595543572677634,-122.01803387273313,51.07135
JARVIS_1_N017,37.595543572677634,-122.01826212726687,51.07135
JARVIS_1_N101,37.59572442721241,-122.01826212754425,51.07135
JCBSCRNR_6_N001,36.22245499998718,-119.77977650530629,48.63318
JCBSCRNR_6_N003,36.22245499998718,-119.77988749469371,48.63318
JENNY_1_N001,37.769999999986226,-122.25994279875593,52.95262
JENNY_1_N008,37.769999999986226,-122.26005720124407,52.95262
JESSUP_1_N001,40.462102,-122.328061,47.81843
JMSCNPMP_1_N001,38.19,-122.47,48.77239
JOHANNA_2_N001,33.71362395818503,-117.852576,49.53766
JOHANNA_2_N007,33.71354302089469,-117.85251982319095,49.53766
JOLON_6_N001,36.013308,-121.167635,49.33622
KAMM_1_N001,36.58,-120.52,48.20311
KANAKA_1_N001,39.439999999985574,-121.38994201903363,46.7199
KEARNEY_6_N001,36.704357999986875,-119.88278399673257,49.82285
KEARNEY_6_N099,36.704357999986875,-119.88289600326743,49.82285
KEARNEY_7_N001,32.832849999988746,-117.13199871171014,56.23116
KEARNEY_7_N003,32.832849999988746,-117.13210528828985,56.20153
KELSO_2_N001,37.797722,-121.601591,48.73063
KERMAN_6_N001,36.69205999998684,-120.05918901200307,49.35372
KERMAN_6_N002,36.69205999998684,-120.05930098799692,49.35372
KERNOIL_1_N001,35.44070999998741,-119.02061483035583,48.22374
KERNOIL_1_N012,35.44070999998741,-119.02072516964418,48.22374
KERNPWR_1_N002,35.37980096994444,-119.097984,47.77436
KERNPWR_1_N201,35.37972001501422,-119.09792667452027,47.77436
KERNRDGE_1_N001,35.48320899998747,-119.76358482417542,47.98177
KERNRV_1_N001,35.37972001501422,-119.09804132547973,48.2188
KERNWATR_1_N001,35.400666,-119.035603,47.87806
KESWICK_6_N001,40.623725,-122.462027,48.80608
KETTLEMN_6_N001,36.044075,-120.112696,48.49984
KETTNER_6_N001,32.733172,-117.173774,50.64644
KIERNAN_LNODETUB,37.71047,-121.0139,49.03654
KINGCTY_6_N001,36.21683446252504,-121.1266820197143,48.74363
KINGCTY_6_N002,36.21683446252504,-121.1269039802857,48.74363
KINGCTY_6_N005,36.217013537372516,-121.12690398053972,48.74363
KINGSBRG_1_N001,36.48869063297857,-119.58234525016937,49.51443
KINGSBRG_1_N008,36.48861299994815,-119.58228950045047,49.51443
KIRKER_1_N001,38.0212542075842,-121.905844,48.78495
KIRKER_1_N005,38.02117289619287,-121.90578440854696,48.78495
KIRKER_1_N006,38.02117289619287,-121.90590359145303,48.78495
KNA_LNODENA2,40.654722,-122.389167,47.78717
KNGHTSLD_1_N001,38.809281,-121.74515,49.8386
KONOCTI6_6_N001,38.9325,-122.741085,49.91537
KYOCERA_6_N001,32.819776,-117.140362,56.31286
LADDCM_LNODEARD,37.73258,-121.01392,49.03654
LAFRESA_6_N001,33.86979104273171,-118.33319,49.20444
LAFRESA_6_N007,33.869709978621295,-118.33324636755688,49.20444
LAGNANL_1_N001,33.49498074466377,-117.70295838393929,50.20707
LAGNANL_1_N002,33.494801255243225,-117.70295838416239,50.20707
LAGNANL_1_N005,33.494801255243225,-117.70317361583761,50.20707
LAGNANL_1_N006,33.49498074466377,-117.70317361606071,50.20707
LAGRANG_LNODEOAD,37.6697612035926,-120.443808701526,48.70568
LAGUBELL_6_N001,33.975996097823064,-118.14794,48.6958
LAGUBELL_6_N210,33.97591495107552,-118.14799649540468,48.6958
LAGUNATP_6_N001,36.748942999986895,-121.60530194075191,51.43902
LAGUNITS_6_N001,36.748942999986895,-121.60541405924809,50.73598
LAJOLLA_6_N001,32.840121999988746,-117.27517670850455,53.284
LAJOLLA_6_N007,32.840121999988746,-117.27528329149546,53.284
LAKEVIEW_6_N101,35.093678,-119.10139,49.31015
LAKEVLLE_1_N001,38.251505,-122.580692,49.05386
LAKEWOOD_1_N001,37.909008286572075,-122.05701271293042,49.06366
LAKEWOOD_1_N003,37.90892999994441,-122.05695542598274,49.06366
LAKEWOOD_1_N004,37.90885171340006,-122.05701271305232,49.06366
LAKEWOOD_1_N006,37.90885171340006,-122.05712728694768,49.06366
LAKEWOOD_1_N007,37.90892999994441,-122.05718457401727,49.06366
LAKEWOOD_1_N009,37.909008286572075,-122.05712728706959,49.06366
LAK_SM_LNODENE2,38.658077794318025,-121.13012359377534,48.84395
LAK_SM_LNODENE3,38.65799999994368,-121.13006607656462,48.84395
LAK_SM_LNODENE4,38.657922205653776,-121.13012359390028,48.84395
LAK_SM_LNODENE6,38.657922205653776,-121.13023862832172,48.84395
LAK_SM_LNODENE7,38.65799999994368,-121.13029614565738,48.84395
LAK_SM_LNODENE8,38.658077794318025,-121.13023862844666,48.84395
LAMONT_1_N001,35.296667999987505,-118.86162984910735,48.06078
LAMONT_1_N002,35.296667999987505,-118.86174015089266,48.06078
LAPHAM_LNODEQBZ,37.639494,-120.919982,48.99703
LAPHAM_LNODEXBC,37.63949399994495,-120.91986779708742,48.99703
LAPLMG1_7_N001,35.29516599994997,-119.59192469860037,47.0682
LAPLMG2_7_N001,35.2950123151544,-119.59200269352937,47.0682
LAPLMG3_7_N001,35.29502827228419,-119.59221488028864,47.0682
LAPLMG4_7_N001,35.29517901313358,-119.59232639423358,47.0682
LASPALMS_1_N001,36.8,-119.69,49.98581
LASPLGS_6_N001,33.31288499998846,-117.46694237728786,51.57504
LASPULGS_6_N001,33.31288499998846,-117.46704962271214,50.78226
LAURELES_6_N001,36.47781599998705,-121.7268922619553,51.98042
LAWRENCE_1_N001,37.397207,-122.010126,50.49851
LAWRENCE_1_N003,37.39720699994556,-122.01001226428907,50.49851
LAWRENCE_1_N004,37.39711664332103,-122.010126,50.49851
LAWRENCE_LNODEENCE,37.397297356679005,-122.010126,46.31558
LBEACH2G_7_N002,33.818691093192,-118.22254906136247,49.13036
LCIENEGA_6_N001,34.000751,-118.378408,49.54024
LEGRAND_1_N001,37.184412,-120.273463,50.34855
LEMOORE_6_N002,36.30998799998711,-119.79822042969916,49.09737
LEMOORE_6_N101,36.30998799998711,-119.79833157030085,49.09737
LEPRINO_1_N001,37.748396,-121.41576,49.35285
LERDO_1_N001,35.50010399998744,-119.15188082156193,48.09535
LERDO_1_N004,35.50010399998744,-119.15199117843807,48.09535
LILAC_6_N001,33.25325899998847,-117.08580343192692,51.09147
LILAC_6_N010,33.25325899998847,-117.08591056807307,51.09147
LIMESTNE_6_N001,38.63377399998596,-120.97960448884528,49.71515
LINCON_LNODECRZ,37.63940356621228,-120.91986779722644,48.99209
LINCON_LNODEFCN,37.639339619957,-120.91994855081084,48.99209
LINDEN_6_N101,38.016891,-121.095875,51.36495
LITEHIPE_6_N001,33.88040091918611,-118.17506849549716,49.0316
LITEHIPE_6_N008,33.88058108071875,-118.17528550473195,49.0316
LIVERMRE_6_N001,37.68013099998621,-121.78059286544908,49.67383
LIVERMRE_6_N003,37.68013099998621,-121.78070713455092,49.67383
LIVNGSTN_6_N001,37.363379203022006,-120.760425,49.51131
LLAGAS_1_N001,37.006958040367174,-121.557391,49.97012
LLAGAS_1_N003,37.00687697980194,-121.55733239433584,49.97012
LLAGAS_1_N005,37.00687697980194,-121.55744960566416,49.97012
LMEC1_1_N001,38.030625,-121.896783,48.6368
LMEC1_1_N101,38.03062499994427,-121.89666830800388,48.6368
LMEC1_1_N601,38.0305346591732,-121.89666830814532,48.6368
LMEC1_1_N801,38.03047077865233,-121.89674940756281,48.6368
LMECCT1_7_N001,38.0304867914731,-121.89697004046927,48.64174
LMECCT2_7_N001,38.03063805852326,-121.89708599331652,48.64174
LMECST1_7_N001,38.03081089924409,-121.89703337694175,48.64174
LMPC-CTY_1_N001,34.6,-120.39,50.7593
LOCKHD1_1_N001,37.409054,-122.03213,50.54789
LOCKHD2_1_N001,37.416224,-122.030655,50.56765
LOGANCR_2_N001,39.53955399998549,-122.26277291112409,46.88061
LOGANCR_2_N010,39.53955399998549,-122.26288908887592,46.88061
LONESTAR_1_N001,37.511676999986356,-122.20756301431467,50.93801
LOSALTS_6_N004,37.3939352129738,-122.114735,50.83431
LOSALTS_6_N005,37.393853893498445,-122.11467590496156,50.83431
LOSALTS_6_N101,37.393853893498445,-122.11479409503845,50.83431
LOSCCHS_6_N001,32.85981772690813,-116.899263,48.69425
LOSCOCHS_6_N001,32.85973713653372,-116.89920760858072,35.29493
LOSCOCHS_6_N034,32.85973713653372,-116.89931839141927,35.29493
LOSGATS_6_N002,37.226423999986494,-121.97722832893687,51.03184
LOSGATS_6_N201,37.226423999986494,-121.97734167106313,51.03184
LOSOSTS_6_N001,36.293864,-121.20007,48.79301
LOVELAND_6_N001,32.796957,-116.792258,35.24554
LOWGAP_7_N001,40.4327289999849,-123.47220368717633,50.28529
LOYALTON_LNODETY,39.6680639999855,-120.24305624345052,49.54517
LOYOLA_6_N001,37.360660999986344,-122.09993417231678,50.46888
LOYOLA_6_N004,37.360660999986344,-122.10004782768323,50.46888
LPFLKBD_6_N001,40.90531287003298,-124.07263517372719,66.40432
LSGLLNS_1_N001,38.022339207228725,-122.537978,49.38966
LSGLLNS_1_N002,38.0222578963706,-122.53791840805536,49.38966
LSGLLNS_1_N003,38.0222578963706,-122.53803759194464,49.38966
LSPSTAS_2_N001,37.700982436898656,-121.73360569835381,49.68864
LSPSTAS_2_N002,37.70080156299109,-121.73360569863272,49.68864
LSPSTAS_2_N010,37.70080156299109,-121.7338343013673,49.68864
LSPSTAS_2_N011,37.700982436898656,-121.73383430164618,49.68864
LSTHLLS_6_N001,35.785755,-119.866138,48.04328
LUCERNE_1_N001,39.110189,-122.81298,49.52525
LUCERNE_1_N004,39.11,-122.81,49.52525
LUIS#3_1_N001,36.65,-120.73,48.12904
LUIS#5_1_N001,36.72,-120.75,48.12904
LVNGSTN_7_N002,37.36329789847426,-120.76036593987695,50.75349
LYOTH-SP_6_N001,37.721862,-121.390858,49.54544
LYTNVLLE_6_N001,39.684962,-123.476979,53.44126
MABURY_1_N001,37.36089599998639,-121.86395517205479,50.87382
MABURY_6_N001,37.36089599998639,-121.86406882794522,49.79728
MADISON_1_N002,38.67073989103906,-121.969138,48.5156
MADISON_1_N201,38.67065905446531,-121.9690782228888,48.5156
MAGUNDEN_1_N002,35.36215899998747,-118.92373215922743,48.92003
MAINE-PR_6_N001,38.385820999985995,-121.77582145519017,48.66374
MALAGA_1_N001,36.69415479048744,-119.72474601890697,49.82554
MALAGA_1_N004,36.69397520940774,-119.72474601916853,49.82554
MALAGA_1_N005,36.69397520940774,-119.72496998083147,49.82554
MALAGA_1_N206,36.69415479048744,-119.72496998109303,49.82554
MANCHSTR_1_N001,36.78803392229639,-119.787488,50.21297
MANCHSTR_1_N002,36.787953038837564,-119.78742968988867,50.21297
MANCHSTR_1_N005,36.787953038837564,-119.78754631011132,50.21297
MANDLY1G_7_N002,34.207498198093205,-119.249016,48.88859
MANDLY2G_7_N002,34.20741690094034,-119.2489592448821,48.88859
MANDLY3G_7_N001,34.20741690094034,-119.2490727551179,48.88859
MANTECA_1_N001,37.80151542742815,-121.22356755493873,49.92074
MANTECA_1_N002,37.80133457246114,-121.22356755521895,49.92074
MANTECA_1_N012,37.80133457246114,-121.22379644478104,49.92074
MANTECA_1_N013,37.80151542742815,-121.22379644506127,49.92074
MANVILLE_1_N001,34.53,-120.43,50.66547
MARGARTA_1_N001,33.55007578845692,-117.62798626281774,50.17744
MARGARTA_1_N002,33.54989621144975,-117.62798626304166,50.17744
MARGARTA_1_N008,33.54989621144975,-117.62820173695833,50.17744
MARGARTA_1_N009,33.55007578845692,-117.62820173718225,50.17744
MARICOPA_6_N001,35.107547,-119.398151,47.38918
MARIPOS2_6_N001,37.50445799998627,-120.00773602136582,52.27446
MARIPOS2_6_N003,37.50445799998627,-120.00784997863418,52.27446
MARPOS_LNODEKSA,37.63932432741219,-120.92006110878681,48.99703
MARPOS_LNODENOX,37.63935564925701,-120.92016824287315,48.99703
MARSHALL_LNODEDR1,37.43587720766,-121.132527674588,48.82913
MARSHALL_LNODEDR2,37.4358760484777,-121.13220043951,48.82419
MARSHALL_LNODEDR3,37.4358798082574,-121.132682875263,48.82913
MARSHALL_LNODEDR4,37.4358789493306,-121.132046059332,48.82419
MARSHALL_LNODEDR5,37.4358787251639,-121.131895544498,48.82419
MARSHALL_LNODER8C,37.435876146414,-121.132374308977,48.82913
MARTELL_6_N001,38.369191999986,-120.79669245138386,49.36497
MARTINEZ_1_N001,38.02,-122.16,49.3345
MCARTHR_6_N001,41.05270199998445,-121.40878106361407,46.98388
MCCALL_1_N026,36.61141783540495,-119.639697,49.41567
MCCALL_1_N030,36.61133708228342,-119.63963891745578,49.41567
MCC_LNODEMCC,38.63008971070796,-121.51320976638306,48.72049
MCDISLE_6_N001,37.93693288402067,-121.52832945017714,50.55777
MCFRLND_6_N001,35.688444,-119.276835,48.30275
MCKEE_1_N001,37.366407204044364,-121.843789,50.70592
MCKEE_1_N005,37.36632589796316,-121.84372993637959,50.70592
MCKEE_1_N101,37.36632589796316,-121.84384806362041,50.70592
MCMULLN1_2_N001,36.592775,-119.989065,49.2994
MCY_LNODE101,38.563116666666666,-121.464371944444,48.80444
MCY_LNODE102,38.563116666610455,-121.4642569555954,48.80444
MCY_LNODE103,38.56302675430868,-121.46425695573926,48.80444
MCY_LNODE104,38.562963176761876,-121.46433826506194,48.80444
MCY_LNODE105,38.562947972391605,-121.46445159764659,48.80444
MCY_LNODE106,38.5629791136348,-121.46455946901716,48.80444
MCY_LNODE107,38.56304468834792,-121.46463814131086,48.80444
MCY_LNODE108,38.56312966325024,-121.46467572198618,48.80444
MDLRIVR_6_N001,37.93693288402067,-121.52844854982285,49.96518
MDWYPS_6_N001,35.402824999987416,-119.45497183549746,47.55214
MECCTG1_7_N100,37.239909741275135,-121.77988662517618,49.02692
MECCTG2_7_N100,37.2400902586168,-121.78011337509535,49.02692
MEDWLNE_1_N001,37.963141225082815,-122.052361,49.16519
MEDWLNE_1_N002,37.963059887443606,-122.05230143651556,49.16519
MEDWLNE_1_N006,37.963059887443606,-122.05242056348443,49.16519
MELROSE_6_N001,33.206560573300976,-117.25285494469412,50.75462
MELROSE_6_N004,33.20638142660739,-117.25285494491321,50.75462
MELROSE_6_N005,33.20638142660739,-117.25306905508678,50.75462
MELROSE_6_N009,33.206560573300976,-117.25306905530589,50.75462
MENLO_6_N001,37.4330313740754,-122.20260718789906,51.23925
MENLO_6_N002,37.43285062581547,-122.2026071881739,51.23925
MENLO_6_N003,37.43285062581547,-122.2028348118261,51.23925
MENLO_6_N004,37.4330313740754,-122.20283481210093,51.23925
MERCEDFL_7_N001,37.27292328168154,-120.48675154649395,50.56583
MERCED_1_N001,37.27274271821013,-120.48697845323395,50.63991
MERCED_1_N002,37.27292328168154,-120.48697845350604,50.64485
MERIDIAN_6_N101,37.225299,-121.744182,48.17711
MESACAL_6_N001,34.037454,-118.109265,48.45876
MESAHGTS_6_N001,32.829628731503114,-117.157263,56.41162
MESAHGTS_6_N007,32.82954813423625,-117.15720762268285,56.41162
MESARIM_6_N001,32.90498753633711,-117.17294735480384,50.79341
MESARIM_6_N007,32.90480846357245,-117.1729473550195,50.79341
MESARIM_6_N008,32.90480846357245,-117.1731606449805,50.79341
MESARIM_6_N012,32.90498753633711,-117.17316064519616,50.79341
METCALF_1_N018,37.22435199998651,-121.74197733145253,49.17013
METTLER_6_N001,38.078067,-121.2867,49.85879
MEYERS_LNODE31,38.877195,-119.986125,47.54026
MEYERS_LNODE32,38.87719499994345,-119.98600982501117,47.54026
MEYERS_LNODE33,38.87710533707398,-119.986125,47.54026
MEYERS_LNODE34,38.87719499994345,-119.98624017498884,47.54026
MEYERS_LNODE35,38.87728466292607,-119.986125,47.54026
MI-WUK_1_N001,38.052745,-120.217268,50.55015
MIDDLTWN_6_N002,38.7527889999859,-122.60852945612646,52.4388
MIDDLTWN_6_N101,38.7527889999859,-122.60864454387354,52.4388
MILLBRAE_1_N001,37.605189,-122.391045,51.13554
MILLBRAE_1_N004,37.60518899994505,-122.39093085578821,51.13554
MILLBRAE_1_N201,37.60518899994505,-122.3911591442118,51.13554
MILLBRAE_6_N001,37.6052794289691,-122.391045,51.29357
MILLER_1_N001,37.81,-121.1,49.55037
MILPITAS_1_N001,37.415395,-121.888564,50.6516
MILPITAS_1_N003,37.41539499994551,-121.8884502251851,50.6516
MILPITAS_1_N005,37.41530463419468,-121.888564,50.6516
MILPITAS_1_N006,37.41539499994551,-121.88867777481491,50.6516
MINNIER_LNODEJFF,37.71289,-120.93858,48.98222
MIRABEL_6_N001,38.489406,-122.894261,50.04151
MIRALOMA_6_N001,34.004371186293284,-117.56506721001799,48.32543
MIRAMAR_6_N001,32.89408253805123,-117.13552936589245,50.80103
MIRAMAR_6_N004,32.89390346185827,-117.135529366108,50.80103
MIRAMAR_6_N017,32.89390346185827,-117.135742633892,50.80103
MISSION_6_N001,32.784191999954906,-117.13741946348074,56.75504
MISSION_6_N031,32.78411443272647,-117.13747273178681,56.75504
MISSION_6_N040,32.78411443272647,-117.13757926821319,56.75504
MISSION_6_N049,32.784191999954906,-117.13763253651926,56.75504
MKT_SUB_LNODEONA,34.0434902173762,-118.24599112234871,47.56495
MKT_SUB_LNODEONB,34.04330978252786,-118.24599112258036,47.56001
MKT_SUB_LNODEONC,34.04330978252786,-118.24620887741963,47.56495
MKT_SUB_LNODEOND,34.0434902173762,-118.24620887765128,47.56495
MNDCTP_6_N001,39.251247,-123.196582,50.73511
MOFTFLD_1_N002,37.41,-122.04,50.5232
MOLINO_6_N002,38.42527299998595,-122.83215753598292,50.91064
MOLINO_6_N101,38.42527299998595,-122.83227246401708,50.91064
MONOLITH_6_N029,34.92999999998754,-118.4199449189089,47.81474
MONOLITH_6_N101,34.92999999998754,-118.4200550810911,47.81474
MONROE_1_N001,38.45321800700051,-122.743668,49.69583
MONROE_1_N002,38.45313699648462,-122.74360827529611,49.72052
MONROE_1_N101,38.45313699648462,-122.74372772470389,49.72052
MONSRATE_6_N001,33.32908099998846,-117.23541536188321,51.48498
MONSRATE_6_N007,33.32908099998846,-117.23552263811678,51.48498
MONTAGUE_1_N001,37.40375521599691,-121.905675,50.95283
MONTAGUE_1_N006,37.403673891986756,-121.90561589392182,50.95283
MONTAGUE_1_N007,37.403673891986756,-121.90573410607819,50.95283
MONTCLLO_1_N008,38.48,-122.32,49.23658
MONTEREY_6_N001,36.599917,-121.890341,49.44217
MONTERO_6_N001,38.47145299998595,-123.01207452586034,50.97483
MONTERO_6_N004,38.47145299998595,-123.01218947413966,50.97483
MONTGMRY_6_N001,32.631633999988686,-117.09951777952129,50.47977
MONTGMRY_6_N002,32.631633999988686,-117.0996242204787,50.47977
MONTPELR_LNODEDR3,37.5513950204046,-120.771210942368,48.77975
MONTPELR_LNODEDR4,37.5513208784333,-120.77132554154,48.77975
MONTPELR_LNODEDR5,37.5513203022304,-120.771217224249,48.77975
MONTPELR_LNODEDR7,37.551320342333,-120.771557696814,48.77481
MONTPELR_LNODEDR8,37.5513195014288,-120.771445581179,48.77481
MOORPARK_6_N001,34.28245799998789,-118.90073231455499,48.22687
MORAGA_1_N001,37.848008,-122.160732,49.05069
MORGAN_1_N001,37.12745917114046,-121.65871690356438,47.49782
MORMON_6_N001,37.968746,-121.185898,50.19459
MOROHILL_6_N001,33.252187,-117.300305,51.12136
MORROBY_1_N001,35.373004,-120.855187,48.78401
MOSSLD_1_N001,36.804150842399494,-121.78373687034716,48.54341
MOSSLND6_7_ND001,36.80399515757413,-121.78384912953872,48.61749
MOSSLND7_7_ND001,36.804150842399494,-121.78384912965284,48.61749
MPLECRK_6_N001,40.767881,-123.87365,67.02654
MREIS-Q_1_N001,38.12,-122.33,48.71313
MRGNHIL_1_N001,37.12727882875214,-121.65871690383386,49.80222
MRGNHIL_1_N004,37.12727882875214,-121.65894309616613,49.80222
MRGNHIL_1_N007,37.12745917114046,-121.65894309643562,49.80222
MRTSVAL_LNODE32,39.329538,-120.170031,49.4069
MRYSVLLE_6_N001,39.13944599998575,-121.58327227419691,49.58676
MRYSVLLE_6_N003,39.13944599998575,-121.58338772580308,49.58676
MSHR60V_6_N001,38.02150699998609,-121.28089465794243,50.34274
MSHR60V_6_N006,38.02150699998609,-121.28100934205757,50.34274
MTEDEN_1_N001,37.63264525976642,-122.10124,51.03305
MTEDEN_1_N005,37.632563870101905,-122.10118066447778,51.03305
MTEDEN_1_N009,37.632563870101905,-122.10129933552223,51.03305
MTNHOUSE_LNODE1KV,37.79428,-121.55964,48.56741
MTNPASS_1_N001,35.508179,-115.53125,46.6469
MTNQUAR_6_N001,38.914515,-121.015694,50.47295
MTVIEW_1_N001,34.07927114678052,-117.240376,50.01457
MTVIEW_1_N004,34.079189926596804,-117.24031938460595,50.01457
MTVIEW_1_N005,34.079189926596804,-117.24043261539406,50.01457
MURRAY_6_N001,32.79087756459772,-117.0229334582287,77.18607
MURRAY_6_N004,32.790698435312095,-117.02293345844329,77.18607
MURRAY_6_N005,32.790698435312095,-117.02314654155671,77.18607
MURRAY_6_N015,32.79087756459772,-117.0231465417713,77.18607
MUSLSLGH_6_N001,36.264507,-119.907357,48.55416
NARROWS1_7_N001,33.13712344927391,-116.2943780565384,48.97935
NARROWS_6_N010,33.137302550634665,-116.29459194367982,45.4226
NATNLCTY_6_N001,32.67305199998863,-117.10726576866911,50.61072
NATNLCTY_6_N005,32.67305199998863,-117.10737223133088,50.61072
NAT_LNODENE1,38.65097779957077,-121.48672359559271,48.75506
NAT_LNODENE2,38.65089999994365,-121.48666608019934,48.75506
NAT_LNODENE3,38.650822200401045,-121.48672359571763,48.75506
NAT_LNODENE4,38.650822200401045,-121.48683862650437,48.75012
NAT_LNODENE5,38.65089999994365,-121.48689614202266,48.75012
NAT_LNODENE6,38.65097779957077,-121.4868386266293,48.75012
NAVSTMTR_6_N001,32.67041199998878,-117.11463876940559,50.68197
NAVSTMTR_6_N011,32.67041199998878,-117.11474523059441,50.68197
NAVY35R_1_N001,35.29,-119.45,47.26079
NBRANCH_6_N001,38.199837,-120.719506,49.21189
NCMETER_1_N001,33.089572,-117.203236,50.50006
NCPA1GY1_7_N001,38.329999999986036,-122.63005744213352,48.52054
NCPA1GY2_7_N001,38.33999999998601,-122.64005744453604,48.54029
NCPA2GY1_7_N001,38.34999999998599,-122.65005744690819,48.93041
NCPA2GY2_7_N001,38.329999999986036,-122.68005744213352,48.90078
NDUBLIN_2_N002,37.86,-121.88,50.42938
NEWARKD_1_N001,37.50049924095103,-121.987091,50.4195
NEWARKD_1_N012,37.500417879509776,-121.98703179018516,50.4195
NEWBURG_6_N001,40.59455299998477,-124.13512748525541,67.63888
NEWBURG_6_N003,40.59455299998477,-124.13524651474458,67.63888
NEWELL_LNODEWELL,41.888139999984205,-121.37832971620207,46.31064
NEWHALL_1_N001,36.86718099998678,-120.32825478878492,49.60063
NEWHALL_1_N002,36.86718099998678,-120.32836721121508,49.60063
NEWMAN_6_B2,37.31543099998646,-121.01505122358405,51.51085
NEWMAN_6_N001,37.31543099998646,-121.01516477641594,51.51085
NOISLMTR_6_N004,32.70248360152014,-117.18205952001077,50.73889
NOISLMTR_6_N009,32.70230439838948,-117.1820595202246,50.73889
NORCO_1_N001,35.28535,-119.308893,47.69041
NORD1_1_N001,39.759998999985385,-121.90689363690683,47.64335
NORD1_1_N003,39.759998999985385,-121.90701036309318,47.64335
NORTECH_1_N001,37.46,-121.76,50.83431
NORTHOAK_6_N003,35.96338313356797,-119.45673850749412,48.53303
NORTHOAK_6_N004,35.96338313356797,-119.45685349250587,48.53303
NORTHOAK_6_N005,37.36329789847426,-120.76048406012305,48.53303
NOVATO_6_N001,38.10860199998601,-122.56828762317217,49.32547
NOVATO_6_N002,38.10860199998601,-122.56840237682783,49.32547
NRTHTWR_1_N001,38.066061192073654,-122.195674,50.0354
NRTHTWR_1_N002,38.06597990394814,-122.1956143891305,50.0354
NRTHTWR_1_N004,38.06597990394814,-122.19573361086951,50.0354
NR_SUB_LNODEONA,34.22909034238915,-118.54339073176756,47.56495
NR_SUB_LNODEONB,34.228909657513995,-118.54339073200198,47.56495
NR_SUB_LNODEONC,34.228909657513995,-118.54360926799801,47.56495
NR_SUB_LNODEOND,34.22909034238915,-118.54360926823244,47.56495
NUMITAP_1_N003,37.5,-122.04,50.63678
NVYSCHL_6_N001,36.59909,-121.877082,49.37797
NWKDIST_2_N001,37.47999999998637,-121.97994304564625,50.32567
NWKDIST_2_N004,37.47999999998637,-121.98005695435374,50.32567
OAKC12_7_N002,37.797435,-122.281022,49.61441
OAKDAL_LNODEMTS,37.66746999998627,-120.95814287556452,48.98715
OAKDAL_LNODENDN,37.66746999998627,-120.95825712443548,48.98715
OAKHURST_1_N001,37.32379499998641,-119.63394921398016,50.60803
OAKHURST_1_N002,37.32379499998641,-119.63406278601984,50.60803
OAKLAND_1_N001,37.79743499994459,-122.28090756034669,49.60453
OAKLAND_1_N006,37.797356686862834,-122.280964780234,49.60453
OAKLAND_1_N033,37.797356686862834,-122.28107921976599,49.60453
OCEANO_1_N001,35.10177099998753,-120.58099587832989,50.12721
OCEANO_1_N004,35.10177099998753,-120.5811061216701,50.12721
OCEANSDE_6_N001,33.19681799998853,-117.381743480479,50.91002
OCEANSDE_6_N002,33.19681799998853,-117.381850519521,50.91002
OIGLASS_1_N001,37.75,-121.31,48.89853
OILDALE_1_N001,35.42,-118.98,48.21386
OILFLDS_6_N001,35.95646873409211,-120.85121,47.84487
OILFLDS_6_N007,35.95638813294024,-120.8511525112428,47.84487
OLDRIVR_6_N001,35.208404,-119.100252,48.39164
OLDTOWN_6_N001,32.766092,-117.192529,50.47767
OLEMA_6_N001,38.042497,-122.786541,50.35262
OLETA_6_N001,38.48064499998599,-120.84462852385393,50.2386
OLETA_6_N003,38.48064499998599,-120.84474347614606,50.2386
OLINDA_6_N001,33.94616008273055,-117.922244,48.65629
OLIVHRST_1_N001,39.0918869999858,-121.54288430472884,49.21145
OLIVHRST_1_N002,39.0918869999858,-121.54299969527116,49.21145
OLY_SUB_LNODEONA,34.03409021003063,-118.45989114327803,47.57482
OLY_SUB_LNODEONB,34.03390978987338,-118.45989114350952,47.57482
OLY_SUB_LNODEONC,34.03390978987338,-118.46010885649046,47.57482
OLY_SUB_LNODEOND,34.03409021003063,-118.46010885672197,47.57482
OMAR_2_N001,35.475983864148716,-118.98698399999999,48.86883
OMWD_6_N001,33.068479,-117.141404,50.43187
ONEILPMP_7_LN001,37.098611,-121.0475,48.51378
OREGNTRL_1_N001,40.61902099998471,-122.32226045686366,48.20855
OREGNTRL_6_N001,40.61902099998471,-122.32237954313634,48.43571
OREGON_LNODENK1,37.63168999998624,-120.9742429051075,48.99703
OREGON_LNODENK2,37.63168999998624,-120.9743570948925,48.99703
ORICK_6_N001,41.294542,-124.056522,67.34258
ORLANDB_6_N001,39.725068,-122.178873,47.75961
OROLOMA_6_N001,36.886866,-120.655928,48.33151
OROSI_6_N006,36.544759,-119.251776,50.15865
OROVILLE_6_N001,39.50524442035656,-121.5593758990519,47.41619
OROVILLE_6_N005,39.50524442035656,-121.5596081009481,47.41619
OROVILLE_6_N102,39.50542357952801,-121.55960810124742,47.41619
ORV_LNODENE1,38.68455,-121.267326944444,48.77975
ORV_LNODENE2,38.68454999994364,-121.26721189591703,48.77975
ORV_LNODENE3,38.68446019318104,-121.26721189606141,48.77975
ORV_LNODENE4,38.68439669026182,-121.26729324758281,48.77975
ORV_LNODENE5,38.68438150373832,-121.26740663898543,48.78469
ORV_LNODENE6,38.6844126084275,-121.26751456633991,48.78469
ORV_LNODENE7,38.6844781061685,-121.26759327946426,48.78469
ORV_LNODENE8,38.68456298132683,-121.2676308796447,48.78469
OTAY_6_N001,32.595376662064226,-117.05752057560969,50.63203
OTAY_6_N014,32.59519733784581,-117.05752057582266,50.63203
OTTER_6_N001,36.47781599998705,-121.7270037380447,51.98042
OVES_SUB_LNODEBKB,37.43792099998635,-118.55704491120122,42.50821
OVES_SUB_LNODEBKC,36.443,-118.0438,44.47362
OVES_SUB_LNODEBKD,37.342,-118.441,42.51808
OXFORD_1_N001,36.7,-120.68,48.1241
PACFCBCH_6_N001,32.799218999988646,-117.24014772581532,50.74033
PACFCBCH_6_N004,32.799218999988646,-117.24025427418468,50.74033
PACIFICA_6_N001,37.59458399998625,-122.48892793722666,52.0343
PACIFICA_6_N003,37.59458399998625,-122.48904206277334,52.0343
PADUA_6_N001,34.120216,-117.639076,48.23174
PALMR_1_N001,34.825223,-120.298953,49.80622
PALOMAR_1_N001,33.12281772819047,-117.287925,50.43418
PALOMAR_1_N004,33.1227371358924,-117.28786944194597,50.43418
PALOMAR_1_N013,33.1227371358924,-117.28798055805403,50.43418
PANAMA_6_N001,35.29556801570901,-119.021525,48.52991
PANAMA_LNODECOUERCRK1,35.29548699213203,-119.02146768568419,47.30322
PANAMA_LNODECOUERCRK2,35.29548699213203,-119.02158231431581,47.30322
PANRAMA_1_N001,40.434409,-122.2679,47.45569
PARADISE_1_N001,39.7615578392488,-121.618634,47.47051
PARADISE_LNODEDISE,39.76147708035982,-121.61857334522642,46.31558
PARADISX_6_N001,39.76147708035982,-121.61869465477358,50.56105
PARADS_LNODEFEG,37.69056,-121.02061,48.97234
PARADS_LNODEKHB,37.690559999944874,-121.02049571450051,48.97234
PARKWAY_2_N001,38.17,-122.25,48.73011
PAR_LNODEAPM,37.668079999986205,-120.9174128750731,48.97234
PAR_LNODEFVM,37.668079999986205,-120.9175271249269,48.97234
PAULSWT_1_N001,36.99234705413821,-121.98202825128297,51.15573
PAULSWT_1_N004,36.9921669457552,-121.98202825154998,51.15573
PAULSWT_1_N101,36.99234705413821,-121.98225374871703,51.15573
PEABODY_2_N002,38.28558699998594,-121.97025256896055,48.54029
PEABODY_2_N006,38.28558699998594,-121.97036743103946,48.54029
PEACHTON_6_N001,39.3784769999856,-121.68494608007006,52.0
PEACHTON_6_N004,39.3784769999856,-121.68506191992994,52.0
PEARBMAP_7_B1,34.508883999950896,-117.91829825412502,48.14873
PEARBMAP_7_B3,34.50879356514072,-117.9182982542441,48.14873
PEARBMAP_7_B4,34.50872961811796,-117.91837585623696,48.14873
PEARBMBP_7_B1,34.50871432539329,-117.91848402139897,48.14873
PEARBMBP_7_B3,34.50874564762435,-117.91858697434263,48.14873
PEARBMBP_7_B4,34.5088116034329,-117.91866205952238,48.14873
PEARBMCP_7_B1,34.50889707216307,-117.91869792664747,48.15367
PEARBMCP_7_B3,34.50898737191128,-117.91869193094361,48.15367
PEARBMDP_7_B1,34.50907009278566,-117.91864757930026,48.14873
PEASE_1_N001,39.17010299998576,-121.66113925312504,48.97935
PEASE_1_N009,39.17010299998576,-121.66125474687495,48.97935
PENDLETN_6_N001,33.30925299998849,-117.3349783807102,51.16224
PENDLETN_6_N004,33.30925299998849,-117.3350856192898,51.16224
PENNGRVE_1_N001,38.315547,-122.681119,49.70077
PENRYN_6_N001,38.8444299999859,-121.16613942513398,50.5964
PENRYN_6_N004,38.8444299999859,-121.16625457486602,50.5964
PERMNNTE_6_N002,34.355793,-116.855947,49.85654
PERRY_6_N008,35.570805,-121.055868,50.71979
PETLMAA_6_N001,38.234002,-122.636285,49.11312
PETLMAC_6_N002,38.2390641182539,-122.636804,50.07608
PETLMAC_6_N003,38.23898294085798,-122.63674432895719,50.07608
PETLMAC_6_N004,38.23898294085798,-122.6368636710428,50.07608
PGG_LNODESS1,38.531716666610464,-121.39934830807131,48.80444
PGG_LNODESS2,38.531794557439916,-121.39929082076439,48.80444
PHILLIPS_1_N001,37.34,-122.03,50.42444
PHILO_6_N001,39.063719,-123.437524,52.08818
PICO_1_N001,33.45676299998844,-117.58919323286267,50.09124
PICO_1_N004,33.45676299998844,-117.58930076713733,50.09124
PIERCY_1_N201,37.28,-121.83,49.90099
PIKECTY_6_N001,39.438734,-120.997847,49.17194
PIONEER_LNODEBUS,37.39756017328021,-120.7270641608972,48.75506
PIONEER_LNODEDR1,37.39756017322573,-120.72695042442128,48.76493
PIONEER_LNODEDR2,37.3974698163648,-120.7269504245584,48.76493
PIONEER_LNODEDR3,37.3974059244655,-120.72703084832322,48.76493
PIONEER_LNODEDR4,37.39739064492007,-120.72714294658331,48.76493
PIONEER_LNODEDR5,37.39742194014138,-120.72724964310564,48.76493
PIONEER_LNODEDR6,37.397487839085414,-120.72732745855615,48.76493
PIONEER_LNODEDR7,37.39757323413797,-120.72736462991926,48.76493
PIONEER_LNODEDR8,37.397663456054794,-120.72735841623376,48.76493
PIONEER_LNODEDR9,37.39774610563929,-120.72731245188831,48.76493
PIONEER_LNODER15,37.397811856418734,-120.72723443776906,48.76493
PIT1_6_N001,38.030670659249246,-121.86908630802888,46.4703
PIT3_7_N001,38.030606778782065,-121.8691674075287,46.34684
PIT5_7_B1,38.030591501969816,-121.86928044765509,46.48243
PITSBURG_1_N001,38.03101263810665,-121.86937270758541,48.68125
PITTSBRG_6_N101,38.031055408073875,-121.8692716827705,48.84646
PLACERVL_1_N001,38.73027886166341,-120.788047,49.87811
PLACER_1_N001,38.901310999985846,-121.08802340262966,50.0927
PLACER_7_N009,38.901310999985846,-121.08813859737035,50.10258
PLAINFLD_6_N001,38.61887,-121.793976,53.3003
PLANETRN_LNODEANET,34.16127269818337,-114.38177086876138,46.60693
PLOALTO_1_N001,33.356029648193925,-117.1119886715524,51.05653
PLOALTO_1_N007,33.35585035171371,-117.11198867177347,51.05653
PLOALTO_1_N013,33.35585035171371,-117.11220332822651,51.05653
PLUMAS_6_N001,39.026121,-121.54308,49.72996
PNEDLE_1_N001,36.829999999986725,-119.82994383698444,50.27223
PNEDLE_1_N002,36.829999999986725,-119.83005616301556,50.29692
PNEGRVE_6_N001,38.41271199998601,-120.6602245387678,50.1699
PNEGRVE_6_N002,38.41271199998601,-120.6603394612322,50.1699
PNTARNA_6_N001,38.912571,-123.679495,52.94743
POC_LNODENE2,38.490383333333334,-121.470263055556,48.85876
POC_LNODENE3,38.49038333327713,-121.4701480990094,48.85876
POC_LNODENE4,38.490293355392375,-121.470263055556,48.85876
POC_LNODENE7,38.49038333327713,-121.47037801210259,48.85382
POC_LNODENE8,38.49047331127424,-121.470263055556,48.85382
POINTLMA_6_N013,32.74137841625509,-117.23325749479669,50.69989
POINTLMA_6_N014,32.74137841625509,-117.2334705052033,50.69989
POLPASPP_6_N002,38.57552299994369,-121.49770299452835,48.05315
POMERADO_6_N001,32.941482719314884,-117.032882,50.13431
POMERADO_6_N004,32.9414021403303,-117.03282656531631,50.13431
POMERADO_6_N008,32.9414021403303,-117.03293743468369,50.13431
PORTOLA_LNODE31,39.803943999985336,-120.46453157749829,49.54517
PORTOLA_LNODE32,39.803943999985336,-120.46464842250171,49.54517
POSOMT_1_N001,35.559194,-118.957501,48.33238
POST_1_N001,39.11,-121.64,50.29561
POTRERO_1_N001,37.46005423161257,-122.4,51.55035
POTRERO_1_N013,37.45997288417899,-122.39994083241324,51.55035
POTRERO_1_N016,37.45997288417899,-122.40005916758676,51.55035
POUST_LNODEIGQ,37.69046956305469,-121.02049571463989,48.98222
POUST_LNODELD2,37.6904056145667,-121.02057652662188,48.98222
POWAY_6_N001,32.978722999988655,-117.03130363648788,50.34715
POWAY_6_N010,32.978722999988655,-117.03141036351212,50.34715
PP1_LNODEOAD,34.59026131985074,-118.4546210726575,47.48594
PP1_PP2_LNODELMW,34.59026131985074,-118.4547309273425,47.48594
PP2_LNODEAUX,34.53433699995089,-118.52522278142764,47.48594
PP2_LNODEOAD,34.534427436468654,-118.525113,47.48594
PPSTLTAP_1_N001,38.01999999998606,-122.36994265860079,49.53484
PPSTLTAP_1_N104,38.01999999998606,-122.3700573413992,49.53484
PRAXAIR_1_B1,37.99999999998611,-121.80994266753221,48.85408
PRCTRVLY_1_N001,32.665044,-116.986801,49.91495
PRSCOT_LNODEAEJ,37.6903903214879,-121.02068916599474,48.99209
PRSCOT_LNODETKD,37.69042164442615,-121.02079637755577,48.99209
PRUNEDLE_1_N001,36.785518920972784,-121.671051,49.03724
PRUNEDLE_1_N002,36.785438039499425,-121.67099269323379,49.03724
PSARBLS_6_N001,35.61564884893555,-120.67989,48.96672
PSARBLS_6_N005,35.61556807551859,-120.67983263488163,48.96672
PSARBLS_6_N007,35.61556807551859,-120.67994736511837,48.96672
PTMRTTI_6_N001,37.030856,-122.187639,51.37258
PTR_PP_LNODEROM,35.24801901925079,-118.1756473615291,46.96248
PUEBLOPG_1_N001,38.345348999986,-122.29956355419145,49.95262
PUEBLOPG_1_N010,38.345348999986,-122.29967844580855,49.95262
PURISIMA_1_N001,34.700622,-120.435261,50.53708
QUEBEC_1_N001,36.07,-119.56,47.94226
RADUM_6_N001,37.67264599998626,-121.85946487140774,49.59482
RADUM_6_N004,37.67264599998626,-121.85957912859226,49.59482
RAINBOW_1_N001,36.709983,-119.538157,49.55125
RANCHRS_1_N001,36.700797999986875,-119.75437400116115,49.84529
RANDSBRG_1_N001,35.375699,-117.655868,48.17314
RAWSON_6_N001,40.145295999985066,-122.21242808907787,49.55444
RAWSON_6_N002,40.145295999985066,-122.21254591092213,49.55444
RCARMEL_6_N001,32.99378371822819,-117.077745,50.49537
RCARMEL_6_N004,32.9937031408736,-117.07768953360795,50.49537
RCARMEL_6_N011,32.9937031408736,-117.07780046639205,50.49537
RECTOR_6_N001,36.29851,-119.242336,50.49351
REDBLFF_6_N001,40.1825869024183,-122.244610070096,49.51987
REDBLFF_6_N004,40.1825869024183,-122.24484592990399,49.51987
REDBLFF_6_N005,40.18276709746204,-122.24484593021722,49.51987
REDBUD_1_N001,39.02788699998577,-122.66224734180834,49.53512
REDBUD_1_N004,39.02788699998577,-122.66236265819167,49.53512
REDWOOD_6_N001,37.490252,-122.213021,51.31332
REDWOOD_6_N002,37.49025199994532,-122.2129070707913,51.31332
REDWOOD_6_N005,37.49016160208324,-122.213021,51.31332
REDWOOD_6_N006,37.49025199994532,-122.21313492920869,51.31332
REDWOOD_6_N007,37.49034239791678,-122.213021,51.31332
REEDLEY_1_N001,36.605116999986976,-119.3758071174397,49.72902
REEDLEY_6_N001,36.605116999986976,-119.3759188825603,49.77347
REINWY_LNODEGME,37.63942160426353,-120.92024637744797,48.98222
REINWY_LNODEQAC,37.6395070719657,-120.92028370125492,48.98222
RENFRO_1_N001,35.409999999987434,-119.16994483454441,47.72992
RENFRO_1_N010,35.409999999987434,-119.1700551654556,47.7793
RESERVR_LNODEFFW,37.651919999986276,-120.67483288823061,48.98222
RESERVR_LNODEPMW,37.651919999986276,-120.67494711176938,48.98222
RICE_6_N002,39.402805999985674,-122.01287205646442,48.04109
RICE_6_N101,39.402805999985674,-122.01298794353558,48.04109
RICHMOND_1_B1,37.92597623462323,-122.369629,49.72249
RICHMOND_1_N001,37.92589488267337,-122.36956945615904,49.72743
RINCON_1_N001,33.285967608914305,-116.9585228047856,49.21683
RINCON_1_N003,33.28578839099371,-116.95852280500573,49.21683
RINCON_6_N001,33.28578839099371,-116.95873719499427,51.13854
RINCON_6_N008,33.285967608914305,-116.9587371952144,51.13854
RIN_SUB_LNODEONA,34.28105422156671,-118.479,47.5847
RIN_SUB_LNODEONB,34.28097288920359,-118.47894317065887,47.5847
RIN_SUB_LNODEONC,34.28097288920359,-118.47905682934115,47.5847
RIOBRVO_1_N001,35.44252289360183,-119.26010566010629,47.73979
RIOBRVO_1_N006,35.44234310629778,-119.26010566035274,47.73979
RIOBRVTM_1_N001,35.44252289360183,-119.26032633989371,47.49782
RIODELL_6_N001,40.495382,-124.099276,68.35492
RIOHONDO_6_N001,34.10610615849042,-117.97947,48.35563
RIOHONDO_LNODEONDO,34.1060249207417,-117.97952664559254,46.31558
RIPON_1_N001,37.72,-121.13,50.30592
RIVERROC_6_N001,36.902618,-119.771768,50.73642
RIVRBANK_1_N001,37.76895425952452,-120.908163,49.01211
RIVRSIDE_6_N001,34.021990939807104,-117.33196554960466,48.1671
ROADWAY_1_N001,34.590373,-117.431752,48.11466
ROBROY_1_N001,36.979885,-121.867457,50.6224
ROCKET_1_N001,34.933939,-117.692217,48.77229
ROCKLIN_6_N001,38.788043999985874,-121.23171544490323,49.6954
ROCKLIN_6_N003,38.788043999985874,-121.23183055509676,49.6954
ROEDING_LNODEDR1,37.587341764588,-120.935901626126,48.73531
ROEDING_LNODEDR2,37.5872777703549,-120.935976143427,48.73531
ROEDING_LNODEDR3,37.5871231822836,-120.935612409,48.73531
ROEDING_LNODEDR5,37.5870085148256,-120.935981028585,48.73531
ROEDING_LNODEDR6,37.5871259671814,-120.935792411292,48.73531
ROEDING_LNODEDR7,37.5871257817397,-120.935692486018,48.73531
ROGERS_LNODEDR1,37.4749114287345,-121.178218328626,48.83407
ROGERS_LNODEDR2,37.4751811958932,-121.178206809282,48.83407
ROGERS_LNODEDR3,37.4750639771164,-121.17821700138,48.83407
ROGERS_LNODEDR5,37.4748414013345,-121.178225065561,48.83407
ROGERS_LNODEDR7,37.4749721097043,-121.178220428168,48.83407
ROGH-RDY_6_N001,37.95526599998612,-121.33253531114549,48.92053
ROSECYN_6_N001,32.84459772910598,-117.236988,53.23956
ROSECYN_6_N017,32.84451713543481,-117.23693261581597,53.23956
ROSEDAL_1_N001,35.37703397144563,-119.077971,47.78424
ROSELE_LNODEHMV,37.68013999998623,-120.94014286544196,48.99209
ROSELE_LNODERLV,37.68013999998623,-120.94025713455804,48.99209
ROSEMR_LNODEAEI,37.64253,-121.0423,48.96246
ROSE_6_N001,32.84451713543481,-117.23704338418403,48.97929
ROSSMOOR_2_N001,37.86470199998613,-122.08030973806707,49.14624
ROSSMOOR_2_N101,37.86470199998613,-122.08042426193292,49.14624
RSC_LNODE8LD,38.761389,-121.264722,48.74518
RSM_SUB_LNODEONB,34.244054210355124,-118.392,47.5847
RSM_SUB_LNODEONC,34.24397289480934,-118.39194320739797,47.5847
RSM_SUB_LNODEOND,34.24397289480934,-118.39205679260202,47.57976
RSNTAFE_6_N009,33.014261,-117.198557,50.80523
RSVTNRD_6_N001,36.624374,-121.68835,51.04709
RTRACK_1_N001,37.979737,-120.414515,49.85879
RUSSRCH_6_N001,40.819848,-123.826638,67.94505
RVRBANK_1_N001,37.76887287022286,-120.90810355553742,49.59213
RVRBANK_1_N005,37.76887287022286,-120.90822244446258,49.59213
SAFEWAY_1_N001,37.71,-121.4,48.71088
SALINAS_1_N001,36.683239999986945,-121.65120502290527,49.31378
SALINAS_1_N024,36.683239999986945,-121.65131697709472,49.31378
SANARDO_6_N001,36.073766,-120.936804,48.18561
SANCRLS_6_N001,37.49972924078839,-122.243974,51.4269
SANCRLS_6_N002,37.499647879591045,-122.24391479097326,51.4269
SANCRLS_6_N004,37.499647879591045,-122.24403320902674,51.4269
SANDCRK_6_N001,36.64502999998689,-119.15920293037858,50.1389
SANGER_1_N001,36.70707499998684,-119.6108700066517,49.62038
SANJOQN_6_N001,36.62101099998692,-120.17805409852517,48.94878
SANJOQN_6_N006,36.62101099998692,-120.17816590147483,48.95372
SANLUSRY_6_N013,36.77962699998679,-120.72995490173179,50.31337
SANLUSRY_6_N014,36.77962699998679,-120.73006709826822,50.31337
SANLUSRY_6_N101,33.211532999988535,-117.33442746812834,50.31337
SANLUSRY_6_N201,33.211532999988535,-117.33453453187165,50.31337
SANMATEO_1_N001,37.58333525489619,-122.319035,50.13075
SANMATEO_1_N001A,37.58325387253711,-122.31897570912398,50.60221
SANMATEO_1_N009,33.409472,-117.590641,50.13075
SANMATO_6_N001,37.58325387253711,-122.31909429087602,50.64666
SANMIGL_6_N001,35.75192,-120.684163,48.96672
SANMRCOS_6_N001,33.12885155124498,-117.19722253462301,50.72879
SANMRCOS_6_N007,33.12877399995433,-117.19716906934049,50.72879
SANMRCOS_6_N011,33.12869644873215,-117.19722253471747,50.72879
SANPBLO_1_N001,37.984803,-122.336618,49.57434
SANRAFL_1_N001,37.970858222937125,-122.527065,49.99706
SANRAFL_1_N006,37.97077688851645,-122.52700543261207,49.99706
SANRAFL_1_N007,37.97077688851645,-122.52712456738792,49.99706
SANRAMON_2_N001,37.745125434987564,-121.93600563263105,49.30346
SANRAMON_2_N004,37.74494456490202,-121.93600563291054,49.30346
SANRAMON_2_N023,37.74494456490202,-121.93623436708945,49.30346
SANRAMON_2_N024,37.745125434987564,-121.93623436736895,49.30346
SANTAFE_LNODEPLNT,38.77997308074166,-122.67005981025191,46.3057
SANTARO_1_N001,33.78461699446498,-116.41025972078828,46.92398
SANTARO_1_N014,33.78443700544048,-116.41025972101585,46.92398
SANTARO_1_N017,33.78443700544048,-116.41047627898415,46.92398
SANTARO_1_N021,33.78461699446498,-116.41047627921172,46.92398
SANTEE_1_N001,32.85452999998873,-116.96829070198787,45.20455
SANTEE_1_N004,32.85452999998873,-116.96839729801214,45.20455
SANYSDRO_6_N001,32.562237999988916,-117.02641779453799,51.90262
SANYSDRO_6_N004,32.562237999988916,-117.02652420546201,51.90262
SARATOGA_2_N001,37.28099617234283,-122.014883,49.61457
SARATOGA_2_N006,37.28091491381397,-122.0148240379766,49.61457
SARATOGA_2_N011,37.28091491381397,-122.0149419620234,49.61457
SAUGUS_6_N001,34.4222099999511,-118.5721663854507,47.98489
SAUSALTO_6_N001,37.86340599998612,-122.49836873883264,52.46617
SAUSALTO_6_N002,37.86340599998612,-122.49848326116737,52.46617
SCA_GS_LNODE1AUX,33.91807886040714,-118.42789938920775,47.56988
SCA_GS_LNODE2AUX,33.91816402577284,-118.42793487934084,47.56988
SCA_GS_LNODE4AUX,33.91825400500674,-118.42792894664778,47.56988
SCA_GS_LNODE5AUX,33.91833643226557,-118.42788506116258,47.56988
SCA_GS_LNODE6AUX,33.91840200617013,-118.42781057548723,47.56988
SCA_GS_LNODE7AUX,33.91844466871178,-118.42771492357166,47.56988
SCA_LA_LNODE3SS,33.91846141326686,-118.42760822199088,47.56988
SCA_SUB_LNODEONA,33.918451884282646,-118.42750023805854,47.56988
SCA_SUB_LNODEONB,33.91841787609632,-118.42739967533626,47.56988
SCHINDLR_1_N005,36.402237,-120.138272,48.25743
SCHMLBCH_1_N001,38.3,-121.87,49.67114
SCLARA_6_N001,34.3007956214976,-119.18563240503143,48.89352
SCRIPPS_6_N001,32.91119872129761,-117.112589,50.70852
SCRIPPS_6_N008,32.91111813933897,-117.11253358224198,50.70852
SCRIPPS_6_N013,32.91111813933897,-117.112644417758,50.70852
SCWAX_1_N001,36.700797999986875,-119.75448599883885,49.84035
SCY_LNODE102,38.508556628165735,-121.46418309094265,48.81925
SCY_LNODE103,38.50837670505527,-121.4641830912299,48.81925
SCY_LNODE105,38.50837670505527,-121.4644130198821,48.81925
SCY_LNODE106,38.508556628165735,-121.46441302016935,48.81925
SEARLES_7_N001,35.75666699998737,-117.38050076336167,46.30639
SEMITRPC_1_N001,35.600398,-119.437498,47.56696
SERRMNTE_1_N011,37.69171986891291,-122.4557633854276,51.67381
SFIA-MA_1_N001,37.63904926020716,-122.385896,51.27381
SFIA_1_N001,37.63896786988162,-122.38583665888167,51.16517
SFIA_1_N007,37.63896786988162,-122.38595534111833,51.16517
SHADOWR_1_N001,33.141540731105856,-117.238793,50.48575
SHADOWR_1_N006,33.141460134434745,-117.23873742707973,50.48575
SHADOWR_1_N008,33.141460134434745,-117.23884857292028,50.48575
SHADYGLN_6_N001,39.115058,-120.95331,49.90643
SHAFTER_7_N022,39.77608299994151,-122.10394676937125,47.6756
SHARON_1_N001,37.097275,-120.156454,50.48457
SHAWROAD_1_N001,37.55,-122.42,50.98246
SHLLCHM_6_N001,38.031607,-121.945728,48.84646
SHNGLESR_1_N001,38.65969989665331,-120.946938,49.78428
SHNGLESR_1_N004,38.659619051658225,-120.94687822587784,49.78428
SHNGLESR_1_N103,38.659619051658225,-120.94699777412217,49.78428
SHREDDER_1_N001,37.511676999986356,-122.20767698568532,50.93801
SIERABRK_LNODE19,39.646142,-120.217943,49.54517
SILVERDO_1_N001,38.49950299998593,-122.45908751973128,49.19707
SILVERDO_1_N002,38.49950299998593,-122.45920248026871,49.19707
SISK_LNODEKZH,37.69048760173528,-121.02087456863451,49.02172
SISK_LNODEYUP,37.69057307242136,-121.0209119194331,49.02172
SISQUOC_1_N001,34.87826099998756,-120.33120693531723,49.62845
SISQUOC_1_N020,34.87826099998756,-120.33131706468278,49.62845
SLMNCRK_6_N001,38.343592,-123.044809,51.02421
SMRTVLTP_6_N101,39.207939,-121.301476,48.91516
SMTRPCWS_1_N001,35.59,-119.44,47.56696
SNANDRES_6_N001,37.603294,-122.420424,51.49603
SNBRNRD_6_N001,35.092421,-118.878241,48.83608
SNJOSEB_1_N001,37.34102432531631,-121.9009493888098,51.04665
SNJOSEB_1_N005,37.34084367457506,-121.9009493890831,51.04665
SNJOSEB_1_N009,37.34084367457506,-121.9011766109169,51.04665
SNJOSEB_1_N013,37.34102432531631,-121.9011766111902,51.04665
SNJSEA_1_N001,37.328246190599145,-121.902531,51.00715
SNJSEA_1_N005,37.32816490468582,-121.90247198103432,51.00715
SNJSEA_1_N101,37.32816490468582,-121.90259001896567,51.00715
SNLNDRO_1_N001,37.711237436769906,-122.14880668270004,54.97
SNLNDRO_1_N014,37.71105656311971,-122.14880668297907,54.97
SNLNDRO_1_N017,37.71105656311971,-122.14903531702092,54.97
SNLNDRO_1_N027,37.711237436769906,-122.14903531729996,54.97
SNROSA_LNODEMEA,37.5099999999863,-121.22994301594794,48.99209
SNROSA_LNODEYWX,37.5099999999863,-121.23005698405206,48.99209
SNTAMRA_1_N001,33.12877399995433,-117.19738293065951,49.64326
SNTAMRA_1_N005,33.12885155124498,-117.19732946537698,49.64326
SNTANLA_6_N001,37.085979,-121.013273,48.68662
SNTARSA_1_N001,38.43691201584367,-122.71331,49.85386
SNTARSA_1_N002,38.43683099206306,-122.71325027901105,49.85386
SNTARSA_1_N006,38.43683099206306,-122.71336972098895,49.85386
SNTARTA_6_N001,37.055061,-120.634086,48.7315
SNTAYNZ_1_N001,34.625273999987726,-120.11813905143147,50.55683
SNTAYNZ_1_N002,34.625273999987726,-120.11824894856854,50.55683
SNTHLNE_6_N001,37.6223639999863,-122.44717791303894,51.81208
SNTHLNE_6_N002,37.6223639999863,-122.44729208696106,51.81208
SOBRANTE_1_N001,37.90594,-122.208144,49.11015
SOLEDAD_6_N001,36.429513,-121.331901,49.80266
SONOFRE_2_N067,33.3697279999884,-117.55438367777961,49.89247
SOUTHBAS_1_N001,34.881503,-117.892023,48.45625
SOUTHBY_6_N001,38.575612901218726,-121.497588,48.86396
SOUTH_LNODE108,40.39538221,-121.8791458,46.26619
SOUTH_LNODE204,40.39538220993951,-121.87902727370097,46.26619
SOUTH_LNODEC542,40.39529194143137,-121.87902727385986,46.26619
SOUTH_LNODEC544,40.39522811201244,-121.87911108453021,46.26619
SOUTH_LNODEC546,40.39521284740522,-121.87922790359386,46.26619
SOUTH_LNODEC547,40.39524411201219,-121.8793390934442,46.26619
SOUTH_LNODEC548,40.39530994650243,-121.87942018597366,46.26619
SOUTH_LNODEC549,40.395395258043976,-121.87945892278287,46.26619
SOUTH_LNODEC550,40.3954853917418,-121.8794524474595,46.26619
SOUTH_LNODEC552,40.39556796052161,-121.87940454742642,46.26619
SPANSHCK_6_N001,40.026139,-120.961748,45.50016
SPENCE_6_N001,36.613591,-121.566779,49.63476
SPICAMIN_1_N001,38.73992576174639,-120.67723108004192,49.93243
SPRINGVL_6_N001,36.10586253074472,-118.93516918490357,49.71821
SPRNGVLY_6_N001,32.73903399998875,-117.00264674817954,50.83265
SPRNGVLY_6_N010,32.73903399998875,-117.00275325182045,50.83265
SQAWVLY_LNODE01,39.20568653401713,-120.20123845453338,49.43653
SQAWVLY_LNODE81,39.20550746586879,-120.20123845482796,49.43653
SQAWVLY_LNODE82,39.20550746586879,-120.20146954517205,49.43653
SQAWVLY_LNODE83,39.20568653401713,-120.20146954546662,49.43653
STAFFORD_6_N002,38.12003299998604,-122.61362861905879,49.40448
STAFFORD_6_N101,38.12003299998604,-122.6137433809412,49.40448
STAGG_2_N001,37.99164936143144,-121.34848834268168,49.42917
STAGG_2_N014,37.99146863845723,-121.34848834296415,49.42917
STAGG_6_N001,37.99146863845723,-121.34871765703586,49.47361
STAGG_6_N003,37.99164936143144,-121.34871765731833,49.47361
STAMPEDE_LNODE19,39.46748199998557,-120.10518300964912,49.5748
STATELN_LNODE01,38.95238461856907,-119.94181675988908,47.56001
STATELN_LNODE22,38.952205381317675,-119.94181676018052,47.56001
STATELN_LNODE23,38.952205381317675,-119.94204723981947,47.56001
STATELN_LNODELY,38.95238461856907,-119.94204724011091,47.55507
STATIN-L_7_N001,37.81024899998616,-122.271385771776,49.58972
STATIND_1_N001,37.837585251800924,-122.263503,49.50368
STATIND_1_N010,37.83750387408463,-122.26344350874284,49.50368
STATIND_1_N013,37.83750387408463,-122.26356249125715,49.50368
STATINJ_1_N001,37.76334825993251,-122.214444,52.90324
STATINJ_1_N012,37.763266870018874,-122.21438455959633,52.90324
STATINJ_1_N027,37.763266870018874,-122.21450344040367,52.90324
STATINL_1_N001,37.81024899998616,-122.271500228224,49.58478
STATINX_1_N001,37.80554442667025,-122.23091354965457,49.54632
STATINX_1_N012,37.805363573219,-122.23091354993484,49.54632
STATINX_1_N014,37.805363573219,-122.23114245006515,49.54632
STATINX_1_N024,37.80554442667025,-122.23114245034543,49.54632
STB_LNODE201,38.57233333333333,-121.483291944444,48.7995
STB_LNODE202,38.57233333327705,-121.48317695138249,48.7995
STB_LNODE203,38.57224342921349,-121.48317695152639,48.7995
STB_LNODE204,38.57217985749196,-121.48325826382802,48.7995
STB_LNODE205,38.572164654514715,-121.48337160056485,48.7995
STB_LNODE206,38.57219579290459,-121.48347947588752,48.7995
STB_LNODE207,38.5722613616095,-121.48355815106362,48.7995
STB_LNODE208,38.57234632872595,-121.48359573311588,48.7995
STB_LNODE209,38.57243609852223,-121.48358945079376,48.7995
STB_LNODE210,38.57251833393617,-121.48354297863219,48.7995
STB_LNODE211,38.572583755229644,-121.4834641025941,48.7995
STB_LNODE212,38.57262631848412,-121.48336281268834,48.7995
STCKTNAR_6_N001,37.963279,-121.323476,49.61188
STCRUZ_LNODECXA,37.627559999986325,-120.97504290860819,49.0958
STCRUZ_LNODEWLS,37.627559999986325,-120.97515709139182,49.0958
STDDRD_LNODECEA,37.704079999986206,-121.06864284680097,49.02172
STDDRD_LNODEWZO,37.704079999986206,-121.06875715319903,49.02172
STDOIL_1_N009,37.94,-122.38,49.58422
STD_LNODENE1,38.57225,-121.500568888889,48.80938
STD_LNODENE2,38.572249999943736,-121.50045389586575,48.80938
STD_LNODENE4,38.57217214071853,-121.50051139243968,48.80938
STD_LNODENE5,38.57217214071853,-121.50062638533832,48.80938
STD_LNODENE6,38.572249999943736,-121.50068388191225,48.80938
STD_LNODENE7,38.57232785925329,-121.50062638546294,48.80938
STD_LNODENE8,38.57232785925329,-121.50051139231506,48.80938
STELLING_1_N001,37.3360521934471,-122.042805,49.98988
STELLING_1_N004,37.33597090326187,-122.04274597179945,49.98988
STELLING_1_N007,37.33597090326187,-122.04286402820055,49.98988
STE_SM_LNODE301,38.58631666666667,-121.472838888889,48.80444
STE_SM_LNODE302,38.586316666610415,-121.47272388936047,48.80444
STE_SM_LNODE303,38.58622677499287,-121.47272388950444,48.80444
STE_SM_LNODE304,38.58616321207191,-121.47280520637891,48.80444
STE_SM_LNODE305,38.58614801119931,-121.4729185494895,48.80444
STE_SM_LNODE306,38.58617914527848,-121.47302643087885,48.80444
STE_SM_LNODE307,38.58624470490619,-121.47310511047952,48.80444
STE_SM_LNODE308,38.586329660260105,-121.47314269464546,48.80444
STE_SM_LNODE309,38.58641941762905,-121.47313641197016,48.80444
STF_LNODEDAX,37.69055999998624,-121.02097285725026,49.03654
STF_LNODEIPN,37.69055999998624,-121.02108714274974,49.03654
STJ_SUB_LNODEONB,34.067054141297895,-118.226,47.56495
STJ_SUB_LNODEONC,34.06697292933807,-118.22594339850212,47.56495
STJ_SUB_LNODEOND,34.06697292933807,-118.22605660149787,47.56495
STKTONA_1_N001,37.94722338217881,-121.28911838573319,49.72052
STKTONA_1_N003,37.947042617710025,-121.28911838601516,49.72052
STKTONA_6_N001,37.947042617710025,-121.28934761398483,49.23658
STKTONA_6_N004,37.94722338217881,-121.2893476142668,49.23658
STLLWATR_6_N001,40.677845,-122.34971,48.52954
STOCKDLE_1_N001,35.316584007161445,-119.06818269302951,47.97683
STOCKDL_2_N001,35.31640399273835,-119.06818269327503,47.75461
STOCKDL_2_N002,35.31640399273835,-119.06840330672496,47.75461
STOCKDL_2_N101,35.316584007161445,-119.0684033069705,47.75461
STOCKM_LNODEVZF,37.62761110994497,-120.9752808828705,49.02666
STOCKM_LNODEXFA,37.62770154232185,-120.9751667,49.02666
STONCRRL_6_N001,36.472251999987044,-119.18811326795893,50.48951
STONCRRL_6_N003,36.472251999987044,-119.18822473204106,50.48951
STONE_1_N001,37.303708999986505,-121.86757223713448,49.77753
STONE_1_N005,37.303708999986505,-121.8676857628655,49.77753
STONYPT_1_N001,38.42,-122.78,49.93287
STOREY1_2_N001,36.98288702744317,-120.033746,50.10433
STOREY2_2_N001,36.98280598626407,-120.03380457310557,50.11914
STREAMVW_6_N001,32.745604999988714,-117.07864474591278,50.86903
STREAMVW_6_N007,32.745604999988714,-117.07875125408721,50.86903
STROUD_6_N001,36.530868,-120.104386,49.00804
STUART_6_N001,33.256701,-117.416547,50.77094
STURLOCK_LNODEDR3,37.4835881458663,-120.846727672541,48.7995
STURLOCK_LNODEDR4,37.4835360336794,-120.846797393384,48.7995
STURLOCK_LNODEDR7,37.4834830942642,-120.846867453726,48.79456
STURLOCK_LNODER13,37.483522165007,-120.846657059231,48.79456
SUISUN_1_N001,38.24526219208727,-122.04122215940386,49.69089
SUISUN_1_N008,38.24508180780079,-122.04122215968883,49.69089
SUISUN_1_N009,38.24508180780079,-122.04145184031117,49.69089
SUMMIT_6_N001,39.319203,-120.378897,49.92799
SUNOL_6_N001,37.586891,-121.869379,50.24172
SURF_1_N009,34.61,-120.22,50.32967
SWEETWTR_6_N017,32.65811799998879,-117.0916867727539,50.5743
SWEETWTR_6_N018,32.65811799998879,-117.0917932272461,50.5743
SWIFT_1_N001,37.3225281884819,-121.796729,50.30098
SWIFT_1_N003,37.322446905744414,-121.79666998783091,50.30098
SWIFT_1_N006,37.322446905744414,-121.79678801216909,50.30098
SYCAMORE_1_N101,39.76991684305054,-121.824218,47.68285
SYCAMORE_1_N201,39.76983607845885,-121.82415733357864,47.68285
SYCAMORE_1_N301,39.76983607845885,-121.82427866642136,47.68285
SYLVANCM_LNODECPR,37.688469999986225,-120.97663285888366,49.00197
SYLVANCM_LNODEHGR,37.688469999986225,-120.97674714111633,49.00197
TAFT1_1_N001,35.14999999998751,-119.47994486994581,47.45338
TAFT1_1_N004,35.14999999998751,-119.48005513005418,47.45338
TAHDONR_LNODE07,39.337309,-120.221277,49.71307
TAHOCTY_LNODE01,39.165971540038264,-120.14445351203682,49.4711
TAHOCTY_LNODE71,39.16579245984778,-120.14445351233086,49.4711
TAHOCTY_LNODE72,39.16579245984778,-120.14468448766914,49.4711
TAHOCTY_LNODE73,39.165971540038264,-120.14468448796318,49.4711
TAMARACK_6_N001,39.313743,-120.496804,50.09858
TAMARISK_1_N001,33.817316,-116.454898,46.80053
TAP710_1_N004,32.595376662064226,-117.0577334243903,-8.0
TAP801_1_N001,34.109614,-116.411837,47.75039
TAP807_1_N001,34.0,-116.5,47.08373
TAR_SUB_LNODEONA,34.17905418777958,-118.544,47.56988
TAR_SUB_LNODEONB,34.1789729060972,-118.54394327481864,47.56988
TAR_SUB_LNODEONC,34.1789729060972,-118.54405672518136,47.57482
TASSAJAR_2_N001,37.79959499998613,-121.9077887787453,49.6442
TASSAJAR_2_N002,37.79959499998613,-121.9079032212547,49.6442
TAYLOR_LNODEDR1,37.5369331958297,-120.809398426319,48.75012
TAYLOR_LNODEDR5,37.5369383829719,-120.809348192848,48.75012
TAYLOR_LNODEDR7,37.536937531095,-120.809217269976,48.74518
TAYLOR_LNODEDR8,37.5369366699963,-120.809289591436,48.75012
TECUYA_6_N001,35.018589,-118.979536,48.85583
TEICHERT_1_N001,37.79,-121.36,49.08124
TEJON_6_N001,35.019534,-118.954779,48.87065
TELECYN_1_N001,32.6379177816674,-117.01607,49.95808
TELECYN_1_N006,32.63783710915427,-117.01601469007429,49.95808
TELECYN_1_N014,32.63783710915427,-117.01612530992571,49.95808
TEMBLOR_1_N003,35.382795999987465,-119.69634883811833,47.98177
TEMPLETN_2_N008,35.554496,-120.679996,48.60623
TERMNOUS_6_N001,38.116464,-121.422007,50.11558
TESSUB_2_N001,37.73,-121.93,50.35037
TEVIS_1_N001,35.319191999987495,-119.12859784623319,48.00152
TEVIS_1_N003,35.319191999987495,-119.12870815376681,47.9472
TEXSUN1G_7_N001,35.36999999998748,-119.4800551602316,46.77684
TEXSUN2G_7_N001,35.3599999999875,-119.48005515895167,46.77684
THORNHIL_1_N001,33.833699,-116.524642,47.2862
TIDEWATR_2_N001,38.01989465330933,-122.06150068264388,49.05161
TIDEWATR_2_N014,38.02007534657929,-122.06150068292666,49.05161
TLRELKE_6_N001,36.003703,-119.948802,48.52228
TOCALOMA_6_N001,38.05521,-122.760914,49.7946
TOL_SUB_LNODEONA,34.175740310821865,-118.36069083905292,47.57976
TOL_SUB_LNODEONB,34.1755596890815,-118.36069083928658,47.57976
TOL_SUB_LNODEONC,34.1755596890815,-118.36090916071342,47.57976
TOL_SUB_LNODEOND,34.175740310821865,-118.36090916094707,47.57976
TOREYPNS_6_N001,32.89877953728695,-117.23987836114813,50.6462
TOREYPNS_6_N007,32.89860046262259,-117.23987836136372,50.6462
TOREYPNS_6_N008,32.89860046262259,-117.24009163863627,50.6462
TOREYPNS_6_N009,32.89877953728695,-117.24009163885188,50.6462
TORTILLA_1_N007,34.874547,-117.064691,48.65826
TRABUCO_1_N001,33.5630767991568,-117.67324523376014,50.15275
TRABUCO_1_N005,33.562897200749894,-117.67324523398426,50.15275
TRABUCO_1_N009,33.562897200749894,-117.67346076601574,50.15275
TRABUCO_1_N013,33.5630767991568,-117.67346076623986,50.15275
TRACY_1_N001,37.748395999944734,-121.41564562794372,49.3726
TRACY_1_N002,37.748305565247314,-121.41576,49.3726
TRACY_1_N007,37.748395999944734,-121.41587437205628,49.37754
TRACY_1_N101,37.74848643475262,-121.41576,49.3726
TRESVIS_6_N001,39.486707,-121.687993,63.09
TRIMBLE_1_N004,37.42009036798162,-121.72988621524279,50.93801
TRIMBLE_1_N010,37.41990963190925,-121.72988621551741,50.93801
TRIMBLE_1_N016,37.41990963190925,-121.7301137844826,50.93801
TRIMBLE_1_N020,37.42009036798162,-121.73011378475721,50.93801
TRINIDAD_6_N001,41.064242,-124.128367,67.15987
TRUCKEE_LNODE02,39.330431720184855,-120.181195,49.59456
TRUCKEE_LNODE03,39.33035113989209,-120.18113485420918,49.59456
TRUCKEE_LNODE49,39.33035113989209,-120.18125514579083,49.58962
TUDOR_6_N001,38.982071,-121.635205,50.1349
TULUCAY_6_N001,38.247946,-122.268228,48.87115
TUPMAN_1_N101,35.354039,-119.270638,47.65091
TVYVLLY_6_N001,36.770622,-119.393233,50.3068
TXROSDL_1_N001,35.37695301426363,-119.07791367489159,47.78424
TXROSDL_1_N002,35.37695301426363,-119.0780283251084,47.78424
TYLER_6_N001,40.138392982499205,-122.20848578836895,49.58901
TYLER_6_N002,40.138392982499205,-122.20860821163106,49.58901
UCM_6_N001,32.88368472395273,-117.222424,50.70546
UCM_6_N002,32.88360413801135,-117.22236859671557,50.70546
UCM_6_N006,32.88360413801135,-117.22247940328444,50.70546
UKIAH_1_N001,39.142823455087914,-123.19204845611492,50.76968
UKIAH_1_N005,39.14300254479826,-123.19204845640866,50.76968
UPPRLKE_6_N001,39.145906,-122.916845,51.12523
URBAN_6_N001,32.71330799998875,-117.15140275665348,50.64506
URBAN_6_N005,32.71330799998875,-117.15150924334651,50.64506
URICH_6_N001,38.029918,-122.103005,49.86855
VACA-DIX_1_N001,38.401616982566644,-121.91986928712716,48.43165
VACAVIL_1_N001,38.356520058867716,-121.97951,48.48597
VACAVIL_1_N101,38.35643897055109,-121.97945029786577,48.59461
VACAVIL_1_N102,38.35643897055109,-121.97956970213424,48.59461
VALCNTR_6_N001,33.230683,-117.018401,50.99758
VALLEYSC_1_N001,33.738397971600605,-117.156432,47.68148
VALLEYSC_1_N107,33.738317014186954,-117.15648820699798,47.68148
VALLYHM_1_N001,37.85575599998615,-120.94408374338772,50.24666
VALLYVW_1_N001,37.96607299998612,-122.27841868352904,49.67596
VALLYVW_1_N003,37.96607299998612,-122.27853331647096,49.67596
VAL_GS_LNODE5AUX,34.24482148241572,-118.3914027121072,47.57976
VAL_GS_LNODE6AUX,34.24485277566131,-118.39150524618782,47.57976
VAL_GS_LNODE7AUX,34.24491867043375,-118.39158002588233,47.57976
VAL_GS_LNODE8AUX,34.245004060069334,-118.391615747079,47.57976
VAL_LNODELSS,34.24509427625119,-118.39160977576542,47.57976
VASCO_6_N001,37.71132099998621,-121.71587984128799,49.60469
VASCO_6_N003,37.71132099998621,-121.71599415871201,49.60469
VASONA_2_N001,37.26,-121.9,49.54544
VEDDER_1_N001,35.61,-118.96,48.33238
VEL_SUB_LNODEONA,34.01555411723447,-118.204,47.56001
VEL_SUB_LNODEONB,34.01547294136984,-118.20394345800285,47.56001
VEL_SUB_LNODEONC,34.01547294136984,-118.20405654199715,47.56001
VESTAL_6_N001,35.85713659527842,-119.08872645400277,49.87623
VICTOR_1_N001,38.145651267656454,-121.17732422029407,48.10972
VICTOR_6_N001,38.145470732231836,-121.17755377942188,49.60694
VICTOR_6_N002,38.145651267656454,-121.17755377970593,49.60694
VIEJOSC_2_N001,36.578772821150025,-121.908968,49.18016
VIEJOSC_2_N004,33.667334,-117.642727,49.18016
VIEJO_6_N001,36.578692089410936,-121.90890995739635,49.61007
VIEJO_6_N003,36.578692089410936,-121.90902604260364,49.61007
VIERRA_1_N001,37.85,-121.24,49.76272
VINA_6_N001,39.941614,-122.041739,50.44332
VINEYARD_2_N001,37.66967326170019,-121.85436,50.38
VINEYARD_2_N002,37.66959186913507,-121.85430063276966,50.38
VINEYARD_6_N001,37.66959186913507,-121.85441936723034,49.59482
VN_SUB_LNODEONA,34.18009031354033,-118.44489083013903,47.57976
VN_SUB_LNODEONB,34.17990968636295,-118.44489083037274,47.57976
VN_SUB_LNODEONC,34.17990968636295,-118.44510916962726,47.57976
VN_SUB_LNODEOND,34.18009031354033,-118.44510916986097,47.57976
VSTA_1_N001,34.04125299995202,-117.32061812723687,48.02883
VSTA_6_N001,34.04125299995202,-117.32083587276313,48.04859
WAHTOKE_1_N001,36.61618299998699,-119.452409104289,49.60332
WAHTOKE_1_N002,36.61618299998699,-119.45252089571099,49.60332
WALNUT_6_N001,34.00840381020035,-117.94966020073771,48.65136
WARENCYN_6_N001,33.01545499998868,-117.00226861385794,50.38172
WARENCYN_6_N002,33.01545499998868,-117.00237538614206,50.38172
WARNERS_6_N001,33.247186,-116.675942,47.0127
WARNER_LNODERV1,41.50091505739131,-120.533072,47.21433
WARNER_LNODERV3,41.50083397128745,-120.53300949206302,47.21433
WARNER_LNODESC1,41.50083397128745,-120.53313450793698,47.21433
WASCO_7_N008,39.77617274317707,-122.10383,48.02127
WASHNGT_LNODEDR1,37.4893772928244,-120.903967825898,48.80938
WASHNGT_LNODEDR2,37.4895172164325,-120.904092990936,48.80938
WASHNGT_LNODEDR3,37.4894692627508,-120.903968029781,48.80938
WASHNGT_LNODEDR4,37.489297130992,-120.993988447763,48.80938
WASHNGT_LNODEDR5,37.4894207521695,-120.904091725093,48.80938
WASHNGT_LNODEDR6,37.4892474344412,-120.904090188054,48.80938
WASHNGT_LNODEDR7,37.4892029595549,-120.903964429204,48.80938
WASHNGT_LNODER15,37.4893341220127,-120.90409199878,48.80938
WATRSHED_6_N001,37.487815,-122.310237,51.71331
WEBER_6_N001,37.919828,-121.240232,49.37485
WEC_SY_LNODEUX1,37.4878752249074,-120.89565231921667,48.78469
WEC_SY_LNODEUX2,37.4878752249074,-120.89576624369113,48.78469
WELFLDPM_LNODELPMP,34.16127269818337,-114.38198913123861,46.57236
WELFLDPM_LNODERALS,34.16145330172,-114.38198913147205,46.57236
WEMRSWS_6_N001,39.035984,-120.987909,50.01013
WESTLANE_6_N001,37.990674,-121.282373,49.81929
WESTLNDS_1_N001,36.3999999999871,-120.31994434326373,48.26731
WESTLNDS_1_N019,36.3999999999871,-120.32005565673627,48.26731
WESTPARK_1_N001,35.374163973003284,-119.039839,47.84844
WESTPARK_1_N005,35.374083013484764,-119.03978167527592,47.84844
WESTPARK_1_N009,35.374083013484764,-119.03989632472408,47.84844
WESTPLAT_1_N001,35.42,-119.3,47.55708
WESTPORT_LNODEDR1,37.5225825838401,-120.993998352649,48.76
WESTPORT_LNODEDR3,37.5223769944682,-120.993990429526,48.76
WESTPORT_LNODEDR5,37.5225172095941,-120.993995815213,48.76
WESTPORT_LNODEDR7,37.5224455031416,-120.903973009416,48.76
WHEATLND_6_N001,39.013055,-121.418524,49.07812
WHEELER_6_N001,35.089761,-118.976591,48.69781
WHISMAN_1_N001,37.40491321634772,-122.068856,50.37012
WHISMAN_1_N004,37.404831891811426,-122.06879689262591,50.37012
WHISMAN_1_N009,37.404831891811426,-122.06891510737408,50.37012
WHITMORE_6_N001,40.628753,-121.915711,52.03074
WILDWOOD_1_N001,40.387138,-123.045061,49.29271
WILKINS_6_N001,39.00552,-121.867233,49.28327
WILLIAMS_6_N002,39.15758,-122.14762,47.26354
WILLITS_6_N001,39.405666,-123.327366,52.04868
WILLOWS_6_N001,39.531805,-122.185874,48.01146
WIL_SUB_LNODEONB,33.797999999988214,-118.25794584458627,47.53038
WIL_SUB_LNODEONC,33.797999999988214,-118.25805415541372,47.53038
WINTERS_6_N001,38.517708,-121.951331,53.51264
WOHLER_6_N001,38.512048,-122.880906,50.55015
WOLFE_1_N001,37.335142193117605,-122.020824,49.99975
WOLFE_1_N002,37.335060903426545,-122.02076497287341,49.99975
WOLFE_1_N007,37.335060903426545,-122.02088302712659,49.99975
WOODACRE_6_N001,38.012118,-122.65455,49.97237
WOODLD_1_N001,38.67823188725648,-121.760143,50.17934
WOODLD_1_N005,38.67815105635662,-121.76008322082818,50.17934
WOODLD_1_N012,38.67815105635662,-121.76020277917182,50.17934
WOODSIDE_6_N003,37.43624399998641,-122.2420270905538,51.39727
WOODSIDE_6_N004,37.43624399998641,-122.24214090944619,51.39727
WOODWARD_1_N005,36.8966369999867,-119.74995475043866,50.0105
WOODWARD_1_N006,36.8966369999867,-119.75006724956134,50.0105
WPBART_1_N001,38.01999999998606,-121.97994265860079,49.16519
WPBART_1_N004,38.01999999998606,-121.9800573413992,49.16519
WSCOPRSN_1_N001,35.61,-119.37,47.66572
WSCRMNO_1_N004,38.58939293336201,-121.545027,50.26598
WSCRMNO_1_N013,38.58931203330379,-121.54496724378153,50.26598
WSCRMNO_1_N201,38.58931203330379,-121.54508675621847,50.26598
WSTFRSO_1_N001,36.71841899998688,-119.81853697917856,49.67739
WSTFRSO_1_N004,36.71841899998688,-119.81864902082144,49.67739
WSTLD1RA_1_N001,36.72,-120.72,48.11916
WYANDTTE_1_N001,39.491682744465926,-121.541161,47.62853
WYANDTTE_1_N003,39.49160212775149,-121.54110068770393,47.62853
WYANDTTE_1_N102,39.49160212775149,-121.54122131229607,47.62853
ZACA_1_N001,34.696829,-120.151374,50.34943
ZANKER_1_N001,37.469999999986335,-121.8099430557453,50.87876
ZANKER_1_N003,37.469999999986335,-121.8100569442547,50.87876
AGER_LNODE35,41.8675,-122.46414,0.0
ALTURAS_LNODE17,41.49972,-120.53306,0.0
BIGSPRIN_LNODELD1,41.616776,-122.39929,0.0
CAMERON_LNODEKM,32.65324599998863,-116.48817922595589,0.0
CASTELLA_LNODE,41.146254,-122.319747,0.0
CEDARVIL_LNODED1,41.53156,-120.18194,0.0
CLEARLAO_LNODE44,41.704981,-121.276741,0.0
COPCO2_LNODE21,41.97667,-122.36167,0.0
DAVISCR_LNODED1,41.73,-120.37,0.0
DELNORTE_LNODE50,41.86761799998422,-124.13905472462552,0.0
DELNORTE_LNODE51,41.86761799998422,-124.13917527537447,0.0
DOGCREEK_LNODE,40.94013311,-122.431008,0.0
DORRIS_LNODE06,41.96694,-121.91333,0.0
EAGLEMTN_LNODEHI,33.8199729920039,-115.44005630685402,0.0
FLINT_LNODE_LDT1,38.88530299998586,-121.06681059075832,0.0
GASQUET_LNODE42,41.84833,-123.96667,0.0
INTERNAT_LNODELD,41.432568,-122.38296,0.0
LITTLESH_LNODELD1,41.70174123,-122.3696599,0.0
LUCERNE_LNODELD,41.60361,-122.5225,0.0
MACDOEL_LNODE20,41.83166999998427,-122.00465973878569,0.0
MACDOEL_LNODE45,41.83166999998427,-122.00478026121432,0.0
MADISON_LNODE1,38.67065905446531,-121.9691977771112,0.0
MOTT_LNODE,41.262727,-122.270475,0.0
NDUNSMUI_LNODE7,41.2207989999844,-122.27643096616978,0.0
NDUNSMUI_LNODE9,41.2207989999844,-122.27655103383022,0.0
NEWELL_LNODE90,41.888139999984205,-121.37845028379793,0.0
NUTGLADE_LNODE,41.178254,-122.290711,0.0
PATRICKS_LNODE49,41.88139,-123.86472,0.0
PEREZ_LNODED1,41.63306,-121.22639,0.0
PRAXAIR_LNODEPM,37.99999999998611,-121.81005733246779,0.0
REDWOODU_LNODED2,41.76083,-124.16347,0.0
SDUNSMUI_LNODE,41.201244,-122.2764098,0.0
SHASTINA_LNODELD1,41.548666,-122.364174,0.0
SHOTGUNC_LNODE,41.053889,-122.381667,0.0
TULELAKE_LNODE35,41.95333,-121.47111,0.0
TUNNEL_LNODE33,41.925559999984245,-121.56576970013403,0.0
TUNNEL_LNODE40,41.925559999984245,-121.56589029986597,0.0
WEED_LNODER1,41.43139,-122.38944,0.0
YREKA_LNODE76,41.72897989068449,-122.63154955171838,0.0
YREKA_LNODED1,41.72880010918983,-122.63154955205546,0.0
YREKA_LNODED2,41.72880010918983,-122.63179044794454,0.0
YREKA_LNODED3,41.72897989068449,-122.63179044828162,0.0
