node_id,lat,lon,price_dp
12TH_S_LNODENMZ,37.63715677998629,-120.99316020050249,12.3878
12TH_S_LNODEXWQ,37.63715677998629,-120.99327439949751,12.3878
8TH_ST_LNODEBXG,37.64197726998626,-121.00603849646912,12.3878
8TH_ST_LNODELZF,37.64197726998626,-121.00615270353089,12.3878
AEC300_1_N001,37.74,-121.48,13.05096
AGNEW_1_N003,37.51,-121.84,40.58499
AIRPROD_1_N001,36.65,-119.54,2.80296
AIR_SUB_LNODENAA,33.96205409081493,-118.376,11.58025
AIR_SUB_LNODENAB,33.961972954579615,-118.37594352117388,11.58025
AIR_SUB_LNODEONC,33.961972954579615,-118.37605647882611,11.58025
ALAMITOS_2_N001,33.771584,-118.100596,5.95245
ALAMITOS_2_N040,33.77,-118.1,5.95245
ALAMT1G_7_N002,33.77149401717401,-118.1004877514908,5.95245
ALAMT2G_7_N002,33.771415173499584,-118.10067098425147,5.95245
ALAMT3G_7_N002,33.77144633917227,-118.10077253262283,5.95245
ALAMT4G_7_N002,33.771511965310076,-118.10084659342048,5.95245
ALAMT5G_7_N002,33.771597006833865,-118.1008819712055,5.95245
ALAMT6G_7_N002,33.77176916262267,-118.10083231072662,5.95245
ALHAMBRA_1_N001,37.99408499998608,-122.13031167024367,22.47283
ALHAMBRA_1_N002,37.99408499998608,-122.13042632975633,22.47283
ALLEGHNY_6_N001,39.464893,-120.844946,12.66661
ALMADEN_6_N001,37.26027,-121.890082,48.65126
ALMOND_LNODEAUX,37.574202045609525,-120.98511610244,12.22482
ALPAUGH_7_N002,35.963463732836644,-119.456796,1.44311
ALPINE_6_N001,32.82778299998866,-116.78987271391081,4.47385
ALPINE_6_N005,32.82778299998866,-116.78997928608918,4.47385
ALTO_6_N001,37.89825299998615,-122.52430271885964,18.25023
ALTO_6_N101,37.89825299998615,-122.52441728114036,18.25023
ALTTA_BP_LNODEPRT,41.51205899998436,-120.5236838478691,12.02017
ALTTA_BP_LNODETON,41.51205899998436,-120.5238041521309,12.02017
AMERIGAS_1_N001,38.43,-121.79,14.425
AMESBS_1_N004,37.41751022008469,-122.066192,35.06973
AMESBS_1_N101,37.41742888994297,-122.06613287861066,35.06973
AMESDST_1_N001,37.41742888994297,-122.06625112138934,35.07095
AMFORST_6_N001,38.369191999986,-120.79657754861613,14.80132
ANDERSON_6_N001,40.449838,-122.305068,11.6939
ANGIOLA_6_N001,35.992007,-119.57137,2.21328
ANITA_6_N001,39.811047,-121.919761,14.27547
ANNAPOLS_6_N001,38.680315,-123.311782,32.97614
ANTELOPE_6_N001,35.658117,-119.996015,0.90414
ANTLER_6_N001,40.893581,-122.379244,11.73311
APPLEHL_1_N001,38.73992576174639,-120.67700091995808,14.43117
APPLEHL_1_N002,38.73974623814083,-120.67700092024737,14.43117
APPMAT_1_N001,37.359999999986435,-121.97994317305394,32.15293
APPMAT_1_N010,37.359999999986435,-121.98005682694607,32.15293
ARBUCKLE_6_N001,39.017625,-122.061575,3.44138
ARCATA_6_N001,40.867132,-124.088286,12.12035
ARVINED_1_N001,35.15044599998752,-118.87870286987292,1.83036
ARVIN_6_N001,35.15044599998752,-118.87881313012709,1.60856
ASHLAN_2_N001,36.79263892472445,-119.82749,3.86476
ASHLAN_2_N007,36.7925580376235,-119.82743168375806,3.86476
ASHLAN_2_N008,36.7925580376235,-119.82754831624194,3.86476
ASH_6_N001,33.1365697302963,-117.070292,9.11342
ASH_6_N005,33.13648913483958,-117.0702364310647,9.11342
ASH_6_N101,33.13648913483958,-117.07034756893529,9.11342
ASPEN_LNODESPEN,37.69337956,-122.069288,11.41972
ATASCDRO_6_N001,35.465309,-120.671582,-0.64308
ATWATER_1_B2,37.35999599998639,-120.6146481730584,6.08644
ATWATER_1_N001,37.35999599998639,-120.6147618269416,6.08644
ATW_SUB_LNODEONB,34.1096541600031,-118.254,11.58147
ATW_SUB_LNODEONC,34.10957291998536,-118.25394335044959,11.58147
ATW_SUB_LNODEOND,34.10957291998536,-118.2540566495504,11.58147
AUBERRY_6_N001,37.06806099998665,-119.495719527536,3.38749
AUBERRY_6_N003,37.06806099998665,-119.495832472464,3.38749
AUBURN_6_N001,38.903397,-121.069921,14.6591
AUGUST_LNODEDR1,37.4182520696912,-120.831252690486,12.30202
AUGUST_LNODEDR3,37.4182452743243,-120.831131410372,12.30202
AUGUST_LNODEDR4,37.4182458785436,-120.830989786937,12.29957
AUGUST_LNODEDR5,37.4182557186304,-120.831363604619,12.30202
AVENA_1_N001,37.842208,-121.054122,13.15507
AVOCADO_6_N001,33.38466699998843,-117.23692330729693,8.96881
AVOCADO_6_N002,33.38466699998843,-117.23703069270306,8.96881
BAFOOD1_6_N001,36.33,-121.16,8.15515
BAHIA_2_N001,38.08095331088854,-122.13739126700075,17.3522
BAHIA_2_N011,38.08077268899996,-122.13739126728416,17.3522
BAILYJ1_1_N010,34.77604,-118.77504,53.36703
BAIR_1_N001,37.496937,-122.214157,32.58847
BAKER_1_N001,35.284771,-116.064256,4.85075
BALFOUR_6_N001,37.92596,-121.678546,16.77896
BANGOR_6_N001,39.388064,-121.402937,12.92406
BANGS_LNODEKGC,37.70469,-121.0418,12.38412
BANNING_1_N001,33.922289,-116.87283,5.92306
BANTA_6_N001,37.7528989999862,-121.35057581075783,13.23536
BARRETT_6_N001,32.667194,-116.700208,4.14911
BARRE_6_N001,33.80900298319592,-117.98332966316445,6.00516
BARRE_6_N002,33.80900298319592,-117.98354633683554,6.00516
BARRE_6_N003,33.80918301670945,-117.9835463370635,6.00516
BARRY_6_N001,39.069323,-121.690208,13.24926
BARTON_1_N001,36.76408490976673,-119.735935,3.25535
BARTON_1_N007,36.76400404510246,-119.73587672164825,3.25535
BARTON_1_N008,36.76400404510246,-119.73599327835174,3.25535
BASALT_6_N002,38.26328599998595,-122.26916657483297,16.57753
BASALT_6_N101,38.26328599998595,-122.26928142516702,16.57753
BATAVIA_6_N001,38.385820999985995,-121.77570654480984,14.47524
BATIQTOS_1_N001,33.1011727252775,-117.250399,9.67518
BATIQTOS_1_N008,33.101092137348985,-117.25034345864424,9.67518
BATIQTOS_1_N015,33.101092137348985,-117.25045454135577,9.67518
BAYMDWS_1_N001,37.55162541726735,-122.29307795256243,31.79578
BAYMDWS_1_N004,37.551444582623034,-122.29307795283914,31.79578
BAYMDWS_1_N008,37.551444582623034,-122.29330604716085,31.79578
BAYMDWS_1_N012,37.55162541726735,-122.29330604743757,31.79578
BAYSHOR1_1_N001,37.74603599998622,-122.40302381566526,33.28384
BAYSHOR2_1_N001,37.74603599998622,-122.40313818433472,33.28384
BAYWOOD_6_N001,35.360177,-120.811564,-0.40165
BCN_PP_LNODESS1,35.25680070871138,-118.02736892630813,11.47976
BCN_PP_LNODESS2,35.256766720360744,-118.02726679027704,11.47976
BEARTAP_1_N001,35.38,-119.0,1.8561
BELLEF_7_CN10,39.776083,-122.10383,5.20253
BELLEF_7_CN11,39.77608299994151,-122.10371323062876,5.20743
BELLPGE_1_N001,38.947418999985814,-121.0911283822858,14.64194
BELLPGE_1_N005,38.947418999985814,-121.0912436177142,14.64194
BELLVUE_1_N001,38.379084046922976,-122.712022,25.84103
BELLVUE_1_N003,38.37900297652332,-122.711962292445,25.84103
BELLVUE_1_N005,38.37900297652332,-122.712081707555,25.84103
BELMONT_1_N001,37.52332024549896,-122.264967,32.39254
BELMONT_1_N006,37.52323887723573,-122.26490776711239,32.39254
BELMONT_1_N008,37.52323887723573,-122.26502623288762,32.39254
BELRIDGE_1_N001,35.455722,-119.631903,1.20386
BERESFRD_6_N001,37.565013999986284,-122.31923796388803,31.82454
BERESFRD_6_N002,37.565013999986284,-122.31935203611197,31.82454
BERNARDO_6_N001,33.021575,-117.096228,9.10641
BERNARDO_6_N002,33.021574999954524,-117.09612121988424,9.10641
BERNARDO_6_N009,33.02148546856512,-117.096228,9.10641
BERNARDO_6_N013,33.021574999954524,-117.09633478011577,9.10641
BERNARDO_6_N014,33.0216645314348,-117.096228,9.10641
BERNARDO_LNODEARDO,33.02157451,-117.0962277,11.41114
BERVLLY_6_N001,37.586478,-120.125088,5.79815
BIGBASN_6_N001,37.129545,-122.172132,46.98802
BIGCRK1_7_N001,37.20203293082091,-119.24090286336467,4.72031
BIGMDWS_6_N001,40.171215,-121.085128,12.47755
BIGRIVR_6_N001,39.311461,-123.786522,-42.4933
BIOLA_6_N001,36.792525,-120.114116,3.39495
BIXLER_6_N001,37.9370142319286,-121.528389,12.63954
BKRSFLD_2_N001,35.388298999987455,-119.0044078374034,1.7985
BKRSFLD_2_N101,35.388298999987455,-119.0045181625966,1.7985
BLLEHVN_6_N001,37.4772652825887,-122.16793304841748,32.97809
BLLEHVN_6_N002,37.477186999945324,-122.16787609695427,32.97809
BLLEHVN_6_N004,37.477108717384,-122.1679330485368,32.97809
BLLEHVN_6_N006,37.477108717384,-122.1680469514632,32.97809
BLLEHVN_6_N007,37.477186999945324,-122.16810390304572,32.97809
BLUELKE_6_N001,40.88014,-123.980584,12.2
BLUSTNPP_6_N003,38.575523,-121.497588,0.94948
BLYTHESC_1_N005,33.614957,-114.682935,3.17411
BNAVSTA_6_N001,36.653344,-121.62946,32.53289
BNAVSTA_6_N002,36.65334399994771,-121.62934811906177,32.53289
BNTACRB_6_N001,37.7528989999862,-121.35069018924217,13.66304
BOGARD_6_N001,40.586552,-121.093959,11.19025
BOGUE_1_N001,39.09613073444745,-121.623771,13.05694
BOGUE_1_N201,39.096050132760894,-121.62371103865068,13.05694
BOLINAS_6_N001,37.941119,-122.707332,18.09828
BOLLMAN_1_N003,38.04,-121.98,22.75298
BOLTHSE_1_N009,35.36215899998747,-118.92362184077258,1.89531
BONITA_6_N001,36.967863,-120.20266,4.27914
BONNIEN_7_N001,39.214314999985774,-120.80917722077704,11.50499
BORDEN_2_N007,36.92227399998671,-119.98422371699712,4.17865
BORDER_6_N001,32.56633480869927,-116.944389,11.8174
BORDER_6_N008,32.566254095638485,-116.94433370647506,11.8174
BORONDA_6_N001,36.689983,-121.679239,32.34418
BOSWELL_6_N001,36.085115,-119.552823,2.21328
BOWLES_6_N001,36.605651,-119.773312,3.43539
BRDGVLT_7_N001,40.47956799998481,-123.78034162638289,11.7613
BREEZE_LNODEYT1,35.123880999987534,-118.37403687435777,11.40869
BREEZE_LNODEYT2,35.123880999987534,-118.37414712564222,4.62214
BRENTWOD_2_N001,37.91959423612686,-121.676423,15.93699
BRENTWOD_2_N006,37.91951288192155,-121.67636345967551,15.93699
BRENTWOD_2_N011,37.91951288192155,-121.67648254032449,15.93699
BRGSMR_LNODEGZB,37.66621999998627,-120.97704287657282,12.38658
BRGSMR_LNODETHU,37.66621999998627,-120.97715712342718,12.38658
BRITTN_1_N001,37.37433620668406,-122.015575,46.88754
BRITTN_1_N005,37.37425489664326,-122.01551592726007,46.88754
BRITTN_1_N006,37.37425489664326,-122.01563407273993,46.88754
BRKRSLG_1_N005,38.57552299994369,-121.49747300547165,14.66769
BROCKWAY_LNODE01,39.243063530935196,-120.02634939696748,12.68803
BROCKWAY_LNODE02,39.242884468950564,-120.02634939726258,12.68803
BROCKWAY_LNODE51,39.242884468950564,-120.02658060273741,12.68803
BROCKWAY_LNODE52,39.243063530935196,-120.02658060303253,12.68803
BRRNDAC_6_N001,35.658183,-120.040362,0.90781
BRUNSWCK_1_N003,39.23119771901711,-121.034946,12.10418
BRUNSWCK_1_N008,39.23111714047599,-121.03488594065819,12.10418
BRUNSWCK_1_N101,39.23111714047599,-121.03500605934181,12.05761
BRWNSVY_6_N001,39.226226,-121.422634,12.91047
BUELLTON_1_N001,34.625261999987686,-120.18631205143852,-0.2227
BUELLTON_1_N003,34.625261999987686,-120.18642194856149,-0.2227
BUENAVS1_7_B1,36.653254242119594,-121.62934811919219,1.72498
BUENAVS1_7_B3,36.65319077379855,-121.6294272308971,1.72498
BUENAVS1_7_B4,36.653175595551595,-121.62953750035395,1.72498
BUENAVS1_7_B5,36.65320668330105,-121.62964245619625,1.72498
BUENAVS1_7_B6,36.653272145363964,-121.6297190021347,1.72498
BUENAVS1_7_B7,36.65335697428145,-121.62975556706088,1.72498
BUENAVS2_7_B1,36.65344659805961,-121.62974945473616,1.71517
BUENAVS2_7_B3,36.653528699704175,-121.62970424026268,1.71517
BUENAVS2_7_B4,36.653594014575496,-121.62962749889522,1.71517
BUENAVS2_7_B5,36.653636508590544,-121.62952895027708,1.71517
BULLARD_1_N001,36.824388,-119.769224,3.73404
BULLARD_1_N004,36.824387999947184,-119.76911168846675,3.73404
BULLARD_1_N005,36.824298097276774,-119.769224,3.73404
BULLARD_1_N006,36.824387999947184,-119.76933631153325,3.73404
BURLNGME_1_N001,37.589627,-122.363434,31.9623
BUTTE_1_N010,39.7118129999855,-121.81325170045862,12.54617
BUTTE_1_N101,39.7118129999855,-121.81336829954137,12.54617
BWILLIAM_LNODEILLW,34.16145330172,-114.38177086852794,11.33394
B_6_N001,32.714377595830264,-117.16944251257752,11.40172
B_6_N003,32.714198404079745,-117.16944251279143,11.40172
B_6_N005,32.714198404079745,-117.16965548720856,11.40172
B_6_N007,32.714377595830264,-117.16965548742249,11.40172
CABRILLO_1_N001,32.70751759908557,-117.24492651689708,-0.25824
CABRILLO_6_N001,32.70733840082447,-117.24492651711095,11.25264
CABRILLO_6_N004,32.70733840082447,-117.24513948288904,11.25264
CALAVE_1_N001,36.71900181109094,-119.76554095699167,2.79193
CALAVE_1_N002,36.718822188804005,-119.76554095725366,2.79193
CALAVE_1_N004,36.718822188804005,-119.76576504274634,2.79193
CALCMENT_7_N4,37.37,-120.64,5.39492
CALISTGA_6_N001,38.592664,-122.57862,32.77639
CALLENDR_1_N001,35.04,-120.6,-0.10726
CALPELLA_1_N001,39.197538,-123.192135,-37.65784
CALSUB_LNODEET,39.521219,-120.008761,12.16477
CAMDEN_6_N001,36.446258999987045,-119.79904229562648,2.5515
CAMDEN_6_N002,36.446258999987045,-119.79915370437352,2.5515
CAMERON_6_N001,32.65324599998863,-116.48807277404411,4.0376
CAMINO_2_N001,34.83,-114.99,4.41332
CAMPHORA_6_N001,36.46829799998704,-121.39017127220814,32.52064
CAMPHORA_6_N003,36.46829799998704,-121.39028272779186,32.52064
CANAL_6_N001,37.066368999986636,-120.8354215297125,4.98678
CANAL_6_N006,37.066368999986636,-120.8355344702875,4.98678
CANBY_BP_LNODEACW,41.444925999984385,-120.88087787131334,12.05326
CANBY_BP_LNODEVEC,41.444925999984385,-120.88099812868666,12.05326
CAN_SUB_LNODEONA,34.18955419166312,-118.592,5.68776
CAN_SUB_LNODEONB,34.189472904155366,-118.59194326369176,11.58637
CAN_SUB_LNODEONC,34.189472904155366,-118.59205673630824,11.58637
CAPAY_6_N001,39.775993256822886,-122.10383,14.11494
CARBONA_6_N003,37.69218399998622,-121.41818185598439,13.24639
CARBONA_6_N101,37.69218399998622,-121.4182961440156,13.24639
CARLOTTA_6_N001,40.541122999984744,-124.06382054930958,12.29803
CARLOTTA_6_N003,40.541122999984744,-124.06393945069041,12.29803
CARLTNHS_1_N001,32.85503754591703,-117.01185140348343,10.06852
CARLTNHS_1_N004,32.85485845399255,-117.01185140369861,10.06852
CARNATIO_6_N001,35.311332,-119.083574,1.86958
CARNERAS_6_N001,35.541055,-119.805238,0.82939
CAROLNDS_6_N001,37.55291899998627,-122.37633097506193,31.98752
CAROLNDS_6_N002,37.55291899998627,-122.37644502493806,31.98752
CARQUINZ_1_N001,38.09103799998602,-122.24848662968667,18.00392
CARQUINZ_1_N002,38.09103799998602,-122.24860137031332,18.00392
CARRIZO_1_N001,35.3805629695311,-120.040252,0.69367
CARRIZO_LNODEHILL,35.38048201522088,-120.04019467441788,11.50795
CARRIZO_LNODEZOT1,35.38048201522088,-120.04030932558213,11.34742
CARTWRT_1_N001,37.78999999998617,-122.24994278512781,22.05434
CARTWRT_1_N010,37.78999999998617,-122.25005721487219,22.05434
CARUTHRS_6_N001,36.531554,-119.882758,3.35329
CAR_SM_LNODENE1,38.642773175556165,-121.3294330286556,12.44785
CAR_SM_LNODENE2,38.64259349099788,-121.32943302894401,12.44785
CAR_SM_LNODENE3,38.64259349099788,-121.329663082168,12.44785
CAR_SM_LNODENE4,38.642773175556165,-121.3296630824564,12.44785
CASTLE_LNODEDR1,37.36195490350885,-120.56264978595905,12.27139
CASTLE_LNODEDR2,37.36187666885442,-120.5625929569803,12.27139
CASTLE_LNODEDR3,37.36179843428164,-120.56264978607754,12.26893
CASTLE_LNODEDR4,37.36179843428164,-120.56276344403506,12.26893
CASTLE_LNODEDR5,37.36187666885442,-120.5628202731323,12.27139
CASTLE_LNODEDR6,37.36195490350885,-120.56276344415355,12.27139
CASTROVL_2_N001,37.69127699998625,-122.06100285669102,24.96965
CASTROVL_2_N003,37.69127699998625,-122.06111714330898,24.96965
CASTROVL_2_N006,36.76278384840137,-121.73625384648868,24.96965
CAS_LA_LNODESMW,34.587237,-118.656638,11.5778
CAS_PP_LNODE1AUX,34.58734037344726,-118.65692220263387,11.5778
CAS_PP_LNODE2AUX,34.58742309555189,-118.65687780855163,11.57657
CAS_PP_LNODE3AUX,34.587488904018386,-118.65680245963806,11.57657
CAS_PP_LNODE4AUX,34.58753171916694,-118.65670569917606,11.57657
CAS_PP_LNODE5AUX,34.58754852361777,-118.65659776098718,11.5778
CAS_PP_LNODE6AUX,34.58753896054594,-118.65648852558515,11.5778
CATALYST_7_N001,37.33647699998642,-121.87909619952335,46.62311
CATLETT_6_N001,38.808811,-121.516115,13.19044
CAWELOB_6_N001,35.57097799998741,-119.11546380934058,1.97496
CAWELOC_1_N001,35.57097799998741,-119.11557419065942,1.80216
CAYUCOS_6_N001,35.44865399998744,-120.8703058292383,-0.38204
CAYUCOS_6_N006,35.44865399998744,-120.8704161707617,-0.38204
CCOSTA_2_N001,37.998693,-121.783314,16.80895
CCSUB_1_N001,38.03,-121.75,16.7422
CCSUB_2_N001,38.01999999998606,-121.75994265860079,16.73852
CCSUB_2_N010,38.01999999998606,-121.7600573413992,16.73852
CEDRCRK_6_N101,40.79116899998464,-121.93795172476342,11.26623
CENTERS_6_N001,33.928884073837764,-118.105463,5.93162
CENTERS_6_N200,33.9288029630683,-118.10551943910147,5.93162
CEN_SUB_LNODEONB,33.948054083699034,-118.255,11.57535
CEN_SUB_LNODEONC,33.94797295813763,-118.25494353789466,11.57657
CEN_SUB_LNODEOND,33.94797295813763,-118.25505646210534,11.57535
CERES_LNODEDR1,37.6088562120824,-120.956729570412,12.24075
CERES_LNODEDR3,37.6089710504,-120.956595705015,12.24075
CERES_LNODEDR4,37.6089019185376,-120.956592000755,12.24198
CERES_LNODEDR5,37.6087606610128,-120.956712881849,12.24075
CERES_LNODEDR7,37.6089324750351,-120.956712057352,12.24198
CERES_LNODEDR8,37.6090011903052,-120.956714357349,12.24198
CERTTEED_1_N001,37.059999999986665,-120.07994353791257,4.72124
CERTTEED_1_N002,37.059999999986665,-120.08005646208743,4.72124
CHALLNGE_6_N001,39.48543,-121.220509,12.26344
CHANNEL_6_N001,37.95526599998612,-121.33242068885451,15.01453
CHARKA_1_N001,35.608038,-119.325523,1.71026
CHCARITA_1_N001,32.9600895309367,-117.08989329478639,9.52813
CHCARITA_1_N004,32.95991046897258,-117.08989329500262,9.52813
CHCARITA_1_N008,32.95991046897258,-117.09010670499737,9.52813
CHC_LNODE31A,38.95999999998579,-120.89994237638588,11.37193
CHC_LNODE33A,38.95999999998579,-120.90005762361412,11.37193
CHEROKEE_6_N001,38.005513,-121.237769,14.90301
CHESTER_6_N001,40.304405,-121.224282,12.66381
CHICOA_6_N001,39.71879299998543,-121.82096169136352,12.55475
CHICOA_6_N010,39.71879299998543,-121.82107830863647,12.55475
CHICOB_1_N001,39.725493999985424,-121.84718768259572,12.51186
CHICOB_1_N002,39.725493999985424,-121.84730431740428,12.51186
CHINO_6_N007,33.998301818402325,-117.67886922357054,5.89365
CHINO_6_N008,33.998301818402325,-117.67908677642946,5.89365
CHLDHOSP_1_N001,36.87,-119.81,3.60357
CHOLLAS_6_N001,32.744058749573895,-117.046316,12.42388
CHOLLAS_6_N008,32.743978125200904,-117.04626065732346,12.42388
CHOLLAS_6_N009,32.743978125200904,-117.04637134267654,12.42388
CHSTN_1_N001,38.09,-120.3,13.69349
CHWCHLLA_1_N001,37.12073295026913,-120.25055224215674,4.67835
CHWCHLLA_1_N002,37.12073295026913,-120.25066975784326,4.67835
CIG_SM_LNODESS,38.44525,-121.461543055556,12.48829
CIMA_2_N101,35.2691,-115.49292,4.85954
CITYUKH_1_B1,39.14300254479826,-123.19181754359136,-38.73745
CLAIRMNT_6_N008,32.825996732119705,-117.184096,0.4
CLAMMNA_1_N001,37.807826,-121.276142,13.25375
CLARIBEL_LNODEGFP,37.71028,-120.9688,12.38658
CLARKRD_7_N001,39.6546447946953,-121.635292,12.559
CLARMNT_1_N001,32.82591613392796,-117.18404062431202,22.12565
CLAUS_LNODEKSN,37.639389999986214,-120.91954289863075,12.38658
CLAUS_LNODESME,37.639389999986214,-120.91965710136925,12.38658
CLAYTN_1_N001,38.34245511038229,-120.93484110965764,22.84785
CLAYTN_1_N004,37.943825,-121.969415,22.84785
CLAYTN_1_N029,38.3422748895056,-120.93484110994348,22.84785
CLAYTN_1_N030,38.3422748895056,-120.93507089005652,22.84785
CLAY_6_N001,38.34245511038229,-120.93507089034236,14.55869
CLERLKE_6_N001,39.007954999985856,-122.89377935245265,-49.31091
CLERLKE_6_N012,39.007954999985856,-122.89389464754734,-49.31091
CLMBAHL_6_N001,39.331874,-121.101368,12.58695
CLOUGH_LNODEIYF,37.62761111,-120.9751667,12.38167
CLOUGH_LNODEYBR,37.62761110994497,-120.97505251712948,12.38167
CLOVIS_1_N001,36.826043942491545,-119.681281,2.95552
CLOVIS_1_N004,36.825963028740034,-119.68122263908639,3.02595
CLOVIS_1_N101,36.825963028740034,-119.68133936091361,2.95552
CLOVRDLE_1_N001,38.795757,-123.011412,-36.76462
CLRKSVLE_1_N001,38.655559898770534,-121.060175,14.40543
CLRKSVLE_1_N003,38.655479050599546,-121.06011522698469,14.40543
CLRKSVLE_1_N004,38.655479050599546,-121.0602347730153,14.40543
CLSAJCT_6_N001,39.190857,-121.990506,3.22081
CLWTER_2_N003,35.39850993300358,-118.93957167203409,29.42858
CMPEVRS_1_N001,37.041635999986624,-122.02530956161661,32.63705
CMPEVRS_1_N002,37.041635999986624,-122.02542243838339,32.63705
CNTRYCB_6_N001,37.97966036733168,-121.31639835392943,14.64441
CNTRYCB_6_N002,37.979479632557,-121.31639835421177,14.64441
CNTRYCB_6_N004,37.979479632557,-121.31662764578823,14.64441
CNTRYCB_6_N006,37.97966036733168,-121.31662764607057,14.64441
COLLEG_LNODEDR1,37.6091056801805,-120.992876143573,12.29834
COLLEG_LNODEDR2,37.6091096218649,-120.992789582042,12.29834
COLLEG_LNODEDR5,37.6090266914486,-120.992698116343,12.29834
COLLEG_LNODER15,37.6090419641747,-120.993034819943,12.29834
COLNGA1_6_N001,36.13602399998719,-120.34444457141348,-2.80916
COLNGA1_6_N002,36.13602399998719,-120.34455542858652,-2.80916
COLNGA2_6_N001,36.236577,-120.315114,-2.81773
COLONY_6_N001,38.190132,-121.181632,14.82091
COLUMBUS_1_N001,35.398330066896115,-118.93957167228022,1.85977
COLUMBUS_1_N003,35.398330066896115,-118.93979232771979,1.85977
COLUMBUS_1_N005,35.39850993300358,-118.9397923279659,1.85977
COLUSA_6_N001,39.213610999985775,-122.00296022131043,3.22081
COLUSA_6_N004,39.213610999985775,-122.00307577868956,3.22081
COLWATER_1_N001,34.86012489309556,-116.85312978164612,6.33749
COLWATER_1_N002,34.86012489309556,-116.85324421835388,6.33749
COMMONS_LNODEDR1,37.6091045275098,-120.992962913259,12.31918
COMMONS_LNODEDR3,37.5166183000533,-120.867554724081,12.3155
COMMONS_LNODEDR4,37.516699044633,-120.867555122205,12.31918
COMMONS_LNODEDR5,37.5164895041446,-120.867550987033,12.3155
COMMONS_LNODEDR7,37.5165532160667,-120.867553025577,12.3155
COMMONS_LNODEDR8,37.5008689404211,-120.913270146673,12.31918
CONCHO_1_N002,33.785845,-116.342689,4.7795
CONTADNA_1_N001,36.29,-119.71,1.8261
CONTROLX_1_N001,37.342839,-118.471988,-149.42036
CONTROL_7_N001,37.34291722503321,-118.47193119226046,-149.62079
COOPER_LNODEDR1,37.3189566034476,-120.5119493179366,12.27384
COOPER_LNODEDR2,37.31895660339336,-120.51183575699493,12.27384
COOPER_LNODEDR3,37.318866291449055,-120.51183575713138,12.26648
COOPER_LNODEDR4,37.318802431310424,-120.51191605677509,12.27384
COOPER_LNODEDR5,37.318787159360575,-120.51202798203006,12.26648
COOPER_LNODEDR6,37.31881843902539,-120.51213451388375,12.27384
COOPER_LNODEDR7,37.318884305211256,-120.51221220923813,12.27384
COOPER_LNODEDR8,37.318969657813994,-120.51224932323211,12.27751
COOPER_LNODEDR9,37.31905983488123,-120.51224311913526,12.27751
COOPER_LNODER14,37.31914244338007,-120.5121972257278,12.26771
COOPER_LNODER15,37.31920816147405,-120.51211933201114,12.26771
COOPER_LNODER16,37.31925091782716,-120.51201930357878,12.26771
COOPER_LNODER17,37.31926769919903,-120.51190771989396,12.26771
COPUS_6_N001,35.093593,-119.278466,1.23726
CORCORAN_1_N001,36.10957699998725,-119.55797958991954,2.21206
CORCORAN_1_N005,36.10957699998725,-119.55809041008045,2.21206
CORDELIA_6_N001,38.216066,-122.112082,16.59591
CORDPMP_6_N003,38.575433098781254,-121.497588,16.61061
CORNING_6_N004,39.93198099998522,-122.18732639815484,14.27547
CORNING_6_N006,39.93198099998522,-122.18744360184516,14.27547
CORONADO_6_N001,32.698823762005226,-117.173249,11.43883
CORONADO_6_N002,32.69874311898509,-117.17319367259638,11.43883
CORONA_1_N001,32.69874311898509,-117.17330432740361,23.5256
CORRAL_6_N001,38.1014979999861,-120.92635462577833,14.62608
CORRAL_6_N003,38.1014979999861,-120.92646937422167,14.62608
CORSGOLD_1_N001,37.22751499998653,-119.69108432761332,3.71593
CORSGOLD_1_N003,37.22751499998653,-119.69119767238668,3.71593
CORTEZ_LNODEDR1,37.5005587104299,-120.913235680039,12.28241
CORTEZ_LNODEDR3,37.5007571927422,-120.913267914805,12.28119
CORTEZ_LNODEDR5,37.5006522266335,-120.913263660994,12.28241
CORTEZ_LNODEDR6,37.5008124927682,-120.913424010622,12.28241
CORTEZ_LNODEDR7,37.5007095209272,-120.913352769965,12.28119
CORTINA_1_N106,39.121407,-122.224176,1.63115
COR_LNODENE1,38.55393333331922,-121.20798139654603,12.46745
COR_LNODENE3,38.55393333331922,-121.20809638123197,12.46745
COTATI_6_N101,38.30970399998603,-122.73153156284509,32.90016
COTATI_6_N102,38.30970399998603,-122.73164643715491,32.90016
COTTLEA_2_N001,37.772676259234935,-120.825545,13.82547
COTTLE_7_N001,37.77259487036768,-120.82548555286246,13.82547
COTWDPGE_1_N001,34.38040399998781,-116.87675022716886,11.58729
COVELO6_6_N001,39.78628299998532,-123.24850460152904,-38.98999
CPLECEF_1_N001,37.25999999998651,-121.63994328855216,40.51269
CPLECEF_1_N005,37.25999999998651,-121.64005671144784,40.51269
CPP_LNODESS1,38.3383555554995,-121.12458988828622,12.52505
CPP_LNODESS2,38.33844566948052,-121.124475,12.52505
CRABTREE_LNODENK1,37.64506,-120.60683,12.38167
CRCANAL_6_N001,40.1384740349693,-122.208547,11.93041
CREELMAN_6_N001,33.01815871873613,-116.853026,6.70575
CREELMAN_6_N004,33.01807814061963,-116.85297051775382,6.70575
CREELMAN_6_N014,33.01807814061963,-116.85308148224618,6.70575
CRESSEY_1_N001,37.42852799998634,-120.6386900986629,6.09992
CRESTWD_6_N001,32.699023999988746,-116.35373376108788,3.90893
CROWLNDG_LNODEDR1,37.4627004272953,-120.740076630976,12.24443
CROWLNDG_LNODEDR3,37.462786962981,-120.740080933369,12.2432
CROWLNDG_LNODEDR4,37.462613876709,-120.740078364387,12.2432
CROWLNDG_LNODEDR5,37.4625421344261,-120.740074305354,12.2432
CROWLNDG_LNODEDR7,37.4627827502437,-120.740270351347,12.24443
CRUSHER_6_N001,37.021645,-122.154383,47.13507
CRWSLDG_6_N001,37.377307,-121.085672,13.12448
CRYSTLSG_6_N001,37.528913,-122.361067,45.08184
CSG_LNODESS,38.51068967879612,-121.47509029333828,12.48461
CSTRVLLE_1_N001,36.762604151493385,-121.73625384675147,32.09051
CURTIS1_7_N001,37.974949221777045,-120.320668,13.39572
CURTISS_1_N101,37.974867889096444,-120.32072756943327,13.37856
CYMRIC_1_N001,35.31,-119.63,1.68942
DAIRYLND_1_N001,37.055221,-120.317015,2.13717
DALYCTY_1_N001,37.69180126214444,-122.455704,33.29919
DALYCTY_1_N005,37.69171986891291,-122.45564461457239,33.29919
DANISHCM_1_N001,36.71900181109094,-119.76576504300833,2.78826
DAVIS_1_N001,39.06008956957949,-121.70988464738468,14.66279
DAVIS_1_N007,39.05991043030674,-121.70988464767737,14.66279
DAVIS_1_N012,39.05991043030674,-121.71011535232263,14.66279
DECPTSG_2_N001,38.05999999998602,-121.86994264179833,23.09093
DECPTSG_2_N018,38.05999999998602,-121.87005735820168,23.09093
DEEPWATR_1_N101,38.55162999998592,-121.56020750817653,14.68607
DEEPWATR_1_N104,38.55162999998592,-121.56032249182347,14.68607
DELAMO_2_N001,33.84836303124857,-118.096994,5.94755
DELAMO_2_N014,33.84828198436281,-118.09693765855927,5.94755
DELAMO_2_N022,33.84828198436281,-118.09705034144073,5.94755
DELMAR_6_N001,38.7988788301003,-121.220655,10.26758
DELMAR_6_N001A,38.798798084934575,-121.22059518327069,14.35518
DELMAR_6_N005,38.798798084934575,-121.22071481672931,14.35518
DELMAR_6_N010,32.980789999988666,-117.25535963525417,10.26758
DELMAR_6_N011,32.980789999988666,-117.25546636474583,10.26758
DELMNTE_1_N010,36.599053999987,-121.8539621246086,32.25962
DELMNTE_1_N201,36.599053999987,-121.85407387539139,32.25962
DESCANSO_6_N001,32.86524,-116.633752,4.13563
DEVLDNPP_6_N003,35.774930999987355,-119.97393475743563,0.93477
DEVLSDN_6_N001,35.774930999987355,-119.97404524256437,0.92865
DFS_1_N001,36.72,-120.6,3.13174
DIABLO1_7_N001,35.215922999950024,-120.84743471985068,1.85269
DIABLO2_7_N001,35.215922999950024,-120.84765528014933,1.85269
DIABLOCN_2_N001,35.21601309719158,-120.847545,-0.52907
DINUBAE_7_N001,36.56893330486095,-119.41841731957626,2.86423
DINUBA_6_N001,36.56893330486095,-119.41864068042374,2.87771
DINUBA_6_N005,36.56911269503489,-119.41864068068313,2.87771
DIRYVLLE_6_N001,40.12799,-122.097838,11.79806
DIVISION_6_N001,32.6815959999886,-117.12003376624276,11.47014
DIVISION_6_N009,32.6815959999886,-117.12014023375725,11.47014
DIXON-J1_6_N101,38.44545401121386,-121.826237,14.49975
DIXONLD_1_N001,37.457825231051295,-121.921353,36.00139
DIXONLD_1_N002,37.457743884459624,-121.92129383478914,36.00139
DIXONLD_1_N008,37.457743884459624,-121.92141216521087,36.00261
DIXON_6_B1,38.445372994377905,-121.8261772770627,14.49975
DIXON_6_N002,38.445372994377905,-121.8262967229373,14.49975
DMNDSPR_1_N001,38.69304699998593,-120.82566347343,14.4422
DMNDSPR_1_N003,38.69304699998593,-120.82577852656999,14.4422
DOBBINS_6_N001,39.339604,-121.197378,12.48892
DOLANRD_1_N001,36.800296,-121.769123,32.07336
DOMTAR_1_N001,38.13,-121.65,16.74342
DONNER_LNODE07,39.327305,-120.281812,12.79832
DONPEDRO_LNODENSS,37.6962503274167,-120.4206077500803,12.22727
DOSPALS_6_N001,36.97484,-120.635012,3.71046
DUKMOSS1_7_N001,36.85999999998676,-121.76005620188538,32.02802
DUKMOSS2_7_N001,36.84999999994714,-121.75988762218331,32.02802
DUKMOSS3_7_N001,36.84999999994714,-121.76011237781668,32.02924
DUKMOSS3_7_N002,36.85008992566386,-121.76,32.02924
DUKMOSS4_7_N001,36.84999999994714,-121.71988762218332,31.93979
DUKMOSS5_7_N001,36.83999999998681,-121.72005617595099,31.93979
DUKMOSS6_7_N001,36.84999999994714,-121.72011237781669,31.93611
DUKMOSS6_7_N002,36.85008992566386,-121.72,31.93611
DUMBARTN_1_N001,37.557155251259346,-122.057606,31.72715
DUMBARTN_1_N003,37.55707387435557,-122.05754673393427,31.72715
DUMBARTN_1_N011,37.55707387435557,-122.05766526606573,31.72715
DUNBAR_6_N001,38.38322299998598,-122.52777754540057,17.60457
DUNBAR_6_N002,38.38322299998598,-122.52789245459942,17.60457
DUNHILL_6_N001,32.901543,-117.229958,10.32218
DUNLAP_6_N001,36.64502999998689,-119.15909106962141,2.9157
DUNNIGAN_6_N001,38.924808,-121.989951,3.6497
DUNNSIDE_1_N001,35.03321,-116.467335,6.01101
EAGLEMTN_2_N001,33.82005401596653,-115.44,4.52202
EAGLEMTN_2_N002,33.8199729920039,-115.43994369314599,4.52202
EAGLROCK_2_N001,38.8293359999859,-122.81077743066047,5.78089
EAGLROCK_2_N012,38.8293359999859,-122.81089256933953,5.78089
EASTGATE_6_N101,32.88493613808494,-117.20083859603457,10.4151
EASTGATE_6_N201,32.88493613808494,-117.20094940396542,10.4151
EBMUDGRY_1_N001,37.93,-122.04,22.85462
ECY_LNODE101,38.55445658675582,-121.43093112608555,12.465
ECY_LNODE102,38.55427674646514,-121.4309311263732,12.465
ECY_LNODE103,38.55427674646514,-121.43116109584881,12.465
ECY_LNODE104,38.55445658675582,-121.43116109613645,12.465
EDENVALE_1_N001,37.24503626216962,-121.7958386130011,53.37929
EDENVALE_1_N004,37.24485573772219,-121.79583861327271,53.37929
EDENVALE_1_N006,37.24485573772219,-121.79606538672729,53.37929
EDENVALE_1_N008,37.24503626216962,-121.7960653869989,53.37929
EDES_1_N001,37.738786999986225,-122.19371982090533,22.36502
EDES_1_N003,37.738786999986225,-122.19383417909467,22.36747
EDMON1AP_7_N001,34.986313,-118.738787,5.64918
EDMON2AP_7_N001,34.986312999950265,-118.73867680688261,5.6504
EDMON3AP_7_N001,34.98622271993701,-118.73867680700413,5.6504
EDMON3AP_7_N002,34.98615888237297,-118.73875472524391,5.6504
EDMON4AP_7_N001,34.98614361582445,-118.738863331203,5.6504
EDMON4AP_7_N002,34.98617488443967,-118.73896670370384,5.6504
EDMON5AP_7_N001,34.98624072734969,-118.73904209487607,5.6504
EDMON5AP_7_N002,34.986326049781965,-118.73907810817316,5.6504
EDMON6AP_7_N001,34.986416194964555,-118.73907208804029,5.6504
EDMON6AP_7_N002,34.98649877424742,-118.73902755565565,5.6504
EDMON7AP_7_N001,34.98656446909455,-118.73895197200041,5.6504
EDMON7AP_7_N002,34.98660721032227,-118.7388549100885,5.6504
EDMON8AP_7_N001,34.98662398575978,-118.738746635625,5.6504
EDMON8AP_7_N002,34.986614439197844,-118.738637059907,5.6504
EDWARDS_1_N001,34.991871,-117.890005,7.3664
EELRIVR_6_N001,40.602658,-124.210199,12.31151
EIGHTMI_2_N017,38.058077,-121.375292,14.58191
EISENHOW_1_N001,33.830599,-116.497612,4.83176
EISEN_6_N001,35.35714,-118.97131,1.78625
ELCAJNGT_7_N001,32.795346131065216,-116.97233863745876,20.77417
ELCAJNGT_7_N004,32.795346131065216,-116.97244936254124,20.80849
ELCAPTN_1_N001,37.335801999986415,-120.50517320028958,6.03128
ELCAPTN_1_N004,37.335801999986415,-120.50528679971042,6.03128
ELCAPTN_1_N005,37.365512,-120.578993,6.03128
ELCRRTO_1_N001,37.91620499998609,-122.30313670905946,22.23955
ELCRRTO_1_N023,37.91620499998609,-122.30325129094054,22.23955
ELKCREEK_6_N001,39.12957472883464,-123.711777,15.00337
ELKHIL1G_7_N001,35.22604999998747,-119.37772885850012,1.72865
ELKHIL2G_7_N001,35.22604999998747,-119.37783914149988,1.72865
ELK_6_N001,39.1294941355673,-123.71183698354646,-43.94096
ELK_SM_LNODENE2,38.37273738362879,-121.354256944444,12.48951
ELK_SM_LNODENE7,38.372656308170484,-121.35419723840097,12.49074
ELK_SM_LNODENE8,38.372656308170484,-121.35431665048702,12.49074
ELLIOTT_6_N001,32.81585999998874,-117.08840071898302,10.07274
ELLIOTT_6_N004,32.81585999998874,-117.08850728101697,10.07274
ELLIS_6_N001,37.716505,-121.548766,6.10932
ELLIS_6_N105,33.685126,-117.943596,6.10932
ELLSGTY_1_N001,33.685294,-117.943088,35.2
ELNIDO_1_N004,37.12061299998659,-120.47270746040512,5.14775
ELNIDO_2_N001,37.12061299998659,-120.47282053959488,6.02598
ELNIDO_2_N012,33.89624399998809,-118.37271472929694,6.02598
ELNIDO_7_N001,33.89624399998809,-118.37282327070305,5.14775
ELPATIO_1_N001,37.29223717683988,-121.935913,47.67236
ELPATIO_1_N006,37.29215591156547,-121.93585402427247,47.67236
ELPATIO_1_N015,37.29215591156547,-121.93597197572753,47.67236
ELV_LNODENE1,38.71426666661026,-121.47683299057677,12.43682
ELV_LNODENE2,38.71418891290697,-121.47689052312896,12.43682
ELV_LNODENE3,38.71418891290697,-121.47700558798303,12.43682
ELV_LNODENE4,38.71426666661026,-121.47706312053523,12.43682
ELV_LNODENE5,38.71434442039811,-121.4770055881082,12.43682
ELV_LNODENE6,38.71434442039811,-121.4768905230038,12.43682
EMBRCDR_2_N001,37.780090430972514,-122.37988558363396,34.07041
EMBRCDR_2_N008,37.77990956891692,-122.37988558391392,34.07041
EMBRCDR_2_N101,37.77990956891692,-122.38011441608609,34.07041
EMBRCDR_2_N104,37.780090430972514,-122.38011441636604,34.07041
EMRLDLE_6_N001,37.462178,-122.277933,44.90783
EMRYSVE_1_N001,39.163430999985756,-121.56151425780503,12.91419
EMRYSVE_1_N003,39.163430999985756,-121.56162974219497,12.91419
ENCINAL_6_N001,39.247383,-121.637248,13.05086
ENCINA_1_N001,33.13699513479889,-117.33531843066032,9.57246
ENCINA_1_N049,33.13699513479889,-117.33542956933968,9.57246
ENCNITAS_6_N001,33.05068472041646,-117.285325,9.9916
ENCNITAS_6_N004,33.05060413977941,-117.28526949553299,9.9916
ENCNITAS_6_N011,33.05060413977941,-117.285380504467,9.9916
ENSLEN_LNODEHKQ,37.65224426097517,-121.0013,12.38658
ENSLEN_LNODELOU,37.65216286949752,-121.00124064749899,12.38658
ENSLEN_LNODEWFN,37.65216286949752,-121.00135935250101,12.38658
ERTA_6_N001,36.930594,-121.763827,32.57088
ESCNDIDO_6_N001,33.12543545233769,-117.116857,9.10484
ESCNDIDO_6_N046,33.12552499995441,-117.11696392572938,9.10484
ESCNDIDO_6_N053,33.12561454766245,-117.116857,9.10484
ESCO_6_N001,33.115770727187964,-117.089119,9.13058
ESCO_6_N004,33.11569013639368,-117.08906344744015,9.13058
ESQUON_6_N001,39.607876,-121.768445,12.55352
ESTGRND_1_N001,37.653951261060854,-122.403031,32.77041
ESTGRND_1_N005,37.65386986945481,-122.402971646041,32.77041
ESTGRND_1_N009,37.65386986945481,-122.403090353959,32.77041
ESTPRTL_1_N001,37.876677,-122.186415,22.15074
ESTQNCY_6_N001,39.938128,-120.910322,12.6246
ETIWANDA_6_N001,34.0883812512724,-117.5255740237224,5.8483
ETIWANDA_6_N003,34.08814499998799,-117.52552751207779,5.85076
EUREKAA_6_N001,40.793883999984665,-124.18290627263764,12.18162
EUREKA_6_N001,40.793883999984665,-124.18302572736236,12.17549
EVRGREEN_1_N001,37.303338999986465,-121.8408102375639,48.51156
EVRGREEN_1_N019,37.303338999986465,-121.84092376243609,48.51156
EXXONBH_7_N001,38.08095331088854,-122.13762073299924,17.36445
FAIRGRND_LNODEDR1,37.5006945896515,-120.867048786933,12.3057
FAIRGRND_LNODEDR3,37.5005735349484,-120.866718665766,12.30692
FAIRGRND_LNODEDR4,37.5005721589657,-120.866803820595,12.30692
FAIRGRND_LNODEDR5,37.5005181954718,-120.867051337755,12.3057
FAIRGRND_LNODEDR7,37.5005718981617,-120.866887330714,12.30692
FAIRGRND_LNODEDR8,37.5005716373084,-120.866970837622,12.3057
FAIRHAVN_6_N001,40.80028,-124.195714,12.08113
FAIRWAY_1_N001,34.91059499998762,-120.44635292480474,-0.24966
FAIRWAY_1_N002,34.91059499998762,-120.44646307519525,-0.24966
FAMOSO_1_N001,35.60500099998741,-119.20248280260235,1.7703
FARREL_1_N001,33.85654399998807,-116.49686777574072,4.79132
FARREL_1_N002,33.85654399998807,-116.49697622425927,4.79132
FAR_SUB_LNODEONA,34.03809021316632,-118.37089113436087,11.58025
FAR_SUB_LNODEONB,34.0379097867377,-118.37089113459244,11.58025
FAR_SUB_LNODEONC,34.0379097867377,-118.37110886540755,11.57902
FAR_SUB_LNODEOND,34.03809021316632,-118.37110886563912,11.58025
FELICITA_6_N001,33.093263724336374,-117.073637,9.08401
FELICITA_6_N005,33.09318313781945,-117.07358146461416,9.08401
FELICITA_6_N009,33.09318313781945,-117.07369253538583,9.08401
FELLOWSG_7_N001,35.195188999987465,-119.58505586292793,1.6833
FIGARDN_2_N001,36.8220309999868,-119.85852484727552,3.86721
FIGARDN_2_N101,36.8220309999868,-119.85863715272448,3.86353
FINNEY_LNODESNV,37.627520677678156,-120.9751667,12.38658
FIREBAGH_6_N001,36.850688,-120.466577,3.8906
FIREHOUS_LNODEBUSH,34.8569,-114.6245,11.3658
FIY_LNODE0LD,38.762778,-121.356944,12.43682
FLINT_1_N001,38.88530299998586,-121.06669540924167,14.59415
FMC_1_N001,37.347699999986396,-121.92219018683774,113.90759
FMC_1_N003,37.347699999986396,-121.92230381316226,113.90759
FOOTHILL_1_N001,35.27,-120.7,-0.25799
FORSTHL_6_N001,39.01927,-120.830271,14.75468
FORTORD_6_N001,36.643363,-121.792138,32.30864
FORTRSS_6_N001,38.539559,-123.223713,32.85727
FOSTERW_7_N001,38.02007534657929,-122.06127131707333,22.69661
FRANKLIN_6_N003,38.012317,-122.264655,22.37248
FRA_SM_LNODENE1,38.38101134187077,-121.4768906014164,12.49319
FRA_SM_LNODENE2,38.380933333277234,-121.47683314740071,12.49319
FRA_SM_LNODENE3,38.38085532476781,-121.47689060154032,12.49319
FRA_SM_LNODENE4,38.38085532476781,-121.47700550957168,12.49319
FRA_SM_LNODENE5,38.380933333277234,-121.47706296371129,12.49319
FRA_SM_LNODENE6,38.38101134187077,-121.4770055096956,12.49319
FREDONIA_LNODELD,34.1733,-114.574,11.35722
FREMNT_1_N001,37.54118124868743,-121.962063,32.0598
FREMNT_1_N007,37.54109987564155,-121.96200374944321,32.0598
FREMNT_1_N013,37.54109987564155,-121.96212225055679,32.0598
FRIARS_1_N001,32.77904499998872,-117.15675673371696,10.71027
FRIARS_1_N009,32.77904499998872,-117.15686326628304,10.71027
FRNCHGLH_6_N001,40.68692,-122.641204,11.69758
FROGTOWN_7_N001,38.056504,-120.53381,12.78063
FRTSWRD_6_N001,40.21377199998503,-123.59658599020719,11.97697
FRUITLND_6_N001,40.28584,-123.837372,11.95124
FRUITVLE_6_N001,35.376774999987504,-119.0924868388967,1.82056
FRUITVLE_6_N101,35.376774999987504,-119.09259716110328,1.82056
FSTREET_LNODEDR1,37.4895796064313,-120.838424090027,12.30325
FSTREET_LNODEDR3,37.4896984214952,-120.838270217479,12.30202
FSTREET_LNODEDR4,37.4896152090171,-120.838173674241,12.30202
FSTREET_LNODEDR5,37.4894938869083,-120.83833925837,12.30325
FTCHMTN_6_N001,38.60608399998592,-122.85282549557644,51.88
FTCHMTN_6_N003,38.60608399998592,-122.85294050442356,51.88
FTL_LNODENE1,38.69308721315885,-121.348651111111,12.44172
FTL_LNODENE2,38.693006393405355,-121.34859132777218,12.44172
FTL_LNODENE3,38.693006393405355,-121.34871089444981,12.44172
FULTON_2_N010,38.49657200829278,-122.75943026543568,25.49742
FULTON_2_N049,38.49657200829278,-122.75954973456432,25.49742
F_6_N001,32.75497274686537,-117.126027,11.99664
F_6_N002,32.75489212655523,-117.12597165333155,11.99664
F_6_N005,32.75489212655523,-117.12608234666845,11.99664
GABILAN_6_N001,36.731511,-121.61325,32.61009
GALE_1_N001,34.85946599998758,-116.86535894183864,6.33504
GANSNER_6_N101,39.939187,-120.948157,12.52411
GANSO_1_N001,35.501698,-119.449132,1.65634
GARCIA_6_N001,38.88879,-123.550318,-43.74979
GAREY_1_N002,34.98,-120.26,-0.26437
GARFIELD_6_N001,32.795125,-116.996848,18.79854
GARNET_7_N001,33.93858299995228,-116.57633536031197,4.77662
GEER_LNODEDR1,37.52250334748,-120.843709746797,12.28732
GEER_LNODEDR2,37.5224993081714,-120.843588348711,12.28487
GEER_LNODEDR3,37.5224318250334,-120.843496861832,12.28487
GEER_LNODEDR4,37.5224297824039,-120.843426269924,12.28487
GEER_LNODEDR5,37.5224263420376,-120.843557323915,12.28732
GEER_LNODEDR7,37.5224225565731,-120.843630755159,12.28732
GEER_LNODEDR8,37.522425898329,-120.843709042834,12.28732
GENESEE_6_N001,32.87974054062765,-117.2133823800825,10.36017
GENESEE_6_N005,32.87956145928191,-117.21338238029792,10.36017
GENESEE_6_N011,32.87956145928191,-117.21359561970208,10.36017
GENESEE_6_N015,32.87974054062765,-117.2135956199175,10.36017
GENE_2_N001,34.3,-114.23,3.9954
GERBER_6_N101,40.064207,-122.156114,11.78213
GEYSR5-6_7_N001,38.777006613720275,-122.74238837921152,-30.68083
GIFFEN_6_N001,36.545076,-120.334519,1.38472
GILROYF_1_N001,37.14,-121.58,53.26532
GILSTRAP_LNODEDR1,37.5800948624588,-120.975549487551,12.24443
GILSTRAP_LNODEDR3,37.5801662132492,-120.9757670064,12.24688
GILSTRAP_LNODEDR5,37.5799830759229,-120.975550499689,12.24443
GILSTRAP_LNODEDR7,37.58017229934,-120.975552395649,12.24443
GILSTRAP_LNODEDR8,37.5801700030066,-120.975645212521,12.24688
GILSTRAP_LNODER17,37.5801611951015,-120.976018315921,12.24688
GIRVAN_6_N001,40.51347,-122.378916,11.76497
GLENCLIF_6_N001,32.798367,-116.498315,4.04127
GLENSHIR_LNODERE,39.352238,-120.08626,12.72234
GLENWOOD_6_N001,37.45733023092607,-122.186967,32.88799
GLENWOOD_6_N004,37.457248884522265,-122.18690783531744,32.88799
GLENWOOD_6_N005,37.457248884522265,-122.18702616468256,32.88799
GLRYCGG1_7_N001,37.12999999998655,-121.5600565514771,53.24694
GOLDTREE_1_N001,35.32012199998752,-120.69284284611503,-0.24818
GOLDTREE_1_N002,35.32012199998752,-120.69295315388497,-0.24818
GOLETA_6_N200,34.46880142976412,-119.88445868708224,6.03888
GONZALES_6_N001,36.50885299998702,-121.44685522795733,32.67749
GONZALES_6_N003,36.50885299998702,-121.44696677204267,32.67749
GORMAN_6_N001,34.8014,-118.818908,5.72025
GOSELKE_1_N001,35.601596,-119.579654,1.56198
GOULD_2_N001,34.22145799998786,-118.18701737338756,5.78457
GOULD_2_N007,34.22145799998786,-118.18712662661244,5.78457
GRANDIS_1_N004,38.23108199998597,-121.59029758372996,14.66527
GRANDIS_1_N009,38.23108199998597,-121.59041241627003,14.66527
GRANITE_6_N001,32.804473,-116.92086,20.73809
GRANITE_6_N007,32.804472999954854,-116.9207534473782,20.73809
GRANITE_6_N008,32.80438343993102,-116.92086,20.73809
GRANITE_6_N009,32.804472999954854,-116.92096655262179,20.74299
GRANTRK_6_N001,37.67099326174171,-122.160116,32.64931
GRANT_1_N001,37.67091186911436,-122.16005663166834,30.31442
GRANT_1_N005,37.67091186911436,-122.16017536833166,30.31442
GRBRVLLE_6_N001,40.10263,-123.792873,12.04682
GRDNEAST_1_N101,36.47999999998696,-119.60994425959105,2.46922
GRDNEAST_1_N102,36.47999999998696,-119.61005574040897,2.46922
GRDNWEST_1_N001,36.59,-119.57,2.47902
GREENBRE_6_N001,37.93780399998614,-122.51415869769995,18.23063
GREENBRE_6_N003,37.93780399998614,-122.51427330230004,18.23063
GRIMWAY_1_N001,35.27,-118.87,1.83036
GRNTHLL_1_N001,32.80456256006898,-116.92086,10.971
GRNVALY_1_N001,36.952139010813255,-121.76018,32.44834
GRNVALY_1_N011,36.95205799457908,-121.76012146857028,32.44834
GRSSVLY_6_N101,39.209514,-121.061004,13.34438
GRYSFLT_6_N001,40.021612,-121.065532,12.52411
GUALALA_6_N001,38.786699,-123.522777,33.20529
GUSTINE_6_N001,37.253223999986524,-121.01302629664288,13.13919
GUSTINE_6_N002,37.253223999986524,-121.01313970335713,13.13919
GYSRVLLE_6_N001,38.70981887157317,-122.907957,53.45131
GYSRVLLE_6_N003,38.70973806419826,-122.90789721183104,53.45131
HALSEYF_7_N001,38.90131699998584,-121.08772559737287,14.74243
HAL_SUB_LNODEON1,33.84769999998815,-118.30334578612137,11.57289
HAL_SUB_LNODEONA,33.84769999998815,-118.30345421387864,11.57167
HAMILTON_6_N001,39.746242,-122.011361,14.16273
HAMLIN_1_N009,40.38719215759148,-123.045061,8.76924
HAMMER_6_N001,38.02138220754234,-121.320367,14.69465
HAMMER_6_N003,38.02130089621381,-121.32030740848892,14.69465
HAMMER_6_N004,38.02130089621381,-121.32042659151108,14.69465
HAMMONDS_1_N001,36.72011,-120.603287,2.45232
HARBORG_7_N101,33.770089981295506,-118.25010824500784,5.97818
HARDING_6_N001,37.96379937479765,-121.2904483692276,14.84665
HARDING_6_N004,37.96361862509118,-121.29044836950978,14.84665
HARDWICK_6_N001,36.404261,-119.68624,2.38362
HARRIS_6_N001,40.78104299998464,-124.13194328500423,12.07378
HARRIS_6_N003,40.78104299998464,-124.13206271499577,12.07378
HARTER_6_N001,39.14325399998575,-121.6480072716394,13.13109
HARTER_6_N003,39.14325399998575,-121.6481227283606,13.13109
HARTLEY_6_N001,39.077268,-122.932322,-47.23738
HAR_GS_LNODE10AUX,33.77070285420546,-118.26588005129787,11.57289
HAR_GS_LNODE11AUX,33.770785160786886,-118.2658363056699,11.57289
HAR_GS_LNODE12AUX,33.77085063868779,-118.26576205737284,11.57289
HAR_GS_LNODE13AUX,33.770893238769126,-118.26566671029164,11.57289
HAR_GS_LNODE14AUX,33.77090995880947,-118.26556034876025,11.57289
HAR_GS_LNODE1AUX,33.770900443776654,-118.26545270896402,11.57289
HAR_GS_LNODE2AUX,33.770866485380765,-118.26535246672638,11.57289
HAR_GS_LNODE5AUX,33.77081149182394,-118.26526678898045,11.57167
HAR_SUB_LNODEONA,33.77073997374512,-118.26520109800133,11.57289
HAR_SUB_LNODEONB,33.77065707494083,-118.26515900180253,11.57167
HAR_SUB_LNODEONC,33.77056816417163,-118.26514234955444,11.57167
HATTON_6_N001,36.55679,-121.897162,32.33927
HAWKINS_LNODEDR1,37.5799617816957,-120.645598336747,12.26648
HAWKINS_LNODEDR3,37.5799481743814,-120.645311774451,12.26403
HAWKINS_LNODEDR5,37.5798175544824,-120.645562968772,12.26648
HAWKINS_LNODEDR7,37.5799502934699,-120.645479899093,12.26403
HAY_GS_LNODE10AUX,33.765034221459466,-118.09919670179296,11.58025
HAY_GS_LNODE12AUX,33.76505094051277,-118.09909035381168,11.58025
HAY_GS_LNODE14AUX,33.765041426041684,-118.09898272772843,11.58025
HAY_GS_LNODE15AUX,33.7650074696504,-118.0988824982613,11.58025
HAY_GS_LNODE9AUX,33.7649524793399,-118.09879683143038,11.58025
HAY_LNODESS1,33.76488096548275,-118.09873114881994,11.58025
HAY_LNODESS2,33.76479807157197,-118.09868905798392,11.58025
HED_LNODENE1,38.50998333333333,-121.355746944444,12.47971
HED_LNODENE2,38.50998333327719,-121.35563197930773,12.47971
HED_LNODENE3,38.50989337309517,-121.35563197945136,12.47971
HED_LNODENE4,38.50982976169183,-121.355713272007,12.47971
HED_LNODENE5,38.50981454922492,-121.35582658122124,12.47971
HED_LNODENE6,38.509845707051696,-121.35593443034743,12.47971
HED_LNODENE7,38.509911316684935,-121.35601308641768,12.47971
HED_LNODENE8,38.50999633683837,-121.3560506593429,12.47971
HENRITTA_6_N101,36.24160599998715,-119.9029965105001,1.87263
HERDLYN_6_N001,37.816383,-121.586176,12.34789
HERSHEY_LNODESLL,37.75083,-120.8453,12.38045
HERSHEY_LNODEXF1,37.7508299999447,-120.8451856244636,12.38045
HERSHEY_LNODEXF2,37.75073956547022,-120.8453,12.38045
HERSHEY_LNODEXF3,37.7508299999447,-120.84541437553641,12.38045
HERSHEY_LNODEXF4,37.750920434529704,-120.8453,12.38045
HICKS_2_N001,37.234159254320986,-121.90015163922017,54.27182
HICKS_2_N002,37.23397874557105,-121.9001516394916,54.27182
HICKS_2_N007,37.23397874557105,-121.90037836050841,54.27182
HIDESERT_2_N001,34.145263999987954,-116.18586145110677,5.75517
HIDESERT_2_N018,34.145263999987954,-116.18597054889322,5.75517
HIGGINS_1_N001,39.043590575891166,-121.09071766620363,14.72527
HIGGINS_1_N002,39.04341142399536,-121.0907176664961,14.72527
HIGGINS_1_N004,39.04341142399536,-121.09094833350389,14.72527
HIGHLD_1_N001,38.93741777608508,-122.609034,-20.31627
HIGHLD_1_N005,38.937337111942234,-122.60909387327588,-20.31627
HIGHWAY_1_N001,38.166048151820924,-122.253616,18.10441
HIGHWAY_1_N002,38.16596692407439,-122.25355635179834,18.10441
HILLSDLE_6_N001,37.536271,-122.322394,31.9189
HILLSIDE_1_N001,37.879999999986126,-122.23994272916374,22.18196
HILLSIDE_1_N004,37.879999999986126,-122.24005727083625,22.18196
HILMAR_LNODEDR1,37.4189785637285,-120.849304571346,12.30937
HILMAR_LNODEDR2,37.4188603223578,-120.849075716434,12.30815
HILMAR_LNODEDR4,37.4189333711687,-120.849077780203,12.30937
HILMAR_LNODEDR5,37.4188652133943,-120.849148221032,12.30815
HILMAR_LNODEDR7,37.4188555229834,-120.849223847561,12.30815
HILMAR_LNODER17,37.4189123657556,-120.849307362712,12.30937
HINSON_6_N001,33.81885999995258,-118.22236564005779,5.98676
HLFMNBY_6_N002,37.46874323375435,-122.43018,32.08556
HLFMNBY_6_N004,37.46866188310803,-122.43012082319957,32.08556
HLFMNBY_6_N101,37.46866188310803,-122.43023917680043,32.08556
HMBLTBY_6_N003,40.78280899998469,-124.11247771670773,12.13995
HOBARTTP_LNODE19,39.400047,-120.149888,12.71744
HOLLISTR_1_N001,36.862728962246265,-121.405867,32.33315
HOLLISTR_1_N004,36.86264801886252,-121.40580858969733,32.33315
HOLLISTR_1_N101,36.86264801886252,-121.40592541030266,32.33315
HOMEGRND_1_N001,38.96,-122.84,-20.57657
HOMEPROC_1_N001,38.94,-122.85,-20.5827
HONCUT_1_N001,39.320099,-121.595289,12.86215
HOOPA_6_N001,41.056514,-123.682252,12.27353
HORSESHE_1_N001,38.744281999985915,-121.16156545871566,14.50102
HORSESHE_1_N002,38.744281999985915,-121.16168054128434,14.50102
HPLNDJT_6_N001,38.972898,-123.081134,-64.29993
HSK_LA_LNODEKSS,34.487,-118.514,11.57657
HUGHSON_LNODEDR1,37.5949433309328,-120.846755674049,12.18316
HUGHSON_LNODEDR2,37.5949478453779,-120.846639431615,12.1807
HUGHSON_LNODEDR3,37.5948895849844,-120.846669736494,12.1807
HUGHSON_LNODEDR4,37.5949564824944,-120.846831604577,12.18316
HUGHSON_LNODEDR5,37.594883530932,-120.846800432358,12.18316
HUGHSON_LNODEDR8,37.5948895004896,-120.84669840193,12.1807
HUNT1G_7_N002,33.64610399995311,-117.97753404459904,6.10687
HUNT2G_7_N002,33.645950581890766,-117.97761038065147,6.10687
HUNT3G_7_N002,33.64596651133317,-117.97781805443613,6.10687
HUNT4G_7_N002,33.646116990569396,-117.97792719657157,6.10687
HURLEY_LNODE12LD3,38.587283,-121.418244,3.84968
HURON_6_N001,36.185797,-120.104535,-2.81283
HUR_LNODENE1,38.58818333333333,-121.418666944444,12.4503
HUR_LNODENE2,38.58818333327699,-121.41855194404475,12.4503
HUR_LNODENE3,38.58810548632912,-121.41860944430671,12.4503
HUR_LNODENE4,38.58810548632912,-121.41872444458129,12.4503
HUR_LNODENE5,38.58818333327699,-121.41878194484326,12.4503
HUR_LNODENE7,38.58826118030932,-121.41872444470597,12.4503
HUR_LNODENE8,38.58826118030932,-121.41860944418204,12.4503
HWD_SUB_LNODEONA,34.088090251059334,-118.34689102435425,11.5827
HWD_SUB_LNODEONB,34.0879097488445,-118.34689102458658,11.5827
HWD_SUB_LNODEONC,34.0879097488445,-118.34710897541342,11.5827
HWD_SUB_LNODEOND,34.088090251059334,-118.34710897564575,11.5827
HYATT_2_N212,39.54,-121.47,12.48857
IBM-CTLE_1_N001,37.33,-121.74,53.38051
IBM-HRRS_1_N001,37.339999999986375,-121.73994319553019,53.36091
IBM-HRRS_1_N101,37.339999999986375,-121.74005680446982,53.36091
IGNACIO_1_N102,38.07555099998604,-122.54000436436782,17.79193
IMHOFF_1_N001,38.001509,-122.066739,22.75666
IMPRLBCH_6_N001,32.58332899998902,-117.09716179037093,11.62746
IMPRLBCH_6_N004,32.58332899998902,-117.09726820962906,11.62746
INDIANW_1_N001,33.75822999998817,-116.36079489140164,4.7844
INDIANW_1_N005,33.75822999998817,-116.36090310859835,4.7844
INDNFLT_6_N001,37.66547,-119.841331,5.87903
INDUSTRL_LNODEDR1,37.4786063003132,-120.866935168966,12.31182
INDUSTRL_LNODEDR2,37.4784258031614,-120.866836967643,12.31305
INDUSTRL_LNODEDR3,37.4784244272802,-120.866662034426,12.31305
INDUSTRL_LNODEDR5,37.4785292936467,-120.866935824384,12.31182
INDUSTRL_LNODEDR7,37.4784403782944,-120.866928290638,12.31182
INDUSTRL_LNODEDR8,37.4784247171011,-120.866748607625,12.31305
INGRMC_1_N001,37.83,-121.17,13.0289
INYOKERN_1_N001,35.65261399998741,-117.79478579202693,-147.8986
INYOKERN_1_N008,35.65261399998741,-117.79489620797307,-147.8986
IRONMTN_2_N001,34.16,-115.12,4.47668
IUKA_6_N001,37.665987,-121.831011,26.81038
JACINTO_6_N001,39.582923,-122.010645,14.16273
JAMACHA_6_N001,32.744163749547276,-116.957239,17.95915
JAMACHA_6_N006,32.74408312521416,-116.95718365728564,17.95915
JAMACHA_6_N015,32.74408312521416,-116.95729434271436,17.95915
JAMESON_1_N001,38.205743,-122.147539,14.57082
JANSCRK_6_N001,40.905394259900845,-124.072573,12.07623
JANSCRK_6_N003,40.90531287003298,-124.0725108262728,12.07623
JARVIS_1_N014,37.59572442721241,-122.01803387245575,34.44945
JARVIS_1_N016,37.595543572677634,-122.01803387273313,34.44945
JARVIS_1_N017,37.595543572677634,-122.01826212726687,34.44945
JARVIS_1_N101,37.59572442721241,-122.01826212754425,34.44945
JCBSCRNR_6_N001,36.22245499998718,-119.77977650530629,1.81381
JCBSCRNR_6_N003,36.22245499998718,-119.77988749469371,1.81381
JENNY_1_N001,37.769999999986226,-122.25994279875593,22.41281
JENNY_1_N008,37.769999999986226,-122.26005720124407,22.41281
JESSUP_1_N001,40.462102,-122.328061,11.6314
JMSCNPMP_1_N001,38.19,-122.47,17.97084
JOHANNA_2_N001,33.71362395818503,-117.852576,6.88212
JOHANNA_2_N007,33.71354302089469,-117.85251982319095,6.88212
JOLON_6_N001,36.013308,-121.167635,8.22132
KAMM_1_N001,36.58,-120.52,1.866
KANAKA_1_N001,39.439999999985574,-121.38994201903363,12.62751
KEARNEY_6_N001,36.704357999986875,-119.88278399673257,3.35329
KEARNEY_6_N099,36.704357999986875,-119.88289600326743,3.35329
KEARNEY_7_N001,32.832849999988746,-117.13199871171014,11.8647
KEARNEY_7_N003,32.832849999988746,-117.13210528828985,11.82916
KELSO_2_N001,37.797722,-121.601591,14.48017
KERMAN_6_N001,36.69205999998684,-120.05918901200307,2.1065
KERMAN_6_N002,36.69205999998684,-120.05930098799692,2.1065
KERNOIL_1_N001,35.44070999998741,-119.02061483035583,1.87325
KERNOIL_1_N012,35.44070999998741,-119.02072516964418,1.87325
KERNPWR_1_N002,35.37980096994444,-119.097984,1.80953
KERNPWR_1_N201,35.37972001501422,-119.09792667452027,1.80953
KERNRDGE_1_N001,35.48320899998747,-119.76358482417542,1.23937
KERNRV_1_N001,35.37972001501422,-119.09804132547973,1.86835
KERNWATR_1_N001,35.400666,-119.035603,1.82178
KESWICK_6_N001,40.623725,-122.462027,11.70861
KETTLEMN_6_N001,36.044075,-120.112696,-5.95221
KETTNER_6_N001,32.733172,-117.173774,11.36462
KIERNAN_LNODETUB,37.71047,-121.0139,12.38167
KINGCTY_6_N001,36.21683446252504,-121.1266820197143,8.22377
KINGCTY_6_N002,36.21683446252504,-121.1269039802857,8.22377
KINGCTY_6_N005,36.217013537372516,-121.12690398053972,8.22377
KINGSBRG_1_N001,36.48869063297857,-119.58234525016937,2.37014
KINGSBRG_1_N008,36.48861299994815,-119.58228950045047,2.37014
KIRKER_1_N001,38.0212542075842,-121.905844,22.92009
KIRKER_1_N005,38.02117289619287,-121.90578440854696,22.92009
KIRKER_1_N006,38.02117289619287,-121.90590359145303,22.92009
KNA_LNODENA2,40.654722,-122.389167,12.22605
KNGHTSLD_1_N001,38.809281,-121.74515,14.38091
KONOCTI6_6_N001,38.9325,-122.741085,-40.89209
KYOCERA_6_N001,32.819776,-117.140362,11.83177
LADDCM_LNODEARD,37.73258,-121.01392,12.38167
LAFRESA_6_N001,33.86979104273171,-118.33319,6.0076
LAFRESA_6_N007,33.869709978621295,-118.33324636755688,6.0076
LAGNANL_1_N001,33.49498074466377,-117.70295838393929,8.31886
LAGNANL_1_N002,33.494801255243225,-117.70295838416239,8.31886
LAGNANL_1_N005,33.494801255243225,-117.70317361583761,8.31886
LAGNANL_1_N006,33.49498074466377,-117.70317361606071,8.31886
LAGRANG_LNODEOAD,37.6697612035926,-120.443808701526,12.22727
LAGUBELL_6_N001,33.975996097823064,-118.14794,5.8826
LAGUBELL_6_N210,33.97591495107552,-118.14799649540468,5.8826
LAGUNATP_6_N001,36.748942999986895,-121.60530194075191,32.7237
LAGUNITS_6_N001,36.748942999986895,-121.60541405924809,32.63828
LAJOLLA_6_N001,32.840121999988746,-117.27517670850455,10.63526
LAJOLLA_6_N007,32.840121999988746,-117.27528329149546,10.63526
LAKEVIEW_6_N101,35.093678,-119.10139,1.68331
LAKEVLLE_1_N001,38.251505,-122.580692,17.45326
LAKEWOOD_1_N001,37.909008286572075,-122.05701271293042,22.85217
LAKEWOOD_1_N003,37.90892999994441,-122.05695542598274,22.85217
LAKEWOOD_1_N004,37.90885171340006,-122.05701271305232,22.85217
LAKEWOOD_1_N006,37.90885171340006,-122.05712728694768,22.85217
LAKEWOOD_1_N007,37.90892999994441,-122.05718457401727,22.85217
LAKEWOOD_1_N009,37.909008286572075,-122.05712728706959,22.85217
LAK_SM_LNODENE2,38.658077794318025,-121.13012359377534,12.45152
LAK_SM_LNODENE3,38.65799999994368,-121.13006607656462,12.45152
LAK_SM_LNODENE4,38.657922205653776,-121.13012359390028,12.45152
LAK_SM_LNODENE6,38.657922205653776,-121.13023862832172,12.45275
LAK_SM_LNODENE7,38.65799999994368,-121.13029614565738,12.45275
LAK_SM_LNODENE8,38.658077794318025,-121.13023862844666,12.45275
LAMONT_1_N001,35.296667999987505,-118.86162984910735,1.82178
LAMONT_1_N002,35.296667999987505,-118.86174015089266,1.82178
LAPHAM_LNODEQBZ,37.639494,-120.919982,12.3878
LAPHAM_LNODEXBC,37.63949399994495,-120.91986779708742,12.3878
LAPLMG1_7_N001,35.29516599994997,-119.59192469860037,1.74826
LAPLMG2_7_N001,35.2950123151544,-119.59200269352937,1.74826
LAPLMG3_7_N001,35.29502827228419,-119.59221488028864,1.74826
LAPLMG4_7_N001,35.29517901313358,-119.59232639423358,1.74826
LASPALMS_1_N001,36.8,-119.69,3.13524
LASPLGS_6_N001,33.31288499998846,-117.46694237728786,45.11247
LASPULGS_6_N001,33.31288499998846,-117.46704962271214,8.89489
LAURELES_6_N001,36.47781599998705,-121.7268922619553,32.80248
LAWRENCE_1_N001,37.397207,-122.010126,38.5067
LAWRENCE_1_N003,37.39720699994556,-122.01001226428907,38.5067
LAWRENCE_1_N004,37.39711664332103,-122.010126,38.5067
LAWRENCE_LNODEENCE,37.397297356679005,-122.010126,11.41727
LBEACH2G_7_N002,33.818691093192,-118.22254906136247,5.98676
LCIENEGA_6_N001,34.000751,-118.378408,6.05416
LEGRAND_1_N001,37.184412,-120.273463,4.8842
LEMOORE_6_N002,36.30998799998711,-119.79822042969916,1.92655
LEMOORE_6_N101,36.30998799998711,-119.79833157030085,1.92655
LEPRINO_1_N001,37.748396,-121.41576,13.14776
LERDO_1_N001,35.50010399998744,-119.15188082156193,1.83894
LERDO_1_N004,35.50010399998744,-119.15199117843807,1.83894
LILAC_6_N001,33.25325899998847,-117.08580343192692,9.07734
LILAC_6_N010,33.25325899998847,-117.08591056807307,9.07734
LIMESTNE_6_N001,38.63377399998596,-120.97960448884528,14.39808
LINCON_LNODECRZ,37.63940356621228,-120.91986779722644,12.38658
LINCON_LNODEFCN,37.639339619957,-120.91994855081084,12.38658
LINDEN_6_N101,38.016891,-121.095875,14.88341
LITEHIPE_6_N001,33.88040091918611,-118.17506849549716,5.96348
LITEHIPE_6_N008,33.88058108071875,-118.17528550473195,5.96348
LIVERMRE_6_N001,37.68013099998621,-121.78059286544908,26.57091
LIVERMRE_6_N003,37.68013099998621,-121.78070713455092,26.57091
LIVNGSTN_6_N001,37.363379203022006,-120.760425,5.04928
LLAGAS_1_N001,37.006958040367174,-121.557391,53.28616
LLAGAS_1_N003,37.00687697980194,-121.55733239433584,53.28616
LLAGAS_1_N005,37.00687697980194,-121.55744960566416,53.28616
LMEC1_1_N001,38.030625,-121.896783,22.89803
LMEC1_1_N101,38.03062499994427,-121.89666830800388,22.89803
LMEC1_1_N601,38.0305346591732,-121.89666830814532,22.89803
LMEC1_1_N801,38.03047077865233,-121.89674940756281,22.89803
LMECCT1_7_N001,38.0304867914731,-121.89697004046927,22.89803
LMECCT2_7_N001,38.03063805852326,-121.89708599331652,22.89803
LMECST1_7_N001,38.03081089924409,-121.89703337694175,22.89803
LMPC-CTY_1_N001,34.6,-120.39,-0.25824
LOCKHD1_1_N001,37.409054,-122.03213,36.17034
LOCKHD2_1_N001,37.416224,-122.030655,32.13945
LOGANCR_2_N001,39.53955399998549,-122.26277291112409,14.17622
LOGANCR_2_N010,39.53955399998549,-122.26288908887592,14.17622
LONESTAR_1_N001,37.511676999986356,-122.20756301431467,32.58602
LOSALTS_6_N004,37.3939352129738,-122.114735,46.90469
LOSALTS_6_N005,37.393853893498445,-122.11467590496156,46.90469
LOSALTS_6_N101,37.393853893498445,-122.11479409503845,46.90469
LOSCCHS_6_N001,32.85981772690813,-116.899263,8.23357
LOSCOCHS_6_N001,32.85973713653372,-116.89920760858072,4.52041
LOSCOCHS_6_N034,32.85973713653372,-116.89931839141927,4.52041
LOSGATS_6_N002,37.226423999986494,-121.97722832893687,46.77112
LOSGATS_6_N201,37.226423999986494,-121.97734167106313,46.77112
LOSOSTS_6_N001,36.293864,-121.20007,8.23725
LOVELAND_6_N001,32.796957,-116.792258,4.45424
LOWGAP_7_N001,40.4327289999849,-123.47220368717633,11.86668
LOYALTON_LNODETY,39.6680639999855,-120.24305624345052,12.70519
LOYOLA_6_N001,37.360660999986344,-122.09993417231678,46.81646
LOYOLA_6_N004,37.360660999986344,-122.10004782768323,46.81646
LPFLKBD_6_N001,40.90531287003298,-124.07263517372719,12.07501
LSGLLNS_1_N001,38.022339207228725,-122.537978,17.84217
LSGLLNS_1_N002,38.0222578963706,-122.53791840805536,17.84217
LSGLLNS_1_N003,38.0222578963706,-122.53803759194464,17.84217
LSPSTAS_2_N001,37.700982436898656,-121.73360569835381,24.66032
LSPSTAS_2_N002,37.70080156299109,-121.73360569863272,24.66032
LSPSTAS_2_N010,37.70080156299109,-121.7338343013673,24.66032
LSPSTAS_2_N011,37.700982436898656,-121.73383430164618,24.66032
LSTHLLS_6_N001,35.785755,-119.866138,0.91762
LUCERNE_1_N001,39.110189,-122.81298,-21.90822
LUCERNE_1_N004,39.11,-122.81,-21.90822
LUIS#3_1_N001,36.65,-120.73,2.12802
LUIS#5_1_N001,36.72,-120.75,2.12679
LVNGSTN_7_N002,37.36329789847426,-120.76036593987695,6.10727
LYOTH-SP_6_N001,37.721862,-121.390858,13.23781
LYTNVLLE_6_N001,39.684962,-123.476979,-39.07822
MABURY_1_N001,37.36089599998639,-121.86395517205479,40.59357
MABURY_6_N001,37.36089599998639,-121.86406882794522,48.72601
MADISON_1_N002,38.67073989103906,-121.969138,14.44828
MADISON_1_N201,38.67065905446531,-121.9690782228888,14.44828
MAGUNDEN_1_N002,35.36215899998747,-118.92373215922743,1.88918
MAINE-PR_6_N001,38.385820999985995,-121.77582145519017,14.47524
MALAGA_1_N001,36.69415479048744,-119.72474601890697,2.80419
MALAGA_1_N004,36.69397520940774,-119.72474601916853,2.80419
MALAGA_1_N005,36.69397520940774,-119.72496998083147,2.80419
MALAGA_1_N206,36.69415479048744,-119.72496998109303,2.80419
MANCHSTR_1_N001,36.78803392229639,-119.787488,3.29514
MANCHSTR_1_N002,36.787953038837564,-119.78742968988867,3.29514
MANCHSTR_1_N005,36.787953038837564,-119.78754631011132,3.29514
MANDLY1G_7_N002,34.207498198093205,-119.249016,5.88325
MANDLY2G_7_N002,34.20741690094034,-119.2489592448821,5.88325
MANDLY3G_7_N001,34.20741690094034,-119.2490727551179,5.88325
MANTECA_1_N001,37.80151542742815,-121.22356755493873,13.25987
MANTECA_1_N002,37.80133457246114,-121.22356755521895,13.25987
MANTECA_1_N012,37.80133457246114,-121.22379644478104,13.25987
MANTECA_1_N013,37.80151542742815,-121.22379644506127,13.25987
MANVILLE_1_N001,34.53,-120.43,-0.28275
MARGARTA_1_N001,33.55007578845692,-117.62798626281774,8.3066
MARGARTA_1_N002,33.54989621144975,-117.62798626304166,8.3066
MARGARTA_1_N008,33.54989621144975,-117.62820173695833,8.3066
MARGARTA_1_N009,33.55007578845692,-117.62820173718225,8.3066
MARICOPA_6_N001,35.107547,-119.398151,1.58036
MARIPOS2_6_N001,37.50445799998627,-120.00773602136582,5.7136
MARIPOS2_6_N003,37.50445799998627,-120.00784997863418,5.7136
MARPOS_LNODEKSA,37.63932432741219,-120.92006110878681,12.3878
MARPOS_LNODENOX,37.63935564925701,-120.92016824287315,12.3878
MARSHALL_LNODEDR1,37.43587720766,-121.132527674588,12.36819
MARSHALL_LNODEDR2,37.4358760484777,-121.13220043951,12.36819
MARSHALL_LNODEDR3,37.4358798082574,-121.132682875263,12.36819
MARSHALL_LNODEDR4,37.4358789493306,-121.132046059332,12.36819
MARSHALL_LNODEDR5,37.4358787251639,-121.131895544498,12.36819
MARSHALL_LNODER8C,37.435876146414,-121.132374308977,12.36819
MARTELL_6_N001,38.369191999986,-120.79669245138386,14.79764
MARTINEZ_1_N001,38.02,-122.16,22.52978
MCARTHR_6_N001,41.05270199998445,-121.40878106361407,11.31892
MCCALL_1_N026,36.61141783540495,-119.639697,2.62836
MCCALL_1_N030,36.61133708228342,-119.63963891745578,2.62836
MCC_LNODEMCC,38.63008971070796,-121.51320976638306,12.44172
MCDISLE_6_N001,37.93693288402067,-121.52832945017714,13.34171
MCFRLND_6_N001,35.688444,-119.276835,2.06687
MCKEE_1_N001,37.366407204044364,-121.843789,42.13293
MCKEE_1_N005,37.36632589796316,-121.84372993637959,42.13293
MCKEE_1_N101,37.36632589796316,-121.84384806362041,42.13293
MCMULLN1_2_N001,36.592775,-119.989065,2.89802
MCY_LNODE101,38.563116666666666,-121.464371944444,12.465
MCY_LNODE102,38.563116666610455,-121.4642569555954,12.465
MCY_LNODE103,38.56302675430868,-121.46425695573926,12.465
MCY_LNODE104,38.562963176761876,-121.46433826506194,12.465
MCY_LNODE105,38.562947972391605,-121.46445159764659,12.465
MCY_LNODE106,38.5629791136348,-121.46455946901716,12.465
MCY_LNODE107,38.56304468834792,-121.46463814131086,12.465
MCY_LNODE108,38.56312966325024,-121.46467572198618,12.465
MDLRIVR_6_N001,37.93693288402067,-121.52844854982285,13.06599
MDWYPS_6_N001,35.402824999987416,-119.45497183549746,1.71026
MECCTG1_7_N100,37.239909741275135,-121.77988662517618,56.34
MECCTG2_7_N100,37.2400902586168,-121.78011337509535,56.34123
MEDWLNE_1_N001,37.963141225082815,-122.052361,22.8632
MEDWLNE_1_N002,37.963059887443606,-122.05230143651556,22.8632
MEDWLNE_1_N006,37.963059887443606,-122.05242056348443,22.8632
MELROSE_6_N001,33.206560573300976,-117.25285494469412,9.0919
MELROSE_6_N004,33.20638142660739,-117.25285494491321,9.0919
MELROSE_6_N005,33.20638142660739,-117.25306905508678,9.0919
MELROSE_6_N009,33.206560573300976,-117.25306905530589,9.0919
MENLO_6_N001,37.4330313740754,-122.20260718789906,32.90392
MENLO_6_N002,37.43285062581547,-122.2026071881739,32.90392
MENLO_6_N003,37.43285062581547,-122.2028348118261,32.90392
MENLO_6_N004,37.4330313740754,-122.20283481210093,32.90392
MERCEDFL_7_N001,37.27292328168154,-120.48675154649395,5.397
MERCED_1_N001,37.27274271821013,-120.48697845323395,6.09379
MERCED_1_N002,37.27292328168154,-120.48697845350604,6.09502
MERIDIAN_6_N101,37.225299,-121.744182,3.22571
MESACAL_6_N001,34.037454,-118.109265,5.82746
MESAHGTS_6_N001,32.829628731503114,-117.157263,11.82687
MESAHGTS_6_N007,32.82954813423625,-117.15720762268285,11.82687
MESARIM_6_N001,32.90498753633711,-117.17294735480384,30.47977
MESARIM_6_N007,32.90480846357245,-117.1729473550195,30.47977
MESARIM_6_N008,32.90480846357245,-117.1731606449805,30.47977
MESARIM_6_N012,32.90498753633711,-117.17316064519616,30.47977
METCALF_1_N018,37.22435199998651,-121.74197733145253,53.36091
METTLER_6_N001,38.078067,-121.2867,14.87606
MEYERS_LNODE31,38.877195,-119.986125,11.97483
MEYERS_LNODE32,38.87719499994345,-119.98600982501117,11.97483
MEYERS_LNODE33,38.87710533707398,-119.986125,11.97483
MEYERS_LNODE34,38.87719499994345,-119.98624017498884,11.97483
MEYERS_LNODE35,38.87728466292607,-119.986125,11.97483
MI-WUK_1_N001,38.052745,-120.217268,-0.29783
MIDDLTWN_6_N002,38.7527889999859,-122.60852945612646,-40.61637
MIDDLTWN_6_N101,38.7527889999859,-122.60864454387354,-40.61637
MILLBRAE_1_N001,37.605189,-122.391045,32.38886
MILLBRAE_1_N004,37.60518899994505,-122.39093085578821,32.38886
MILLBRAE_1_N201,37.60518899994505,-122.3911591442118,32.38886
MILLBRAE_6_N001,37.6052794289691,-122.391045,32.58544
MILLER_1_N001,37.81,-121.1,12.96273
MILPITAS_1_N001,37.415395,-121.888564,36.08588
MILPITAS_1_N003,37.41539499994551,-121.8884502251851,36.08588
MILPITAS_1_N005,37.41530463419468,-121.888564,36.08588
MILPITAS_1_N006,37.41539499994551,-121.88867777481491,36.08588
MINNIER_LNODEJFF,37.71289,-120.93858,12.38658
MIRABEL_6_N001,38.489406,-122.894261,32.43327
MIRALOMA_6_N001,34.004371186293284,-117.56506721001799,5.86791
MIRAMAR_6_N001,32.89408253805123,-117.13552936589245,30.46261
MIRAMAR_6_N004,32.89390346185827,-117.135529366108,30.46261
MIRAMAR_6_N017,32.89390346185827,-117.135742633892,30.46261
MISSION_6_N001,32.784191999954906,-117.13741946348074,11.97214
MISSION_6_N031,32.78411443272647,-117.13747273178681,11.97214
MISSION_6_N040,32.78411443272647,-117.13757926821319,11.97214
MISSION_6_N049,32.784191999954906,-117.13763253651926,11.97214
MKT_SUB_LNODEONA,34.0434902173762,-118.24599112234871,11.5778
MKT_SUB_LNODEONB,34.04330978252786,-118.24599112258036,11.5778
MKT_SUB_LNODEONC,34.04330978252786,-118.24620887741963,11.5778
MKT_SUB_LNODEOND,34.0434902173762,-118.24620887765128,11.57902
MNDCTP_6_N001,39.251247,-123.196582,-39.10182
MOFTFLD_1_N002,37.41,-122.04,36.16299
MOLINO_6_N002,38.42527299998595,-122.83215753598292,32.54356
MOLINO_6_N101,38.42527299998595,-122.83227246401708,32.54356
MONOLITH_6_N029,34.92999999998754,-118.4199449189089,5.42801
MONOLITH_6_N101,34.92999999998754,-118.4200550810911,5.42801
MONROE_1_N001,38.45321800700051,-122.743668,27.51646
MONROE_1_N002,38.45313699648462,-122.74360827529611,27.52136
MONROE_1_N101,38.45313699648462,-122.74372772470389,27.52136
MONSRATE_6_N001,33.32908099998846,-117.23541536188321,9.01047
MONSRATE_6_N007,33.32908099998846,-117.23552263811678,9.01047
MONTAGUE_1_N001,37.40375521599691,-121.905675,38.16861
MONTAGUE_1_N006,37.403673891986756,-121.90561589392182,38.16861
MONTAGUE_1_N007,37.403673891986756,-121.90573410607819,38.16861
MONTCLLO_1_N008,38.48,-122.32,27.31308
MONTEREY_6_N001,36.599917,-121.890341,32.31844
MONTERO_6_N001,38.47145299998595,-123.01207452586034,32.69306
MONTERO_6_N004,38.47145299998595,-123.01218947413966,32.69306
MONTGMRY_6_N001,32.631633999988686,-117.09951777952129,11.52909
MONTGMRY_6_N002,32.631633999988686,-117.0996242204787,11.52909
MONTPELR_LNODEDR3,37.5513950204046,-120.771210942368,12.28119
MONTPELR_LNODEDR4,37.5513208784333,-120.77132554154,12.28119
MONTPELR_LNODEDR5,37.5513203022304,-120.771217224249,12.28119
MONTPELR_LNODEDR7,37.551320342333,-120.771557696814,12.27996
MONTPELR_LNODEDR8,37.5513195014288,-120.771445581179,12.27996
MOORPARK_6_N001,34.28245799998789,-118.90073231455499,5.74477
MORAGA_1_N001,37.848008,-122.160732,21.80622
MORGAN_1_N001,37.12745917114046,-121.65871690356438,1.68085
MORMON_6_N001,37.968746,-121.185898,14.87851
MOROHILL_6_N001,33.252187,-117.300305,9.0968
MORROBY_1_N001,35.373004,-120.855187,-0.36952
MOSSLD_1_N001,36.804150842399494,-121.78373687034716,32.0464
MOSSLND6_7_ND001,36.80399515757413,-121.78384912953872,34.70444
MOSSLND7_7_ND001,36.804150842399494,-121.78384912965284,34.70444
MPLECRK_6_N001,40.767881,-123.87365,12.16201
MREIS-Q_1_N001,38.12,-122.33,18.19019
MRGNHIL_1_N001,37.12727882875214,-121.65871690383386,53.37439
MRGNHIL_1_N004,37.12727882875214,-121.65894309616613,53.37439
MRGNHIL_1_N007,37.12745917114046,-121.65894309643562,53.37439
MRTSVAL_LNODE32,39.329538,-120.170031,12.677
MRYSVLLE_6_N001,39.13944599998575,-121.58327227419691,13.19051
MRYSVLLE_6_N003,39.13944599998575,-121.58338772580308,13.19051
MSHR60V_6_N001,38.02150699998609,-121.28089465794243,14.80739
MSHR60V_6_N006,38.02150699998609,-121.28100934205757,14.80739
MTEDEN_1_N001,37.63264525976642,-122.10124,30.30584
MTEDEN_1_N005,37.632563870101905,-122.10118066447778,30.30584
MTEDEN_1_N009,37.632563870101905,-122.10129933552223,30.30584
MTNHOUSE_LNODE1KV,37.79428,-121.55964,12.37677
MTNPASS_1_N001,35.508179,-115.53125,4.61255
MTNQUAR_6_N001,38.914515,-121.015694,14.68728
MTVIEW_1_N001,34.07927114678052,-117.240376,38.3623
MTVIEW_1_N004,34.079189926596804,-117.24031938460595,38.3623
MTVIEW_1_N005,34.079189926596804,-117.24043261539406,38.3623
MURRAY_6_N001,32.79087756459772,-117.0229334582287,16.70126
MURRAY_6_N004,32.790698435312095,-117.02293345844329,16.70126
MURRAY_6_N005,32.790698435312095,-117.02314654155671,16.70126
MURRAY_6_N015,32.79087756459772,-117.0231465417713,16.70126
MUSLSLGH_6_N001,36.264507,-119.907357,1.8812
NARROWS1_7_N001,33.13712344927391,-116.2943780565384,12.23526
NARROWS_6_N010,33.137302550634665,-116.29459194367982,5.93912
NATNLCTY_6_N001,32.67305199998863,-117.10726576866911,11.48763
NATNLCTY_6_N005,32.67305199998863,-117.10737223133088,11.48763
NAT_LNODENE1,38.65097779957077,-121.48672359559271,12.44417
NAT_LNODENE2,38.65089999994365,-121.48666608019934,12.44417
NAT_LNODENE3,38.650822200401045,-121.48672359571763,12.44417
NAT_LNODENE4,38.650822200401045,-121.48683862650437,12.44417
NAT_LNODENE5,38.65089999994365,-121.48689614202266,12.44417
NAT_LNODENE6,38.65097779957077,-121.4868386266293,12.44417
NAVSTMTR_6_N001,32.67041199998878,-117.11463876940559,11.49989
NAVSTMTR_6_N011,32.67041199998878,-117.11474523059441,11.49989
NAVY35R_1_N001,35.29,-119.45,1.74826
NBRANCH_6_N001,38.199837,-120.719506,14.72779
NCMETER_1_N001,33.089572,-117.203236,9.63196
NCPA1GY1_7_N001,38.329999999986036,-122.63005744213352,17.38522
NCPA1GY2_7_N001,38.33999999998601,-122.64005744453604,17.39257
NCPA2GY1_7_N001,38.34999999998599,-122.65005744690819,25.42512
NCPA2GY2_7_N001,38.329999999986036,-122.68005744213352,25.41655
NDUBLIN_2_N002,37.86,-121.88,29.78464
NEWARKD_1_N001,37.50049924095103,-121.987091,34.33671
NEWARKD_1_N012,37.500417879509776,-121.98703179018516,34.33671
NEWBURG_6_N001,40.59455299998477,-124.13512748525541,12.34705
NEWBURG_6_N003,40.59455299998477,-124.13524651474458,12.34705
NEWELL_LNODEWELL,41.888139999984205,-121.37832971620207,11.41972
NEWHALL_1_N001,36.86718099998678,-120.32825478878492,1.18292
NEWHALL_1_N002,36.86718099998678,-120.32836721121508,1.18292
NEWMAN_6_B2,37.31543099998646,-121.01505122358405,13.16492
NEWMAN_6_N001,37.31543099998646,-121.01516477641594,13.16492
NOISLMTR_6_N004,32.70244776093939,-117.182166,11.44128
NOISLMTR_6_N009,32.702367119518385,-117.18211067144682,11.44128
NORCO_1_N001,35.28535,-119.308893,1.71638
NORD1_1_N001,39.759998999985385,-121.90689363690683,12.55597
NORD1_1_N003,39.759998999985385,-121.90701036309318,12.55597
NORTECH_1_N001,37.46,-121.76,56.01
NORTHOAK_6_N003,35.96338313356797,-119.45673850749412,5.69943
NORTHOAK_6_N004,35.96338313356797,-119.45685349250587,5.69943
NORTHOAK_6_N005,37.36329789847426,-120.76048406012305,5.69943
NOVATO_6_N001,38.10860199998601,-122.56828762317217,17.80663
NOVATO_6_N002,38.10860199998601,-122.56840237682783,17.80663
NRTHTWR_1_N001,38.066061192073654,-122.195674,22.3639
NRTHTWR_1_N002,38.06597990394814,-122.1956143891305,22.3639
NRTHTWR_1_N004,38.06597990394814,-122.19573361086951,22.3639
NR_SUB_LNODEONA,34.22909034238915,-118.54339073176756,11.58637
NR_SUB_LNODEONB,34.228909657513995,-118.54339073200198,11.58637
NR_SUB_LNODEONC,34.228909657513995,-118.54360926799801,11.58637
NR_SUB_LNODEOND,34.22909034238915,-118.54360926823244,11.58637
NUMITAP_1_N003,37.5,-122.04,32.14681
NVYSCHL_6_N001,36.59909,-121.877082,32.30129
NWKDIST_2_N001,37.47999999998637,-121.97994304564625,30.18762
NWKDIST_2_N004,37.47999999998637,-121.98005695435374,30.18762
NWKDIST_2_N017,37.96361862509118,-121.29067763049022,30.18762
OAKC12_7_N002,37.79751331310943,-122.28096478011268,22.05802
OAKDAL_LNODEMTS,37.66746999998627,-120.95814287556452,12.38658
OAKDAL_LNODENDN,37.66746999998627,-120.95825712443548,12.38658
OAKHURST_1_N001,37.32379499998641,-119.63394921398016,3.71961
OAKHURST_1_N002,37.32379499998641,-119.63406278601984,3.71961
OAKLAND_1_N001,37.79743499994459,-122.28090756034669,22.04576
OAKLAND_1_N006,37.797356686862834,-122.280964780234,22.04576
OAKLAND_1_N033,37.797356686862834,-122.28107921976599,22.04576
OCEANO_1_N001,35.10177099998753,-120.58099587832989,-0.09623
OCEANO_1_N004,35.10177099998753,-120.5811061216701,-0.09623
OCEANSDE_6_N001,33.19681799998853,-117.381743480479,9.26591
OCEANSDE_6_N002,33.19681799998853,-117.381850519521,9.26591
OIGLASS_1_N001,37.75,-121.31,13.10855
OILDALE_1_N001,35.42,-118.98,1.86467
OILFLDS_6_N001,35.95646873409211,-120.85121,8.00932
OILFLDS_6_N007,35.95638813294024,-120.8511525112428,8.00932
OLDRIVR_6_N001,35.208404,-119.100252,1.74581
OLDTOWN_6_N001,32.766092,-117.192529,11.15706
OLEMA_6_N001,38.042497,-122.786541,18.60806
OLETA_6_N001,38.48064499998599,-120.84462852385393,14.79764
OLETA_6_N003,38.48064499998599,-120.84474347614606,14.79764
OLINDA_6_N001,33.94616008273055,-117.922244,5.89118
OLIVHRST_1_N001,39.0918869999858,-121.54288430472884,13.18251
OLIVHRST_1_N002,39.0918869999858,-121.54299969527116,13.18251
OLY_SUB_LNODEONA,34.03409021003063,-118.45989114327803,11.58147
OLY_SUB_LNODEONB,34.03390978987338,-118.45989114350952,11.58147
OLY_SUB_LNODEONC,34.03390978987338,-118.46010885649046,11.58147
OLY_SUB_LNODEOND,34.03409021003063,-118.46010885672197,11.58147
OMAR_2_N001,35.475983864148716,-118.98698399999999,5.50458
OMWD_6_N001,33.068479,-117.141404,9.17905
ONEILPMP_7_LN001,37.098611,-121.0475,6.11057
OREGNTRL_1_N001,40.61902099998471,-122.32226045686366,11.66817
OREGNTRL_6_N001,40.61902099998471,-122.32237954313634,11.689
OREGON_LNODENK1,37.63168999998624,-120.9742429051075,12.38903
OREGON_LNODENK2,37.63168999998624,-120.9743570948925,12.38903
ORICK_6_N001,41.294542,-124.056522,12.11912
ORLANDB_6_N001,39.725068,-122.178873,14.10023
OROLOMA_6_N001,36.886866,-120.655928,3.71536
OROSI_6_N006,36.544759,-119.251776,2.92183
OROVILLE_6_N001,39.50524442035656,-121.5593758990519,12.79907
OROVILLE_6_N005,39.50524442035656,-121.5596081009481,12.79907
OROVILLE_6_N102,39.50542357952801,-121.55960810124742,12.79907
ORV_LNODENE1,38.68455,-121.267326944444,12.4454
ORV_LNODENE2,38.68454999994364,-121.26721189591703,12.4454
ORV_LNODENE3,38.68446019318104,-121.26721189606141,12.4454
ORV_LNODENE4,38.68439669026182,-121.26729324758281,12.4454
ORV_LNODENE5,38.68438150373832,-121.26740663898543,12.44662
ORV_LNODENE6,38.6844126084275,-121.26751456633991,12.44662
ORV_LNODENE7,38.6844781061685,-121.26759327946426,12.44662
ORV_LNODENE8,38.68456298132683,-121.2676308796447,12.44662
OTAY_6_N001,32.595376662064226,-117.05752057560969,11.60663
OTAY_6_N014,32.59519733784581,-117.05752057582266,11.60663
OTTER_6_N001,36.47781599998705,-121.7270037380447,32.8613
OVES_SUB_LNODEBKB,37.43792099998635,-118.55704491120122,10.57908
OVES_SUB_LNODEBKC,36.443,-118.0438,10.97366
OVES_SUB_LNODEBKD,37.342,-118.441,10.5852
OXFORD_1_N001,36.7,-120.68,2.12312
P0504GT1_7_CN1,37.96379937479765,-121.2906776307724,1.97017
PACFCBCH_6_N001,32.799218999988646,-117.24014772581532,10.98891
PACFCBCH_6_N004,32.799218999988646,-117.24025427418468,10.98891
PACIFICA_6_N001,37.59458399998625,-122.48892793722666,32.90089
PACIFICA_6_N003,37.59458399998625,-122.48904206277334,32.90089
PADUA_6_N001,34.120216,-117.639076,5.87649
PALMR_1_N001,34.825223,-120.298953,-0.25702
PALOMAR_1_N001,33.12281772819047,-117.287925,9.64298
PALOMAR_1_N004,33.1227371358924,-117.28786944194597,9.64298
PALOMAR_1_N013,33.1227371358924,-117.28798055805403,9.64298
PANAMA_6_N001,35.29556801570901,-119.021525,1.86467
PANAMA_LNODECOUERCRK1,35.29548699213203,-119.02146768568419,11.92582
PANAMA_LNODECOUERCRK2,35.29548699213203,-119.02158231431581,11.92582
PANRAMA_1_N001,40.434409,-122.2679,11.56646
PARADISE_1_N001,39.7615578392488,-121.618634,12.56087
PARADISE_LNODEDISE,39.76147708035982,-121.61857334522642,11.41849
PARADISX_6_N001,39.76147708035982,-121.61869465477358,12.62795
PARADS_LNODEFEG,37.69056,-121.02061,12.38903
PARADS_LNODEKHB,37.690559999944874,-121.02049571450051,12.38903
PARKWAY_2_N001,38.17,-122.25,17.05087
PAR_LNODEAPM,37.668079999986205,-120.9174128750731,12.38658
PAR_LNODEFVM,37.668079999986205,-120.9175271249269,12.38658
PAULSWT_1_N001,36.99234705413821,-121.98202825128297,32.66033
PAULSWT_1_N004,36.9921669457552,-121.98202825154998,32.66033
PAULSWT_1_N101,36.99234705413821,-121.98225374871703,32.66033
PEABODY_2_N002,38.28558699998594,-121.97025256896055,15.66376
PEABODY_2_N006,38.28558699998594,-121.97036743103946,15.66376
PEACHTON_6_N001,39.3784769999856,-121.68494608007006,12.94799
PEACHTON_6_N004,39.3784769999856,-121.68506191992994,12.94799
PEARBMAP_7_B1,34.508883999950896,-117.91829825412502,5.60016
PEARBMAP_7_B3,34.50879356514072,-117.9182982542441,5.60016
PEARBMAP_7_B4,34.50872961811796,-117.91837585623696,5.60016
PEARBMBP_7_B1,34.50871432539329,-117.91848402139897,5.60016
PEARBMBP_7_B3,34.50874564762435,-117.91858697434263,5.60016
PEARBMBP_7_B4,34.5088116034329,-117.91866205952238,5.60016
PEARBMCP_7_B1,34.50889707216307,-117.91869792664747,5.60139
PEARBMCP_7_B3,34.50898737191128,-117.91869193094361,5.60139
PEARBMDP_7_B1,34.50907009278566,-117.91864757930026,5.60016
PEASE_1_N001,39.17010299998576,-121.66113925312504,13.06369
PEASE_1_N009,39.17010299998576,-121.66125474687495,13.06369
PENDLETN_6_N001,33.30925299998849,-117.3349783807102,9.08243
PENDLETN_6_N004,33.30925299998849,-117.3350856192898,9.08243
PENNGRVE_1_N001,38.315547,-122.681119,25.00634
PENRYN_6_N001,38.8444299999859,-121.16613942513398,14.64807
PENRYN_6_N004,38.8444299999859,-121.16625457486602,14.64807
PERMNNTE_6_N002,34.355793,-116.855947,46.72701
PERRY_6_N008,35.570805,-121.055868,-0.3367
PETLMAA_6_N001,38.234002,-122.636285,17.51511
PETLMAC_6_N002,38.2390641182539,-122.636804,17.67319
PETLMAC_6_N003,38.23898294085798,-122.63674432895719,17.67319
PETLMAC_6_N004,38.23898294085798,-122.6368636710428,17.67319
PGG_LNODESS1,38.531716666610464,-121.39934830807131,12.46623
PGG_LNODESS2,38.531794557439916,-121.39929082076439,12.46623
PHILLIPS_1_N001,37.34,-122.03,39.05469
PHILO_6_N001,39.063719,-123.437524,-45.71581
PICO_1_N001,33.45676299998844,-117.58919323286267,8.287
PICO_1_N004,33.45676299998844,-117.58930076713733,8.287
PIERCY_1_N201,37.28,-121.83,49.68591
PIKECTY_6_N001,39.438734,-120.997847,12.63597
PIONEER_LNODEBUS,37.39756017328021,-120.7270641608972,12.26403
PIONEER_LNODEDR1,37.39756017322573,-120.72695042442128,12.27139
PIONEER_LNODEDR2,37.3974698163648,-120.7269504245584,12.27139
PIONEER_LNODEDR3,37.3974059244655,-120.72703084832322,12.27139
PIONEER_LNODEDR4,37.39739064492007,-120.72714294658331,12.27139
PIONEER_LNODEDR5,37.39742194014138,-120.72724964310564,12.27261
PIONEER_LNODEDR6,37.397487839085414,-120.72732745855615,12.27261
PIONEER_LNODEDR7,37.39757323413797,-120.72736462991926,12.27139
PIONEER_LNODEDR8,37.397663456054794,-120.72735841623376,12.27139
PIONEER_LNODEDR9,37.39774610563929,-120.72731245188831,12.27139
PIONEER_LNODER15,37.397811856418734,-120.72723443776906,12.27261
PIT1_6_N001,38.030670659249246,-121.86908630802888,11.32627
PIT3_7_N001,38.030606778782065,-121.8691674075287,11.02278
PIT5_7_B1,38.030591501969816,-121.86928044765509,11.05709
PITSBURG_1_N001,38.03101263810665,-121.86937270758541,22.90416
PITTSBRG_6_N101,38.031055408073875,-121.8692716827705,16.74097
PLACERVL_1_N001,38.73027886166341,-120.788047,14.4422
PLACER_1_N001,38.901310999985846,-121.08802340262966,14.61008
PLACER_7_N009,38.901310999985846,-121.08813859737035,14.58312
PLAINFLD_6_N001,38.61887,-121.793976,14.80978
PLANETRN_LNODEANET,34.16127269818337,-114.38177086876138,11.39031
PLOALTO_1_N001,33.356029648193925,-117.1119886715524,32.91798
PLOALTO_1_N007,33.35585035171371,-117.11198867177347,32.91798
PLOALTO_1_N013,33.35585035171371,-117.11220332822651,32.91798
PLUMAS_6_N001,39.026121,-121.54308,13.20212
PNEDLE_1_N001,36.829999999986725,-119.82994383698444,3.71934
PNEDLE_1_N002,36.829999999986725,-119.83005616301556,3.72179
PNEGRVE_6_N001,38.41271199998601,-120.6602245387678,14.66162
PNEGRVE_6_N002,38.41271199998601,-120.6603394612322,14.66162
PNTARNA_6_N001,38.912571,-123.679495,-43.82944
POC_LNODENE2,38.490383333333334,-121.470263055556,12.48706
POC_LNODENE3,38.49038333327713,-121.4701480990094,12.48706
POC_LNODENE4,38.490293355392375,-121.470263055556,12.48706
POC_LNODENE7,38.49038333327713,-121.47037801210259,12.48829
POC_LNODENE8,38.49047331127424,-121.470263055556,12.48829
POINTLMA_6_N013,32.74152175021991,-117.233364,11.21343
POINTLMA_6_N014,32.74144112487782,-117.23330865823404,11.21343
POLPASPP_6_N002,38.57552299994369,-121.49770299452835,0.97276
POMERADO_6_N001,32.941482719314884,-117.032882,9.11845
POMERADO_6_N004,32.9414021403303,-117.03282656531631,9.11845
POMERADO_6_N008,32.9414021403303,-117.03293743468369,9.11845
PORTOLA_LNODE31,39.803943999985336,-120.46453157749829,12.70519
PORTOLA_LNODE32,39.803943999985336,-120.46464842250171,12.70519
POSOMT_1_N001,35.559194,-118.957501,1.90511
POST_1_N001,39.11,-121.64,14.67137
POTRERO_1_N001,37.46005423161257,-122.4,33.28262
POTRERO_1_N013,37.45997288417899,-122.39994083241324,33.28262
POTRERO_1_N016,37.45997288417899,-122.40005916758676,33.28262
POUST_LNODEIGQ,37.69046956305469,-121.02049571463989,12.38903
POUST_LNODELD2,37.6904056145667,-121.02057652662188,12.38903
POWAY_6_N001,32.978722999988655,-117.03130363648788,9.13159
POWAY_6_N010,32.978722999988655,-117.03141036351212,9.13159
PP1_LNODEOAD,34.59026131985074,-118.4546210726575,11.57657
PP1_PP2_LNODELMW,34.59026131985074,-118.4547309273425,11.57657
PP2_LNODEAUX,34.53433699995089,-118.52522278142764,11.57657
PP2_LNODEOAD,34.534427436468654,-118.525113,11.57657
PPSTLTAP_1_N001,38.01999999998606,-122.36994265860079,22.27264
PPSTLTAP_1_N104,38.01999999998606,-122.3700573413992,22.27264
PRAXAIR_1_B1,37.99999999998611,-121.80994266753221,22.93479
PRCTRVLY_1_N001,32.665044,-116.986801,11.68845
PRSCOT_LNODEAEJ,37.6903903214879,-121.02068916599474,12.38535
PRSCOT_LNODETKD,37.69042164442615,-121.02079637755577,12.38535
PRUNEDLE_1_N001,36.785518920972784,-121.671051,32.191
PRUNEDLE_1_N002,36.785438039499425,-121.67099269323379,32.191
PSARBLS_6_N001,35.61564884893555,-120.67989,-0.75708
PSARBLS_6_N005,35.61556807551859,-120.67983263488163,-0.75708
PSARBLS_6_N007,35.61556807551859,-120.67994736511837,-0.75708
PTMRTTI_6_N001,37.030856,-122.187639,47.12649
PTR_PP_LNODEROM,35.24801901925079,-118.1756473615291,11.47976
PUEBLOPG_1_N001,38.345348999986,-122.29956355419145,24.77367
PUEBLOPG_1_N010,38.345348999986,-122.29967844580855,24.77367
PURISIMA_1_N001,34.700622,-120.435261,-0.27785
QUEBEC_1_N001,36.07,-119.56,1.4811
RADUM_6_N001,37.67264599998626,-121.85946487140774,26.37072
RADUM_6_N004,37.67264599998626,-121.85957912859226,26.37072
RAINBOW_1_N001,36.709983,-119.538157,2.86114
RANCHRS_1_N001,36.700797999986875,-119.75437400116115,2.80909
RANDSBRG_1_N001,35.375699,-117.655868,8.66972
RAWSON_6_N001,40.145295999985066,-122.21242808907787,11.92551
RAWSON_6_N002,40.145295999985066,-122.21254591092213,11.92551
RCARMEL_6_N001,32.99378371822819,-117.077745,9.13738
RCARMEL_6_N004,32.9937031408736,-117.07768953360795,9.13738
RCARMEL_6_N011,32.9937031408736,-117.07780046639205,9.13738
RECTOR_6_N001,36.29851,-119.242336,5.28645
REDBLFF_6_N001,40.1825869024183,-122.244610070096,11.78091
REDBLFF_6_N004,40.1825869024183,-122.24484592990399,11.78091
REDBLFF_6_N005,40.18276709746204,-122.24484593021722,11.78091
REDBUD_1_N001,39.02788699998577,-122.66224734180834,-32.81297
REDBUD_1_N004,39.02788699998577,-122.66236265819167,-32.81297
REDWOOD_6_N001,37.490252,-122.213021,32.90831
REDWOOD_6_N002,37.49025199994532,-122.2129070707913,32.90831
REDWOOD_6_N005,37.49016160208324,-122.213021,32.90831
REDWOOD_6_N006,37.49025199994532,-122.21313492920869,32.90831
REDWOOD_6_N007,37.49034239791678,-122.213021,32.90831
REEDLEY_1_N001,36.605116999986976,-119.3758071174397,2.82992
REEDLEY_6_N001,36.605116999986976,-119.3759188825603,2.83727
REINWY_LNODEGME,37.63942160426353,-120.92024637744797,12.38535
REINWY_LNODEQAC,37.6395070719657,-120.92028370125492,12.38535
RENFRO_1_N001,35.409999999987434,-119.16994483454441,1.69923
RENFRO_1_N010,35.409999999987434,-119.1700551654556,1.7078
RESERVR_LNODEFFW,37.651919999986276,-120.67483288823061,12.38412
RESERVR_LNODEPMW,37.651919999986276,-120.67494711176938,12.38412
RICE_6_N002,39.402805999985674,-122.01287205646442,14.16273
RICE_6_N101,39.402805999985674,-122.01298794353558,14.16273
RICHMOND_1_B1,37.92597623462323,-122.369629,22.28489
RICHMOND_1_N001,37.92589488267337,-122.36956945615904,22.28612
RINCON_1_N001,33.285967608914305,-116.9585228047856,27.4184
RINCON_1_N003,33.28578839099371,-116.95852280500573,27.4184
RINCON_6_N001,33.28578839099371,-116.95873719499427,8.32324
RINCON_6_N008,33.285967608914305,-116.9587371952144,8.32324
RIN_SUB_LNODEONA,34.28105422156671,-118.479,11.59128
RIN_SUB_LNODEONB,34.28097288920359,-118.47894317065887,11.59005
RIN_SUB_LNODEONC,34.28097288920359,-118.47905682934115,11.59128
RIOBRVO_1_N001,35.44252289360183,-119.26010566010629,1.72006
RIOBRVO_1_N006,35.44234310629778,-119.26010566035274,1.72006
RIOBRVTM_1_N001,35.44252289360183,-119.26032633989371,1.70045
RIODELL_6_N001,40.495382,-124.099276,12.30539
RIOHONDO_6_N001,34.10610615849042,-117.97947,5.75335
RIOHONDO_LNODEONDO,34.1060249207417,-117.97952664559254,11.41727
RIPON_1_N001,37.72,-121.13,13.26413
RIVERROC_6_N001,36.902618,-119.771768,3.14485
RIVRBANK_1_N001,37.76895425952452,-120.908163,14.79527
RIVRSIDE_6_N001,34.021990939807104,-117.33196554960466,5.89242
ROADWAY_1_N001,34.590373,-117.431752,8.85379
ROBROY_1_N001,36.979885,-121.867457,32.5574
ROCKET_1_N001,34.933939,-117.692217,6.80025
ROCKLIN_6_N001,38.788043999985874,-121.23171544490323,14.35763
ROCKLIN_6_N003,38.788043999985874,-121.23183055509676,14.35763
ROEDING_LNODEDR1,37.587341764588,-120.935901626126,12.24565
ROEDING_LNODEDR2,37.5872777703549,-120.935976143427,12.24198
ROEDING_LNODEDR3,37.5871231822836,-120.935612409,12.24198
ROEDING_LNODEDR5,37.5870085148256,-120.935981028585,12.24565
ROEDING_LNODEDR6,37.5871259671814,-120.935792411292,12.24565
ROEDING_LNODEDR7,37.5871257817397,-120.935692486018,12.24198
ROGERS_LNODEDR1,37.4749114287345,-121.178218328626,12.37677
ROGERS_LNODEDR2,37.4751811958932,-121.178206809282,12.37677
ROGERS_LNODEDR3,37.4750639771164,-121.17821700138,12.37677
ROGERS_LNODEDR5,37.4748414013345,-121.178225065561,12.37677
ROGERS_LNODEDR7,37.4749721097043,-121.178220428168,12.37677
ROGH-RDY_6_N001,37.95526599998612,-121.33253531114549,15.00718
ROSECYN_6_N001,32.84459772910598,-117.236988,10.62178
ROSECYN_6_N017,32.84451713543481,-117.23693261581597,10.62178
ROSEDAL_1_N001,35.37703397144563,-119.077971,1.81198
ROSELE_LNODEHMV,37.68013999998623,-120.94014286544196,12.38658
ROSELE_LNODERLV,37.68013999998623,-120.94025713455804,12.38658
ROSEMR_LNODEAEI,37.64253,-121.0423,12.39025
ROSE_6_N001,32.84451713543481,-117.23704338418403,1.70169
ROSSMOOR_2_N001,37.86470199998613,-122.08030973806707,18.41405
ROSSMOOR_2_N101,37.86470199998613,-122.08042426193292,18.41405
RSM_SUB_LNODEONB,34.244054210355124,-118.392,11.5876
RSM_SUB_LNODEONC,34.24397289480934,-118.39194320739797,11.58637
RSM_SUB_LNODEOND,34.24397289480934,-118.39205679260202,11.5876
RSNTAFE_6_N009,33.014261,-117.198557,9.46572
RSVTNRD_6_N001,36.624374,-121.68835,32.64318
RTRACK_1_N001,37.979737,-120.414515,13.87853
RUSSRCH_6_N001,40.819848,-123.826638,12.24534
RVRBANK_1_N001,37.76887287022286,-120.90810355553742,14.50598
RVRBANK_1_N005,37.76887287022286,-120.90822244446258,14.50598
SAFEWAY_1_N001,37.71,-121.4,13.08037
SALINAS_1_N001,36.683239999986945,-121.65120502290527,32.34418
SALINAS_1_N024,36.683239999986945,-121.65131697709472,32.34418
SANARDO_6_N001,36.073766,-120.936804,8.09878
SANCRLS_6_N001,37.49972924078839,-122.243974,32.77725
SANCRLS_6_N002,37.499647879591045,-122.24391479097326,32.77725
SANCRLS_6_N004,37.499647879591045,-122.24403320902674,32.77725
SANDCRK_6_N001,36.64502999998689,-119.15920293037858,2.9157
SANGER_1_N001,36.70707499998684,-119.6108700066517,2.8354
SANJOQN_6_N001,36.62101099998692,-120.17805409852517,2.0293
SANJOQN_6_N006,36.62101099998692,-120.17816590147483,2.0293
SANLUSRY_6_N013,36.77962699998679,-120.72995490173179,9.05268
SANLUSRY_6_N014,36.77962699998679,-120.73006709826822,9.05268
SANLUSRY_6_N101,33.211532999988535,-117.33442746812834,9.05268
SANLUSRY_6_N201,33.211532999988535,-117.33453453187165,9.05268
SANMATEO_1_N001,37.58333525489619,-122.319035,8.29557
SANMATEO_1_N001A,37.58325387253711,-122.31897570912398,31.71
SANMATEO_1_N009,33.409472,-117.590641,8.29557
SANMATO_6_N001,37.58325387253711,-122.31909429087602,31.7743
SANMIGL_6_N001,35.75192,-120.684163,-0.72277
SANMRCOS_6_N001,33.12885155124498,-117.19722253462301,9.14494
SANMRCOS_6_N007,33.12877399995433,-117.19716906934049,9.14494
SANMRCOS_6_N011,33.12869644873215,-117.19722253471747,9.14494
SANPBLO_1_N001,37.984803,-122.336618,22.28244
SANRAFL_1_N001,37.970858222937125,-122.527065,17.86178
SANRAFL_1_N006,37.97077688851645,-122.52700543261207,17.86178
SANRAFL_1_N007,37.97077688851645,-122.52712456738792,17.86178
SANRAMON_2_N001,37.745125434987564,-121.93600563263105,22.26399
SANRAMON_2_N004,37.74494456490202,-121.93600563291054,22.26399
SANRAMON_2_N023,37.74494456490202,-121.93623436708945,22.26399
SANRAMON_2_N024,37.745125434987564,-121.93623436736895,22.26399
SANTAFE_LNODEPLNT,38.77997308074166,-122.67005981025191,11.40991
SANTARO_1_N001,33.78461699446498,-116.41025972078828,4.77827
SANTARO_1_N014,33.78443700544048,-116.41025972101585,4.77827
SANTARO_1_N017,33.78443700544048,-116.41047627898415,4.77827
SANTARO_1_N021,33.78461699446498,-116.41047627921172,4.77827
SANTEE_1_N001,32.85452999998873,-116.96829070198787,8.08077
SANTEE_1_N004,32.85452999998873,-116.96839729801214,8.08077
SANYSDRO_6_N001,32.562237999988916,-117.02641779453799,11.68996
SANYSDRO_6_N004,32.562237999988916,-117.02652420546201,11.68996
SARATOGA_2_N001,37.28099617234283,-122.014883,52.21214
SARATOGA_2_N006,37.28091491381397,-122.0148240379766,52.21214
SARATOGA_2_N011,37.28091491381397,-122.0149419620234,52.21214
SAUGUS_6_N001,34.4222099999511,-118.5721663854507,5.69331
SAUSALTO_6_N001,37.86340599998612,-122.49836873883264,18.36297
SAUSALTO_6_N002,37.86340599998612,-122.49848326116737,18.36297
SCA_GS_LNODE1AUX,33.91807886040714,-118.42789938920775,11.58147
SCA_GS_LNODE2AUX,33.91816402577284,-118.42793487934084,11.58147
SCA_GS_LNODE4AUX,33.91825400500674,-118.42792894664778,11.58147
SCA_GS_LNODE5AUX,33.91833643226557,-118.42788506116258,11.58147
SCA_GS_LNODE6AUX,33.91840200617013,-118.42781057548723,11.58147
SCA_GS_LNODE7AUX,33.91844466871178,-118.42771492357166,11.58147
SCA_LA_LNODE3SS,33.91846141326686,-118.42760822199088,11.58147
SCA_SUB_LNODEONA,33.918451884282646,-118.42750023805854,11.58025
SCA_SUB_LNODEONB,33.91841787609632,-118.42739967533626,11.58147
SCHINDLR_1_N005,36.402237,-120.138272,1.67851
SCHMLBCH_1_N001,38.3,-121.87,14.62964
SCLARA_6_N001,34.3007956214976,-119.18563240503143,5.88325
SCRIPPS_6_N001,32.91119872129761,-117.112589,30.21338
SCRIPPS_6_N008,32.91111813933897,-117.11253358224198,30.21338
SCRIPPS_6_N013,32.91111813933897,-117.112644417758,30.21338
SCWAX_1_N001,36.700797999986875,-119.75448599883885,2.80786
SCY_LNODE102,38.508556628165735,-121.46418309094265,12.4699
SCY_LNODE103,38.50837670505527,-121.4641830912299,12.4699
SCY_LNODE105,38.50837670505527,-121.4644130198821,12.4699
SCY_LNODE106,38.508556628165735,-121.46441302016935,12.4699
SEARLES_7_N001,35.75666699998737,-117.38050076336167,-147.71234
SEMITRPC_1_N001,35.600398,-119.437498,1.63183
SERRMNTE_1_N011,37.69171986891291,-122.4557633854276,33.28204
SFIA-MA_1_N001,37.63904926020716,-122.385896,32.55545
SFIA_1_N001,37.63896786988162,-122.38583665888167,32.51624
SFIA_1_N007,37.63896786988162,-122.38595534111833,32.51624
SHADOWR_1_N001,33.141540731105856,-117.238793,9.63931
SHADOWR_1_N006,33.141460134434745,-117.23873742707973,9.63931
SHADOWR_1_N008,33.141460134434745,-117.23884857292028,9.63931
SHADYGLN_6_N001,39.115058,-120.95331,14.84414
SHAFTER_7_N022,39.77608299994151,-122.10394676937125,1.7078
SHARON_1_N001,37.097275,-120.156454,4.68222
SHAWROAD_1_N001,37.55,-122.42,32.40414
SHLLCHM_6_N001,38.031607,-121.945728,16.74097
SHNGLESR_1_N001,38.65969989665331,-120.946938,14.4373
SHNGLESR_1_N004,38.659619051658225,-120.94687822587784,14.4373
SHNGLESR_1_N103,38.659619051658225,-120.94699777412217,14.4373
SHREDDER_1_N001,37.511676999986356,-122.20767698568532,32.58602
SIERABRK_LNODE19,39.646142,-120.217943,12.70641
SILVERDO_1_N001,38.49950299998593,-122.45908751973128,27.28735
SILVERDO_1_N002,38.49950299998593,-122.45920248026871,27.28735
SISK_LNODEKZH,37.69048760173528,-121.02087456863451,12.38535
SISK_LNODEYUP,37.69057307242136,-121.0209119194331,12.38535
SISQUOC_1_N001,34.87826099998756,-120.33120693531723,-0.28275
SISQUOC_1_N020,34.87826099998756,-120.33131706468278,-0.28275
SLMNCRK_6_N001,38.343592,-123.044809,32.77517
SMRTVLTP_6_N101,39.207939,-121.301476,12.5073
SMTRPCWS_1_N001,35.59,-119.44,1.6306
SNANDRES_6_N001,37.603294,-122.420424,32.68038
SNBRNRD_6_N001,35.092421,-118.878241,1.63429
SNJOSEB_1_N001,37.34102432531631,-121.9009493888098,45.35801
SNJOSEB_1_N005,37.34084367457506,-121.9009493890831,45.35801
SNJOSEB_1_N009,37.34084367457506,-121.9011766109169,45.35801
SNJOSEB_1_N013,37.34102432531631,-121.9011766111902,45.35801
SNJSEA_1_N001,37.328246190599145,-121.902531,46.19294
SNJSEA_1_N005,37.32816490468582,-121.90247198103432,46.19294
SNJSEA_1_N101,37.32816490468582,-121.90259001896567,46.19294
SNLNDRO_1_N001,37.711237436769906,-122.14880668270004,22.18365
SNLNDRO_1_N014,37.71105656311971,-122.14880668297907,22.18365
SNLNDRO_1_N017,37.71105656311971,-122.14903531702092,22.18365
SNLNDRO_1_N027,37.711237436769906,-122.14903531729996,22.18365
SNROSA_LNODEMEA,37.5099999999863,-121.22994301594794,12.38903
SNROSA_LNODEYWX,37.5099999999863,-121.23005698405206,12.38903
SNTAMRA_1_N001,33.12877399995433,-117.19738293065951,-0.28765
SNTAMRA_1_N005,33.12885155124498,-117.19732946537698,-0.28765
SNTANLA_6_N001,37.085979,-121.013273,5.02477
SNTARSA_1_N001,38.43691201584367,-122.71331,27.25806
SNTARSA_1_N002,38.43683099206306,-122.71325027901105,27.25806
SNTARSA_1_N006,38.43683099206306,-122.71336972098895,27.25806
SNTARTA_6_N001,37.055061,-120.634086,3.70679
SNTAYNZ_1_N001,34.625273999987726,-120.11813905143147,-0.22883
SNTAYNZ_1_N002,34.625273999987726,-120.11824894856854,-0.22883
SNTHLNE_6_N001,37.6223639999863,-122.44717791303894,32.8531
SNTHLNE_6_N002,37.6223639999863,-122.44729208696106,32.8531
SOBRANTE_1_N001,37.90594,-122.208144,22.1697
SOLEDAD_6_N001,36.429513,-121.331901,32.4949
SONOFRE_2_N067,33.369728,-117.55433,8.15854
SOUTHBAS_1_N001,34.881503,-117.892023,7.41664
SOUTHBY_6_N001,38.575612901218726,-121.497588,14.44462
SOUTH_LNODE108,40.39538221,-121.8791458,11.32904
SOUTH_LNODE204,40.39538220993951,-121.87902727370097,11.33516
SOUTH_LNODEC542,40.39529194143137,-121.87902727385986,11.33516
SOUTH_LNODEC544,40.39522811201244,-121.87911108453021,11.33516
SOUTH_LNODEC546,40.39521284740522,-121.87922790359386,11.33516
SOUTH_LNODEC547,40.39524411201219,-121.8793390934442,11.33516
SOUTH_LNODEC548,40.39530994650243,-121.87942018597366,11.33516
SOUTH_LNODEC549,40.395395258043976,-121.87945892278287,11.33516
SOUTH_LNODEC550,40.3954853917418,-121.8794524474595,11.33516
SOUTH_LNODEC552,40.39556796052161,-121.87940454742642,11.33516
SPANSHCK_6_N001,40.026139,-120.961748,12.52411
SPENCE_6_N001,36.613591,-121.566779,32.74366
SPICAMIN_1_N001,38.73992576174639,-120.67723108004192,14.39195
SPRINGVL_6_N001,36.10586253074472,-118.93516918490357,5.37223
SPRNGVLY_6_N001,32.73903399998875,-117.00264674817954,12.53642
SPRNGVLY_6_N010,32.73903399998875,-117.00275325182045,12.53642
SQAWVLY_LNODE01,39.20568653401713,-120.20123845453338,12.68435
SQAWVLY_LNODE81,39.20550746586879,-120.20123845482796,12.68435
SQAWVLY_LNODE82,39.20550746586879,-120.20146954517205,12.68435
SQAWVLY_LNODE83,39.20568653401713,-120.20146954546662,12.68435
STAFFORD_6_N002,38.12003299998604,-122.61362861905879,17.80908
STAFFORD_6_N101,38.12003299998604,-122.6137433809412,17.80908
STAGG_2_N001,37.99164936143144,-121.34848834268168,14.60764
STAGG_2_N014,37.99146863845723,-121.34848834296415,14.60764
STAGG_6_N001,37.99146863845723,-121.34871765703586,14.61622
STAGG_6_N003,37.99164936143144,-121.34871765731833,14.61622
STAMPEDE_LNODE19,39.46748199998557,-120.10518300964912,12.71499
STATELN_LNODE01,38.95238461856907,-119.94181675988908,11.97483
STATELN_LNODE22,38.952205381317675,-119.94181676018052,11.97483
STATELN_LNODE23,38.952205381317675,-119.94204723981947,11.97483
STATELN_LNODELY,38.95238461856907,-119.94204724011091,11.97606
STATIN-L_7_N001,37.81024899998616,-122.271385771776,22.18202
STATIND_1_N001,37.837585251800924,-122.263503,22.14894
STATIND_1_N010,37.83750387408463,-122.26344350874284,22.14894
STATIND_1_N013,37.83750387408463,-122.26356249125715,22.14894
STATINJ_1_N001,37.76334825993251,-122.214444,22.40178
STATINJ_1_N012,37.763266870018874,-122.21438455959633,22.40178
STATINJ_1_N027,37.763266870018874,-122.21450344040367,22.40178
STATINL_1_N001,37.81024899998616,-122.271500228224,22.17835
STATINX_1_N001,37.80554442667025,-122.23091354965457,22.03106
STATINX_1_N012,37.805363573219,-122.23091354993484,22.03106
STATINX_1_N014,37.805363573219,-122.23114245006515,22.03106
STATINX_1_N024,37.80554442667025,-122.23114245034543,22.03106
STB_LNODE201,38.57233333333333,-121.483291944444,12.465
STB_LNODE202,38.57233333327705,-121.48317695138249,12.465
STB_LNODE203,38.57224342921349,-121.48317695152639,12.465
STB_LNODE204,38.57217985749196,-121.48325826382802,12.465
STB_LNODE205,38.572164654514715,-121.48337160056485,12.465
STB_LNODE206,38.57219579290459,-121.48347947588752,12.465
STB_LNODE207,38.5722613616095,-121.48355815106362,12.465
STB_LNODE208,38.57234632872595,-121.48359573311588,12.465
STB_LNODE209,38.57243609852223,-121.48358945079376,12.465
STB_LNODE210,38.57251833393617,-121.48354297863219,12.465
STB_LNODE211,38.572583755229644,-121.4834641025941,12.465
STB_LNODE212,38.57262631848412,-121.48336281268834,12.465
STCKTNAR_6_N001,37.963279,-121.323476,15.01453
STCRUZ_LNODECXA,37.627559999986325,-120.97504290860819,12.378
STCRUZ_LNODEWLS,37.627559999986325,-120.97515709139182,12.378
STDDRD_LNODECEA,37.704079999986206,-121.06864284680097,12.38535
STDDRD_LNODEWZO,37.704079999986206,-121.06875715319903,12.38535
STDOIL_1_N009,37.94,-122.38,22.28612
STD_LNODENE1,38.57225,-121.500568888889,12.46378
STD_LNODENE2,38.572249999943736,-121.50045389586575,12.46378
STD_LNODENE4,38.57217214071853,-121.50051139243968,12.46378
STD_LNODENE5,38.57217214071853,-121.50062638533832,12.46378
STD_LNODENE6,38.572249999943736,-121.50068388191225,12.46378
STD_LNODENE7,38.57232785925329,-121.50062638546294,12.46378
STD_LNODENE8,38.57232785925329,-121.50051139231506,12.46378
STELLING_1_N001,37.3360521934471,-122.042805,46.75397
STELLING_1_N004,37.33597090326187,-122.04274597179945,46.75397
STELLING_1_N007,37.33597090326187,-122.04286402820055,46.75397
STE_SM_LNODE301,38.58631666666667,-121.472838888889,12.46255
STE_SM_LNODE302,38.586316666610415,-121.47272388936047,12.46255
STE_SM_LNODE303,38.58622677499287,-121.47272388950444,12.46255
STE_SM_LNODE304,38.58616321207191,-121.47280520637891,12.46255
STE_SM_LNODE305,38.58614801119931,-121.4729185494895,12.46255
STE_SM_LNODE306,38.58617914527848,-121.47302643087885,12.46255
STE_SM_LNODE307,38.58624470490619,-121.47310511047952,12.46255
STE_SM_LNODE308,38.586329660260105,-121.47314269464546,12.46255
STE_SM_LNODE309,38.58641941762905,-121.47313641197016,12.46255
STF_LNODEDAX,37.69055999998624,-121.02097285725026,12.3829
STF_LNODEIPN,37.69055999998624,-121.02108714274974,12.3829
STJ_SUB_LNODEONB,34.067054141297895,-118.226,11.57902
STJ_SUB_LNODEONC,34.06697292933807,-118.22594339850212,11.57902
STJ_SUB_LNODEOND,34.06697292933807,-118.22605660149787,11.57902
STKTONA_1_N001,37.94722338217881,-121.28911838573319,14.79397
STKTONA_1_N003,37.947042617710025,-121.28911838601516,14.79397
STKTONA_6_N001,37.947042617710025,-121.28934761398483,14.87606
STKTONA_6_N004,37.94722338217881,-121.2893476142668,14.87606
STLLWATR_6_N001,40.677845,-122.34971,11.69022
STOCKDLE_1_N001,35.316584007161445,-119.06818269302951,1.82301
STOCKDL_2_N001,35.31640399273835,-119.06818269327503,1.80585
STOCKDL_2_N002,35.31640399273835,-119.06840330672496,1.80585
STOCKDL_2_N101,35.316584007161445,-119.0684033069705,1.80585
STOCKM_LNODEVZF,37.62761110994497,-120.9752808828705,12.3829
STOCKM_LNODEXFA,37.62770154232185,-120.9751667,12.3829
STONCRRL_6_N001,36.472251999987044,-119.18811326795893,3.01496
STONCRRL_6_N003,36.472251999987044,-119.18822473204106,3.01496
STONE_1_N001,37.303708999986505,-121.86757223713448,48.55567
STONE_1_N005,37.303708999986505,-121.8676857628655,48.55567
STONYPT_1_N001,38.42,-122.78,26.41421
STOREY1_2_N001,36.98288702744317,-120.033746,4.37922
STOREY2_2_N001,36.98280598626407,-120.03380457310557,4.57365
STREAMVW_6_N001,32.745604999988714,-117.07864474591278,12.22191
STREAMVW_6_N007,32.745604999988714,-117.07875125408721,12.22191
STROUD_6_N001,36.530868,-120.104386,1.92023
STUART_6_N001,33.256701,-117.416547,8.97835
STURLOCK_LNODEDR3,37.4835881458663,-120.846727672541,12.30447
STURLOCK_LNODEDR4,37.4835360336794,-120.846797393384,12.30447
STURLOCK_LNODEDR7,37.4834830942642,-120.846867453726,12.30447
STURLOCK_LNODER13,37.483522165007,-120.846657059231,12.30447
SUISUN_1_N001,38.24526219208727,-122.04122215940386,14.637
SUISUN_1_N008,38.24508180780079,-122.04122215968883,14.637
SUISUN_1_N009,38.24508180780079,-122.04145184031117,14.637
SUMMIT_6_N001,39.319203,-120.378897,10.96315
SUNOL_6_N001,37.586891,-121.869379,29.60188
SURF_1_N009,34.61,-120.22,-0.26314
SWEETWTR_6_N017,32.65811799998879,-117.0916867727539,11.5214
SWEETWTR_6_N018,32.65811799998879,-117.0917932272461,11.5214
SWIFT_1_N001,37.3225281884819,-121.796729,46.6046
SWIFT_1_N003,37.322446905744414,-121.79666998783091,46.6046
SWIFT_1_N006,37.322446905744414,-121.79678801216909,46.6046
SYCAMORE_1_N101,39.76991684305054,-121.824218,12.5572
SYCAMORE_1_N201,39.76983607845885,-121.82415733357864,12.5572
SYCAMORE_1_N301,39.76983607845885,-121.82427866642136,12.55842
SYLVANCM_LNODECPR,37.688469999986225,-120.97663285888366,12.38535
SYLVANCM_LNODEHGR,37.688469999986225,-120.97674714111633,12.38535
TAFT1_1_N001,35.14999999998751,-119.47994486994581,1.64898
TAFT1_1_N004,35.14999999998751,-119.48005513005418,1.64898
TAHDONR_LNODE07,39.337309,-120.221277,12.75053
TAHOCTY_LNODE01,39.165971540038264,-120.14445351203682,12.69293
TAHOCTY_LNODE71,39.16579245984778,-120.14445351233086,12.69293
TAHOCTY_LNODE72,39.16579245984778,-120.14468448766914,12.69293
TAHOCTY_LNODE73,39.165971540038264,-120.14468448796318,12.69293
TAMARACK_6_N001,39.313743,-120.496804,11.09608
TAMARISK_1_N001,33.817316,-116.454898,4.74519
TAP710_1_N004,32.595376662064226,-117.0577334243903,-148.52151
TAP801_1_N001,34.109614,-116.411837,4.83666
TAP807_1_N001,34.0,-116.5,4.80357
TAR_SUB_LNODEONA,34.17905418777958,-118.544,11.58637
TAR_SUB_LNODEONB,34.1789729060972,-118.54394327481864,11.58637
TAR_SUB_LNODEONC,34.1789729060972,-118.54405672518136,11.58637
TASSAJAR_2_N001,37.79959499998613,-121.9077887787453,25.53944
TASSAJAR_2_N002,37.79959499998613,-121.9079032212547,25.53944
TAYLOR_LNODEDR1,37.5369331958297,-120.809398426319,12.26281
TAYLOR_LNODEDR5,37.5369383829719,-120.809348192848,12.26281
TAYLOR_LNODEDR7,37.536937531095,-120.809217269976,12.26158
TAYLOR_LNODEDR8,37.5369366699963,-120.809289591436,12.26281
TECUYA_6_N001,35.018589,-118.979536,1.649
TEICHERT_1_N001,37.79,-121.36,13.03503
TEJON_6_N001,35.019534,-118.954779,1.65145
TELECYN_1_N001,32.6379177816674,-117.01607,11.54705
TELECYN_1_N006,32.63783710915427,-117.01601469007429,11.54705
TELECYN_1_N014,32.63783710915427,-117.01612530992571,11.54705
TEMBLOR_1_N003,35.382795999987465,-119.69634883811833,1.21853
TEMPLETN_2_N008,35.554496,-120.679996,-1.03674
TERMNOUS_6_N001,38.116464,-121.422007,14.72283
TESSUB_2_N001,37.73,-121.93,29.3092
TEVIS_1_N001,35.319191999987495,-119.12859784623319,1.82178
TEVIS_1_N003,35.319191999987495,-119.12870815376681,1.81688
TEXSUN1G_7_N001,35.36999999998748,-119.4800551602316,1.74826
TEXSUN2G_7_N001,35.3599999999875,-119.48005515895167,1.74826
THORNHIL_1_N001,33.833699,-116.524642,4.83544
TIDEWATR_2_N001,38.01989465330933,-122.06150068264388,22.68191
TIDEWATR_2_N014,38.02007534657929,-122.06150068292666,22.68191
TLRELKE_6_N001,36.003703,-119.948802,1.8714
TOCALOMA_6_N001,38.05521,-122.760914,18.62154
TOL_SUB_LNODEONA,34.175740310821865,-118.36069083905292,11.5827
TOL_SUB_LNODEONB,34.1755596890815,-118.36069083928658,11.58392
TOL_SUB_LNODEONC,34.1755596890815,-118.36090916071342,11.58392
TOL_SUB_LNODEOND,34.175740310821865,-118.36090916094707,11.58392
TOREYPNS_6_N001,32.89877953728695,-117.23987836114813,10.33566
TOREYPNS_6_N007,32.89860046262259,-117.23987836136372,10.33566
TOREYPNS_6_N008,32.89860046262259,-117.24009163863627,10.33566
TOREYPNS_6_N009,32.89877953728695,-117.24009163885188,10.33566
TORTILLA_1_N007,34.874547,-117.064691,6.39791
TRABUCO_1_N001,33.5630767991568,-117.67324523376014,8.30415
TRABUCO_1_N005,33.562897200749894,-117.67324523398426,8.30415
TRABUCO_1_N009,33.562897200749894,-117.67346076601574,8.30415
TRABUCO_1_N013,33.5630767991568,-117.67346076623986,8.30415
TRACY_1_N001,37.748395999944734,-121.41564562794372,13.15267
TRACY_1_N002,37.748305565247314,-121.41576,13.15267
TRACY_1_N007,37.748395999944734,-121.41587437205628,13.15267
TRACY_1_N101,37.74848643475262,-121.41576,13.15267
TRESVIS_6_N001,39.486707,-121.687993,12.80771
TRIMBLE_1_N004,37.42009036798162,-121.72988621524279,38.72615
TRIMBLE_1_N010,37.41990963190925,-121.72988621551741,38.72615
TRIMBLE_1_N016,37.41990963190925,-121.7301137844826,38.72615
TRIMBLE_1_N020,37.42009036798162,-121.73011378475721,38.72615
TRINIDAD_6_N001,41.064242,-124.128367,12.07256
TRUCKEE_LNODE02,39.330431720184855,-120.181195,12.72234
TRUCKEE_LNODE03,39.33035113989209,-120.18113485420918,12.72234
TRUCKEE_LNODE49,39.33035113989209,-120.18125514579083,12.71989
TUDOR_6_N001,38.982071,-121.635205,13.20882
TULUCAY_6_N001,38.247946,-122.268228,16.52606
TUPMAN_1_N101,35.354039,-119.270638,1.70658
TVYVLLY_6_N001,36.770622,-119.393233,2.97697
TXROSDL_1_N001,35.37695301426363,-119.07791367489159,1.81198
TXROSDL_1_N002,35.37695301426363,-119.0780283251084,1.81198
TYLER_6_N001,40.138392982499205,-122.20848578836895,11.93041
TYLER_6_N002,40.138392982499205,-122.20860821163106,11.93041
UCM_6_N001,32.88368472395273,-117.222424,10.35649
UCM_6_N002,32.88360413801135,-117.22236859671557,10.35649
UCM_6_N006,32.88360413801135,-117.22247940328444,10.35649
UKIAH_1_N001,39.142823455087914,-123.19204845611492,-38.74235
UKIAH_1_N005,39.14300254479826,-123.19204845640866,-38.74235
UPPRLKE_6_N001,39.145906,-122.916845,-45.23672
URBAN_6_N001,32.71330799998875,-117.15140275665348,11.4376
URBAN_6_N005,32.71330799998875,-117.15150924334651,11.4376
URICH_6_N001,38.029918,-122.103005,22.37493
VACA-DIX_1_N001,38.401616982566644,-121.91986928712716,14.41887
VACAVIL_1_N001,38.356520058867716,-121.97951,14.43358
VACAVIL_1_N101,38.35643897055109,-121.97945029786577,14.44093
VACAVIL_1_N102,38.35643897055109,-121.97956970213424,14.44093
VALCNTR_6_N001,33.230683,-117.018401,8.91347
VALLEYSC_1_N001,33.738397971600605,-117.156432,5.12456
VALLEYSC_1_N107,33.738317014186954,-117.15648820699798,5.12456
VALLYHM_1_N001,37.85575599998615,-120.94408374338772,13.18997
VALLYVW_1_N001,37.96607299998612,-122.27841868352904,22.30998
VALLYVW_1_N003,37.96607299998612,-122.27853331647096,22.30998
VAL_GS_LNODE5AUX,34.24482148241572,-118.3914027121072,11.5876
VAL_GS_LNODE6AUX,34.24485277566131,-118.39150524618782,11.58883
VAL_GS_LNODE7AUX,34.24491867043375,-118.39158002588233,11.58883
VAL_GS_LNODE8AUX,34.245004060069334,-118.391615747079,11.5876
VAL_LNODELSS,34.24509427625119,-118.39160977576542,11.5876
VASCO_6_N001,37.71132099998621,-121.71587984128799,25.75487
VASCO_6_N003,37.71132099998621,-121.71599415871201,25.75487
VASONA_2_N001,37.26,-121.9,53.28442
VEDDER_1_N001,35.61,-118.96,1.90511
VEL_SUB_LNODEONA,34.01555411723447,-118.204,11.5778
VEL_SUB_LNODEONB,34.01547294136984,-118.20394345800285,11.5778
VEL_SUB_LNODEONC,34.01547294136984,-118.20405654199715,11.5778
VESTAL_6_N001,35.85713659527842,-119.08872645400277,5.32321
VICTOR_1_N001,38.145651267656454,-121.17732422029407,5.79684
VICTOR_6_N001,38.145470732231836,-121.17755377942188,14.79273
VICTOR_6_N002,38.145651267656454,-121.17755377970593,14.79273
VIEJOSC_2_N001,36.578772821150025,-121.908968,7.1843
VIEJOSC_2_N004,33.667334,-117.642727,7.1843
VIEJO_6_N001,36.578692089410936,-121.90890995739635,32.36256
VIEJO_6_N003,36.578692089410936,-121.90902604260364,32.36256
VIERRA_1_N001,37.85,-121.24,13.25375
VINA_6_N001,39.941614,-122.041739,11.81399
VINEYARD_2_N001,37.66967326170019,-121.85436,29.78587
VINEYARD_2_N002,37.66959186913507,-121.85430063276966,29.78587
VINEYARD_6_N001,37.66959186913507,-121.85441936723034,26.37072
VN_SUB_LNODEONA,34.18009031354033,-118.44489083013903,5.68776
VN_SUB_LNODEONB,34.17990968636295,-118.44489083037274,11.58392
VN_SUB_LNODEONC,34.17990968636295,-118.44510916962726,11.58392
VN_SUB_LNODEOND,34.18009031354033,-118.44510916986097,11.58392
VSTA_1_N001,34.04125299995202,-117.32061812723687,5.86178
VSTA_6_N001,34.04125299995202,-117.32083587276313,5.86301
WAHTOKE_1_N001,36.61618299998699,-119.452409104289,2.73065
WAHTOKE_1_N002,36.61618299998699,-119.45252089571099,2.73065
WALNUT_6_N001,34.00840381020035,-117.94966020073771,5.88505
WARENCYN_6_N001,33.01545499998868,-117.00226861385794,9.1239
WARENCYN_6_N002,33.01545499998868,-117.00237538614206,9.1239
WARNERS_6_N001,33.247186,-116.675942,7.49296
WARNER_LNODERV1,41.50091505739131,-120.533072,12.04836
WARNER_LNODERV3,41.50083397128745,-120.53300949206302,12.04836
WARNER_LNODESC1,41.50083397128745,-120.53313450793698,12.04836
WASCO_7_N008,39.77617274317707,-122.10383,1.60242
WASHNGT_LNODEDR1,37.4893772928244,-120.903967825898,12.33388
WASHNGT_LNODEDR2,37.4895172164325,-120.904092990936,12.33388
WASHNGT_LNODEDR3,37.4894692627508,-120.903968029781,12.33388
WASHNGT_LNODEDR4,37.489297130992,-120.993988447763,12.33388
WASHNGT_LNODEDR5,37.4894207521695,-120.904091725093,12.33388
WASHNGT_LNODEDR6,37.4892474344412,-120.904090188054,12.33388
WASHNGT_LNODEDR7,37.4892029595549,-120.903964429204,12.33388
WASHNGT_LNODER15,37.4893341220127,-120.90409199878,12.33388
WATRSHED_6_N001,37.487815,-122.310237,31.97282
WEBER_6_N001,37.919828,-121.240232,14.80621
WEC_SY_LNODEUX1,37.4878752249074,-120.89565231921667,12.3204
WEC_SY_LNODEUX2,37.4878752249074,-120.89576624369113,12.31305
WELFLDPM_LNODELPMP,34.16127269818337,-114.38198913123861,11.33149
WELFLDPM_LNODERALS,34.16145330172,-114.38198913147205,11.33149
WEMRSWS_6_N001,39.035984,-120.987909,14.78654
WESTLANE_6_N001,37.990674,-121.282373,14.69342
WESTLNDS_1_N001,36.3999999999871,-120.31994434326373,1.72263
WESTLNDS_1_N019,36.3999999999871,-120.32005565673627,1.72263
WESTPARK_1_N001,35.374163973003284,-119.039839,1.83771
WESTPARK_1_N005,35.374083013484764,-119.03978167527592,1.83771
WESTPARK_1_N009,35.374083013484764,-119.03989632472408,1.83771
WESTPLAT_1_N001,35.42,-119.3,1.7029
WESTPORT_LNODEDR1,37.5225825838401,-120.993998352649,12.27751
WESTPORT_LNODEDR3,37.5223769944682,-120.993990429526,12.27629
WESTPORT_LNODEDR5,37.5225172095941,-120.993995815213,12.27751
WESTPORT_LNODEDR7,37.5224455031416,-120.903973009416,12.27629
WHEATLND_6_N001,39.013055,-121.418524,12.73278
WHEELER_6_N001,35.089761,-118.976591,1.62204
WHISMAN_1_N001,37.40491321634772,-122.068856,36.55648
WHISMAN_1_N004,37.404831891811426,-122.06879689262591,36.55648
WHISMAN_1_N009,37.404831891811426,-122.06891510737408,36.55648
WHITMORE_6_N001,40.628753,-121.915711,11.60812
WILDWOOD_1_N001,40.38711092118795,-123.04499942348713,11.78948
WILDWOOD_1_N005,40.38711092118795,-123.04512257651287,11.78948
WILKINS_6_N001,39.00552,-121.867233,3.5578
WILLIAMS_6_N002,39.15758,-122.14762,3.20855
WILLITS_6_N001,39.405666,-123.327366,-39.33801
WILLOWS_6_N001,39.531805,-122.185874,14.28404
WIL_SUB_LNODEONB,33.797999999988214,-118.25794584458627,11.57167
WIL_SUB_LNODEONC,33.797999999988214,-118.25805415541372,11.57167
WINTERS_6_N001,38.517708,-121.951331,14.52671
WOHLER_6_N001,38.512048,-122.880906,32.5166
WOLFE_1_N001,37.335142193117605,-122.020824,46.75642
WOLFE_1_N002,37.335060903426545,-122.02076497287341,46.75642
WOLFE_1_N007,37.335060903426545,-122.02088302712659,46.75642
WOODACRE_6_N001,38.012118,-122.65455,17.93775
WOODLD_1_N001,38.67823188725648,-121.760143,14.45566
WOODLD_1_N005,38.67815105635662,-121.76008322082818,14.45566
WOODLD_1_N012,38.67815105635662,-121.76020277917182,14.45566
WOODSIDE_6_N003,37.43624399998641,-122.2420270905538,45.08674
WOODSIDE_6_N004,37.43624399998641,-122.24214090944619,45.08674
WOODWARD_1_N005,36.8966369999867,-119.74995475043866,3.59499
WOODWARD_1_N006,36.8966369999867,-119.75006724956134,3.59499
WPBART_1_N001,38.02005420797604,-121.98,22.81664
WPBART_1_N004,38.01997289599686,-121.97994040909197,22.81664
WPBART_1_N026,38.01997289599686,-121.98005959090804,22.81664
WSCOPRSN_1_N001,35.61,-119.37,1.65756
WSCRMNO_1_N004,38.58939293336201,-121.545027,14.67259
WSCRMNO_1_N013,38.58931203330379,-121.54496724378153,14.67259
WSCRMNO_1_N201,38.58931203330379,-121.54508675621847,14.67259
WSTFRSO_1_N001,36.71841899998688,-119.81853697917856,2.73923
WSTFRSO_1_N004,36.71841899998688,-119.81864902082144,2.73923
WSTLD1RA_1_N001,36.72,-120.72,2.12189
WYANDTTE_1_N001,39.491682744465926,-121.541161,12.79417
WYANDTTE_1_N003,39.49160212775149,-121.54110068770393,12.79417
WYANDTTE_1_N102,39.49160212775149,-121.54122131229607,12.79417
ZACA_1_N001,34.696829,-120.151374,-0.23986
ZANKER_1_N001,37.469999999986335,-121.8099430557453,136.02995
ZANKER_1_N003,37.469999999986335,-121.8100569442547,136.02995
AGER_LNODE35,41.8675,-122.46414,0.0
ALTURAS_LNODE17,41.49972,-120.53306,0.0
BIGSPRIN_LNODELD1,41.616776,-122.39929,0.0
CAMERON_LNODEKM,32.65324599998863,-116.48817922595589,0.0
CASTELLA_LNODE,41.146254,-122.319747,0.0
CEDARVIL_LNODED1,41.53156,-120.18194,0.0
CLEARLAO_LNODE44,41.704981,-121.276741,0.0
COPCO2_LNODE21,41.97667,-122.36167,0.0
DAVISCR_LNODED1,41.73,-120.37,0.0
DELNORTE_LNODE50,41.86761799998422,-124.13905472462552,0.0
DELNORTE_LNODE51,41.86761799998422,-124.13917527537447,0.0
DOGCREEK_LNODE,40.94013311,-122.431008,0.0
DORRIS_LNODE06,41.96694,-121.91333,0.0
EAGLEMTN_LNODEHI,33.8199729920039,-115.44005630685402,0.0
FLINT_LNODE_LDT1,38.88530299998586,-121.06681059075832,0.0
GASQUET_LNODE42,41.84833,-123.96667,0.0
INTERNAT_LNODELD,41.432568,-122.38296,0.0
LITTLESH_LNODELD1,41.70174123,-122.3696599,0.0
LUCERNE_LNODELD,41.60361,-122.5225,0.0
MACDOEL_LNODE20,41.83166999998427,-122.00465973878569,0.0
MACDOEL_LNODE45,41.83166999998427,-122.00478026121432,0.0
MADISON_LNODE1,38.67065905446531,-121.9691977771112,0.0
MOTT_LNODE,41.262727,-122.270475,0.0
NDUNSMUI_LNODE7,41.2207989999844,-122.27643096616978,0.0
NDUNSMUI_LNODE9,41.2207989999844,-122.27655103383022,0.0
NEWELL_LNODE90,41.888139999984205,-121.37845028379793,0.0
NUTGLADE_LNODE,41.178254,-122.290711,0.0
PATRICKS_LNODE49,41.88139,-123.86472,0.0
PEREZ_LNODED1,41.63306,-121.22639,0.0
PRAXAIR_LNODEPM,37.99999999998611,-121.81005733246779,0.0
REDWOODU_LNODED2,41.76083,-124.16347,0.0
SDUNSMUI_LNODE,41.201244,-122.2764098,0.0
SHASTINA_LNODELD1,41.548666,-122.364174,0.0
SHOTGUNC_LNODE,41.053889,-122.381667,0.0
TULELAKE_LNODE35,41.95333,-121.47111,0.0
TUNNEL_LNODE33,41.925559999984245,-121.56576970013403,0.0
TUNNEL_LNODE40,41.925559999984245,-121.56589029986597,0.0
WEED_LNODER1,41.43139,-122.38944,0.0
YREKA_LNODE76,41.72897989068449,-122.63154955171838,0.0
YREKA_LNODED1,41.72880010918983,-122.63154955205546,0.0
YREKA_LNODED2,41.72880010918983,-122.63179044794454,0.0
YREKA_LNODED3,41.72897989068449,-122.63179044828162,0.0
