node_id,lat,lon,price_dp
12TH_S_LNODENMZ,37.63715677998629,-120.99316020050249,88.12244
12TH_S_LNODEXWQ,37.63715677998629,-120.99327439949751,88.12244
8TH_ST_LNODEBXG,37.64197726998626,-121.00603849646912,88.11342
8TH_ST_LNODELZF,37.64197726998626,-121.00615270353089,88.11342
AEC300_1_N001,37.74,-121.48,46.25578
AGNEW_1_N003,37.51,-121.84,73.40287
AIRPROD_1_N001,36.65,-119.54,76.33854
AIR_SUB_LNODENAA,33.96205409081493,-118.376,89.69122
AIR_SUB_LNODENAB,33.961972954579615,-118.37594352117388,89.68221
AIR_SUB_LNODEONC,33.961972954579615,-118.37605647882611,89.69122
ALAMITOS_2_N001,33.771584,-118.100596,101.59041
ALAMITOS_2_N040,33.77,-118.1,101.59041
ALAMT1G_7_N002,33.77149401717401,-118.1004877514908,101.59041
ALAMT2G_7_N002,33.771415173499584,-118.10067098425147,101.59041
ALAMT3G_7_N002,33.77144633917227,-118.10077253262283,101.59041
ALAMT4G_7_N002,33.771511965310076,-118.10084659342048,101.59041
ALAMT5G_7_N002,33.771597006833865,-118.1008819712055,101.59041
ALAMT6G_7_N002,33.77176916262267,-118.10083231072662,101.59041
ALHAMBRA_1_N001,37.99408499998608,-122.13031167024367,73.1463
ALHAMBRA_1_N002,37.99408499998608,-122.13042632975633,73.1463
ALLEGHNY_6_N001,39.464893,-120.844946,70.18521
ALMADEN_6_N001,37.26027,-121.890082,74.47334
ALMOND_LNODEAUX,37.574202045609525,-120.98511610244,87.83393
ALPAUGH_7_N002,35.963463732836644,-119.456796,91.77403
ALPINE_6_N001,32.82778299998866,-116.78987271391081,91.38846
ALPINE_6_N005,32.82778299998866,-116.78997928608918,91.38846
ALTO_6_N001,37.89825299998615,-122.52430271885964,74.48311
ALTO_6_N101,37.89825299998615,-122.52441728114036,74.48311
ALTTA_BP_LNODEPRT,41.51205899998436,-120.5236838478691,86.55365
ALTTA_BP_LNODETON,41.51205899998436,-120.5238041521309,86.55365
AMERIGAS_1_N001,38.43,-121.79,71.84386
AMESBS_1_N004,37.41751022008469,-122.066192,73.76351
AMESBS_1_N101,37.41742888994297,-122.06613287861066,73.76351
AMESDST_1_N001,37.41742888994297,-122.06625112138934,73.76351
AMFORST_6_N001,38.369191999986,-120.79657754861613,72.74913
ANDERSON_6_N001,40.449838,-122.305068,72.10026
ANGIOLA_6_N001,35.992007,-119.57137,76.84466
ANITA_6_N001,39.811047,-121.919761,72.04785
ANNAPOLS_6_N001,38.680315,-123.311782,76.15107
ANTELOPE_6_N001,35.658117,-119.996015,82.37099
ANTLER_6_N001,40.893581,-122.379244,72.78914
APPLEHL_1_N001,38.73992576174639,-120.67700091995808,71.84781
APPLEHL_1_N002,38.73974623814083,-120.67700092024737,71.84781
APPMAT_1_N001,37.359999999986435,-121.97994317305394,73.97868
APPMAT_1_N010,37.359999999986435,-121.98005682694607,73.97868
ARBUCKLE_6_N001,39.017625,-122.061575,71.11066
ARCATA_6_N001,40.867132,-124.088286,44.80252
ARVINED_1_N001,35.15044599998752,-118.87870286987292,92.08302
ARVIN_6_N001,35.15044599998752,-118.87881313012709,91.91172
ASHLAN_2_N001,36.79263892472445,-119.82749,76.20865
ASHLAN_2_N007,36.7925580376235,-119.82743168375806,76.20865
ASHLAN_2_N008,36.7925580376235,-119.82754831624194,76.20865
ASH_6_N001,33.1365697302963,-117.070292,101.4778
ASH_6_N005,33.13648913483958,-117.0702364310647,101.4778
ASH_6_N101,33.13648913483958,-117.07034756893529,101.4778
ASPEN_LNODESPEN,37.69337956,-122.069288,88.6634
ATASCDRO_6_N001,35.465309,-120.671582,82.89288
ATWATER_1_B2,37.35999599998639,-120.6146481730584,76.36239
ATWATER_1_N001,37.35999599998639,-120.6147618269416,76.36239
ATW_SUB_LNODEONB,34.1096541600031,-118.254,89.70925
ATW_SUB_LNODEONC,34.10957291998536,-118.25394335044959,89.70925
ATW_SUB_LNODEOND,34.10957291998536,-118.2540566495504,89.70925
AUBERRY_6_N001,37.06806099998665,-119.495719527536,77.80449
AUBERRY_6_N003,37.06806099998665,-119.495832472464,77.80449
AUBURN_6_N001,38.903397,-121.069921,72.94148
AUGUST_LNODEDR1,37.4182520696912,-120.831252690486,87.90605
AUGUST_LNODEDR3,37.4182452743243,-120.831131410372,87.90605
AUGUST_LNODEDR4,37.4182458785436,-120.830989786937,87.89704
AUGUST_LNODEDR5,37.4182557186304,-120.831363604619,87.90605
AVENA_1_N001,37.842208,-121.054122,55.57106
AVOCADO_6_N001,33.38466699998843,-117.23692330729693,103.57073
AVOCADO_6_N002,33.38466699998843,-117.23703069270306,103.57073
BAFOOD1_6_N001,36.33,-121.16,68.74649
BAHIA_2_N001,38.08095331088854,-122.13739126700075,72.85121
BAHIA_2_N011,38.08077268899996,-122.13739126728416,72.85121
BAILYJ1_1_N010,34.77604,-118.77504,72.27221
BAIR_1_N001,37.496937,-122.214157,74.27865
BAKER_1_N001,35.284771,-116.064256,101.58279
BALFOUR_6_N001,37.92596,-121.678546,71.92913
BANGOR_6_N001,39.388064,-121.402937,70.77904
BANGS_LNODEKGC,37.70469,-121.0418,88.17653
BANNING_1_N001,33.922289,-116.87283,101.74415
BANTA_6_N001,37.7528989999862,-121.35057581075783,51.16654
BARRETT_6_N001,32.667194,-116.700208,89.87378
BARRE_6_N001,33.80900298319592,-117.98332966316445,101.9318
BARRE_6_N002,33.80900298319592,-117.98354633683554,101.9318
BARRE_6_N003,33.80918301670945,-117.9835463370635,101.9318
BARRY_6_N001,39.069323,-121.690208,72.64244
BARTON_1_N001,36.76408490976673,-119.735935,76.32708
BARTON_1_N007,36.76400404510246,-119.73587672164825,76.32708
BARTON_1_N008,36.76400404510246,-119.73599327835174,76.32708
BASALT_6_N002,38.26328599998595,-122.26916657483297,72.29344
BASALT_6_N101,38.26328599998595,-122.26928142516702,72.29344
BATAVIA_6_N001,38.385820999985995,-121.77570654480984,72.06024
BATIQTOS_1_N001,33.1011727252775,-117.250399,102.02778
BATIQTOS_1_N008,33.101092137348985,-117.25034345864424,102.02778
BATIQTOS_1_N015,33.101092137348985,-117.25045454135577,102.02778
BAYMDWS_1_N001,37.55162541726735,-122.29307795256243,73.59465
BAYMDWS_1_N004,37.551444582623034,-122.29307795283914,73.59465
BAYMDWS_1_N008,37.551444582623034,-122.29330604716085,73.59465
BAYMDWS_1_N012,37.55162541726735,-122.29330604743757,73.59465
BAYSHOR1_1_N001,37.74603599998622,-122.40302381566526,73.50327
BAYSHOR2_1_N001,37.74603599998622,-122.40313818433472,73.50327
BAYWOOD_6_N001,35.360177,-120.811564,84.26331
BCN_PP_LNODESS1,35.25680070871138,-118.02736892630813,88.6634
BCN_PP_LNODESS2,35.256766720360744,-118.02726679027704,88.6634
BEARTAP_1_N001,35.38,-119.0,91.99286
BELLEF_7_CN10,39.776083,-122.10383,101.19493
BELLEF_7_CN11,39.77608299994151,-122.10371323062876,101.19493
BELLPGE_1_N001,38.947418999985814,-121.0911283822858,72.73778
BELLPGE_1_N005,38.947418999985814,-121.0912436177142,72.73778
BELLVUE_1_N001,38.379084046922976,-122.712022,72.49057
BELLVUE_1_N003,38.37900297652332,-122.711962292445,72.49057
BELLVUE_1_N005,38.37900297652332,-122.712081707555,72.49057
BELMONT_1_N001,37.52332024549896,-122.264967,74.2516
BELMONT_1_N006,37.52323887723573,-122.26490776711239,74.2516
BELMONT_1_N008,37.52323887723573,-122.26502623288762,74.2516
BELRIDGE_1_N001,35.455722,-119.631903,89.79941
BERESFRD_6_N001,37.565013999986284,-122.31923796388803,73.50449
BERESFRD_6_N002,37.565013999986284,-122.31935203611197,73.50449
BERNARDO_6_N001,33.021575,-117.096228,101.76509
BERNARDO_6_N002,33.021574999954524,-117.09612121988424,101.76509
BERNARDO_6_N009,33.02148546856512,-117.096228,101.76509
BERNARDO_6_N013,33.021574999954524,-117.09633478011577,101.76509
BERNARDO_6_N014,33.0216645314348,-117.096228,101.76509
BERNARDO_LNODEARDO,33.02157451,-117.0962277,88.69045
BERVLLY_6_N001,37.586478,-120.125088,88.44384
BIGBASN_6_N001,37.129545,-122.172132,74.07663
BIGCRK1_7_N001,37.20203293082091,-119.24090286336467,96.21885
BIGMDWS_6_N001,40.171215,-121.085128,65.51125
BIGRIVR_6_N001,39.311461,-123.786522,73.13804
BIOLA_6_N001,36.792525,-120.114116,76.27834
BIXLER_6_N001,37.9370142319286,-121.528389,72.64018
BKRSFLD_2_N001,35.388298999987455,-119.0044078374034,91.51501
BKRSFLD_2_N101,35.388298999987455,-119.0045181625966,91.51501
BLLEHVN_6_N001,37.4772652825887,-122.16793304841748,75.02698
BLLEHVN_6_N002,37.477186999945324,-122.16787609695427,75.02698
BLLEHVN_6_N004,37.477108717384,-122.1679330485368,75.02698
BLLEHVN_6_N006,37.477108717384,-122.1680469514632,75.02698
BLLEHVN_6_N007,37.477186999945324,-122.16810390304572,75.02698
BLUELKE_6_N001,40.88014,-123.980584,46.4795
BLUSTNPP_6_N003,38.575523,-121.497588,82.67754
BLYTHESC_1_N005,33.614957,-114.682935,99.49643
BNAVSTA_6_N001,36.653344,-121.62946,71.48293
BNAVSTA_6_N002,36.65334399994771,-121.62934811906177,71.48293
BNTACRB_6_N001,37.7528989999862,-121.35069018924217,54.36123
BOGARD_6_N001,40.586552,-121.093959,69.63354
BOGUE_1_N001,39.09613073444745,-121.623771,70.45935
BOGUE_1_N201,39.096050132760894,-121.62371103865068,70.45935
BOLINAS_6_N001,37.941119,-122.707332,73.25693
BOLLMAN_1_N003,38.04,-121.98,73.06515
BOLTHSE_1_N009,35.36215899998747,-118.92362184077258,92.33547
BONITA_6_N001,36.967863,-120.20266,77.23526
BONNIEN_7_N001,39.214314999985774,-120.80917722077704,73.07055
BORDEN_2_N007,36.92227399998671,-119.98422371699712,76.09022
BORDER_6_N001,32.56633480869927,-116.944389,102.75441
BORDER_6_N008,32.566254095638485,-116.94433370647506,102.75441
BORONDA_6_N001,36.689983,-121.679239,71.27556
BOSWELL_6_N001,36.085115,-119.552823,76.84466
BOWLES_6_N001,36.605651,-119.773312,76.46767
BRDGVLT_7_N001,40.47956799998481,-123.78034162638289,46.11763
BREEZE_LNODEYT1,35.123880999987534,-118.37403687435777,88.99699
BREEZE_LNODEYT2,35.123880999987534,-118.37414712564222,88.99699
BRENTWOD_2_N001,37.91959423612686,-121.676423,71.70373
BRENTWOD_2_N006,37.91951288192155,-121.67636345967551,71.70373
BRENTWOD_2_N011,37.91951288192155,-121.67648254032449,71.70373
BRGSMR_LNODEGZB,37.66621999998627,-120.97704287657282,88.12244
BRGSMR_LNODETHU,37.66621999998627,-120.97715712342718,88.12244
BRITTN_1_N001,37.37433620668406,-122.015575,73.96064
BRITTN_1_N005,37.37425489664326,-122.01551592726007,73.96064
BRITTN_1_N006,37.37425489664326,-122.01563407273993,73.96064
BRKRSLG_1_N005,38.57552299994369,-121.49747300547165,72.92729
BROCKWAY_LNODE01,39.243063530935196,-120.02634939696748,86.85118
BROCKWAY_LNODE02,39.242884468950564,-120.02634939726258,86.85118
BROCKWAY_LNODE51,39.242884468950564,-120.02658060273741,86.85118
BROCKWAY_LNODE52,39.243063530935196,-120.02658060303253,86.85118
BRRNDAC_6_N001,35.658183,-120.040362,82.37099
BRUNSWCK_1_N003,39.23119771901711,-121.034946,73.39042
BRUNSWCK_1_N008,39.23111714047599,-121.03488594065819,73.39042
BRUNSWCK_1_N101,39.23111714047599,-121.03500605934181,73.28223
BRWNSVY_6_N001,39.226226,-121.422634,71.04417
BUELLTON_1_N001,34.625261999987686,-120.18631205143852,87.0567
BUELLTON_1_N003,34.625261999987686,-120.18642194856149,87.0567
BUENAVS1_7_B1,36.653254242119594,-121.62934811919219,91.79451
BUENAVS1_7_B3,36.65319077379855,-121.6294272308971,91.79451
BUENAVS1_7_B4,36.653175595551595,-121.62953750035395,91.79451
BUENAVS1_7_B5,36.65320668330105,-121.62964245619625,91.79451
BUENAVS1_7_B6,36.653272145363964,-121.6297190021347,91.79451
BUENAVS1_7_B7,36.65335697428145,-121.62975556706088,91.79451
BUENAVS2_7_B1,36.65344659805961,-121.62974945473616,91.70435
BUENAVS2_7_B3,36.653528699704175,-121.62970424026268,91.70435
BUENAVS2_7_B4,36.653594014575496,-121.62962749889522,91.70435
BUENAVS2_7_B5,36.653636508590544,-121.62952895027708,91.70435
BULLARD_1_N001,36.824388,-119.769224,76.56028
BULLARD_1_N004,36.824387999947184,-119.76911168846675,76.56028
BULLARD_1_N005,36.824298097276774,-119.769224,76.56028
BULLARD_1_N006,36.824387999947184,-119.76933631153325,76.56028
BURLNGME_1_N001,37.589627,-122.363434,73.33319
BUTTE_1_N010,39.7118129999855,-121.81325170045862,71.57902
BUTTE_1_N101,39.7118129999855,-121.81336829954137,71.57902
BWILLIAM_LNODEILLW,34.16145330172,-114.38177086852794,89.3396
B_6_N001,32.714377595830264,-117.16944251257752,102.31262
B_6_N003,32.714198404079745,-117.16944251279143,102.31262
B_6_N005,32.714198404079745,-117.16965548720856,102.31262
B_6_N007,32.714377595830264,-117.16965548742249,102.31262
CABRILLO_1_N001,32.70751759908557,-117.24492651689708,86.87638
CABRILLO_6_N001,32.70733840082447,-117.24492651711095,102.9089
CABRILLO_6_N004,32.70733840082447,-117.24513948288904,102.9089
CALAVE_1_N001,36.71900181109094,-119.76554095699167,76.15822
CALAVE_1_N002,36.718822188804005,-119.76554095725366,76.15822
CALAVE_1_N004,36.718822188804005,-119.76576504274634,76.15822
CALCMENT_7_N4,37.37,-120.64,101.24903
CALISTGA_6_N001,38.592664,-122.57862,75.01505
CALLENDR_1_N001,35.04,-120.6,86.4407
CALPELLA_1_N001,39.197538,-123.192135,70.88403
CALSUB_LNODEET,39.521219,-120.008761,86.99544
CAMDEN_6_N001,36.446258999987045,-119.79904229562648,77.38562
CAMDEN_6_N002,36.446258999987045,-119.79915370437352,77.38562
CAMERON_6_N001,32.65324599998863,-116.48807277404411,89.66641
CAMINO_2_N001,34.83,-114.99,99.62679
CAMPHORA_6_N001,36.46829799998704,-121.39017127220814,71.87963
CAMPHORA_6_N003,36.46829799998704,-121.39028272779186,71.87963
CANAL_6_N001,37.066368999986636,-120.8354215297125,73.10122
CANAL_6_N006,37.066368999986636,-120.8355344702875,73.10122
CANBY_BP_LNODEACW,41.444925999984385,-120.88087787131334,86.6348
CANBY_BP_LNODEVEC,41.444925999984385,-120.88099812868666,86.6348
CAN_SUB_LNODEONA,34.18955419166312,-118.592,100.90764
CAN_SUB_LNODEONB,34.189472904155366,-118.59194326369176,89.62811
CAN_SUB_LNODEONC,34.189472904155366,-118.59205673630824,89.61909
CAPAY_6_N001,39.775993256822886,-122.10383,70.78561
CARBONA_6_N003,37.69218399998622,-121.41818185598439,51.88782
CARBONA_6_N101,37.69218399998622,-121.4182961440156,51.88782
CARLOTTA_6_N001,40.541122999984744,-124.06382054930958,44.47672
CARLOTTA_6_N003,40.541122999984744,-124.06393945069041,44.47672
CARLTNHS_1_N001,32.85503754591703,-117.01185140348343,101.66469
CARLTNHS_1_N004,32.85485845399255,-117.01185140369861,101.66469
CARNATIO_6_N001,35.311332,-119.083574,92.62398
CARNERAS_6_N001,35.541055,-119.805238,82.4882
CAROLNDS_6_N001,37.55291899998627,-122.37633097506193,74.27987
CAROLNDS_6_N002,37.55291899998627,-122.37644502493806,74.27987
CARQUINZ_1_N001,38.09103799998602,-122.24848662968667,73.13972
CARQUINZ_1_N002,38.09103799998602,-122.24860137031332,73.13972
CARRIZO_1_N001,35.3805629695311,-120.040252,88.79073
CARRIZO_LNODEHILL,35.38048201522088,-120.04019467441788,88.14949
CARRIZO_LNODEZOT1,35.38048201522088,-120.04030932558213,88.74454
CARTWRT_1_N001,37.78999999998617,-122.24994278512781,73.58808
CARTWRT_1_N010,37.78999999998617,-122.25005721487219,73.58808
CARUTHRS_6_N001,36.531554,-119.882758,75.67427
CAR_SM_LNODENE1,38.642773175556165,-121.3294330286556,87.23887
CAR_SM_LNODENE2,38.64259349099788,-121.32943302894401,87.23887
CAR_SM_LNODENE3,38.64259349099788,-121.329663082168,87.23887
CAR_SM_LNODENE4,38.642773175556165,-121.3296630824564,87.23887
CASTLE_LNODEDR1,37.36195490350885,-120.56264978595905,87.87901
CASTLE_LNODEDR2,37.36187666885442,-120.5625929569803,87.87901
CASTLE_LNODEDR3,37.36179843428164,-120.56264978607754,87.87901
CASTLE_LNODEDR4,37.36179843428164,-120.56276344403506,87.87901
CASTLE_LNODEDR5,37.36187666885442,-120.5628202731323,87.87901
CASTLE_LNODEDR6,37.36195490350885,-120.56276344415355,87.87901
CASTROVL_2_N001,37.69127699998625,-122.06100285669102,73.13606
CASTROVL_2_N003,37.69127699998625,-122.06111714330898,73.13606
CASTROVL_2_N006,36.76278384840137,-121.73625384648868,73.13606
CAS_LA_LNODESMW,34.587237,-118.656638,89.44779
CAS_PP_LNODE1AUX,34.58734037344726,-118.65692220263387,89.43877
CAS_PP_LNODE2AUX,34.58742309555189,-118.65687780855163,89.43877
CAS_PP_LNODE3AUX,34.587488904018386,-118.65680245963806,89.43877
CAS_PP_LNODE4AUX,34.58753171916694,-118.65670569917606,89.43877
CAS_PP_LNODE5AUX,34.58754852361777,-118.65659776098718,89.44779
CAS_PP_LNODE6AUX,34.58753896054594,-118.65648852558515,89.43877
CATALYST_7_N001,37.33647699998642,-121.87909619952335,73.97868
CATLETT_6_N001,38.808811,-121.516115,71.56052
CAWELOB_6_N001,35.57097799998741,-119.11546380934058,92.27236
CAWELOC_1_N001,35.57097799998741,-119.11557419065942,91.95435
CAYUCOS_6_N001,35.44865399998744,-120.8703058292383,84.36248
CAYUCOS_6_N006,35.44865399998744,-120.8704161707617,84.36248
CCOSTA_2_N001,37.998693,-121.783314,71.56849
CCSUB_1_N001,38.03,-121.75,71.62259
CCSUB_2_N001,38.01999999998606,-121.75994265860079,71.59554
CCSUB_2_N010,38.01999999998606,-121.7600573413992,71.59554
CEDRCRK_6_N101,40.79116899998464,-121.93795172476342,61.49988
CENTERS_6_N001,33.928884073837764,-118.105463,102.11456
CENTERS_6_N200,33.9288029630683,-118.10551943910147,102.11456
CEN_SUB_LNODEONB,33.948054083699034,-118.255,89.74532
CEN_SUB_LNODEONC,33.94797295813763,-118.25494353789466,89.7363
CEN_SUB_LNODEOND,33.94797295813763,-118.25505646210534,89.74532
CERES_LNODEDR1,37.6088562120824,-120.956729570412,87.84294
CERES_LNODEDR3,37.6089710504,-120.956595705015,87.84294
CERES_LNODEDR4,37.6089019185376,-120.956592000755,87.84294
CERES_LNODEDR5,37.6087606610128,-120.956712881849,87.84294
CERES_LNODEDR7,37.6089324750351,-120.956712057352,87.84294
CERES_LNODEDR8,37.6090011903052,-120.956714357349,87.84294
CERTTEED_1_N001,37.059999999986665,-120.07994353791257,76.46279
CERTTEED_1_N002,37.059999999986665,-120.08005646208743,76.46279
CHALLNGE_6_N001,39.48543,-121.220509,71.195
CHANNEL_6_N001,37.95526599998612,-121.33242068885451,73.30567
CHARKA_1_N001,35.608038,-119.325523,91.64781
CHCARITA_1_N001,32.9600895309367,-117.08989329478639,101.80895
CHCARITA_1_N004,32.95991046897258,-117.08989329500262,101.80895
CHCARITA_1_N008,32.95991046897258,-117.09010670499737,101.80895
CHC_LNODE31A,38.95999999998579,-120.89994237638588,88.69946
CHC_LNODE33A,38.95999999998579,-120.90005762361412,88.69946
CHEROKEE_6_N001,38.005513,-121.237769,73.35977
CHESTER_6_N001,40.304405,-121.224282,65.27683
CHICOA_6_N001,39.71879299998543,-121.82096169136352,71.59705
CHICOA_6_N010,39.71879299998543,-121.82107830863647,71.59705
CHICOB_1_N001,39.725493999985424,-121.84718768259572,71.40772
CHICOB_1_N002,39.725493999985424,-121.84730431740428,71.40772
CHINO_6_N007,33.998301818402325,-117.67886922357054,101.75927
CHINO_6_N008,33.998301818402325,-117.67908677642946,101.75927
CHLDHOSP_1_N001,36.87,-119.81,76.29881
CHOLLAS_6_N001,32.744058749573895,-117.046316,102.49294
CHOLLAS_6_N008,32.743978125200904,-117.04626065732346,102.49294
CHOLLAS_6_N009,32.743978125200904,-117.04637134267654,102.49294
CHSTN_1_N001,38.09,-120.3,58.33334
CHWCHLLA_1_N001,37.12073295026913,-120.25055224215674,76.37263
CHWCHLLA_1_N002,37.12073295026913,-120.25066975784326,76.37263
CIG_SM_LNODESS,38.44525,-121.461543055556,87.33804
CIMA_2_N101,35.2691,-115.49292,99.67797
CITYUKH_1_B1,39.14300254479826,-123.19181754359136,70.90207
CLAIRMNT_6_N008,32.825996732119705,-117.184096,105.24337
CLAMMNA_1_N001,37.807826,-121.276142,52.4588
CLARIBEL_LNODEGFP,37.71028,-120.9688,88.11342
CLARKRD_7_N001,39.6546447946953,-121.635292,69.6496
CLARMNT_1_N001,32.82591613392796,-117.18404062431202,73.27252
CLAUS_LNODEKSN,37.639389999986214,-120.91954289863075,88.12244
CLAUS_LNODESME,37.639389999986214,-120.91965710136925,88.12244
CLAYTN_1_N001,38.34245511038229,-120.93484110965764,72.53199
CLAYTN_1_N004,37.943825,-121.969415,72.53199
CLAYTN_1_N029,38.3422748895056,-120.93484110994348,72.53199
CLAYTN_1_N030,38.3422748895056,-120.93507089005652,72.53199
CLAY_6_N001,38.34245511038229,-120.93507089034236,74.88592
CLERLKE_6_N001,39.007954999985856,-122.89377935245265,70.45004
CLERLKE_6_N012,39.007954999985856,-122.89389464754734,70.45004
CLMBAHL_6_N001,39.331874,-121.101368,70.6901
CLOUGH_LNODEIYF,37.62761111,-120.9751667,88.18555
CLOUGH_LNODEYBR,37.62761110994497,-120.97505251712948,88.18555
CLOVIS_1_N001,36.826043942491545,-119.681281,76.157
CLOVIS_1_N004,36.825963028740034,-119.68122263908639,76.19184
CLOVIS_1_N101,36.825963028740034,-119.68133936091361,76.157
CLOVRDLE_1_N001,38.795757,-123.011412,69.32304
CLRKSVLE_1_N001,38.655559898770534,-121.060175,72.19042
CLRKSVLE_1_N003,38.655479050599546,-121.06011522698469,72.19042
CLRKSVLE_1_N004,38.655479050599546,-121.0602347730153,72.19042
CLSAJCT_6_N001,39.190857,-121.990506,70.02873
CLWTER_2_N003,35.39850993300358,-118.93957167203409,72.17914
CMPEVRS_1_N001,37.041635999986624,-122.02530956161661,72.95254
CMPEVRS_1_N002,37.041635999986624,-122.02542243838339,72.95254
CNTRYCB_6_N001,37.97966036733168,-121.31639835392943,72.02662
CNTRYCB_6_N002,37.979479632557,-121.31639835421177,72.02662
CNTRYCB_6_N004,37.979479632557,-121.31662764578823,72.02662
CNTRYCB_6_N006,37.97966036733168,-121.31662764607057,72.02662
COLLEG_LNODEDR1,37.6091056801805,-120.992876143573,87.88802
COLLEG_LNODEDR2,37.6091096218649,-120.992789582042,87.88802
COLLEG_LNODEDR5,37.6090266914486,-120.992698116343,87.88802
COLLEG_LNODER15,37.6090419641747,-120.993034819943,87.88802
COLNGA1_6_N001,36.13602399998719,-120.34444457141348,75.85685
COLNGA1_6_N002,36.13602399998719,-120.34455542858652,75.85685
COLNGA2_6_N001,36.236577,-120.315114,75.56834
COLONY_6_N001,38.190132,-121.181632,74.22775
COLUMBUS_1_N001,35.398330066896115,-118.93957167228022,92.01991
COLUMBUS_1_N003,35.398330066896115,-118.93979232771979,92.01991
COLUMBUS_1_N005,35.39850993300358,-118.9397923279659,92.01991
COLUSA_6_N001,39.213610999985775,-122.00296022131043,70.20004
COLUSA_6_N004,39.213610999985775,-122.00307577868956,70.20004
COLWATER_1_N001,34.86012489309556,-116.85312978164612,103.10699
COLWATER_1_N002,34.86012489309556,-116.85324421835388,103.10699
COMMONS_LNODEDR1,37.6091045275098,-120.992962913259,87.91507
COMMONS_LNODEDR3,37.5166183000533,-120.867554724081,87.91507
COMMONS_LNODEDR4,37.516699044633,-120.867555122205,87.91507
COMMONS_LNODEDR5,37.5164895041446,-120.867550987033,87.91507
COMMONS_LNODEDR7,37.5165532160667,-120.867553025577,87.91507
COMMONS_LNODEDR8,37.5008689404211,-120.913270146673,87.91507
CONCHO_1_N002,33.785845,-116.342689,100.68317
CONTADNA_1_N001,36.29,-119.71,75.85901
CONTROLX_1_N001,37.342839,-118.471988,-7.6
CONTROL_7_N001,37.34291722503321,-118.47193119226046,-4.83541
COOPER_LNODEDR1,37.3189566034476,-120.5119493179366,87.87901
COOPER_LNODEDR2,37.31895660339336,-120.51183575699493,87.87901
COOPER_LNODEDR3,37.318866291449055,-120.51183575713138,87.87901
COOPER_LNODEDR4,37.318802431310424,-120.51191605677509,87.87901
COOPER_LNODEDR5,37.318787159360575,-120.51202798203006,87.87901
COOPER_LNODEDR6,37.31881843902539,-120.51213451388375,87.87901
COOPER_LNODEDR7,37.318884305211256,-120.51221220923813,87.87901
COOPER_LNODEDR8,37.318969657813994,-120.51224932323211,87.87901
COOPER_LNODEDR9,37.31905983488123,-120.51224311913526,87.87901
COOPER_LNODER14,37.31914244338007,-120.5121972257278,87.87901
COOPER_LNODER15,37.31920816147405,-120.51211933201114,87.87901
COOPER_LNODER16,37.31925091782716,-120.51201930357878,87.87901
COOPER_LNODER17,37.31926769919903,-120.51190771989396,87.87901
COPUS_6_N001,35.093593,-119.278466,94.73373
CORCORAN_1_N001,36.10957699998725,-119.55797958991954,76.78155
CORCORAN_1_N005,36.10957699998725,-119.55809041008045,76.78155
CORDELIA_6_N001,38.216066,-122.112082,72.23033
CORDPMP_6_N003,38.575433098781254,-121.497588,72.41065
CORNING_6_N004,39.93198099998522,-122.18732639815484,71.87655
CORNING_6_N006,39.93198099998522,-122.18744360184516,71.87655
CORONADO_6_N001,32.698823762005226,-117.173249,102.36672
CORONADO_6_N002,32.69874311898509,-117.17319367259638,102.36672
CORONA_1_N001,32.69874311898509,-117.17330432740361,72.2832
CORRAL_6_N001,38.1014979999861,-120.92635462577833,72.61389
CORRAL_6_N003,38.1014979999861,-120.92646937422167,72.60487
CORSGOLD_1_N001,37.22751499998653,-119.69108432761332,77.15411
CORSGOLD_1_N003,37.22751499998653,-119.69119767238668,77.15411
CORTEZ_LNODEDR1,37.5005587104299,-120.913235680039,71.84433
CORTEZ_LNODEDR3,37.5007571927422,-120.913267914805,71.84433
CORTEZ_LNODEDR5,37.5006522266335,-120.913263660994,71.84433
CORTEZ_LNODEDR6,37.5008124927682,-120.913424010622,71.84433
CORTEZ_LNODEDR7,37.5007095209272,-120.913352769965,71.84433
CORTINA_1_N106,39.121407,-122.224176,69.97464
COR_LNODENE1,38.55393333331922,-121.20798139654603,87.27493
COR_LNODENE3,38.55393333331922,-121.20809638123197,87.27493
COTATI_6_N101,38.30970399998603,-122.73153156284509,75.14128
COTATI_6_N102,38.30970399998603,-122.73164643715491,75.14128
COTTLEA_2_N001,37.772676259234935,-120.825545,73.25769
COTTLE_7_N001,37.77259487036768,-120.82548555286246,73.2667
COTWDPGE_1_N001,34.38040399998781,-116.87675022716886,71.40603
COVELO6_6_N001,39.78628299998532,-123.24850460152904,72.77204
CPLECEF_1_N001,37.25999999998651,-121.63994328855216,73.19551
CPLECEF_1_N005,37.25999999998651,-121.64005671144784,73.19551
CPP_LNODESS1,38.3383555554995,-121.12458988828622,87.38312
CPP_LNODESS2,38.33844566948052,-121.124475,87.38312
CRABTREE_LNODENK1,37.64506,-120.60683,88.08637
CRCANAL_6_N001,40.1384740349693,-122.208547,72.4146
CREELMAN_6_N001,33.01815871873613,-116.853026,98.5172
CREELMAN_6_N004,33.01807814061963,-116.85297051775382,98.5172
CREELMAN_6_N014,33.01807814061963,-116.85308148224618,98.5172
CRESSEY_1_N001,37.42852799998634,-120.6386900986629,76.48861
CRESTWD_6_N001,32.699023999988746,-116.35373376108788,89.81968
CROWLNDG_LNODEDR1,37.4627004272953,-120.740076630976,87.84294
CROWLNDG_LNODEDR3,37.462786962981,-120.740080933369,87.84294
CROWLNDG_LNODEDR4,37.462613876709,-120.740078364387,87.84294
CROWLNDG_LNODEDR5,37.4625421344261,-120.740074305354,87.84294
CROWLNDG_LNODEDR7,37.4627827502437,-120.740270351347,87.84294
CRUSHER_6_N001,37.021645,-122.154383,74.32006
CRWSLDG_6_N001,37.377307,-121.085672,69.41372
CRYSTLSG_6_N001,37.528913,-122.361067,73.86147
CSG_LNODESS,38.51068967879612,-121.47509029333828,87.32903
CSTRVLLE_1_N001,36.762604151493385,-121.73625384675147,70.60838
CURTIS1_7_N001,37.974949221777045,-120.320668,56.54817
CURTISS_1_N101,37.974867889096444,-120.32072756943327,56.42195
CYMRIC_1_N001,35.31,-119.63,90.98842
DAIRYLND_1_N001,37.055221,-120.317015,75.82922
DALYCTY_1_N001,37.69180126214444,-122.455704,73.89998
DALYCTY_1_N005,37.69171986891291,-122.45564461457239,73.89998
DANISHCM_1_N001,36.71900181109094,-119.76576504300833,76.1492
DAVIS_1_N001,39.06008956957949,-121.70988464738468,73.07277
DAVIS_1_N007,39.05991043030674,-121.70988464767737,73.07277
DAVIS_1_N012,39.05991043030674,-121.71011535232263,73.07277
DECPTSG_2_N001,38.05999999998602,-121.86994264179833,72.26151
DECPTSG_2_N018,38.05999999998602,-121.87005735820168,72.26151
DEEPWATR_1_N101,38.55162999998592,-121.56020750817653,73.08958
DEEPWATR_1_N104,38.55162999998592,-121.56032249182347,73.08958
DELAMO_2_N001,33.84836303124857,-118.096994,102.27807
DELAMO_2_N014,33.84828198436281,-118.09693765855927,102.27807
DELAMO_2_N022,33.84828198436281,-118.09705034144073,102.27807
DELMAR_6_N001,38.7988788301003,-121.220655,102.4581
DELMAR_6_N001A,38.798798084934575,-121.22059518327069,71.80931
DELMAR_6_N005,38.798798084934575,-121.22071481672931,71.80931
DELMAR_6_N010,32.980789999988666,-117.25535963525417,102.4581
DELMAR_6_N011,32.980789999988666,-117.25546636474583,102.4581
DELMNTE_1_N010,36.599053999987,-121.8539621246086,71.42883
DELMNTE_1_N201,36.599053999987,-121.85407387539139,71.42883
DESCANSO_6_N001,32.86524,-116.633752,90.63112
DEVLDNPP_6_N003,35.774930999987355,-119.97393475743563,82.47918
DEVLSDN_6_N001,35.774930999987355,-119.97404524256437,82.34394
DFS_1_N001,36.72,-120.6,72.52082
DIABLO1_7_N001,35.215922999950024,-120.84743471985068,72.14337
DIABLO2_7_N001,35.215922999950024,-120.84765528014933,72.14337
DIABLOCN_2_N001,35.21601309719158,-120.847545,84.54414
DINUBAE_7_N001,36.56893330486095,-119.41841731957626,76.27421
DINUBA_6_N001,36.56893330486095,-119.41864068042374,76.34634
DINUBA_6_N005,36.56911269503489,-119.41864068068313,76.34634
DIRYVLLE_6_N001,40.12799,-122.097838,73.767
DIVISION_6_N001,32.6815959999886,-117.12003376624276,102.33066
DIVISION_6_N009,32.6815959999886,-117.12014023375725,102.33066
DIXON-J1_6_N101,38.44545401121386,-121.826237,72.22253
DIXONLD_1_N001,37.457825231051295,-121.921353,74.23235
DIXONLD_1_N002,37.457743884459624,-121.92129383478914,74.23235
DIXONLD_1_N008,37.457743884459624,-121.92141216521087,74.23235
DIXON_6_B1,38.445372994377905,-121.8261772770627,72.23155
DIXON_6_N002,38.445372994377905,-121.8262967229373,72.23155
DMNDSPR_1_N001,38.69304699998593,-120.82566347343,72.00109
DMNDSPR_1_N003,38.69304699998593,-120.82577852656999,72.00109
DOBBINS_6_N001,39.339604,-121.197378,70.58191
DOLANRD_1_N001,36.800296,-121.769123,70.5092
DOMTAR_1_N001,38.13,-121.65,71.63161
DONNER_LNODE07,39.327305,-120.281812,87.50935
DONPEDRO_LNODENSS,37.6962503274167,-120.4206077500803,87.83393
DOSPALS_6_N001,36.97484,-120.635012,72.74011
DUKMOSS1_7_N001,36.85999999998676,-121.76005620188538,69.94119
DUKMOSS2_7_N001,36.84999999994714,-121.75988762218331,69.94119
DUKMOSS3_7_N001,36.84999999994714,-121.76011237781668,69.94119
DUKMOSS3_7_N002,36.85008992566386,-121.76,69.94119
DUKMOSS4_7_N001,36.84999999994714,-121.71988762218332,69.93218
DUKMOSS5_7_N001,36.83999999998681,-121.72005617595099,69.93218
DUKMOSS6_7_N001,36.84999999994714,-121.72011237781669,69.93218
DUKMOSS6_7_N002,36.85008992566386,-121.72,69.93218
DUMBARTN_1_N001,37.557155251259346,-122.057606,73.18893
DUMBARTN_1_N003,37.55707387435557,-122.05754673393427,73.18893
DUMBARTN_1_N011,37.55707387435557,-122.05766526606573,73.18893
DUNBAR_6_N001,38.38322299998598,-122.52777754540057,73.13972
DUNBAR_6_N002,38.38322299998598,-122.52789245459942,73.13972
DUNHILL_6_N001,32.901543,-117.229958,102.21467
DUNLAP_6_N001,36.64502999998689,-119.15909106962141,76.59878
DUNNIGAN_6_N001,38.924808,-121.989951,72.92287
DUNNSIDE_1_N001,35.03321,-116.467335,101.99567
EAGLEMTN_2_N001,33.82005401596653,-115.44,100.32177
EAGLEMTN_2_N002,33.8199729920039,-115.43994369314599,100.32177
EAGLROCK_2_N001,38.8293359999859,-122.81077743066047,101.58628
EAGLROCK_2_N012,38.8293359999859,-122.81089256933953,101.58628
EASTGATE_6_N101,32.88493613808494,-117.20083859603457,102.30483
EASTGATE_6_N201,32.88493613808494,-117.20094940396542,102.30483
EBMUDGRY_1_N001,37.93,-122.04,72.86558
ECY_LNODE101,38.55445658675582,-121.43093112608555,87.29296
ECY_LNODE102,38.55427674646514,-121.4309311263732,87.29296
ECY_LNODE103,38.55427674646514,-121.43116109584881,87.29296
ECY_LNODE104,38.55445658675582,-121.43116109613645,87.29296
EDENVALE_1_N001,37.24503626216962,-121.7958386130011,72.33532
EDENVALE_1_N004,37.24485573772219,-121.79583861327271,72.33532
EDENVALE_1_N006,37.24485573772219,-121.79606538672729,72.33532
EDENVALE_1_N008,37.24503626216962,-121.7960653869989,72.33532
EDES_1_N001,37.738786999986225,-122.19371982090533,74.78599
EDES_1_N003,37.738786999986225,-122.19383417909467,74.78599
EDMON1AP_7_N001,34.986313,-118.738787,103.61075
EDMON2AP_7_N001,34.986312999950265,-118.73867680688261,103.61075
EDMON3AP_7_N001,34.98622271993701,-118.73867680700413,103.62878
EDMON3AP_7_N002,34.98615888237297,-118.73875472524391,103.62878
EDMON4AP_7_N001,34.98614361582445,-118.738863331203,103.62878
EDMON4AP_7_N002,34.98617488443967,-118.73896670370384,103.62878
EDMON5AP_7_N001,34.98624072734969,-118.73904209487607,103.62878
EDMON5AP_7_N002,34.986326049781965,-118.73907810817316,103.62878
EDMON6AP_7_N001,34.986416194964555,-118.73907208804029,103.62878
EDMON6AP_7_N002,34.98649877424742,-118.73902755565565,103.62878
EDMON7AP_7_N001,34.98656446909455,-118.73895197200041,103.62878
EDMON7AP_7_N002,34.98660721032227,-118.7388549100885,103.62878
EDMON8AP_7_N001,34.98662398575978,-118.738746635625,103.62878
EDMON8AP_7_N002,34.986614439197844,-118.738637059907,103.62878
EDWARDS_1_N001,34.991871,-117.890005,107.17944
EELRIVR_6_N001,40.602658,-124.210199,43.45012
EIGHTMI_2_N017,38.058077,-121.375292,71.4418
EISENHOW_1_N001,33.830599,-116.497612,101.13519
EISEN_6_N001,35.35714,-118.97131,91.76746
ELCAJNGT_7_N001,32.795346131065216,-116.97233863745876,133.56029
ELCAJNGT_7_N004,32.795346131065216,-116.97244936254124,133.49718
ELCAPTN_1_N001,37.335801999986415,-120.50517320028958,76.11896
ELCAPTN_1_N004,37.335801999986415,-120.50528679971042,76.11896
ELCAPTN_1_N005,37.365512,-120.578993,76.11896
ELCRRTO_1_N001,37.91620499998609,-122.30313670905946,73.21842
ELCRRTO_1_N023,37.91620499998609,-122.30325129094054,73.21842
ELKCREEK_6_N001,39.12957472883464,-123.711777,80.28848
ELKHIL1G_7_N001,35.22604999998747,-119.37772885850012,90.85684
ELKHIL2G_7_N001,35.22604999998747,-119.37783914149988,90.85684
ELK_6_N001,39.1294941355673,-123.71183698354646,72.30856
ELK_SM_LNODENE2,38.37273738362879,-121.354256944444,87.34706
ELK_SM_LNODENE7,38.372656308170484,-121.35419723840097,87.35608
ELK_SM_LNODENE8,38.372656308170484,-121.35431665048702,87.35608
ELLIOTT_6_N001,32.81585999998874,-117.08840071898302,103.91243
ELLIOTT_6_N004,32.81585999998874,-117.08850728101697,103.91243
ELLIS_6_N001,37.716505,-121.548766,101.93959
ELLIS_6_N105,33.685126,-117.943596,101.93959
ELLSGTY_1_N001,33.685294,-117.943088,73.1239
ELNIDO_1_N004,37.12061299998659,-120.47270746040512,74.73585
ELNIDO_2_N001,37.12061299998659,-120.47282053959488,103.00179
ELNIDO_2_N012,33.89624399998809,-118.37271472929694,103.00179
ELNIDO_7_N001,33.89624399998809,-118.37282327070305,74.73585
ELPATIO_1_N001,37.29223717683988,-121.935913,73.92336
ELPATIO_1_N006,37.29215591156547,-121.93585402427247,73.92336
ELPATIO_1_N015,37.29215591156547,-121.93597197572753,73.92336
ELV_LNODENE1,38.71426666661026,-121.47683299057677,87.21182
ELV_LNODENE2,38.71418891290697,-121.47689052312896,87.21182
ELV_LNODENE3,38.71418891290697,-121.47700558798303,87.21182
ELV_LNODENE4,38.71426666661026,-121.47706312053523,87.21182
ELV_LNODENE5,38.71434442039811,-121.4770055881082,87.21182
ELV_LNODENE6,38.71434442039811,-121.4768905230038,87.21182
EMBRCDR_2_N001,37.780090430972514,-122.37988558363396,73.55737
EMBRCDR_2_N008,37.77990956891692,-122.37988558391392,73.55737
EMBRCDR_2_N101,37.77990956891692,-122.38011441608609,73.55737
EMBRCDR_2_N104,37.780090430972514,-122.38011441636604,73.55737
EMRLDLE_6_N001,37.462178,-122.277933,73.46476
EMRYSVE_1_N001,39.163430999985756,-121.56151425780503,71.17941
EMRYSVE_1_N003,39.163430999985756,-121.56162974219497,71.17941
ENCINAL_6_N001,39.247383,-121.637248,71.81832
ENCINA_1_N001,33.13699513479889,-117.33531843066032,101.93762
ENCINA_1_N049,33.13699513479889,-117.33542956933968,101.93762
ENCNITAS_6_N001,33.05068472041646,-117.285325,102.71957
ENCNITAS_6_N004,33.05060413977941,-117.28526949553299,102.71957
ENCNITAS_6_N011,33.05060413977941,-117.285380504467,102.71957
ENSLEN_LNODEHKQ,37.65224426097517,-121.0013,88.12244
ENSLEN_LNODELOU,37.65216286949752,-121.00124064749899,88.12244
ENSLEN_LNODEWFN,37.65216286949752,-121.00135935250101,88.12244
ERTA_6_N001,36.930594,-121.763827,72.20421
ESCNDIDO_6_N001,33.12543545233769,-117.116857,101.3065
ESCNDIDO_6_N046,33.12552499995441,-117.11696392572938,101.3065
ESCNDIDO_6_N053,33.12561454766245,-117.116857,101.3065
ESCO_6_N001,33.115770727187964,-117.089119,100.94463
ESCO_6_N004,33.11569013639368,-117.08906344744015,100.94463
ESQUON_6_N001,39.607876,-121.768445,71.65115
ESTGRND_1_N001,37.653951261060854,-122.403031,73.89998
ESTGRND_1_N005,37.65386986945481,-122.402971646041,73.89998
ESTGRND_1_N009,37.65386986945481,-122.403090353959,73.89998
ESTPRTL_1_N001,37.876677,-122.186415,73.05614
ESTQNCY_6_N001,39.938128,-120.910322,61.96796
ETIWANDA_6_N001,34.0883812512724,-117.5255740237224,101.51584
ETIWANDA_6_N003,34.08814499998799,-117.52552751207779,101.51584
EUREKAA_6_N001,40.793883999984665,-124.18290627263764,42.95424
EUREKA_6_N001,40.793883999984665,-124.18302572736236,42.91817
EVRGREEN_1_N001,37.303338999986465,-121.8408102375639,73.71599
EVRGREEN_1_N019,37.303338999986465,-121.84092376243609,73.71599
EXXONBH_7_N001,38.08095331088854,-122.13762073299924,72.87826
FAIRGRND_LNODEDR1,37.5006945896515,-120.867048786933,87.89704
FAIRGRND_LNODEDR3,37.5005735349484,-120.866718665766,87.89704
FAIRGRND_LNODEDR4,37.5005721589657,-120.866803820595,87.89704
FAIRGRND_LNODEDR5,37.5005181954718,-120.867051337755,87.89704
FAIRGRND_LNODEDR7,37.5005718981617,-120.866887330714,87.89704
FAIRGRND_LNODEDR8,37.5005716373084,-120.866970837622,87.89704
FAIRHAVN_6_N001,40.80028,-124.195714,44.61318
FAIRWAY_1_N001,34.91059499998762,-120.44635292480474,86.26451
FAIRWAY_1_N002,34.91059499998762,-120.44646307519525,86.26451
FAMOSO_1_N001,35.60500099998741,-119.20248280260235,91.83715
FARREL_1_N001,33.85654399998807,-116.49686777574072,100.88274
FARREL_1_N002,33.85654399998807,-116.49697622425927,100.88274
FAR_SUB_LNODEONA,34.03809021316632,-118.37089113436087,89.69122
FAR_SUB_LNODEONB,34.0379097867377,-118.37089113459244,89.69122
FAR_SUB_LNODEONC,34.0379097867377,-118.37110886540755,89.70024
FAR_SUB_LNODEOND,34.03809021316632,-118.37110886563912,89.69122
FELICITA_6_N001,33.093263724336374,-117.073637,101.56674
FELICITA_6_N005,33.09318313781945,-117.07358146461416,101.56674
FELICITA_6_N009,33.09318313781945,-117.07369253538583,101.56674
FELLOWSG_7_N001,35.195188999987465,-119.58505586292793,91.16874
FIGARDN_2_N001,36.8220309999868,-119.85852484727552,76.21767
FIGARDN_2_N101,36.8220309999868,-119.85863715272448,76.19964
FINNEY_LNODESNV,37.627520677678156,-120.9751667,88.14047
FIREBAGH_6_N001,36.850688,-120.466577,73.51793
FIREHOUS_LNODEBUSH,34.8569,-114.6245,89.05109
FIY_LNODE0LD,38.762778,-121.356944,87.2028
FLINT_1_N001,38.88530299998586,-121.06669540924167,72.74191
FMC_1_N001,37.347699999986396,-121.92219018683774,74.22211
FMC_1_N003,37.347699999986396,-121.92230381316226,74.22211
FOOTHILL_1_N001,35.27,-120.7,85.46284
FORSTHL_6_N001,39.01927,-120.830271,72.15994
FORTORD_6_N001,36.643363,-121.792138,71.69931
FORTRSS_6_N001,38.539559,-123.223713,75.42979
FOSTERW_7_N001,38.02007534657929,-122.06127131707333,72.50616
FRANKLIN_6_N003,38.012317,-122.264655,73.94872
FRA_SM_LNODENE1,38.38101134187077,-121.4768906014164,87.35608
FRA_SM_LNODENE2,38.380933333277234,-121.47683314740071,87.35608
FRA_SM_LNODENE3,38.38085532476781,-121.47689060154032,87.35608
FRA_SM_LNODENE4,38.38085532476781,-121.47700550957168,87.35608
FRA_SM_LNODENE5,38.380933333277234,-121.47706296371129,87.35608
FRA_SM_LNODENE6,38.38101134187077,-121.4770055096956,87.35608
FREDONIA_LNODELD,34.1733,-114.574,88.6093
FREMNT_1_N001,37.54118124868743,-121.962063,73.88072
FREMNT_1_N007,37.54109987564155,-121.96200374944321,73.88072
FREMNT_1_N013,37.54109987564155,-121.96212225055679,73.88072
FRIARS_1_N001,32.77904499998872,-117.15675673371696,101.86305
FRIARS_1_N009,32.77904499998872,-117.15686326628304,101.86305
FRNCHGLH_6_N001,40.68692,-122.641204,69.58602
FROGTOWN_7_N001,38.056504,-120.53381,56.99443
FRTSWRD_6_N001,40.21377199998503,-123.59658599020719,53.23661
FRUITLND_6_N001,40.28584,-123.837372,51.7502
FRUITVLE_6_N001,35.376774999987504,-119.0924868388967,91.69533
FRUITVLE_6_N101,35.376774999987504,-119.09259716110328,91.69533
FSTREET_LNODEDR1,37.4895796064313,-120.838424090027,87.89704
FSTREET_LNODEDR3,37.4896984214952,-120.838270217479,87.89704
FSTREET_LNODEDR4,37.4896152090171,-120.838173674241,87.89704
FSTREET_LNODEDR5,37.4894938869083,-120.83833925837,87.89704
FTCHMTN_6_N001,38.60608399998592,-122.85282549557644,74.13148
FTCHMTN_6_N003,38.60608399998592,-122.85294050442356,74.13148
FTL_LNODENE1,38.69308721315885,-121.348651111111,87.22084
FTL_LNODENE2,38.693006393405355,-121.34859132777218,87.22084
FTL_LNODENE3,38.693006393405355,-121.34871089444981,87.22084
FULTON_2_N010,38.49657200829278,-122.75943026543568,71.57995
FULTON_2_N049,38.49657200829278,-122.75954973456432,71.57995
F_6_N001,32.75497274686537,-117.126027,106.5247
F_6_N002,32.75489212655523,-117.12597165333155,106.5247
F_6_N005,32.75489212655523,-117.12608234666845,106.5247
GABILAN_6_N001,36.731511,-121.61325,72.71812
GALE_1_N001,34.85946599998758,-116.86535894183864,103.12502
GANSNER_6_N101,39.939187,-120.948157,66.52104
GANSO_1_N001,35.501698,-119.449132,91.1339
GARCIA_6_N001,38.88879,-123.550318,72.59707
GAREY_1_N002,34.98,-120.26,86.05592
GARFIELD_6_N001,32.795125,-116.996848,127.25561
GARNET_7_N001,33.93858299995228,-116.57633536031197,100.70242
GEER_LNODEDR1,37.52250334748,-120.843709746797,87.88802
GEER_LNODEDR2,37.5224993081714,-120.843588348711,87.87901
GEER_LNODEDR3,37.5224318250334,-120.843496861832,87.87901
GEER_LNODEDR4,37.5224297824039,-120.843426269924,87.87901
GEER_LNODEDR5,37.5224263420376,-120.843557323915,87.88802
GEER_LNODEDR7,37.5224225565731,-120.843630755159,87.88802
GEER_LNODEDR8,37.522425898329,-120.843709042834,87.88802
GENESEE_6_N001,32.87974054062765,-117.2133823800825,102.34991
GENESEE_6_N005,32.87956145928191,-117.21338238029792,102.34991
GENESEE_6_N011,32.87956145928191,-117.21359561970208,102.34991
GENESEE_6_N015,32.87974054062765,-117.2135956199175,102.34991
GENE_2_N001,34.3,-114.23,100.35708
GERBER_6_N101,40.064207,-122.156114,73.70389
GEYSR5-6_7_N001,38.777006613720275,-122.74238837921152,68.16899
GIFFEN_6_N001,36.545076,-120.334519,74.4432
GILROYF_1_N001,37.14,-121.58,70.96489
GILSTRAP_LNODEDR1,37.5800948624588,-120.975549487551,87.84294
GILSTRAP_LNODEDR3,37.5801662132492,-120.9757670064,87.84294
GILSTRAP_LNODEDR5,37.5799830759229,-120.975550499689,87.84294
GILSTRAP_LNODEDR7,37.58017229934,-120.975552395649,87.84294
GILSTRAP_LNODEDR8,37.5801700030066,-120.975645212521,87.84294
GILSTRAP_LNODER17,37.5801611951015,-120.976018315921,87.84294
GIRVAN_6_N001,40.51347,-122.378916,72.24452
GLENCLIF_6_N001,32.798367,-116.498315,90.20737
GLENSHIR_LNODERE,39.352238,-120.08626,87.05855
GLENWOOD_6_N001,37.45733023092607,-122.186967,74.74748
GLENWOOD_6_N004,37.457248884522265,-122.18690783531744,74.74748
GLENWOOD_6_N005,37.457248884522265,-122.18702616468256,74.74748
GLRYCGG1_7_N001,37.12999999998655,-121.5600565514771,70.84768
GOLDTREE_1_N001,35.32012199998752,-120.69284284611503,85.54398
GOLDTREE_1_N002,35.32012199998752,-120.69295315388497,85.54398
GOLETA_6_N200,34.46880142976412,-119.88445868708224,104.9439
GONZALES_6_N001,36.50885299998702,-121.44685522795733,71.71735
GONZALES_6_N003,36.50885299998702,-121.44696677204267,71.71735
GORMAN_6_N001,34.8014,-118.818908,103.92631
GOSELKE_1_N001,35.601596,-119.579654,91.48552
GOULD_2_N001,34.22145799998786,-118.18701737338756,101.61333
GOULD_2_N007,34.22145799998786,-118.18712662661244,101.61333
GRANDIS_1_N004,38.23108199998597,-121.59029758372996,72.28471
GRANDIS_1_N009,38.23108199998597,-121.59041241627003,72.28471
GRANITE_6_N001,32.804473,-116.92086,133.51521
GRANITE_6_N007,32.804472999954854,-116.9207534473782,133.51521
GRANITE_6_N008,32.80438343993102,-116.92086,133.51521
GRANITE_6_N009,32.804472999954854,-116.92096655262179,133.51521
GRANTRK_6_N001,37.67099326174171,-122.160116,73.53858
GRANT_1_N001,37.67091186911436,-122.16005663166834,72.90944
GRANT_1_N005,37.67091186911436,-122.16017536833166,72.91845
GRBRVLLE_6_N001,40.10263,-123.792873,55.41727
GRDNEAST_1_N101,36.47999999998696,-119.60994425959105,76.03322
GRDNEAST_1_N102,36.47999999998696,-119.61005574040897,76.03322
GRDNWEST_1_N001,36.59,-119.57,76.00617
GREENBRE_6_N001,37.93780399998614,-122.51415869769995,74.38393
GREENBRE_6_N003,37.93780399998614,-122.51427330230004,74.38393
GRIMWAY_1_N001,35.27,-118.87,92.10105
GRNTHLL_1_N001,32.80456256006898,-116.92086,101.74584
GRNVALY_1_N001,36.952139010813255,-121.76018,72.10504
GRNVALY_1_N011,36.95205799457908,-121.76012146857028,72.10504
GRSSVLY_6_N101,39.209514,-121.061004,71.51056
GRYSFLT_6_N001,40.021612,-121.065532,66.17843
GUALALA_6_N001,38.786699,-123.522777,77.54855
GUSTINE_6_N001,37.253223999986524,-121.01302629664288,71.11775
GUSTINE_6_N002,37.253223999986524,-121.01313970335713,71.11775
GYSRVLLE_6_N001,38.70981887157317,-122.907957,74.63638
GYSRVLLE_6_N003,38.70973806419826,-122.90789721183104,74.63638
HALSEYF_7_N001,38.90131699998584,-121.08772559737287,73.03164
HAL_SUB_LNODEON1,33.84769999998815,-118.30334578612137,89.74532
HAL_SUB_LNODEONA,33.84769999998815,-118.30345421387864,89.77237
HAMILTON_6_N001,39.746242,-122.011361,70.83069
HAMMER_6_N001,38.02138220754234,-121.320367,72.3512
HAMMER_6_N003,38.02130089621381,-121.32030740848892,72.3512
HAMMER_6_N004,38.02130089621381,-121.32042659151108,72.3512
HAMMONDS_1_N001,36.72011,-120.603287,72.31589
HARBORG_7_N101,33.770089981295506,-118.25010824500784,102.70427
HARDING_6_N001,37.963708999986125,-121.29050568468435,73.69336
HARDING_6_N004,37.963708999986125,-121.29062031531565,73.69336
HARDWICK_6_N001,36.404261,-119.68624,76.63729
HARRIS_6_N001,40.78104299998464,-124.13194328500423,43.90092
HARRIS_6_N003,40.78104299998464,-124.13206271499577,43.90092
HARTER_6_N001,39.14325399998575,-121.6480072716394,70.59337
HARTER_6_N003,39.14325399998575,-121.6481227283606,70.59337
HARTLEY_6_N001,39.077268,-122.932322,70.68446
HAR_GS_LNODE10AUX,33.77070285420546,-118.26588005129787,89.74532
HAR_GS_LNODE11AUX,33.770785160786886,-118.2658363056699,89.75433
HAR_GS_LNODE12AUX,33.77085063868779,-118.26576205737284,89.75433
HAR_GS_LNODE13AUX,33.770893238769126,-118.26566671029164,89.74532
HAR_GS_LNODE14AUX,33.77090995880947,-118.26556034876025,89.74532
HAR_GS_LNODE1AUX,33.770900443776654,-118.26545270896402,89.75433
HAR_GS_LNODE2AUX,33.770866485380765,-118.26535246672638,89.75433
HAR_GS_LNODE5AUX,33.77081149182394,-118.26526678898045,89.75433
HAR_SUB_LNODEONA,33.77073997374512,-118.26520109800133,89.75433
HAR_SUB_LNODEONB,33.77065707494083,-118.26515900180253,89.76335
HAR_SUB_LNODEONC,33.77056816417163,-118.26514234955444,89.75433
HATTON_6_N001,36.55679,-121.897162,71.79849
HAWKINS_LNODEDR1,37.5799617816957,-120.645598336747,87.86097
HAWKINS_LNODEDR3,37.5799481743814,-120.645311774451,87.86097
HAWKINS_LNODEDR5,37.5798175544824,-120.645562968772,87.86097
HAWKINS_LNODEDR7,37.5799502934699,-120.645479899093,87.86097
HAY_GS_LNODE10AUX,33.765034221459466,-118.09919670179296,89.70925
HAY_GS_LNODE12AUX,33.76505094051277,-118.09909035381168,89.70925
HAY_GS_LNODE14AUX,33.765041426041684,-118.09898272772843,89.70925
HAY_GS_LNODE15AUX,33.7650074696504,-118.0988824982613,89.70024
HAY_GS_LNODE9AUX,33.7649524793399,-118.09879683143038,89.70925
HAY_LNODESS1,33.76488096548275,-118.09873114881994,89.70925
HAY_LNODESS2,33.76479807157197,-118.09868905798392,89.70925
HED_LNODENE1,38.50998333333333,-121.355746944444,87.32001
HED_LNODENE2,38.50998333327719,-121.35563197930773,87.32001
HED_LNODENE3,38.50989337309517,-121.35563197945136,87.32001
HED_LNODENE4,38.50982976169183,-121.355713272007,87.32001
HED_LNODENE5,38.50981454922492,-121.35582658122124,87.32001
HED_LNODENE6,38.509845707051696,-121.35593443034743,87.32001
HED_LNODENE7,38.509911316684935,-121.35601308641768,87.32001
HED_LNODENE8,38.50999633683837,-121.3560506593429,87.32001
HENRITTA_6_N101,36.24160599998715,-119.9029965105001,75.51593
HERDLYN_6_N001,37.816383,-121.586176,71.78366
HERSHEY_LNODESLL,37.75083,-120.8453,88.27571
HERSHEY_LNODEXF1,37.7508299999447,-120.8451856244636,88.27571
HERSHEY_LNODEXF2,37.75073956547022,-120.8453,88.27571
HERSHEY_LNODEXF3,37.7508299999447,-120.84541437553641,88.27571
HERSHEY_LNODEXF4,37.750920434529704,-120.8453,88.27571
HICKS_2_N001,37.234159254320986,-121.90015163922017,72.56974
HICKS_2_N002,37.23397874557105,-121.9001516394916,72.56974
HICKS_2_N007,37.23397874557105,-121.90037836050841,72.56974
HIDESERT_2_N001,34.145263999987954,-116.18586145110677,101.80191
HIDESERT_2_N018,34.145263999987954,-116.18597054889322,101.80191
HIGGINS_1_N001,39.043590575891166,-121.09071766620363,72.54141
HIGGINS_1_N002,39.04341142399536,-121.0907176664961,72.54141
HIGGINS_1_N004,39.04341142399536,-121.09094833350389,72.54141
HIGHLD_1_N001,38.93741777608508,-122.609034,69.21485
HIGHLD_1_N005,38.937337111942234,-122.60909387327588,69.21485
HIGHWAY_1_N001,38.166048151820924,-122.253616,73.98723
HIGHWAY_1_N002,38.16596692407439,-122.25355635179834,73.98723
HILLSDLE_6_N001,37.536271,-122.322394,74.03644
HILLSIDE_1_N001,37.879999999986126,-122.23994272916374,72.85778
HILLSIDE_1_N004,37.879999999986126,-122.24005727083625,72.85778
HILMAR_LNODEDR1,37.4189785637285,-120.849304571346,87.91507
HILMAR_LNODEDR2,37.4188603223578,-120.849075716434,87.90605
HILMAR_LNODEDR4,37.4189333711687,-120.849077780203,87.91507
HILMAR_LNODEDR5,37.4188652133943,-120.849148221032,87.90605
HILMAR_LNODEDR7,37.4188555229834,-120.849223847561,87.90605
HILMAR_LNODER17,37.4189123657556,-120.849307362712,87.91507
HINSON_6_N001,33.81885999995258,-118.22236564005779,102.71328
HLFMNBY_6_N002,37.46874323375435,-122.43018,74.7487
HLFMNBY_6_N004,37.46866188310803,-122.43012082319957,74.7487
HLFMNBY_6_N101,37.46866188310803,-122.43023917680043,74.7487
HMBLTBY_6_N003,40.78280899998469,-124.11247771670773,42.17886
HOBARTTP_LNODE19,39.400047,-120.149888,87.05855
HOLLISTR_1_N001,36.862728962246265,-121.405867,71.6903
HOLLISTR_1_N004,36.86264801886252,-121.40580858969733,71.6903
HOLLISTR_1_N101,36.86264801886252,-121.40592541030266,71.6903
HOMEGRND_1_N001,38.96,-122.84,69.2419
HOMEPROC_1_N001,38.94,-122.85,69.22387
HONCUT_1_N001,39.320099,-121.595289,70.64502
HOOPA_6_N001,41.056514,-123.682252,51.07766
HORSESHE_1_N001,38.744281999985915,-121.16156545871566,72.3252
HORSESHE_1_N002,38.744281999985915,-121.16168054128434,72.3252
HPLNDJT_6_N001,38.972898,-123.081134,70.21563
HSK_LA_LNODEKSS,34.487,-118.514,89.44779
HUGHSON_LNODEDR1,37.5949433309328,-120.846755674049,87.79786
HUGHSON_LNODEDR2,37.5949478453779,-120.846639431615,87.79786
HUGHSON_LNODEDR3,37.5948895849844,-120.846669736494,87.79786
HUGHSON_LNODEDR4,37.5949564824944,-120.846831604577,87.79786
HUGHSON_LNODEDR5,37.594883530932,-120.846800432358,87.79786
HUGHSON_LNODEDR8,37.5948895004896,-120.84669840193,87.79786
HUNT1G_7_N002,33.64610399995311,-117.97753404459904,101.93959
HUNT2G_7_N002,33.645950581890766,-117.97761038065147,101.93959
HUNT3G_7_N002,33.64596651133317,-117.97781805443613,101.93959
HUNT4G_7_N002,33.646116990569396,-117.97792719657157,101.93959
HURLEY_LNODE12LD3,38.587283,-121.418244,88.80765
HURON_6_N001,36.185797,-120.104535,74.95525
HUR_LNODENE1,38.58818333333333,-121.418666944444,87.2569
HUR_LNODENE2,38.58818333327699,-121.41855194404475,87.2569
HUR_LNODENE3,38.58810548632912,-121.41860944430671,87.2569
HUR_LNODENE4,38.58810548632912,-121.41872444458129,87.2569
HUR_LNODENE5,38.58818333327699,-121.41878194484326,87.2569
HUR_LNODENE7,38.58826118030932,-121.41872444470597,87.2569
HUR_LNODENE8,38.58826118030932,-121.41860944418204,87.2569
HWD_SUB_LNODEONA,34.088090251059334,-118.34689102435425,89.71827
HWD_SUB_LNODEONB,34.0879097488445,-118.34689102458658,89.71827
HWD_SUB_LNODEONC,34.0879097488445,-118.34710897541342,89.71827
HWD_SUB_LNODEOND,34.088090251059334,-118.34710897564575,89.71827
HYATT_2_N212,39.54,-121.47,71.02905
IBM-CTLE_1_N001,37.33,-121.74,72.33532
IBM-HRRS_1_N001,37.339999999986375,-121.73994319553019,72.23614
IBM-HRRS_1_N101,37.339999999986375,-121.74005680446982,72.23614
IGNACIO_1_N102,38.07555099998604,-122.54000436436782,72.31025
IMHOFF_1_N001,38.001509,-122.066739,73.0381
IMPRLBCH_6_N001,32.58332899998902,-117.09716179037093,102.34869
IMPRLBCH_6_N004,32.58332899998902,-117.09726820962906,102.33967
INDIANW_1_N001,33.75822999998817,-116.36079489140164,100.71022
INDIANW_1_N005,33.75822999998817,-116.36090310859835,100.71022
INDNFLT_6_N001,37.66547,-119.841331,88.59711
INDUSTRL_LNODEDR1,37.4786063003132,-120.866935168966,87.90605
INDUSTRL_LNODEDR2,37.4784258031614,-120.866836967643,87.90605
INDUSTRL_LNODEDR3,37.4784244272802,-120.866662034426,87.90605
INDUSTRL_LNODEDR5,37.4785292936467,-120.866935824384,87.90605
INDUSTRL_LNODEDR7,37.4784403782944,-120.866928290638,87.90605
INDUSTRL_LNODEDR8,37.4784247171011,-120.866748607625,87.90605
INGRMC_1_N001,37.83,-121.17,65.32674
INYOKERN_1_N001,35.65261399998741,-117.79478579202693,105.70316
INYOKERN_1_N008,35.65261399998741,-117.79489620797307,105.70316
IRONMTN_2_N001,34.16,-115.12,100.11976
IUKA_6_N001,37.665987,-121.831011,72.91967
JACINTO_6_N001,39.582923,-122.010645,70.9479
JAMACHA_6_N001,32.744163749547276,-116.957239,132.76688
JAMACHA_6_N006,32.74408312521416,-116.95718365728564,132.76688
JAMACHA_6_N015,32.74408312521416,-116.95729434271436,132.76688
JAMESON_1_N001,38.205743,-122.147539,73.41265
JANSCRK_6_N001,40.905394259900845,-124.072573,45.83034
JANSCRK_6_N003,40.90531287003298,-124.0725108262728,45.83034
JARVIS_1_N014,37.59572442721241,-122.01803387245575,74.29668
JARVIS_1_N016,37.595543572677634,-122.01803387273313,74.29668
JARVIS_1_N017,37.595543572677634,-122.01826212726687,74.29668
JARVIS_1_N101,37.59572442721241,-122.01826212754425,74.29668
JCBSCRNR_6_N001,36.22245499998718,-119.77977650530629,75.81346
JCBSCRNR_6_N003,36.22245499998718,-119.77988749469371,75.81346
JENNY_1_N001,37.769999999986226,-122.25994279875593,74.72288
JENNY_1_N008,37.769999999986226,-122.26005720124407,74.72288
JESSUP_1_N001,40.462102,-122.328061,71.58757
JMSCNPMP_1_N001,38.19,-122.47,73.00448
JOHANNA_2_N001,33.71362395818503,-117.852576,102.08263
JOHANNA_2_N007,33.71354302089469,-117.85251982319095,102.08263
JOLON_6_N001,36.013308,-121.167635,69.64809
KAMM_1_N001,36.58,-120.52,72.36219
KANAKA_1_N001,39.439999999985574,-121.38994201903363,68.44389
KEARNEY_6_N001,36.704357999986875,-119.88278399673257,75.66525
KEARNEY_6_N099,36.704357999986875,-119.88289600326743,75.66525
KEARNEY_7_N001,32.832849999988746,-117.13199871171014,106.16522
KEARNEY_7_N003,32.832849999988746,-117.13210528828985,106.2103
KELSO_2_N001,37.797722,-121.601591,71.67547
KERMAN_6_N001,36.69205999998684,-120.05918901200307,74.64155
KERMAN_6_N002,36.69205999998684,-120.05930098799692,74.64155
KERNOIL_1_N001,35.44070999998741,-119.02061483035583,92.20924
KERNOIL_1_N012,35.44070999998741,-119.02072516964418,92.20924
KERNPWR_1_N002,35.37980096994444,-119.097984,91.61419
KERNPWR_1_N201,35.37972001501422,-119.09792667452027,91.61419
KERNRDGE_1_N001,35.48320899998747,-119.76358482417542,90.1871
KERNRV_1_N001,35.37972001501422,-119.09804132547973,92.15515
KERNWATR_1_N001,35.400666,-119.035603,91.7314
KESWICK_6_N001,40.623725,-122.462027,71.38143
KETTLEMN_6_N001,36.044075,-120.112696,75.45113
KETTNER_6_N001,32.733172,-117.173774,102.32286
KIERNAN_LNODETUB,37.71047,-121.0139,88.19457
KINGCTY_6_N001,36.21683446252504,-121.1266820197143,69.55793
KINGCTY_6_N002,36.21683446252504,-121.1269039802857,69.55793
KINGCTY_6_N005,36.217013537372516,-121.12690398053972,69.55793
KINGSBRG_1_N001,36.48869063297857,-119.58234525016937,76.10535
KINGSBRG_1_N008,36.48861299994815,-119.58228950045047,76.10535
KIRKER_1_N001,38.0212542075842,-121.905844,72.68648
KIRKER_1_N005,38.02117289619287,-121.90578440854696,72.68648
KIRKER_1_N006,38.02117289619287,-121.90590359145303,72.68648
KNA_LNODENA2,40.654722,-122.389167,86.49054
KNGHTSLD_1_N001,38.809281,-121.74515,72.01132
KONOCTI6_6_N001,38.9325,-122.741085,69.80991
KYOCERA_6_N001,32.819776,-117.140362,106.0497
LADDCM_LNODEARD,37.73258,-121.01392,88.19457
LAFRESA_6_N001,33.86979104273171,-118.33319,102.87557
LAFRESA_6_N007,33.869709978621295,-118.33324636755688,102.87557
LAGNANL_1_N001,33.49498074466377,-117.70295838393929,102.46421
LAGNANL_1_N002,33.494801255243225,-117.70295838416239,102.46421
LAGNANL_1_N005,33.494801255243225,-117.70317361583761,102.46421
LAGNANL_1_N006,33.49498074466377,-117.70317361606071,102.46421
LAGRANG_LNODEOAD,37.6697612035926,-120.443808701526,87.83393
LAGUBELL_6_N001,33.975996097823064,-118.14794,102.2637
LAGUBELL_6_N210,33.97591495107552,-118.14799649540468,102.2637
LAGUNATP_6_N001,36.748942999986895,-121.60530194075191,74.21263
LAGUNITS_6_N001,36.748942999986895,-121.60541405924809,72.55584
LAJOLLA_6_N001,32.840121999988746,-117.27517670850455,104.28039
LAJOLLA_6_N007,32.840121999988746,-117.27528329149546,104.28039
LAKEVIEW_6_N101,35.093678,-119.10139,93.79606
LAKEVLLE_1_N001,38.251505,-122.580692,72.04879
LAKEWOOD_1_N001,37.909008286572075,-122.05701271293042,72.86558
LAKEWOOD_1_N003,37.90892999994441,-122.05695542598274,72.86558
LAKEWOOD_1_N004,37.90885171340006,-122.05701271305232,72.86558
LAKEWOOD_1_N006,37.90885171340006,-122.05712728694768,72.86558
LAKEWOOD_1_N007,37.90892999994441,-122.05718457401727,72.86558
LAKEWOOD_1_N009,37.909008286572075,-122.05712728706959,72.86558
LAK_SM_LNODENE2,38.658077794318025,-121.13012359377534,87.2028
LAK_SM_LNODENE3,38.65799999994368,-121.13006607656462,87.2028
LAK_SM_LNODENE4,38.657922205653776,-121.13012359390028,87.2028
LAK_SM_LNODENE6,38.657922205653776,-121.13023862832172,87.2028
LAK_SM_LNODENE7,38.65799999994368,-121.13029614565738,87.2028
LAK_SM_LNODENE8,38.658077794318025,-121.13023862844666,87.2028
LAMONT_1_N001,35.296667999987505,-118.86162984910735,92.06499
LAMONT_1_N002,35.296667999987505,-118.86174015089266,92.06499
LAPHAM_LNODEQBZ,37.639494,-120.919982,88.13145
LAPHAM_LNODEXBC,37.63949399994495,-120.91986779708742,88.13145
LAPLMG1_7_N001,35.29516599994997,-119.59192469860037,91.01012
LAPLMG2_7_N001,35.2950123151544,-119.59200269352937,91.01012
LAPLMG3_7_N001,35.29502827228419,-119.59221488028864,91.01012
LAPLMG4_7_N001,35.29517901313358,-119.59232639423358,91.01012
LASPALMS_1_N001,36.8,-119.69,76.37338
LASPLGS_6_N001,33.31288499998846,-117.46694237728786,74.68193
LASPULGS_6_N001,33.31288499998846,-117.46704962271214,103.44573
LAURELES_6_N001,36.47781599998705,-121.7268922619553,73.22302
LAWRENCE_1_N001,37.397207,-122.010126,73.8795
LAWRENCE_1_N003,37.39720699994556,-122.01001226428907,73.8795
LAWRENCE_1_N004,37.39711664332103,-122.010126,73.8795
LAWRENCE_LNODEENCE,37.397297356679005,-122.010126,88.68143
LBEACH2G_7_N002,33.818691093192,-118.22254906136247,102.71328
LCIENEGA_6_N001,34.000751,-118.378408,103.12802
LEGRAND_1_N001,37.184412,-120.273463,76.24518
LEMOORE_6_N002,36.30998799998711,-119.79822042969916,76.20115
LEMOORE_6_N101,36.30998799998711,-119.79833157030085,76.20115
LEPRINO_1_N001,37.748396,-121.41576,73.96239
LERDO_1_N001,35.50010399998744,-119.15188082156193,92.33547
LERDO_1_N004,35.50010399998744,-119.15199117843807,92.33547
LILAC_6_N001,33.25325899998847,-117.08580343192692,102.61382
LILAC_6_N010,33.25325899998847,-117.08591056807307,102.61382
LIMESTNE_6_N001,38.63377399998596,-120.97960448884528,71.82978
LINCON_LNODECRZ,37.63940356621228,-120.91986779722644,88.12244
LINCON_LNODEFCN,37.639339619957,-120.91994855081084,88.12244
LINDEN_6_N101,38.016891,-121.095875,74.01794
LITEHIPE_6_N001,33.88040091918611,-118.17506849549716,102.63214
LITEHIPE_6_N008,33.88058108071875,-118.17528550473195,102.63214
LIVERMRE_6_N001,37.68013099998621,-121.78059286544908,72.84755
LIVERMRE_6_N003,37.68013099998621,-121.78070713455092,72.84755
LIVNGSTN_6_N001,37.363379203022006,-120.760425,72.98279
LLAGAS_1_N001,37.006958040367174,-121.557391,71.13619
LLAGAS_1_N003,37.00687697980194,-121.55733239433584,71.13619
LLAGAS_1_N005,37.00687697980194,-121.55744960566416,71.13619
LMEC1_1_N001,38.030625,-121.896783,72.3156
LMEC1_1_N101,38.03062499994427,-121.89666830800388,72.3156
LMEC1_1_N601,38.0305346591732,-121.89666830814532,72.3156
LMEC1_1_N801,38.03047077865233,-121.89674940756281,72.3156
LMECCT1_7_N001,38.0304867914731,-121.89697004046927,72.3156
LMECCT2_7_N001,38.03063805852326,-121.89708599331652,72.3156
LMECST1_7_N001,38.03081089924409,-121.89703337694175,72.3156
LMPC-CTY_1_N001,34.6,-120.39,87.5784
LOCKHD1_1_N001,37.409054,-122.03213,74.00695
LOCKHD2_1_N001,37.416224,-122.030655,74.07907
LOGANCR_2_N001,39.53955399998549,-122.26277291112409,69.80944
LOGANCR_2_N010,39.53955399998549,-122.26288908887592,69.80944
LONESTAR_1_N001,37.511676999986356,-122.20756301431467,74.26963
LOSALTS_6_N004,37.3939352129738,-122.114735,74.07663
LOSALTS_6_N005,37.393853893498445,-122.11467590496156,74.07663
LOSALTS_6_N101,37.393853893498445,-122.11479409503845,74.07663
LOSCCHS_6_N001,32.85981772690813,-116.899263,69.41367
LOSCOCHS_6_N001,32.85973713653372,-116.89920760858072,91.5237
LOSCOCHS_6_N034,32.85973713653372,-116.89931839141927,91.5237
LOSGATS_6_N002,37.226423999986494,-121.97722832893687,74.77086
LOSGATS_6_N201,37.226423999986494,-121.97734167106313,74.77086
LOSOSTS_6_N001,36.293864,-121.20007,69.57596
LOVELAND_6_N001,32.796957,-116.792258,91.33437
LOWGAP_7_N001,40.4327289999849,-123.47220368717633,62.32569
LOYALTON_LNODETY,39.6680639999855,-120.24305624345052,87.04953
LOYOLA_6_N001,37.360660999986344,-122.09993417231678,73.67993
LOYOLA_6_N004,37.360660999986344,-122.10004782768323,73.67993
LPFLKBD_6_N001,40.90531287003298,-124.07263517372719,45.83034
LSGLLNS_1_N001,38.022339207228725,-122.537978,72.60778
LSGLLNS_1_N002,38.0222578963706,-122.53791840805536,72.60778
LSGLLNS_1_N003,38.0222578963706,-122.53803759194464,72.60778
LSPSTAS_2_N001,37.700982436898656,-121.73360569835381,72.67624
LSPSTAS_2_N002,37.70080156299109,-121.73360569863272,72.67624
LSPSTAS_2_N010,37.70080156299109,-121.7338343013673,72.67624
LSPSTAS_2_N011,37.700982436898656,-121.73383430164618,72.67624
LSTHLLS_6_N001,35.785755,-119.866138,82.27182
LUCERNE_1_N001,39.110189,-122.81298,70.57749
LUCERNE_1_N004,39.11,-122.81,70.57749
LUIS#3_1_N001,36.65,-120.73,72.19868
LUIS#5_1_N001,36.72,-120.75,72.19868
LVNGSTN_7_N002,37.36329789847426,-120.76036593987695,76.67795
LYOTH-SP_6_N001,37.721862,-121.390858,51.16654
LYTNVLLE_6_N001,39.684962,-123.476979,71.65406
MABURY_1_N001,37.36089599998639,-121.86395517205479,74.31227
MABURY_6_N001,37.36089599998639,-121.86406882794522,74.88807
MADISON_1_N002,38.67073989103906,-121.969138,71.89796
MADISON_1_N201,38.67065905446531,-121.9690782228888,71.89796
MAGUNDEN_1_N002,35.36215899998747,-118.92373215922743,92.29039
MAINE-PR_6_N001,38.385820999985995,-121.77582145519017,72.06024
MALAGA_1_N001,36.69415479048744,-119.72474601890697,76.38362
MALAGA_1_N004,36.69397520940774,-119.72474601916853,76.38362
MALAGA_1_N005,36.69397520940774,-119.72496998083147,76.38362
MALAGA_1_N206,36.69415479048744,-119.72496998109303,76.38362
MANCHSTR_1_N001,36.78803392229639,-119.787488,76.40823
MANCHSTR_1_N002,36.787953038837564,-119.78742968988867,76.40823
MANCHSTR_1_N005,36.787953038837564,-119.78754631011132,76.40823
MANDLY1G_7_N002,34.207498198093205,-119.249016,100.50803
MANDLY2G_7_N002,34.20741690094034,-119.2489592448821,100.50803
MANDLY3G_7_N001,34.20741690094034,-119.2490727551179,100.53507
MANTECA_1_N001,37.80151542742815,-121.22356755493873,54.42504
MANTECA_1_N002,37.80133457246114,-121.22356755521895,54.42504
MANTECA_1_N012,37.80133457246114,-121.22379644478104,54.42504
MANTECA_1_N013,37.80151542742815,-121.22379644506127,54.42504
MANVILLE_1_N001,34.53,-120.43,87.41612
MARGARTA_1_N001,33.55007578845692,-117.62798626281774,102.42814
MARGARTA_1_N002,33.54989621144975,-117.62798626304166,102.42814
MARGARTA_1_N008,33.54989621144975,-117.62820173695833,102.42814
MARGARTA_1_N009,33.55007578845692,-117.62820173718225,102.42814
MARICOPA_6_N001,35.107547,-119.398151,90.92531
MARIPOS2_6_N001,37.50445799998627,-120.00773602136582,86.3972
MARIPOS2_6_N003,37.50445799998627,-120.00784997863418,86.3972
MARPOS_LNODEKSA,37.63932432741219,-120.92006110878681,88.13145
MARPOS_LNODENOX,37.63935564925701,-120.92016824287315,88.13145
MARSHALL_LNODEDR1,37.43587720766,-121.132527674588,87.91507
MARSHALL_LNODEDR2,37.4358760484777,-121.13220043951,87.91507
MARSHALL_LNODEDR3,37.4358798082574,-121.132682875263,87.91507
MARSHALL_LNODEDR4,37.4358789493306,-121.132046059332,87.91507
MARSHALL_LNODEDR5,37.4358787251639,-121.131895544498,87.91507
MARSHALL_LNODER8C,37.435876146414,-121.132374308977,87.91507
MARTELL_6_N001,38.369191999986,-120.79669245138386,72.74011
MARTINEZ_1_N001,38.02,-122.16,73.16433
MCARTHR_6_N001,41.05270199998445,-121.40878106361407,69.96713
MCCALL_1_N026,36.61141783540495,-119.639697,75.77053
MCCALL_1_N030,36.61133708228342,-119.63963891745578,75.77053
MCC_LNODEMCC,38.63008971070796,-121.51320976638306,87.22084
MCDISLE_6_N001,37.93693288402067,-121.52832945017714,74.57862
MCFRLND_6_N001,35.688444,-119.276835,92.35228
MCKEE_1_N001,37.366407204044364,-121.843789,74.12293
MCKEE_1_N005,37.36632589796316,-121.84372993637959,74.12293
MCKEE_1_N101,37.36632589796316,-121.84384806362041,74.12293
MCMULLN1_2_N001,36.592775,-119.989065,74.64278
MCY_LNODE101,38.563116666666666,-121.464371944444,87.28395
MCY_LNODE102,38.563116666610455,-121.4642569555954,87.28395
MCY_LNODE103,38.56302675430868,-121.46425695573926,87.28395
MCY_LNODE104,38.562963176761876,-121.46433826506194,87.28395
MCY_LNODE105,38.562947972391605,-121.46445159764659,87.28395
MCY_LNODE106,38.5629791136348,-121.46455946901716,87.28395
MCY_LNODE107,38.56304468834792,-121.46463814131086,87.28395
MCY_LNODE108,38.56312966325024,-121.46467572198618,87.28395
MDLRIVR_6_N001,37.93693288402067,-121.52844854982285,73.87537
MDWYPS_6_N001,35.402824999987416,-119.45497183549746,91.98018
MECCTG1_7_N100,37.239909741275135,-121.77988662517618,72.17303
MECCTG2_7_N100,37.2400902586168,-121.78011337509535,72.17303
MEDWLNE_1_N001,37.963141225082815,-122.052361,72.90164
MEDWLNE_1_N002,37.963059887443606,-122.05230143651556,72.90164
MEDWLNE_1_N006,37.963059887443606,-122.05242056348443,72.90164
MELROSE_6_N001,33.206560573300976,-117.25285494469412,102.63307
MELROSE_6_N004,33.20638142660739,-117.25285494491321,102.63307
MELROSE_6_N005,33.20638142660739,-117.25306905508678,102.63307
MELROSE_6_N009,33.206560573300976,-117.25306905530589,102.63307
MENLO_6_N001,37.4330313740754,-122.20260718789906,74.86469
MENLO_6_N002,37.43285062581547,-122.2026071881739,74.86469
MENLO_6_N003,37.43285062581547,-122.2028348118261,74.86469
MENLO_6_N004,37.4330313740754,-122.20283481210093,74.86469
MERCEDFL_7_N001,37.27292328168154,-120.48675154649395,78.99506
MERCED_1_N001,37.27274271821013,-120.48697845323395,76.71401
MERCED_1_N002,37.27292328168154,-120.48697845350604,76.71401
MERIDIAN_6_N101,37.225299,-121.744182,70.2361
MESACAL_6_N001,34.037454,-118.109265,102.02929
MESAHGTS_6_N001,32.829628731503114,-117.157263,106.1793
MESAHGTS_6_N007,32.82954813423625,-117.15720762268285,106.1793
MESARIM_6_N001,32.90498753633711,-117.17294735480384,102.62941
MESARIM_6_N007,32.90480846357245,-117.1729473550195,102.62941
MESARIM_6_N008,32.90480846357245,-117.1731606449805,102.62941
MESARIM_6_N012,32.90498753633711,-117.17316064519616,102.62941
METCALF_1_N018,37.22435199998651,-121.74197733145253,72.23614
METTLER_6_N001,38.078067,-121.2867,75.2105
MEYERS_LNODE31,38.877195,-119.986125,87.19379
MEYERS_LNODE32,38.87719499994345,-119.98600982501117,87.19379
MEYERS_LNODE33,38.87710533707398,-119.986125,87.19379
MEYERS_LNODE34,38.87719499994345,-119.98624017498884,87.19379
MEYERS_LNODE35,38.87728466292607,-119.986125,87.19379
MI-WUK_1_N001,38.052745,-120.217268,54.05074
MIDDLTWN_6_N002,38.7527889999859,-122.60852945612646,72.08194
MIDDLTWN_6_N101,38.7527889999859,-122.60864454387354,72.08194
MILLBRAE_1_N001,37.605189,-122.391045,73.55737
MILLBRAE_1_N004,37.60518899994505,-122.39093085578821,73.55737
MILLBRAE_1_N201,37.60518899994505,-122.3911591442118,73.55737
MILLBRAE_6_N001,37.6052794289691,-122.391045,73.73769
MILLER_1_N001,37.81,-121.1,68.64417
MILPITAS_1_N001,37.415395,-121.888564,74.08809
MILPITAS_1_N003,37.41539499994551,-121.8884502251851,74.08809
MILPITAS_1_N005,37.41530463419468,-121.888564,74.08809
MILPITAS_1_N006,37.41539499994551,-121.88867777481491,74.08809
MINNIER_LNODEJFF,37.71289,-120.93858,88.11342
MIRABEL_6_N001,38.489406,-122.894261,72.58975
MIRALOMA_6_N001,34.004371186293284,-117.56506721001799,101.7064
MIRAMAR_6_N001,32.89408253805123,-117.13552936589245,102.60236
MIRAMAR_6_N004,32.89390346185827,-117.135529366108,102.60236
MIRAMAR_6_N017,32.89390346185827,-117.135742633892,102.60236
MISSION_6_N001,32.784191999954906,-117.13741946348074,106.38045
MISSION_6_N031,32.78411443272647,-117.13747273178681,106.38045
MISSION_6_N040,32.78411443272647,-117.13757926821319,106.38045
MISSION_6_N049,32.784191999954906,-117.13763253651926,106.38045
MKT_SUB_LNODEONA,34.0434902173762,-118.24599112234871,89.72729
MKT_SUB_LNODEONB,34.04330978252786,-118.24599112258036,89.72729
MKT_SUB_LNODEONC,34.04330978252786,-118.24620887741963,89.72729
MKT_SUB_LNODEOND,34.0434902173762,-118.24620887765128,89.71827
MNDCTP_6_N001,39.251247,-123.196582,70.96518
MOFTFLD_1_N002,37.41,-122.04,73.97088
MOLINO_6_N002,38.42527299998595,-122.83215753598292,73.48233
MOLINO_6_N101,38.42527299998595,-122.83227246401708,73.48233
MONOLITH_6_N029,34.92999999998754,-118.4199449189089,101.38427
MONOLITH_6_N101,34.92999999998754,-118.4200550810911,101.38427
MONROE_1_N001,38.45321800700051,-122.743668,72.01272
MONROE_1_N002,38.45313699648462,-122.74360827529611,72.03075
MONROE_1_N101,38.45313699648462,-122.74372772470389,72.03075
MONSRATE_6_N001,33.32908099998846,-117.23541536188321,103.41746
MONSRATE_6_N007,33.32908099998846,-117.23552263811678,103.41746
MONTAGUE_1_N001,37.40375521599691,-121.905675,73.79056
MONTAGUE_1_N006,37.403673891986756,-121.90561589392182,73.79056
MONTAGUE_1_N007,37.403673891986756,-121.90573410607819,73.79056
MONTCLLO_1_N008,38.48,-122.32,70.40008
MONTEREY_6_N001,36.599917,-121.890341,71.67227
MONTERO_6_N001,38.47145299998595,-123.01207452586034,74.41098
MONTERO_6_N004,38.47145299998595,-123.01218947413966,74.41098
MONTGMRY_6_N001,32.631633999988686,-117.09951777952129,102.00608
MONTGMRY_6_N002,32.631633999988686,-117.0996242204787,102.00608
MONTPELR_LNODEDR3,37.5513950204046,-120.771210942368,87.87901
MONTPELR_LNODEDR4,37.5513208784333,-120.77132554154,87.87901
MONTPELR_LNODEDR5,37.5513203022304,-120.771217224249,87.87901
MONTPELR_LNODEDR7,37.551320342333,-120.771557696814,87.87901
MONTPELR_LNODEDR8,37.5513195014288,-120.771445581179,87.87901
MOORPARK_6_N001,34.28245799998789,-118.90073231455499,102.21205
MORAGA_1_N001,37.848008,-122.160732,72.83074
MORGAN_1_N001,37.12745917114046,-121.65871690356438,91.17776
MORMON_6_N001,37.968746,-121.185898,73.85565
MOROHILL_6_N001,33.252187,-117.300305,103.04781
MORROBY_1_N001,35.373004,-120.855187,84.62482
MOSSLD_1_N001,36.804150842399494,-121.78373687034716,70.41904
MOSSLND6_7_ND001,36.80399515757413,-121.78384912953872,70.90637
MOSSLND7_7_ND001,36.804150842399494,-121.78384912965284,70.90637
MPLECRK_6_N001,40.767881,-123.87365,48.07533
MREIS-Q_1_N001,38.12,-122.33,73.13972
MRGNHIL_1_N001,37.12727882875214,-121.65871690383386,72.04681
MRGNHIL_1_N004,37.12727882875214,-121.65894309616613,72.04681
MRGNHIL_1_N007,37.12745917114046,-121.65894309643562,72.04681
MRTSVAL_LNODE32,39.329538,-120.170031,86.8061
MRYSVLLE_6_N001,39.13944599998575,-121.58327227419691,71.99987
MRYSVLLE_6_N003,39.13944599998575,-121.58338772580308,71.99987
MSHR60V_6_N001,38.02150699998609,-121.28089465794243,73.0274
MSHR60V_6_N006,38.02150699998609,-121.28100934205757,73.0274
MTEDEN_1_N001,37.63264525976642,-122.10124,72.46765
MTEDEN_1_N005,37.632563870101905,-122.10118066447778,72.46765
MTEDEN_1_N009,37.632563870101905,-122.10129933552223,72.46765
MTNHOUSE_LNODE1KV,37.79428,-121.55964,87.55443
MTNPASS_1_N001,35.508179,-115.53125,99.39359
MTNQUAR_6_N001,38.914515,-121.015694,73.07672
MTVIEW_1_N001,34.07927114678052,-117.240376,73.24716
MTVIEW_1_N004,34.079189926596804,-117.24031938460595,73.24716
MTVIEW_1_N005,34.079189926596804,-117.24043261539406,73.24716
MURRAY_6_N001,32.79087756459772,-117.0229334582287,120.80435
MURRAY_6_N004,32.790698435312095,-117.02293345844329,120.80435
MURRAY_6_N005,32.790698435312095,-117.02314654155671,120.80435
MURRAY_6_N015,32.79087756459772,-117.0231465417713,120.80435
MUSLSLGH_6_N001,36.264507,-119.907357,75.56101
NARROWS1_7_N001,33.13712344927391,-116.2943780565384,69.93398
NARROWS_6_N010,33.137302550634665,-116.29459194367982,102.75415
NATNLCTY_6_N001,32.67305199998863,-117.10726576866911,102.28558
NATNLCTY_6_N005,32.67305199998863,-117.10737223133088,102.28558
NAT_LNODENE1,38.65097779957077,-121.48672359559271,87.23887
NAT_LNODENE2,38.65089999994365,-121.48666608019934,87.23887
NAT_LNODENE3,38.650822200401045,-121.48672359571763,87.23887
NAT_LNODENE4,38.650822200401045,-121.48683862650437,87.23887
NAT_LNODENE5,38.65089999994365,-121.48689614202266,87.23887
NAT_LNODENE6,38.65097779957077,-121.4868386266293,87.23887
NAVSTMTR_6_N001,32.67041199998878,-117.11463876940559,102.36672
NAVSTMTR_6_N011,32.67041199998878,-117.11474523059441,102.36672
NAVY35R_1_N001,35.29,-119.45,90.98307
NBRANCH_6_N001,38.199837,-120.719506,72.83027
NCMETER_1_N001,33.089572,-117.203236,102.01754
NCPA1GY1_7_N001,38.329999999986036,-122.63005744213352,71.11112
NCPA1GY2_7_N001,38.33999999998601,-122.64005744453604,71.12014
NCPA2GY1_7_N001,38.34999999998599,-122.65005744690819,70.91277
NCPA2GY2_7_N001,38.329999999986036,-122.68005744213352,70.89474
NDUBLIN_2_N002,37.86,-121.88,73.68481
NEWARKD_1_N001,37.50049924095103,-121.987091,73.65654
NEWARKD_1_N012,37.500417879509776,-121.98703179018516,73.65654
NEWBURG_6_N001,40.59455299998477,-124.13512748525541,43.84682
NEWBURG_6_N003,40.59455299998477,-124.13524651474458,43.84682
NEWELL_LNODEWELL,41.888139999984205,-121.37832971620207,88.6634
NEWHALL_1_N001,36.86718099998678,-120.32825478878492,74.75388
NEWHALL_1_N002,36.86718099998678,-120.32836721121508,74.75388
NEWMAN_6_B2,37.31543099998646,-121.01505122358405,70.27025
NEWMAN_6_N001,37.31543099998646,-121.01516477641594,70.27025
NOISLMTR_6_N004,32.70244776093939,-117.182166,102.38475
NOISLMTR_6_N009,32.702367119518385,-117.18211067144682,102.38475
NORCO_1_N001,35.28535,-119.308893,91.2589
NORD1_1_N001,39.759998999985385,-121.90689363690683,71.69623
NORD1_1_N003,39.759998999985385,-121.90701036309318,71.69623
NORTECH_1_N001,37.46,-121.76,74.602
NORTHOAK_6_N003,35.96338313356797,-119.45673850749412,102.23788
NORTHOAK_6_N004,35.96338313356797,-119.45685349250587,102.23788
NORTHOAK_6_N005,37.36329789847426,-120.76048406012305,102.23788
NOVATO_6_N001,38.10860199998601,-122.56828762317217,72.38238
NOVATO_6_N002,38.10860199998601,-122.56840237682783,72.38238
NRTHTWR_1_N001,38.066061192073654,-122.195674,73.8225
NRTHTWR_1_N002,38.06597990394814,-122.1956143891305,73.8225
NRTHTWR_1_N004,38.06597990394814,-122.19573361086951,73.8225
NR_SUB_LNODEONA,34.22909034238915,-118.54339073176756,89.59205
NR_SUB_LNODEONB,34.228909657513995,-118.54339073200198,89.59205
NR_SUB_LNODEONC,34.228909657513995,-118.54360926799801,89.59205
NR_SUB_LNODEOND,34.22909034238915,-118.54360926823244,89.59205
NUMITAP_1_N003,37.5,-122.04,74.06104
NVYSCHL_6_N001,36.59909,-121.877082,71.60014
NWKDIST_2_N001,37.47999999998637,-121.97994304564625,73.47744
NWKDIST_2_N004,37.47999999998637,-121.98005695435374,73.47744
OAKC12_7_N002,37.79751331310943,-122.28096478011268,73.57005
OAKDAL_LNODEMTS,37.66746999998627,-120.95814287556452,88.11342
OAKDAL_LNODENDN,37.66746999998627,-120.95825712443548,88.11342
OAKHURST_1_N001,37.32379499998641,-119.63394921398016,77.49672
OAKHURST_1_N002,37.32379499998641,-119.63406278601984,77.49672
OAKLAND_1_N001,37.79743499994459,-122.28090756034669,73.56103
OAKLAND_1_N006,37.797356686862834,-122.280964780234,73.56103
OAKLAND_1_N033,37.797356686862834,-122.28107921976599,73.56103
OCEANO_1_N001,35.10177099998753,-120.58099587832989,86.65051
OCEANO_1_N004,35.10177099998753,-120.5811061216701,86.65051
OCEANSDE_6_N001,33.19681799998853,-117.381743480479,102.84044
OCEANSDE_6_N002,33.19681799998853,-117.381850519521,102.84044
OIGLASS_1_N001,37.75,-121.31,45.89735
OILDALE_1_N001,35.42,-118.98,92.11908
OILFLDS_6_N001,35.95646873409211,-120.85121,68.0252
OILFLDS_6_N007,35.95638813294024,-120.8511525112428,68.0252
OLDRIVR_6_N001,35.208404,-119.100252,92.4076
OLDTOWN_6_N001,32.766092,-117.192529,102.01632
OLEMA_6_N001,38.042497,-122.786541,73.37414
OLETA_6_N001,38.48064499998599,-120.84462852385393,72.74011
OLETA_6_N003,38.48064499998599,-120.84474347614606,72.74011
OLINDA_6_N001,33.94616008273055,-117.922244,102.06948
OLIVHRST_1_N001,39.0918869999858,-121.54288430472884,71.55151
OLIVHRST_1_N002,39.0918869999858,-121.54299969527116,71.55151
OLY_SUB_LNODEONA,34.03409021003063,-118.45989114327803,89.66417
OLY_SUB_LNODEONB,34.03390978987338,-118.45989114350952,89.66417
OLY_SUB_LNODEONC,34.03390978987338,-118.46010885649046,89.67319
OLY_SUB_LNODEOND,34.03409021003063,-118.46010885672197,89.66417
OMAR_2_N001,35.475983864148716,-118.98698399999999,102.71939
OMWD_6_N001,33.068479,-117.141404,101.6028
ONEILPMP_7_LN001,37.098611,-121.0475,72.21811
OREGNTRL_1_N001,40.61902099998471,-122.32226045686366,72.11294
OREGNTRL_6_N001,40.61902099998471,-122.32237954313634,72.06664
OREGON_LNODENK1,37.63168999998624,-120.9742429051075,88.13145
OREGON_LNODENK2,37.63168999998624,-120.9743570948925,88.13145
ORICK_6_N001,41.294542,-124.056522,47.54338
ORLANDB_6_N001,39.725068,-122.178873,70.65939
OROLOMA_6_N001,36.886866,-120.655928,72.64338
OROSI_6_N006,36.544759,-119.251776,76.61682
OROVILLE_6_N001,39.50524442035656,-121.5593758990519,70.60774
OROVILLE_6_N005,39.50524442035656,-121.5596081009481,70.60774
OROVILLE_6_N102,39.50542357952801,-121.55960810124742,70.60774
ORV_LNODENE1,38.68455,-121.267326944444,87.22985
ORV_LNODENE2,38.68454999994364,-121.26721189591703,87.22985
ORV_LNODENE3,38.68446019318104,-121.26721189606141,87.22985
ORV_LNODENE4,38.68439669026182,-121.26729324758281,87.22985
ORV_LNODENE5,38.68438150373832,-121.26740663898543,87.22985
ORV_LNODENE6,38.6844126084275,-121.26751456633991,87.22985
ORV_LNODENE7,38.6844781061685,-121.26759327946426,87.22985
ORV_LNODENE8,38.68456298132683,-121.2676308796447,87.22985
OTAY_6_N001,32.595376662064226,-117.05752057560969,102.20443
OTAY_6_N014,32.59519733784581,-117.05752057582266,102.20443
OTTER_6_N001,36.47781599998705,-121.7270037380447,73.23204
OVES_SUB_LNODEBKB,37.43792099998635,-118.55704491120122,81.86533
OVES_SUB_LNODEBKC,36.443,-118.0438,84.85864
OVES_SUB_LNODEBKD,37.342,-118.441,81.88336
OXFORD_1_N001,36.7,-120.68,72.19868
PACFCBCH_6_N001,32.799218999988646,-117.24014772581532,102.44909
PACFCBCH_6_N004,32.799218999988646,-117.24025427418468,102.44909
PACIFICA_6_N001,37.59458399998625,-122.48892793722666,74.54011
PACIFICA_6_N003,37.59458399998625,-122.48904206277334,74.54011
PADUA_6_N001,34.120216,-117.639076,101.70518
PALMR_1_N001,34.825223,-120.298953,86.29935
PALOMAR_1_N001,33.12281772819047,-117.287925,102.00073
PALOMAR_1_N004,33.1227371358924,-117.28786944194597,102.00073
PALOMAR_1_N013,33.1227371358924,-117.28798055805403,102.00073
PANAMA_6_N001,35.29556801570901,-119.021525,92.64201
PANAMA_LNODECOUERCRK1,35.29548699213203,-119.02146768568419,87.32001
PANAMA_LNODECOUERCRK2,35.29548699213203,-119.02158231431581,87.32001
PANRAMA_1_N001,40.434409,-122.2679,71.22571
PARADISE_1_N001,39.7615578392488,-121.618634,71.61509
PARADISE_LNODEDISE,39.76147708035982,-121.61857334522642,88.6634
PARADISX_6_N001,39.76147708035982,-121.61869465477358,102.17738
PARADS_LNODEFEG,37.69056,-121.02061,88.10441
PARADS_LNODEKHB,37.690559999944874,-121.02049571450051,88.10441
PARKWAY_2_N001,38.17,-122.25,72.26517
PAR_LNODEAPM,37.668079999986205,-120.9174128750731,88.09539
PAR_LNODEFVM,37.668079999986205,-120.9175271249269,88.09539
PAULSWT_1_N001,36.99234705413821,-121.98202825128297,73.02467
PAULSWT_1_N004,36.9921669457552,-121.98202825154998,73.02467
PAULSWT_1_N101,36.99234705413821,-121.98225374871703,73.02467
PEABODY_2_N002,38.28558699998594,-121.97025256896055,71.7615
PEABODY_2_N006,38.28558699998594,-121.97036743103946,71.7615
PEACHTON_6_N001,39.3784769999856,-121.68494608007006,72.02447
PEACHTON_6_N004,39.3784769999856,-121.68506191992994,72.02447
PEARBMAP_7_B1,34.508883999950896,-117.91829825412502,102.37509
PEARBMAP_7_B3,34.50879356514072,-117.9182982542441,102.37509
PEARBMAP_7_B4,34.50872961811796,-117.91837585623696,102.37509
PEARBMBP_7_B1,34.50871432539329,-117.91848402139897,102.37509
PEARBMBP_7_B3,34.50874564762435,-117.91858697434263,102.37509
PEARBMBP_7_B4,34.5088116034329,-117.91866205952238,102.37509
PEARBMCP_7_B1,34.50889707216307,-117.91869792664747,102.37509
PEARBMCP_7_B3,34.50898737191128,-117.91869193094361,102.37509
PEARBMDP_7_B1,34.50907009278566,-117.91864757930026,102.37509
PEASE_1_N001,39.17010299998576,-121.66113925312504,71.35973
PEASE_1_N009,39.17010299998576,-121.66125474687495,71.35973
PENDLETN_6_N001,33.30925299998849,-117.3349783807102,103.11092
PENDLETN_6_N004,33.30925299998849,-117.3350856192898,103.11092
PENNGRVE_1_N001,38.315547,-122.681119,72.43647
PENRYN_6_N001,38.8444299999859,-121.16613942513398,73.27508
PENRYN_6_N004,38.8444299999859,-121.16625457486602,73.27508
PERMNNTE_6_N002,34.355793,-116.855947,73.00373
PERRY_6_N008,35.570805,-121.055868,84.84935
PETLMAA_6_N001,38.234002,-122.636285,72.06682
PETLMAC_6_N002,38.2390641182539,-122.636804,73.13972
PETLMAC_6_N003,38.23898294085798,-122.63674432895719,73.13972
PETLMAC_6_N004,38.23898294085798,-122.6368636710428,73.13972
PGG_LNODESS1,38.531716666610464,-121.39934830807131,87.29296
PGG_LNODESS2,38.531794557439916,-121.39929082076439,87.29296
PHILLIPS_1_N001,37.34,-122.03,73.77131
PHILO_6_N001,39.063719,-123.437524,72.18234
PICO_1_N001,33.45676299998844,-117.58919323286267,102.2929
PICO_1_N004,33.45676299998844,-117.58930076713733,102.2929
PIERCY_1_N201,37.28,-121.83,73.14798
PIKECTY_6_N001,39.438734,-120.997847,70.43765
PIONEER_LNODEBUS,37.39756017328021,-120.7270641608972,87.86999
PIONEER_LNODEDR1,37.39756017322573,-120.72695042442128,87.87901
PIONEER_LNODEDR2,37.3974698163648,-120.7269504245584,87.87901
PIONEER_LNODEDR3,37.3974059244655,-120.72703084832322,87.87901
PIONEER_LNODEDR4,37.39739064492007,-120.72714294658331,87.87901
PIONEER_LNODEDR5,37.39742194014138,-120.72724964310564,87.86999
PIONEER_LNODEDR6,37.397487839085414,-120.72732745855615,87.86999
PIONEER_LNODEDR7,37.39757323413797,-120.72736462991926,87.87901
PIONEER_LNODEDR8,37.397663456054794,-120.72735841623376,87.87901
PIONEER_LNODEDR9,37.39774610563929,-120.72731245188831,87.87901
PIONEER_LNODER15,37.397811856418734,-120.72723443776906,87.86999
PIT1_6_N001,38.030670659249246,-121.86908630802888,70.38187
PIT3_7_N001,38.030606778782065,-121.8691674075287,70.40112
PIT5_7_B1,38.030591501969816,-121.86928044765509,70.56463
PITSBURG_1_N001,38.03101263810665,-121.86937270758541,72.30659
PITTSBRG_6_N101,38.031055408073875,-121.8692716827705,71.64062
PLACERVL_1_N001,38.73027886166341,-120.788047,71.95601
PLACER_1_N001,38.901310999985846,-121.08802340262966,72.77018
PLACER_7_N009,38.901310999985846,-121.08813859737035,72.65297
PLAINFLD_6_N001,38.61887,-121.793976,76.87095
PLANETRN_LNODEANET,34.16127269818337,-114.38177086876138,89.14125
PLOALTO_1_N001,33.356029648193925,-117.1119886715524,74.71142
PLOALTO_1_N007,33.35585035171371,-117.11198867177347,74.71142
PLOALTO_1_N013,33.35585035171371,-117.11220332822651,74.71142
PLUMAS_6_N001,39.026121,-121.54308,72.22771
PNEDLE_1_N001,36.829999999986725,-119.82994383698444,76.44307
PNEDLE_1_N002,36.829999999986725,-119.83005616301556,76.48815
PNEGRVE_6_N001,38.41271199998601,-120.6602245387678,74.16464
PNEGRVE_6_N002,38.41271199998601,-120.6603394612322,74.16464
PNTARNA_6_N001,38.912571,-123.679495,72.12824
POC_LNODENE2,38.490383333333334,-121.470263055556,87.33804
POC_LNODENE3,38.49038333327713,-121.4701480990094,87.33804
POC_LNODENE4,38.490293355392375,-121.470263055556,87.33804
POC_LNODENE7,38.49038333327713,-121.47037801210259,87.33804
POC_LNODENE8,38.49047331127424,-121.470263055556,87.33804
POINTLMA_6_N013,32.74152175021991,-117.233364,102.64744
POINTLMA_6_N014,32.74144112487782,-117.23330865823404,102.64744
POLPASPP_6_N002,38.57552299994369,-121.49770299452835,83.01113
POMERADO_6_N001,32.941482719314884,-117.032882,101.47536
POMERADO_6_N004,32.9414021403303,-117.03282656531631,101.47536
POMERADO_6_N008,32.9414021403303,-117.03293743468369,101.47536
PORTOLA_LNODE31,39.803943999985336,-120.46453157749829,87.04953
PORTOLA_LNODE32,39.803943999985336,-120.46464842250171,87.04953
POSOMT_1_N001,35.559194,-118.957501,92.42563
POST_1_N001,39.11,-121.64,72.9904
POTRERO_1_N001,37.46005423161257,-122.4,73.46721
POTRERO_1_N013,37.45997288417899,-122.39994083241324,73.46721
POTRERO_1_N016,37.45997288417899,-122.40005916758676,73.46721
POUST_LNODEIGQ,37.69046956305469,-121.02049571463989,88.11342
POUST_LNODELD2,37.6904056145667,-121.02057652662188,88.11342
POWAY_6_N001,32.978722999988655,-117.03130363648788,101.66469
POWAY_6_N010,32.978722999988655,-117.03141036351212,101.66469
PP1_LNODEOAD,34.59026131985074,-118.4546210726575,89.45681
PP1_PP2_LNODELMW,34.59026131985074,-118.4547309273425,89.45681
PP2_LNODEAUX,34.53433699995089,-118.52522278142764,89.45681
PP2_LNODEOAD,34.534427436468654,-118.525113,89.45681
PPSTLTAP_1_N001,38.01999999998606,-122.36994265860079,73.72332
PPSTLTAP_1_N104,38.01999999998606,-122.3700573413992,73.72332
PRAXAIR_1_B1,37.99999999998611,-121.80994266753221,72.27174
PRCTRVLY_1_N001,32.665044,-116.986801,101.26677
PRSCOT_LNODEAEJ,37.6903903214879,-121.02068916599474,88.13145
PRSCOT_LNODETKD,37.69042164442615,-121.02079637755577,88.13145
PRUNEDLE_1_N001,36.785518920972784,-121.671051,71.0141
PRUNEDLE_1_N002,36.785438039499425,-121.67099269323379,71.0141
PSARBLS_6_N001,35.61564884893555,-120.67989,82.61338
PSARBLS_6_N005,35.61556807551859,-120.67983263488163,82.61338
PSARBLS_6_N007,35.61556807551859,-120.67994736511837,82.61338
PTMRTTI_6_N001,37.030856,-122.187639,74.32006
PTR_PP_LNODEROM,35.24801901925079,-118.1756473615291,88.6634
PUEBLOPG_1_N001,38.345348999986,-122.29956355419145,72.80613
PUEBLOPG_1_N010,38.345348999986,-122.29967844580855,72.80613
PURISIMA_1_N001,34.700622,-120.435261,87.26284
QUEBEC_1_N001,36.07,-119.56,92.00845
RADUM_6_N001,37.67264599998626,-121.85946487140774,72.89263
RADUM_6_N004,37.67264599998626,-121.85957912859226,72.89263
RAINBOW_1_N001,36.709983,-119.538157,75.90455
RANCHRS_1_N001,36.700797999986875,-119.75437400116115,76.41067
RANDSBRG_1_N001,35.375699,-117.655868,106.4477
RAWSON_6_N001,40.145295999985066,-122.21242808907787,72.36952
RAWSON_6_N002,40.145295999985066,-122.21254591092213,72.36952
RCARMEL_6_N001,32.99378371822819,-117.077745,101.85525
RCARMEL_6_N004,32.9937031408736,-117.07768953360795,101.85525
RCARMEL_6_N011,32.9937031408736,-117.07780046639205,101.85525
RECTOR_6_N001,36.29851,-119.242336,101.68255
REDBLFF_6_N001,40.1825869024183,-122.244610070096,73.39735
REDBLFF_6_N004,40.1825869024183,-122.24484592990399,73.39735
REDBLFF_6_N005,40.18276709746204,-122.24484593021722,73.39735
REDBUD_1_N001,39.02788699998577,-122.66224734180834,69.47632
REDBUD_1_N004,39.02788699998577,-122.66236265819167,69.47632
REDWOOD_6_N001,37.490252,-122.213021,74.81059
REDWOOD_6_N002,37.49025199994532,-122.2129070707913,74.81059
REDWOOD_6_N005,37.49016160208324,-122.213021,74.81059
REDWOOD_6_N006,37.49025199994532,-122.21313492920869,74.81059
REDWOOD_6_N007,37.49034239791678,-122.213021,74.81059
REEDLEY_1_N001,36.605116999986976,-119.3758071174397,76.08487
REEDLEY_6_N001,36.605116999986976,-119.3759188825603,76.13897
REINWY_LNODEGME,37.63942160426353,-120.92024637744797,88.10441
REINWY_LNODEQAC,37.6395070719657,-120.92028370125492,88.10441
RENFRO_1_N001,35.409999999987434,-119.16994483454441,91.21382
RENFRO_1_N010,35.409999999987434,-119.1700551654556,91.26792
RESERVR_LNODEFFW,37.651919999986276,-120.67483288823061,88.09539
RESERVR_LNODEPMW,37.651919999986276,-120.67494711176938,88.09539
RICE_6_N002,39.402805999985674,-122.01287205646442,71.01101
RICE_6_N101,39.402805999985674,-122.01298794353558,71.01101
RICHMOND_1_B1,37.92597623462323,-122.369629,73.58808
RICHMOND_1_N001,37.92589488267337,-122.36956945615904,73.58808
RINCON_1_N001,33.285967608914305,-116.9585228047856,70.77875
RINCON_1_N003,33.28578839099371,-116.95852280500573,70.77875
RINCON_6_N001,33.28578839099371,-116.95873719499427,102.86504
RINCON_6_N008,33.285967608914305,-116.9587371952144,102.86504
RIN_SUB_LNODEONA,34.28105422156671,-118.479,89.63713
RIN_SUB_LNODEONB,34.28097288920359,-118.47894317065887,89.63713
RIN_SUB_LNODEONC,34.28097288920359,-118.47905682934115,89.63713
RIOBRVO_1_N001,35.44252289360183,-119.26010566010629,91.313
RIOBRVO_1_N006,35.44234310629778,-119.26010566035274,91.313
RIOBRVTM_1_N001,35.44252289360183,-119.26032633989371,91.02448
RIODELL_6_N001,40.495382,-124.099276,44.14313
RIOHONDO_6_N001,34.10610615849042,-117.97947,102.17599
RIOHONDO_LNODEONDO,34.1060249207417,-117.97952664559254,88.67241
RIPON_1_N001,37.72,-121.13,55.61225
RIVERROC_6_N001,36.902618,-119.771768,76.25373
RIVRBANK_1_N001,37.76895425952452,-120.908163,72.79054
RIVRSIDE_6_N001,34.021990939807104,-117.33196554960466,101.66789
ROADWAY_1_N001,34.590373,-117.431752,102.20763
ROBROY_1_N001,36.979885,-121.867457,72.5919
ROCKET_1_N001,34.933939,-117.692217,105.47542
ROCKLIN_6_N001,38.788043999985874,-121.23171544490323,71.78226
ROCKLIN_6_N003,38.788043999985874,-121.23183055509676,71.78226
ROEDING_LNODEDR1,37.587341764588,-120.935901626126,87.84294
ROEDING_LNODEDR2,37.5872777703549,-120.935976143427,87.84294
ROEDING_LNODEDR3,37.5871231822836,-120.935612409,87.84294
ROEDING_LNODEDR5,37.5870085148256,-120.935981028585,87.84294
ROEDING_LNODEDR6,37.5871259671814,-120.935792411292,87.84294
ROEDING_LNODEDR7,37.5871257817397,-120.935692486018,87.84294
ROGERS_LNODEDR1,37.4749114287345,-121.178218328626,87.91507
ROGERS_LNODEDR2,37.4751811958932,-121.178206809282,87.91507
ROGERS_LNODEDR3,37.4750639771164,-121.17821700138,87.91507
ROGERS_LNODEDR5,37.4748414013345,-121.178225065561,87.91507
ROGERS_LNODEDR7,37.4749721097043,-121.178220428168,87.91507
ROGH-RDY_6_N001,37.95526599998612,-121.33253531114549,73.28764
ROSECYN_6_N001,32.84459772910598,-117.236988,104.21728
ROSECYN_6_N017,32.84451713543481,-117.23693261581597,104.21728
ROSEDAL_1_N001,35.37703397144563,-119.077971,91.63222
ROSELE_LNODEHMV,37.68013999998623,-120.94014286544196,88.12244
ROSELE_LNODERLV,37.68013999998623,-120.94025713455804,88.12244
ROSEMR_LNODEAEI,37.64253,-121.0423,88.08637
ROSE_6_N001,32.84451713543481,-117.23704338418403,92.47071
ROSSMOOR_2_N001,37.86470199998613,-122.08030973806707,72.63238
ROSSMOOR_2_N101,37.86470199998613,-122.08042426193292,72.63238
RSC_LNODE8LD,38.761389,-121.264722,87.19379
RSM_SUB_LNODEONB,34.244054210355124,-118.392,89.68221
RSM_SUB_LNODEONC,34.24397289480934,-118.39194320739797,89.68221
RSM_SUB_LNODEOND,34.24397289480934,-118.39205679260202,89.67319
RSNTAFE_6_N009,33.014261,-117.198557,102.28802
RSVTNRD_6_N001,36.624374,-121.68835,72.70911
RTRACK_1_N001,37.979737,-120.414515,58.95544
RUSSRCH_6_N001,40.819848,-123.826638,49.76132
RVRBANK_1_N001,37.76887287022286,-120.90810355553742,68.70722
RVRBANK_1_N005,37.76887287022286,-120.90822244446258,68.70722
SAFEWAY_1_N001,37.71,-121.4,44.63179
SALINAS_1_N001,36.683239999986945,-121.65120502290527,71.27556
SALINAS_1_N024,36.683239999986945,-121.65131697709472,71.27556
SANARDO_6_N001,36.073766,-120.936804,68.67436
SANCRLS_6_N001,37.49972924078839,-122.243974,74.76551
SANCRLS_6_N002,37.499647879591045,-122.24391479097326,74.76551
SANCRLS_6_N004,37.499647879591045,-122.24403320902674,74.76551
SANDCRK_6_N001,36.64502999998689,-119.15920293037858,76.59878
SANGER_1_N001,36.70707499998684,-119.6108700066517,75.99471
SANJOQN_6_N001,36.62101099998692,-120.17805409852517,74.13666
SANJOQN_6_N006,36.62101099998692,-120.17816590147483,74.14567
SANLUSRY_6_N013,36.77962699998679,-120.72995490173179,102.07408
SANLUSRY_6_N014,36.77962699998679,-120.73006709826822,102.07408
SANLUSRY_6_N101,33.211532999988535,-117.33442746812834,102.07408
SANLUSRY_6_N201,33.211532999988535,-117.33453453187165,102.07408
SANMATEO_1_N001,37.58333525489619,-122.319035,102.35602
SANMATEO_1_N001A,37.58325387253711,-122.31897570912398,73.25204
SANMATEO_1_N009,33.409472,-117.590641,102.35602
SANMATO_6_N001,37.58325387253711,-122.31909429087602,73.23401
SANMIGL_6_N001,35.75192,-120.684163,77.95758
SANMRCOS_6_N001,33.12885155124498,-117.19722253462301,101.90155
SANMRCOS_6_N007,33.12877399995433,-117.19716906934049,101.90155
SANMRCOS_6_N011,33.12869644873215,-117.19722253471747,101.90155
SANPBLO_1_N001,37.984803,-122.336618,73.72332
SANRAFL_1_N001,37.970858222937125,-122.527065,72.74302
SANRAFL_1_N006,37.97077688851645,-122.52700543261207,72.74302
SANRAFL_1_N007,37.97077688851645,-122.52712456738792,72.74302
SANRAMON_2_N001,37.745125434987564,-121.93600563263105,72.89385
SANRAMON_2_N004,37.74494456490202,-121.93600563291054,72.89385
SANRAMON_2_N023,37.74494456490202,-121.93623436708945,72.89385
SANRAMON_2_N024,37.745125434987564,-121.93623436736895,72.89385
SANTAFE_LNODEPLNT,38.77997308074166,-122.67005981025191,88.70848
SANTARO_1_N001,33.78461699446498,-116.41025972078828,100.69219
SANTARO_1_N014,33.78443700544048,-116.41025972101585,100.69219
SANTARO_1_N017,33.78443700544048,-116.41047627898415,100.69219
SANTARO_1_N021,33.78461699446498,-116.41047627921172,100.69219
SANTEE_1_N001,32.85452999998873,-116.96829070198787,98.343
SANTEE_1_N004,32.85452999998873,-116.96839729801214,98.343
SANYSDRO_6_N001,32.562237999988916,-117.02641779453799,102.59212
SANYSDRO_6_N004,32.562237999988916,-117.02652420546201,102.59212
SARATOGA_2_N001,37.28099617234283,-122.014883,72.70498
SARATOGA_2_N006,37.28091491381397,-122.0148240379766,72.70498
SARATOGA_2_N011,37.28091491381397,-122.0149419620234,72.70498
SAUGUS_6_N001,34.4222099999511,-118.5721663854507,101.77806
SAUSALTO_6_N001,37.86340599998612,-122.49836873883264,75.91665
SAUSALTO_6_N002,37.86340599998612,-122.49848326116737,75.91665
SCA_GS_LNODE1AUX,33.91807886040714,-118.42789938920775,89.67319
SCA_GS_LNODE2AUX,33.91816402577284,-118.42793487934084,89.67319
SCA_GS_LNODE4AUX,33.91825400500674,-118.42792894664778,89.66417
SCA_GS_LNODE5AUX,33.91833643226557,-118.42788506116258,89.66417
SCA_GS_LNODE6AUX,33.91840200617013,-118.42781057548723,89.66417
SCA_GS_LNODE7AUX,33.91844466871178,-118.42771492357166,89.66417
SCA_LA_LNODE3SS,33.91846141326686,-118.42760822199088,89.66417
SCA_SUB_LNODEONA,33.918451884282646,-118.42750023805854,89.68221
SCA_SUB_LNODEONB,33.91841787609632,-118.42739967533626,89.68221
SCHINDLR_1_N005,36.402237,-120.138272,72.55153
SCHMLBCH_1_N001,38.3,-121.87,73.40363
SCLARA_6_N001,34.3007956214976,-119.18563240503143,103.12267
SCRIPPS_6_N001,32.91119872129761,-117.112589,102.40401
SCRIPPS_6_N008,32.91111813933897,-117.11253358224198,102.40401
SCRIPPS_6_N013,32.91111813933897,-117.112644417758,102.40401
SCWAX_1_N001,36.700797999986875,-119.75448599883885,76.40165
SCY_LNODE102,38.508556628165735,-121.46418309094265,87.30198
SCY_LNODE103,38.50837670505527,-121.4641830912299,87.30198
SCY_LNODE105,38.50837670505527,-121.4644130198821,87.30198
SCY_LNODE106,38.508556628165735,-121.46441302016935,87.30198
SEARLES_7_N001,35.75666699998737,-117.38050076336167,104.82861
SEMITRPC_1_N001,35.600398,-119.437498,91.43142
SERRMNTE_1_N011,37.69171986891291,-122.4557633854276,73.83686
SFIA-MA_1_N001,37.63904926020716,-122.385896,73.76474
SFIA_1_N001,37.63896786988162,-122.38583665888167,73.55737
SFIA_1_N007,37.63896786988162,-122.38595534111833,73.55737
SHADOWR_1_N001,33.141540731105856,-117.238793,102.01754
SHADOWR_1_N006,33.141460134434745,-117.23873742707973,102.01754
SHADOWR_1_N008,33.141460134434745,-117.23884857292028,102.01754
SHADYGLN_6_N001,39.115058,-120.95331,72.28616
SHAFTER_7_N022,39.77608299994151,-122.10394676937125,91.2589
SHARON_1_N001,37.097275,-120.156454,76.43696
SHAWROAD_1_N001,37.55,-122.42,73.36803
SHLLCHM_6_N001,38.031607,-121.945728,71.64062
SHNGLESR_1_N001,38.65969989665331,-120.946938,71.98305
SHNGLESR_1_N004,38.659619051658225,-120.94687822587784,71.98305
SHNGLESR_1_N103,38.659619051658225,-120.94699777412217,71.98305
SHREDDER_1_N001,37.511676999986356,-122.20767698568532,74.26963
SIERABRK_LNODE19,39.646142,-120.217943,87.04953
SILVERDO_1_N001,38.49950299998593,-122.45908751973128,70.40909
SILVERDO_1_N002,38.49950299998593,-122.45920248026871,70.40909
SISK_LNODEKZH,37.69048760173528,-121.02087456863451,88.16752
SISK_LNODEYUP,37.69057307242136,-121.0209119194331,88.16752
SISQUOC_1_N001,34.87826099998756,-120.33120693531723,86.03789
SISQUOC_1_N020,34.87826099998756,-120.33131706468278,86.03789
SLMNCRK_6_N001,38.343592,-123.044809,74.91588
SMRTVLTP_6_N101,39.207939,-121.301476,69.99709
SMTRPCWS_1_N001,35.59,-119.44,91.43142
SNANDRES_6_N001,37.603294,-122.420424,73.94506
SNBRNRD_6_N001,35.092421,-118.878241,92.34448
SNJOSEB_1_N001,37.34102432531631,-121.9009493888098,74.08687
SNJOSEB_1_N005,37.34084367457506,-121.9009493890831,74.08687
SNJOSEB_1_N009,37.34084367457506,-121.9011766109169,74.08687
SNJOSEB_1_N013,37.34102432531631,-121.9011766111902,74.08687
SNJSEA_1_N001,37.328246190599145,-121.902531,74.07785
SNJSEA_1_N005,37.32816490468582,-121.90247198103432,74.07785
SNJSEA_1_N101,37.32816490468582,-121.90259001896567,74.07785
SNLNDRO_1_N001,37.711237436769906,-122.14880668270004,74.57984
SNLNDRO_1_N014,37.71105656311971,-122.14880668297907,74.57984
SNLNDRO_1_N017,37.71105656311971,-122.14903531702092,74.58886
SNLNDRO_1_N027,37.711237436769906,-122.14903531729996,74.57984
SNROSA_LNODEMEA,37.5099999999863,-121.22994301594794,88.12244
SNROSA_LNODEYWX,37.5099999999863,-121.23005698405206,88.12244
SNTAMRA_1_N001,33.12877399995433,-117.19738293065951,86.07517
SNTAMRA_1_N005,33.12885155124498,-117.19732946537698,86.07517
SNTANLA_6_N001,37.085979,-121.013273,72.19229
SNTARSA_1_N001,38.43691201584367,-122.71331,72.23812
SNTARSA_1_N002,38.43683099206306,-122.71325027901105,72.23812
SNTARSA_1_N006,38.43683099206306,-122.71336972098895,72.23812
SNTARTA_6_N001,37.055061,-120.634086,72.94381
SNTAYNZ_1_N001,34.625273999987726,-120.11813905143147,87.06571
SNTAYNZ_1_N002,34.625273999987726,-120.11824894856854,87.06571
SNTHLNE_6_N001,37.6223639999863,-122.44717791303894,74.26963
SNTHLNE_6_N002,37.6223639999863,-122.44729208696106,74.26963
SOBRANTE_1_N001,37.90594,-122.208144,72.8127
SOLEDAD_6_N001,36.429513,-121.331901,71.6903
SONOFRE_2_N067,33.3697279999884,-117.55438367777961,102.05971
SOUTHBAS_1_N001,34.881503,-117.892023,107.38681
SOUTHBY_6_N001,38.575612901218726,-121.497588,72.07217
SOUTH_LNODE108,40.39538221,-121.8791458,88.76257
SOUTH_LNODE204,40.39538220993951,-121.87902727370097,88.75356
SOUTH_LNODEC542,40.39529194143137,-121.87902727385986,88.75356
SOUTH_LNODEC544,40.39522811201244,-121.87911108453021,88.75356
SOUTH_LNODEC546,40.39521284740522,-121.87922790359386,88.75356
SOUTH_LNODEC547,40.39524411201219,-121.8793390934442,88.75356
SOUTH_LNODEC548,40.39530994650243,-121.87942018597366,88.75356
SOUTH_LNODEC549,40.395395258043976,-121.87945892278287,88.75356
SOUTH_LNODEC550,40.3954853917418,-121.8794524474595,88.75356
SOUTH_LNODEC552,40.39556796052161,-121.87940454742642,88.75356
SPANSHCK_6_N001,40.026139,-120.961748,66.17843
SPENCE_6_N001,36.613591,-121.566779,71.60014
SPICAMIN_1_N001,38.73992576174639,-120.67723108004192,71.8388
SPRINGVL_6_N001,36.10586253074472,-118.93516918490357,101.92598
SPRNGVLY_6_N001,32.73903399998875,-117.00264674817954,102.47491
SPRNGVLY_6_N010,32.73903399998875,-117.00275325182045,102.47491
SQAWVLY_LNODE01,39.20568653401713,-120.20123845453338,86.83315
SQAWVLY_LNODE81,39.20550746586879,-120.20123845482796,86.83315
SQAWVLY_LNODE82,39.20550746586879,-120.20146954517205,86.83315
SQAWVLY_LNODE83,39.20568653401713,-120.20146954546662,86.83315
STAFFORD_6_N002,38.12003299998604,-122.61362861905879,72.45451
STAFFORD_6_N101,38.12003299998604,-122.6137433809412,72.45451
STAGG_2_N001,37.99164936143144,-121.34848834268168,71.77418
STAGG_2_N014,37.99146863845723,-121.34848834296415,71.77418
STAGG_6_N001,37.99146863845723,-121.34871765703586,71.82827
STAGG_6_N003,37.99164936143144,-121.34871765731833,71.82827
STAMPEDE_LNODE19,39.46748199998557,-120.10518300964912,87.04953
STATELN_LNODE01,38.95238461856907,-119.94181675988908,87.19379
STATELN_LNODE22,38.952205381317675,-119.94181676018052,87.19379
STATELN_LNODE23,38.952205381317675,-119.94204723981947,87.19379
STATELN_LNODELY,38.95238461856907,-119.94204724011091,87.19379
STATIN-L_7_N001,37.81024899998616,-122.271385771776,73.52497
STATIND_1_N001,37.837585251800924,-122.263503,73.38071
STATIND_1_N010,37.83750387408463,-122.26344350874284,73.38071
STATIND_1_N013,37.83750387408463,-122.26356249125715,73.38071
STATINJ_1_N001,37.76334825993251,-122.214444,74.65075
STATINJ_1_N012,37.763266870018874,-122.21438455959633,74.65075
STATINJ_1_N027,37.763266870018874,-122.21450344040367,74.65075
STATINL_1_N001,37.81024899998616,-122.271500228224,73.52497
STATINX_1_N001,37.80554442667025,-122.23091354965457,73.4889
STATINX_1_N012,37.805363573219,-122.23091354993484,73.4889
STATINX_1_N014,37.805363573219,-122.23114245006515,73.4889
STATINX_1_N024,37.80554442667025,-122.23114245034543,73.4889
STB_LNODE201,38.57233333333333,-121.483291944444,87.28395
STB_LNODE202,38.57233333327705,-121.48317695138249,87.28395
STB_LNODE203,38.57224342921349,-121.48317695152639,87.28395
STB_LNODE204,38.57217985749196,-121.48325826382802,87.28395
STB_LNODE205,38.572164654514715,-121.48337160056485,87.28395
STB_LNODE206,38.57219579290459,-121.48347947588752,87.28395
STB_LNODE207,38.5722613616095,-121.48355815106362,87.28395
STB_LNODE208,38.57234632872595,-121.48359573311588,87.28395
STB_LNODE209,38.57243609852223,-121.48358945079376,87.28395
STB_LNODE210,38.57251833393617,-121.48354297863219,87.28395
STB_LNODE211,38.572583755229644,-121.4834641025941,87.28395
STB_LNODE212,38.57262631848412,-121.48336281268834,87.28395
STCKTNAR_6_N001,37.963279,-121.323476,73.30567
STCRUZ_LNODECXA,37.627559999986325,-120.97504290860819,88.29374
STCRUZ_LNODEWLS,37.627559999986325,-120.97515709139182,88.29374
STDDRD_LNODECEA,37.704079999986206,-121.06864284680097,88.16752
STDDRD_LNODEWZO,37.704079999986206,-121.06875715319903,88.16752
STDOIL_1_N009,37.94,-122.38,73.89462
STD_LNODENE1,38.57225,-121.500568888889,87.28395
STD_LNODENE2,38.572249999943736,-121.50045389586575,87.28395
STD_LNODENE4,38.57217214071853,-121.50051139243968,87.28395
STD_LNODENE5,38.57217214071853,-121.50062638533832,87.28395
STD_LNODENE6,38.572249999943736,-121.50068388191225,87.28395
STD_LNODENE7,38.57232785925329,-121.50062638546294,87.28395
STD_LNODENE8,38.57232785925329,-121.50051139231506,87.28395
STELLING_1_N001,37.3360521934471,-122.042805,73.17503
STELLING_1_N004,37.33597090326187,-122.04274597179945,73.17503
STELLING_1_N007,37.33597090326187,-122.04286402820055,73.17503
STE_SM_LNODE301,38.58631666666667,-121.472838888889,87.28395
STE_SM_LNODE302,38.586316666610415,-121.47272388936047,87.28395
STE_SM_LNODE303,38.58622677499287,-121.47272388950444,87.28395
STE_SM_LNODE304,38.58616321207191,-121.47280520637891,87.28395
STE_SM_LNODE305,38.58614801119931,-121.4729185494895,87.28395
STE_SM_LNODE306,38.58617914527848,-121.47302643087885,87.28395
STE_SM_LNODE307,38.58624470490619,-121.47310511047952,87.28395
STE_SM_LNODE308,38.586329660260105,-121.47314269464546,87.28395
STE_SM_LNODE309,38.58641941762905,-121.47313641197016,87.28395
STF_LNODEDAX,37.69055999998624,-121.02097285725026,88.19457
STF_LNODEIPN,37.69055999998624,-121.02108714274974,88.19457
STJ_SUB_LNODEONB,34.067054141297895,-118.226,89.71827
STJ_SUB_LNODEONC,34.06697292933807,-118.22594339850212,89.72729
STJ_SUB_LNODEOND,34.06697292933807,-118.22605660149787,89.72729
STKTONA_1_N001,37.94722338217881,-121.28911838573319,71.48677
STKTONA_1_N003,37.947042617710025,-121.28911838601516,71.48677
STKTONA_6_N001,37.947042617710025,-121.28934761398483,73.1524
STKTONA_6_N004,37.94722338217881,-121.2893476142668,73.1524
STLLWATR_6_N001,40.677845,-122.34971,72.19409
STOCKDLE_1_N001,35.316584007161445,-119.06818269302951,91.9027
STOCKDL_2_N001,35.31640399273835,-119.06818269327503,91.59616
STOCKDL_2_N002,35.31640399273835,-119.06840330672496,91.59616
STOCKDL_2_N101,35.316584007161445,-119.0684033069705,91.59616
STOCKM_LNODEVZF,37.62761110994497,-120.9752808828705,88.16752
STOCKM_LNODEXFA,37.62770154232185,-120.9751667,88.16752
STONCRRL_6_N001,36.472251999987044,-119.18811326795893,77.03155
STONCRRL_6_N003,36.472251999987044,-119.18822473204106,77.03155
STONE_1_N001,37.303708999986505,-121.86757223713448,73.79714
STONE_1_N005,37.303708999986505,-121.8676857628655,73.79714
STONYPT_1_N001,38.42,-122.78,72.44549
STOREY1_2_N001,36.98288702744317,-120.033746,75.99884
STOREY2_2_N001,36.98280598626407,-120.03380457310557,76.03491
STREAMVW_6_N001,32.745604999988714,-117.07864474591278,102.52901
STREAMVW_6_N007,32.745604999988714,-117.07875125408721,102.52901
STROUD_6_N001,36.530868,-120.104386,74.70467
STUART_6_N001,33.256701,-117.416547,102.93182
STURLOCK_LNODEDR3,37.4835881458663,-120.846727672541,87.89704
STURLOCK_LNODEDR4,37.4835360336794,-120.846797393384,87.89704
STURLOCK_LNODEDR7,37.4834830942642,-120.846867453726,87.89704
STURLOCK_LNODER13,37.483522165007,-120.846657059231,87.89704
SUISUN_1_N001,38.24526219208727,-122.04122215940386,73.41265
SUISUN_1_N008,38.24508180780079,-122.04122215968883,73.41265
SUISUN_1_N009,38.24508180780079,-122.04145184031117,73.41265
SUMMIT_6_N001,39.319203,-120.378897,78.20566
SUNOL_6_N001,37.586891,-121.869379,73.43236
SURF_1_N009,34.61,-120.22,86.84031
SWEETWTR_6_N017,32.65811799998879,-117.0916867727539,102.15935
SWEETWTR_6_N018,32.65811799998879,-117.0917932272461,102.15935
SWIFT_1_N001,37.3225281884819,-121.796729,73.5537
SWIFT_1_N003,37.322446905744414,-121.79666998783091,73.5537
SWIFT_1_N006,37.322446905744414,-121.79678801216909,73.5537
SYCAMORE_1_N101,39.76991684305054,-121.824218,71.72328
SYCAMORE_1_N201,39.76983607845885,-121.82415733357864,71.72328
SYCAMORE_1_N301,39.76983607845885,-121.82427866642136,71.73229
SYLVANCM_LNODECPR,37.688469999986225,-120.97663285888366,88.14047
SYLVANCM_LNODEHGR,37.688469999986225,-120.97674714111633,88.14047
TAFT1_1_N001,35.14999999998751,-119.47994486994581,91.19579
TAFT1_1_N004,35.14999999998751,-119.48005513005418,91.19579
TAHDONR_LNODE07,39.337309,-120.221277,87.22985
TAHOCTY_LNODE01,39.165971540038264,-120.14445351203682,86.8602
TAHOCTY_LNODE71,39.16579245984778,-120.14445351233086,86.8602
TAHOCTY_LNODE72,39.16579245984778,-120.14468448766914,86.8602
TAHOCTY_LNODE73,39.165971540038264,-120.14468448796318,86.86921
TAMARACK_6_N001,39.313743,-120.496804,77.5287
TAMARISK_1_N001,33.817316,-116.454898,100.54793
TAP710_1_N004,32.595376662064226,-117.0577334243903,58.08
TAP801_1_N001,34.109614,-116.411837,101.67615
TAP807_1_N001,34.0,-116.5,100.58522
TAR_SUB_LNODEONA,34.17905418777958,-118.544,89.61909
TAR_SUB_LNODEONB,34.1789729060972,-118.54394327481864,89.61909
TAR_SUB_LNODEONC,34.1789729060972,-118.54405672518136,89.62811
TASSAJAR_2_N001,37.79959499998613,-121.9077887787453,73.01885
TASSAJAR_2_N002,37.79959499998613,-121.9079032212547,73.01885
TAYLOR_LNODEDR1,37.5369331958297,-120.809398426319,87.82491
TAYLOR_LNODEDR5,37.5369383829719,-120.809348192848,87.82491
TAYLOR_LNODEDR7,37.536937531095,-120.809217269976,87.81589
TAYLOR_LNODEDR8,37.5369366699963,-120.809289591436,87.82491
TECUYA_6_N001,35.018589,-118.979536,92.43464
TEICHERT_1_N001,37.79,-121.36,71.05941
TEJON_6_N001,35.019534,-118.954779,92.44366
TELECYN_1_N001,32.6379177816674,-117.01607,101.32988
TELECYN_1_N006,32.63783710915427,-117.01601469007429,101.32988
TELECYN_1_N014,32.63783710915427,-117.01612530992571,101.32988
TEMBLOR_1_N003,35.382795999987465,-119.69634883811833,90.07891
TEMPLETN_2_N008,35.554496,-120.679996,82.20766
TERMNOUS_6_N001,38.116464,-121.422007,72.6307
TESSUB_2_N001,37.73,-121.93,73.17992
TEVIS_1_N001,35.319191999987495,-119.12859784623319,91.92975
TEVIS_1_N003,35.319191999987495,-119.12870815376681,91.89368
TEXSUN1G_7_N001,35.36999999998748,-119.4800551602316,91.02815
TEXSUN2G_7_N001,35.3599999999875,-119.48005515895167,91.01913
THORNHIL_1_N001,33.833699,-116.524642,101.15322
TIDEWATR_2_N001,38.01989465330933,-122.06150068264388,72.50616
TIDEWATR_2_N014,38.02007534657929,-122.06150068292666,72.50616
TLRELKE_6_N001,36.003703,-119.948802,83.08326
TOCALOMA_6_N001,38.05521,-122.760914,72.84219
TOL_SUB_LNODEONA,34.175740310821865,-118.36069083905292,89.71827
TOL_SUB_LNODEONB,34.1755596890815,-118.36069083928658,89.70925
TOL_SUB_LNODEONC,34.1755596890815,-118.36090916071342,89.70925
TOL_SUB_LNODEOND,34.175740310821865,-118.36090916094707,89.70925
TOREYPNS_6_N001,32.89877953728695,-117.23987836114813,102.26877
TOREYPNS_6_N007,32.89860046262259,-117.23987836136372,102.26877
TOREYPNS_6_N008,32.89860046262259,-117.24009163863627,102.26877
TOREYPNS_6_N009,32.89877953728695,-117.24009163885188,102.26877
TORTILLA_1_N007,34.874547,-117.064691,106.57121
TRABUCO_1_N001,33.5630767991568,-117.67324523376014,102.37405
TRABUCO_1_N005,33.562897200749894,-117.67324523398426,102.37405
TRABUCO_1_N009,33.562897200749894,-117.67346076601574,102.37405
TRABUCO_1_N013,33.5630767991568,-117.67346076623986,102.37405
TRACY_1_N001,37.748395999944734,-121.41564562794372,73.98944
TRACY_1_N002,37.748305565247314,-121.41576,73.98944
TRACY_1_N007,37.748395999944734,-121.41587437205628,73.98944
TRACY_1_N101,37.74848643475262,-121.41576,73.98944
TRESVIS_6_N001,39.486707,-121.687993,71.62532
TRIMBLE_1_N004,37.42009036798162,-121.72988621524279,73.82663
TRIMBLE_1_N010,37.41990963190925,-121.72988621551741,73.82663
TRIMBLE_1_N016,37.41990963190925,-121.7301137844826,73.82663
TRIMBLE_1_N020,37.42009036798162,-121.73011378475721,73.82663
TRINIDAD_6_N001,41.064242,-124.128367,46.97538
TRUCKEE_LNODE02,39.330431720184855,-120.181195,87.05855
TRUCKEE_LNODE03,39.33035113989209,-120.18113485420918,87.05855
TRUCKEE_LNODE49,39.33035113989209,-120.18125514579083,87.05855
TUDOR_6_N001,38.982071,-121.635205,72.20066
TULUCAY_6_N001,38.247946,-122.268228,72.01394
TUPMAN_1_N101,35.354039,-119.270638,91.16874
TVYVLLY_6_N001,36.770622,-119.393233,76.32708
TXROSDL_1_N001,35.37695301426363,-119.07791367489159,91.63222
TXROSDL_1_N002,35.37695301426363,-119.0780283251084,91.63222
TYLER_6_N001,40.138392982499205,-122.20848578836895,72.42362
TYLER_6_N002,40.138392982499205,-122.20860821163106,72.42362
UCM_6_N001,32.88368472395273,-117.222424,102.34089
UCM_6_N002,32.88360413801135,-117.22236859671557,102.34089
UCM_6_N006,32.88360413801135,-117.22247940328444,102.34089
UKIAH_1_N001,39.142823455087914,-123.19204845611492,70.89305
UKIAH_1_N005,39.14300254479826,-123.19204845640866,70.89305
UPPRLKE_6_N001,39.145906,-122.916845,70.73856
URBAN_6_N001,32.71330799998875,-117.15140275665348,102.34869
URBAN_6_N005,32.71330799998875,-117.15150924334651,102.34869
URICH_6_N001,38.029918,-122.103005,73.93069
VACA-DIX_1_N001,38.401616982566644,-121.91986928712716,71.78976
VACAVIL_1_N001,38.356520058867716,-121.97951,71.84386
VACAVIL_1_N101,38.35643897055109,-121.97945029786577,71.97008
VACAVIL_1_N102,38.35643897055109,-121.97956970213424,71.97008
VALCNTR_6_N001,33.230683,-117.018401,102.6126
VALLEYSC_1_N001,33.738397971600605,-117.156432,101.04747
VALLEYSC_1_N107,33.738317014186954,-117.15648820699798,101.04747
VALLYHM_1_N001,37.85575599998615,-120.94408374338772,56.43858
VALLYVW_1_N001,37.96607299998612,-122.27841868352904,73.44382
VALLYVW_1_N003,37.96607299998612,-122.27853331647096,73.44382
VAL_GS_LNODE5AUX,34.24482148241572,-118.3914027121072,89.67319
VAL_GS_LNODE6AUX,34.24485277566131,-118.39150524618782,100.90764
VAL_GS_LNODE7AUX,34.24491867043375,-118.39158002588233,100.90764
VAL_GS_LNODE8AUX,34.245004060069334,-118.391615747079,89.67319
VAL_LNODELSS,34.24509427625119,-118.39160977576542,89.67319
VASCO_6_N001,37.71132099998621,-121.71587984128799,72.58608
VASCO_6_N003,37.71132099998621,-121.71599415871201,72.58608
VASONA_2_N001,37.26,-121.9,72.65088
VEDDER_1_N001,35.61,-118.96,92.42563
VEL_SUB_LNODEONA,34.01555411723447,-118.204,89.72729
VEL_SUB_LNODEONB,34.01547294136984,-118.20394345800285,89.72729
VEL_SUB_LNODEONC,34.01547294136984,-118.20405654199715,89.72729
VESTAL_6_N001,35.85713659527842,-119.08872645400277,102.42186
VICTOR_1_N001,38.145651267656454,-121.17732422029407,102.07239
VICTOR_6_N001,38.145470732231836,-121.17755377942188,74.03841
VICTOR_6_N002,38.145651267656454,-121.17755377970593,74.03841
VIEJOSC_2_N001,36.578772821150025,-121.908968,102.05314
VIEJOSC_2_N004,33.667334,-117.642727,102.05314
VIEJO_6_N001,36.578692089410936,-121.90890995739635,71.87062
VIEJO_6_N003,36.578692089410936,-121.90902604260364,71.87062
VIERRA_1_N001,37.85,-121.24,52.74958
VINA_6_N001,39.941614,-122.041739,73.92027
VINEYARD_2_N001,37.66967326170019,-121.85436,73.61269
VINEYARD_2_N002,37.66959186913507,-121.85430063276966,73.61269
VINEYARD_6_N001,37.66959186913507,-121.85441936723034,72.89263
VN_SUB_LNODEONA,34.18009031354033,-118.44489083013903,89.72729
VN_SUB_LNODEONB,34.17990968636295,-118.44489083037274,89.70925
VN_SUB_LNODEONC,34.17990968636295,-118.44510916962726,89.70925
VN_SUB_LNODEOND,34.18009031354033,-118.44510916986097,89.70925
VSTA_1_N001,34.04125299995202,-117.32061812723687,101.5056
VSTA_6_N001,34.04125299995202,-117.32083587276313,101.49659
WAHTOKE_1_N001,36.61618299998699,-119.452409104289,76.05904
WAHTOKE_1_N002,36.61618299998699,-119.45252089571099,76.05904
WALNUT_6_N001,34.00840381020035,-117.94966020073771,102.1248
WARENCYN_6_N001,33.01545499998868,-117.00226861385794,101.63887
WARENCYN_6_N002,33.01545499998868,-117.00237538614206,101.63887
WARNERS_6_N001,33.247186,-116.675942,100.79768
WARNER_LNODERV1,41.50091505739131,-120.533072,86.68889
WARNER_LNODERV3,41.50083397128745,-120.53300949206302,86.68889
WARNER_LNODESC1,41.50083397128745,-120.53313450793698,86.68889
WASCO_7_N008,39.77617274317707,-122.10383,91.88223
WASHNGT_LNODEDR1,37.4893772928244,-120.903967825898,87.90605
WASHNGT_LNODEDR2,37.4895172164325,-120.904092990936,87.90605
WASHNGT_LNODEDR3,37.4894692627508,-120.903968029781,87.90605
WASHNGT_LNODEDR4,37.489297130992,-120.993988447763,87.90605
WASHNGT_LNODEDR5,37.4894207521695,-120.904091725093,87.90605
WASHNGT_LNODEDR6,37.4892474344412,-120.904090188054,87.90605
WASHNGT_LNODEDR7,37.4892029595549,-120.903964429204,87.90605
WASHNGT_LNODER15,37.4893341220127,-120.90409199878,87.90605
WATRSHED_6_N001,37.487815,-122.310237,74.38806
WEBER_6_N001,37.919828,-121.240232,72.93602
WEC_SY_LNODEUX1,37.4878752249074,-120.89565231921667,87.87901
WEC_SY_LNODEUX2,37.4878752249074,-120.89576624369113,87.87901
WELFLDPM_LNODELPMP,34.16127269818337,-114.38198913123861,89.34861
WELFLDPM_LNODERALS,34.16145330172,-114.38198913147205,89.34861
WEMRSWS_6_N001,39.035984,-120.987909,72.32223
WESTLANE_6_N001,37.990674,-121.282373,72.3512
WESTLNDS_1_N001,36.3999999999871,-120.31994434326373,72.50645
WESTLNDS_1_N019,36.3999999999871,-120.32005565673627,72.50645
WESTPARK_1_N001,35.374163973003284,-119.039839,91.83057
WESTPARK_1_N005,35.374083013484764,-119.03978167527592,91.83057
WESTPARK_1_N009,35.374083013484764,-119.03989632472408,91.83057
WESTPLAT_1_N001,35.42,-119.3,91.0876
WESTPORT_LNODEDR1,37.5225825838401,-120.993998352649,87.86999
WESTPORT_LNODEDR3,37.5223769944682,-120.993990429526,87.86999
WESTPORT_LNODEDR5,37.5225172095941,-120.993995815213,87.86999
WESTPORT_LNODEDR7,37.5224455031416,-120.903973009416,87.86999
WHEATLND_6_N001,39.013055,-121.418524,70.38722
WHEELER_6_N001,35.089761,-118.976591,92.29039
WHISMAN_1_N001,37.40491321634772,-122.068856,73.68237
WHISMAN_1_N004,37.404831891811426,-122.06879689262591,73.68237
WHISMAN_1_N009,37.404831891811426,-122.06891510737408,73.68237
WHITMORE_6_N001,40.628753,-121.915711,65.03416
WILDWOOD_1_N001,40.387138,-123.045061,65.84193
WILKINS_6_N001,39.00552,-121.867233,71.8139
WILLIAMS_6_N002,39.15758,-122.14762,69.17221
WILLITS_6_N001,39.405666,-123.327366,71.83973
WILLOWS_6_N001,39.531805,-122.185874,72.62488
WIL_SUB_LNODEONB,33.797999999988214,-118.25794584458627,89.75433
WIL_SUB_LNODEONC,33.797999999988214,-118.25805415541372,89.75433
WINTERS_6_N001,38.517708,-121.951331,76.87095
WOHLER_6_N001,38.512048,-122.880906,73.17579
WOLFE_1_N001,37.335142193117605,-122.020824,73.18405
WOLFE_1_N002,37.335060903426545,-122.02076497287341,73.18405
WOLFE_1_N007,37.335060903426545,-122.02088302712659,73.18405
WOODACRE_6_N001,38.012118,-122.65455,72.97743
WOODLD_1_N001,38.67823188725648,-121.760143,72.42484
WOODLD_1_N005,38.67815105635662,-121.76008322082818,72.42484
WOODLD_1_N012,38.67815105635662,-121.76020277917182,72.42484
WOODSIDE_6_N003,37.43624399998641,-122.2420270905538,74.45653
WOODSIDE_6_N004,37.43624399998641,-122.24214090944619,74.45653
WOODWARD_1_N005,36.8966369999867,-119.74995475043866,76.39799
WOODWARD_1_N006,36.8966369999867,-119.75006724956134,76.39799
WPBART_1_N001,38.01999999998606,-121.97994265860079,72.81148
WPBART_1_N004,38.01999999998606,-121.9800573413992,72.81148
WSCOPRSN_1_N001,35.61,-119.37,91.50355
WSCRMNO_1_N004,38.58939293336201,-121.545027,72.98139
WSCRMNO_1_N013,38.58931203330379,-121.54496724378153,72.98139
WSCRMNO_1_N201,38.58931203330379,-121.54508675621847,72.98139
WSTFRSO_1_N001,36.71841899998688,-119.81853697917856,76.1492
WSTFRSO_1_N004,36.71841899998688,-119.81864902082144,76.1492
WSTLD1RA_1_N001,36.72,-120.72,72.19868
WYANDTTE_1_N001,39.491682744465926,-121.541161,70.71593
WYANDTTE_1_N003,39.49160212775149,-121.54110068770393,70.71593
WYANDTTE_1_N102,39.49160212775149,-121.54122131229607,70.71593
ZACA_1_N001,34.696829,-120.151374,86.84031
ZANKER_1_N001,37.469999999986335,-121.8099430557453,74.55692
ZANKER_1_N003,37.469999999986335,-121.8100569442547,74.55692
AGER_LNODE35,41.8675,-122.46414,0.0
ALTURAS_LNODE17,41.49972,-120.53306,0.0
BIGSPRIN_LNODELD1,41.616776,-122.39929,0.0
CAMERON_LNODEKM,32.65324599998863,-116.48817922595589,0.0
CASTELLA_LNODE,41.146254,-122.319747,0.0
CEDARVIL_LNODED1,41.53156,-120.18194,0.0
CLEARLAO_LNODE44,41.704981,-121.276741,0.0
COPCO2_LNODE21,41.97667,-122.36167,0.0
DAVISCR_LNODED1,41.73,-120.37,0.0
DELNORTE_LNODE50,41.86761799998422,-124.13905472462552,0.0
DELNORTE_LNODE51,41.86761799998422,-124.13917527537447,0.0
DOGCREEK_LNODE,40.94013311,-122.431008,0.0
DORRIS_LNODE06,41.96694,-121.91333,0.0
EAGLEMTN_LNODEHI,33.8199729920039,-115.44005630685402,0.0
FLINT_LNODE_LDT1,38.88530299998586,-121.06681059075832,0.0
GASQUET_LNODE42,41.84833,-123.96667,0.0
INTERNAT_LNODELD,41.432568,-122.38296,0.0
LITTLESH_LNODELD1,41.70174123,-122.3696599,0.0
LUCERNE_LNODELD,41.60361,-122.5225,0.0
MACDOEL_LNODE20,41.83166999998427,-122.00465973878569,0.0
MACDOEL_LNODE45,41.83166999998427,-122.00478026121432,0.0
MADISON_LNODE1,38.67065905446531,-121.9691977771112,0.0
MOTT_LNODE,41.262727,-122.270475,0.0
NDUNSMUI_LNODE7,41.2207989999844,-122.27643096616978,0.0
NDUNSMUI_LNODE9,41.2207989999844,-122.27655103383022,0.0
NEWELL_LNODE90,41.888139999984205,-121.37845028379793,0.0
NUTGLADE_LNODE,41.178254,-122.290711,0.0
PATRICKS_LNODE49,41.88139,-123.86472,0.0
PEREZ_LNODED1,41.63306,-121.22639,0.0
PRAXAIR_LNODEPM,37.99999999998611,-121.81005733246779,0.0
REDWOODU_LNODED2,41.76083,-124.16347,0.0
SDUNSMUI_LNODE,41.201244,-122.2764098,0.0
SHASTINA_LNODELD1,41.548666,-122.364174,0.0
SHOTGUNC_LNODE,41.053889,-122.381667,0.0
TULELAKE_LNODE35,41.95333,-121.47111,0.0
TUNNEL_LNODE33,41.925559999984245,-121.56576970013403,0.0
TUNNEL_LNODE40,41.925559999984245,-121.56589029986597,0.0
WEED_LNODER1,41.43139,-122.38944,0.0
YREKA_LNODE76,41.72897989068449,-122.63154955171838,0.0
YREKA_LNODED1,41.72880010918983,-122.63154955205546,0.0
YREKA_LNODED2,41.72880010918983,-122.63179044794454,0.0
YREKA_LNODED3,41.72897989068449,-122.63179044828162,0.0
