node_id,lat,lon,price_dp
12TH_S_LNODENMZ,37.63715677998629,-120.99316020050249,0.29908
12TH_S_LNODEXWQ,37.63715677998629,-120.99327439949751,0.29908
8TH_ST_LNODEBXG,37.64197726998626,-121.00603849646912,0.29905
8TH_ST_LNODELZF,37.64197726998626,-121.00615270353089,0.29905
AEC300_1_N001,37.74,-121.48,0.10846
AGNEW_1_N003,37.51,-121.84,0.13242
AIRPROD_1_N001,36.65,-119.54,0.20676
AIR_SUB_LNODENAA,33.96205409081493,-118.376,0.27322
AIR_SUB_LNODENAB,33.961972954579615,-118.37594352117388,0.27322
AIR_SUB_LNODEONC,33.961972954579615,-118.37605647882611,0.27319
ALAMITOS_2_N001,33.771584,-118.100596,0.28028
ALAMITOS_2_N040,33.77,-118.1,0.28028
ALAMT1G_7_N002,33.77149401717401,-118.1004877514908,0.28028
ALAMT2G_7_N002,33.771415173499584,-118.10067098425147,0.28028
ALAMT3G_7_N002,33.77144633917227,-118.10077253262283,0.28028
ALAMT4G_7_N002,33.771511965310076,-118.10084659342048,0.28025
ALAMT5G_7_N002,33.771597006833865,-118.1008819712055,0.28028
ALAMT6G_7_N002,33.77176916262267,-118.10083231072662,0.28028
ALHAMBRA_1_N001,37.99408499998608,-122.13031167024367,0.1224
ALHAMBRA_1_N002,37.99408499998608,-122.13042632975633,0.1224
ALLEGHNY_6_N001,39.464893,-120.844946,0.08868
ALMADEN_6_N001,37.26027,-121.890082,0.13483
ALMOND_LNODEAUX,37.574202045609525,-120.98511610244,0.29693
ALPAUGH_7_N002,35.963463732836644,-119.456796,-0.05076
ALPINE_6_N001,32.82778299998866,-116.78987271391081,-0.52238
ALPINE_6_N005,32.82778299998866,-116.78997928608918,-0.52238
ALTO_6_N001,37.89825299998615,-122.52430271885964,0.12048
ALTO_6_N101,37.89825299998615,-122.52441728114036,0.12048
ALTTA_BP_LNODEPRT,41.51205899998436,-120.5236838478691,0.28792
ALTTA_BP_LNODETON,41.51205899998436,-120.5238041521309,0.28792
AMERIGAS_1_N001,38.43,-121.79,0.09824
AMESBS_1_N004,37.41751022008469,-122.066192,0.12885
AMESBS_1_N101,37.41742888994297,-122.06613287861066,0.12885
AMESDST_1_N001,37.41742888994297,-122.06625112138934,0.12885
AMFORST_6_N001,38.369191999986,-120.79657754861613,0.12876
ANDERSON_6_N001,40.449838,-122.305068,0.07294
ANGIOLA_6_N001,35.992007,-119.57137,0.17203
ANITA_6_N001,39.811047,-121.919761,0.08459
ANNAPOLS_6_N001,38.680315,-123.311782,0.10857
ANTELOPE_6_N001,35.658117,-119.996015,-0.09831
ANTLER_6_N001,40.893581,-122.379244,0.07236
APPLEHL_1_N001,38.73992576174639,-120.67700091995808,0.10178
APPLEHL_1_N002,38.73974623814083,-120.67700092024737,0.10178
APPMAT_1_N001,37.359999999986435,-121.97994317305394,0.13451
APPMAT_1_N010,37.359999999986435,-121.98005682694607,0.13451
ARBUCKLE_6_N001,39.017625,-122.061575,0.09414
ARCATA_6_N001,40.867132,-124.088286,0.0823
ARVINED_1_N001,35.15044599998752,-118.87870286987292,-0.04487
ARVIN_6_N001,35.15044599998752,-118.87881313012709,-0.04428
ASHLAN_2_N001,36.79263892472445,-119.82749,0.23102
ASHLAN_2_N007,36.7925580376235,-119.82743168375806,0.23102
ASHLAN_2_N008,36.7925580376235,-119.82754831624194,0.23102
ASH_6_N001,33.1365697302963,-117.070292,3.26052
ASH_6_N005,33.13648913483958,-117.0702364310647,3.26052
ASH_6_N101,33.13648913483958,-117.07034756893529,3.26052
ASPEN_LNODESPEN,37.69337956,-122.069288,0.27041
ATASCDRO_6_N001,35.465309,-120.671582,-0.08558
ATWATER_1_B2,37.35999599998639,-120.6146481730584,0.2524
ATWATER_1_N001,37.35999599998639,-120.6147618269416,0.2524
ATW_SUB_LNODEONB,34.1096541600031,-118.254,0.27331
ATW_SUB_LNODEONC,34.10957291998536,-118.25394335044959,0.27331
ATW_SUB_LNODEOND,34.10957291998536,-118.2540566495504,0.27334
AUBERRY_6_N001,37.06806099998665,-119.495719527536,0.23418
AUBERRY_6_N003,37.06806099998665,-119.495832472464,0.23418
AUBURN_6_N001,38.903397,-121.069921,0.09104
AUGUST_LNODEDR1,37.4182520696912,-120.831252690486,0.29745
AUGUST_LNODEDR3,37.4182452743243,-120.831131410372,0.29745
AUGUST_LNODEDR4,37.4182458785436,-120.830989786937,0.29742
AUGUST_LNODEDR5,37.4182557186304,-120.831363604619,0.29745
AVENA_1_N001,37.842208,-121.054122,0.11647
AVOCADO_6_N001,33.38466699998843,-117.23692330729693,2.95182
AVOCADO_6_N002,33.38466699998843,-117.23703069270306,2.95182
BAFOOD1_6_N001,36.33,-121.16,0.33442
BAHIA_2_N001,38.08095331088854,-122.13739126700075,0.11465
BAHIA_2_N011,38.08077268899996,-122.13739126728416,0.11465
BAILYJ1_1_N010,34.77604,-118.77504,0.1303
BAIR_1_N001,37.496937,-122.214157,0.12952
BAKER_1_N001,35.284771,-116.064256,-0.10226
BALFOUR_6_N001,37.92596,-121.678546,0.11595
BANGOR_6_N001,39.388064,-121.402937,0.08758
BANGS_LNODEKGC,37.70469,-121.0418,0.29937
BANNING_1_N001,33.922289,-116.87283,0.06991
BANTA_6_N001,37.7528989999862,-121.35057581075783,0.11369
BARRETT_6_N001,32.667194,-116.700208,-0.52458
BARRE_6_N001,33.80900298319592,-117.98332966316445,0.27999
BARRE_6_N002,33.80900298319592,-117.98354633683554,0.27999
BARRE_6_N003,33.80918301670945,-117.9835463370635,0.27999
BARRY_6_N001,39.069323,-121.690208,0.10033
BARTON_1_N001,36.76408490976673,-119.735935,0.21914
BARTON_1_N007,36.76400404510246,-119.73587672164825,0.21914
BARTON_1_N008,36.76400404510246,-119.73599327835174,0.21914
BASALT_6_N002,38.26328599998595,-122.26916657483297,0.10181
BASALT_6_N101,38.26328599998595,-122.26928142516702,0.10181
BATAVIA_6_N001,38.385820999985995,-121.77570654480984,0.09876
BATIQTOS_1_N001,33.1011727252775,-117.250399,3.30012
BATIQTOS_1_N008,33.101092137348985,-117.25034345864424,3.30012
BATIQTOS_1_N015,33.101092137348985,-117.25045454135577,3.30012
BAYMDWS_1_N001,37.55162541726735,-122.29307795256243,0.12847
BAYMDWS_1_N004,37.551444582623034,-122.29307795283914,0.12847
BAYMDWS_1_N008,37.551444582623034,-122.29330604716085,0.12847
BAYMDWS_1_N012,37.55162541726735,-122.29330604743757,0.12847
BAYSHOR1_1_N001,37.74603599998622,-122.40302381566526,0.12946
BAYSHOR2_1_N001,37.74603599998622,-122.40313818433472,0.12946
BAYWOOD_6_N001,35.360177,-120.811564,-0.08067
BCN_PP_LNODESS1,35.25680070871138,-118.02736892630813,0.26858
BCN_PP_LNODESS2,35.256766720360744,-118.02726679027704,0.26858
BEARTAP_1_N001,35.38,-119.0,-0.04437
BELLEF_7_CN10,39.776083,-122.10383,3e-05
BELLEF_7_CN11,39.77608299994151,-122.10371323062876,-3e-05
BELLPGE_1_N001,38.947418999985814,-121.0911283822858,0.09063
BELLPGE_1_N005,38.947418999985814,-121.0912436177142,0.09063
BELLVUE_1_N001,38.379084046922976,-122.712022,0.1145
BELLVUE_1_N003,38.37900297652332,-122.711962292445,0.1145
BELLVUE_1_N005,38.37900297652332,-122.712081707555,0.1145
BELMONT_1_N001,37.52332024549896,-122.264967,0.12969
BELMONT_1_N006,37.52323887723573,-122.26490776711239,0.12969
BELMONT_1_N008,37.52323887723573,-122.26502623288762,0.12969
BELRIDGE_1_N001,35.455722,-119.631903,-0.05291
BERESFRD_6_N001,37.565013999986284,-122.31923796388803,0.12821
BERESFRD_6_N002,37.565013999986284,-122.31935203611197,0.12821
BERNARDO_6_N001,33.021575,-117.096228,3.55607
BERNARDO_6_N002,33.021574999954524,-117.09612121988424,3.55607
BERNARDO_6_N009,33.02148546856512,-117.096228,3.55607
BERNARDO_6_N013,33.021574999954524,-117.09633478011577,3.55607
BERNARDO_6_N014,33.0216645314348,-117.096228,3.55607
BERNARDO_LNODEARDO,33.02157451,-117.0962277,0.2698
BERVLLY_6_N001,37.586478,-120.125088,0.30361
BIGBASN_6_N001,37.129545,-122.172132,0.13614
BIGCRK1_7_N001,37.20203293082091,-119.24090286336467,-0.00125
BIGMDWS_6_N001,40.171215,-121.085128,0.07468
BIGRIVR_6_N001,39.311461,-123.786522,0.10387
BIOLA_6_N001,36.792525,-120.114116,0.28699
BIXLER_6_N001,37.9370142319286,-121.528389,0.10869
BKRSFLD_2_N001,35.388298999987455,-119.0044078374034,-0.04609
BKRSFLD_2_N101,35.388298999987455,-119.0045181625966,-0.04609
BLLEHVN_6_N001,37.4772652825887,-122.16793304841748,0.13181
BLLEHVN_6_N002,37.477186999945324,-122.16787609695427,0.13181
BLLEHVN_6_N004,37.477108717384,-122.1679330485368,0.13181
BLLEHVN_6_N006,37.477108717384,-122.1680469514632,0.13181
BLLEHVN_6_N007,37.477186999945324,-122.16810390304572,0.13181
BLUELKE_6_N001,40.88014,-123.980584,0.08445
BLUSTNPP_6_N003,38.575523,-121.497588,-0.09738
BLYTHESC_1_N005,33.614957,-114.682935,-4.47642
BNAVSTA_6_N001,36.653344,-121.62946,0.18075
BNAVSTA_6_N002,36.65334399994771,-121.62934811906177,0.18075
BNTACRB_6_N001,37.7528989999862,-121.35069018924217,0.11598
BOGARD_6_N001,40.586552,-121.093959,0.05941
BOGUE_1_N001,39.09613073444745,-121.623771,0.0947
BOGUE_1_N201,39.096050132760894,-121.62371103865068,0.0947
BOLINAS_6_N001,37.941119,-122.707332,0.1163
BOLLMAN_1_N003,38.04,-121.98,0.12266
BOLTHSE_1_N009,35.36215899998747,-118.92362184077258,-0.04367
BONITA_6_N001,36.967863,-120.20266,0.23659
BONNIEN_7_N001,39.214314999985774,-120.80917722077704,0.03982
BORDEN_2_N007,36.92227399998671,-119.98422371699712,0.23073
BORDER_6_N001,32.56633480869927,-116.944389,4.0214
BORDER_6_N008,32.566254095638485,-116.94433370647506,4.0214
BORONDA_6_N001,36.689983,-121.679239,0.17987
BOSWELL_6_N001,36.085115,-119.552823,0.17203
BOWLES_6_N001,36.605651,-119.773312,0.28911
BRDGVLT_7_N001,40.47956799998481,-123.78034162638289,0.02266
BREEZE_LNODEYT1,35.123880999987534,-118.37403687435777,0.27055
BREEZE_LNODEYT2,35.123880999987534,-118.37414712564222,0.27055
BRENTWOD_2_N001,37.91959423612686,-121.676423,0.11526
BRENTWOD_2_N006,37.91951288192155,-121.67636345967551,0.11526
BRENTWOD_2_N011,37.91951288192155,-121.67648254032449,0.11526
BRGSMR_LNODEGZB,37.66621999998627,-120.97704287657282,0.29908
BRGSMR_LNODETHU,37.66621999998627,-120.97715712342718,0.29908
BRITTN_1_N001,37.37433620668406,-122.015575,0.13439
BRITTN_1_N005,37.37425489664326,-122.01551592726007,0.13439
BRITTN_1_N006,37.37425489664326,-122.01563407273993,0.13439
BRKRSLG_1_N005,38.57552299994369,-121.49747300547165,0.11343
BROCKWAY_LNODE01,39.243063530935196,-120.02634939696748,0.30489
BROCKWAY_LNODE02,39.242884468950564,-120.02634939726258,0.30489
BROCKWAY_LNODE51,39.242884468950564,-120.02658060273741,0.30489
BROCKWAY_LNODE52,39.243063530935196,-120.02658060303253,0.30489
BRRNDAC_6_N001,35.658183,-120.040362,-0.09825
BRUNSWCK_1_N003,39.23119771901711,-121.034946,0.06645
BRUNSWCK_1_N008,39.23111714047599,-121.03488594065819,0.06645
BRUNSWCK_1_N101,39.23111714047599,-121.03500605934181,0.06497
BRWNSVY_6_N001,39.226226,-121.422634,0.09072
BUELLTON_1_N001,34.625261999987686,-120.18631205143852,-0.08677
BUELLTON_1_N003,34.625261999987686,-120.18642194856149,-0.08677
BUENAVS1_7_B1,36.653254242119594,-121.62934811919219,-0.04609
BUENAVS1_7_B3,36.65319077379855,-121.6294272308971,-0.04609
BUENAVS1_7_B4,36.653175595551595,-121.62953750035395,-0.04609
BUENAVS1_7_B5,36.65320668330105,-121.62964245619625,-0.04609
BUENAVS1_7_B6,36.653272145363964,-121.6297190021347,-0.04609
BUENAVS1_7_B7,36.65335697428145,-121.62975556706088,-0.04609
BUENAVS2_7_B1,36.65344659805961,-121.62974945473616,-0.04617
BUENAVS2_7_B3,36.653528699704175,-121.62970424026268,-0.04617
BUENAVS2_7_B4,36.653594014575496,-121.62962749889522,-0.04617
BUENAVS2_7_B5,36.653636508590544,-121.62952895027708,-0.04617
BULLARD_1_N001,36.824388,-119.769224,0.22907
BULLARD_1_N004,36.824387999947184,-119.76911168846675,0.22907
BULLARD_1_N005,36.824298097276774,-119.769224,0.22907
BULLARD_1_N006,36.824387999947184,-119.76933631153325,0.22907
BURLNGME_1_N001,37.589627,-122.363434,0.12775
BUTTE_1_N010,39.7118129999855,-121.81325170045862,0.08456
BUTTE_1_N101,39.7118129999855,-121.81336829954137,0.08456
BWILLIAM_LNODEILLW,34.16145330172,-114.38177086852794,0.26878
B_6_N001,32.714377595830264,-117.16944251257752,3.90991
B_6_N003,32.714198404079745,-117.16944251279143,3.90991
B_6_N005,32.714198404079745,-117.16965548720856,3.90991
B_6_N007,32.714377595830264,-117.16965548742249,3.90991
CABRILLO_1_N001,32.70751759908557,-117.24492651689708,-0.08799
CABRILLO_6_N001,32.70733840082447,-117.24492651711095,3.85504
CABRILLO_6_N004,32.70733840082447,-117.24513948288904,3.85504
CALAVE_1_N001,36.71900181109094,-119.76554095699167,0.209
CALAVE_1_N002,36.718822188804005,-119.76554095725366,0.209
CALAVE_1_N004,36.718822188804005,-119.76576504274634,0.209
CALCMENT_7_N4,37.37,-120.64,-0.00241
CALISTGA_6_N001,38.592664,-122.57862,0.12008
CALLENDR_1_N001,35.04,-120.6,-0.08279
CALPELLA_1_N001,39.197538,-123.192135,0.09777
CALSUB_LNODEET,39.521219,-120.008761,0.29251
CAMDEN_6_N001,36.446258999987045,-119.79904229562648,0.18013
CAMDEN_6_N002,36.446258999987045,-119.79915370437352,0.18013
CAMERON_6_N001,32.65324599998863,-116.48807277404411,-0.52589
CAMINO_2_N001,34.83,-114.99,-0.92799
CAMPHORA_6_N001,36.46829799998704,-121.39017127220814,0.18045
CAMPHORA_6_N003,36.46829799998704,-121.39028272779186,0.18045
CANAL_6_N001,37.066368999986636,-120.8354215297125,0.31908
CANAL_6_N006,37.066368999986636,-120.8355344702875,0.31908
CANBY_BP_LNODEACW,41.444925999984385,-120.88087787131334,0.28842
CANBY_BP_LNODEVEC,41.444925999984385,-120.88099812868666,0.28842
CAN_SUB_LNODEONA,34.18955419166312,-118.592,0.0376
CAN_SUB_LNODEONB,34.189472904155366,-118.59194326369176,0.27334
CAN_SUB_LNODEONC,34.189472904155366,-118.59205673630824,0.27331
CAPAY_6_N001,39.775993256822886,-122.10383,0.08125
CARBONA_6_N003,37.69218399998622,-121.41818185598439,0.11406
CARBONA_6_N101,37.69218399998622,-121.4182961440156,0.11406
CARLOTTA_6_N001,40.541122999984744,-124.06382054930958,0.08041
CARLOTTA_6_N003,40.541122999984744,-124.06393945069041,0.08041
CARLTNHS_1_N001,32.85503754591703,-117.01185140348343,3.83228
CARLTNHS_1_N004,32.85485845399255,-117.01185140369861,3.83228
CARNATIO_6_N001,35.311332,-119.083574,-0.04222
CARNERAS_6_N001,35.541055,-119.805238,-0.09793
CAROLNDS_6_N001,37.55291899998627,-122.37633097506193,0.13085
CAROLNDS_6_N002,37.55291899998627,-122.37644502493806,0.13085
CARQUINZ_1_N001,38.09103799998602,-122.24848662968667,0.11842
CARQUINZ_1_N002,38.09103799998602,-122.24860137031332,0.11842
CARRIZO_1_N001,35.3805629695311,-120.040252,-0.06305
CARRIZO_LNODEHILL,35.38048201522088,-120.04019467441788,0.27407
CARRIZO_LNODEZOT1,35.38048201522088,-120.04030932558213,0.26997
CARTWRT_1_N001,37.78999999998617,-122.24994278512781,0.12298
CARTWRT_1_N010,37.78999999998617,-122.25005721487219,0.12298
CARUTHRS_6_N001,36.531554,-119.882758,0.28725
CAR_SM_LNODENE1,38.642773175556165,-121.3294330286556,0.29849
CAR_SM_LNODENE2,38.64259349099788,-121.32943302894401,0.29849
CAR_SM_LNODENE3,38.64259349099788,-121.329663082168,0.29849
CAR_SM_LNODENE4,38.642773175556165,-121.3296630824564,0.29849
CASTLE_LNODEDR1,37.36195490350885,-120.56264978595905,0.29725
CASTLE_LNODEDR2,37.36187666885442,-120.5625929569803,0.29725
CASTLE_LNODEDR3,37.36179843428164,-120.56264978607754,0.29722
CASTLE_LNODEDR4,37.36179843428164,-120.56276344403506,0.29722
CASTLE_LNODEDR5,37.36187666885442,-120.5628202731323,0.29725
CASTLE_LNODEDR6,37.36195490350885,-120.56276344415355,0.29725
CASTROVL_2_N001,37.69127699998625,-122.06100285669102,0.12109
CASTROVL_2_N003,37.69127699998625,-122.06111714330898,0.12109
CASTROVL_2_N006,36.76278384840137,-121.73625384648868,0.12109
CAS_LA_LNODESMW,34.587237,-118.656638,0.27287
CAS_PP_LNODE1AUX,34.58734037344726,-118.65692220263387,0.27287
CAS_PP_LNODE2AUX,34.58742309555189,-118.65687780855163,0.27287
CAS_PP_LNODE3AUX,34.587488904018386,-118.65680245963806,0.27287
CAS_PP_LNODE4AUX,34.58753171916694,-118.65670569917606,0.27287
CAS_PP_LNODE5AUX,34.58754852361777,-118.65659776098718,0.27287
CAS_PP_LNODE6AUX,34.58753896054594,-118.65648852558515,0.27287
CATALYST_7_N001,37.33647699998642,-121.87909619952335,0.13262
CATLETT_6_N001,38.808811,-121.516115,0.09757
CAWELOB_6_N001,35.57097799998741,-119.11546380934058,-0.0442
CAWELOC_1_N001,35.57097799998741,-119.11557419065942,-0.04548
CAYUCOS_6_N001,35.44865399998744,-120.8703058292383,-0.08003
CAYUCOS_6_N006,35.44865399998744,-120.8704161707617,-0.08003
CCOSTA_2_N001,37.998693,-121.783314,0.11505
CCSUB_1_N001,38.03,-121.75,0.11494
CCSUB_2_N001,38.01999999998606,-121.75994265860079,0.11488
CCSUB_2_N010,38.01999999998606,-121.7600573413992,0.11488
CEDRCRK_6_N101,40.79116899998464,-121.93795172476342,0.01903
CENTERS_6_N001,33.928884073837764,-118.105463,0.27935
CENTERS_6_N200,33.9288029630683,-118.10551943910147,0.27935
CEN_SUB_LNODEONB,33.948054083699034,-118.255,0.27311
CEN_SUB_LNODEONC,33.94797295813763,-118.25494353789466,0.27314
CEN_SUB_LNODEOND,33.94797295813763,-118.25505646210534,0.27314
CERES_LNODEDR1,37.6088562120824,-120.956729570412,0.29701
CERES_LNODEDR3,37.6089710504,-120.956595705015,0.29701
CERES_LNODEDR4,37.6089019185376,-120.956592000755,0.29701
CERES_LNODEDR5,37.6087606610128,-120.956712881849,0.29701
CERES_LNODEDR7,37.6089324750351,-120.956712057352,0.29701
CERES_LNODEDR8,37.6090011903052,-120.956714357349,0.29701
CERTTEED_1_N001,37.059999999986665,-120.07994353791257,0.27967
CERTTEED_1_N002,37.059999999986665,-120.08005646208743,0.27967
CHALLNGE_6_N001,39.48543,-121.220509,0.08871
CHANNEL_6_N001,37.95526599998612,-121.33242068885451,0.1224
CHARKA_1_N001,35.608038,-119.325523,-0.04693
CHCARITA_1_N001,32.9600895309367,-117.08989329478639,3.6803
CHCARITA_1_N004,32.95991046897258,-117.08989329500262,3.6803
CHCARITA_1_N008,32.95991046897258,-117.09010670499737,3.6803
CHC_LNODE31A,38.95999999998579,-120.89994237638588,0.2698
CHC_LNODE33A,38.95999999998579,-120.90005762361412,0.2698
CHEROKEE_6_N001,38.005513,-121.237769,0.12577
CHESTER_6_N001,40.304405,-121.224282,0.07291
CHICOA_6_N001,39.71879299998543,-121.82096169136352,0.08462
CHICOA_6_N010,39.71879299998543,-121.82107830863647,0.08462
CHICOB_1_N001,39.725493999985424,-121.84718768259572,0.08383
CHICOB_1_N002,39.725493999985424,-121.84730431740428,0.08383
CHINO_6_N007,33.998301818402325,-117.67886922357054,0.27767
CHINO_6_N008,33.998301818402325,-117.67908677642946,0.27767
CHLDHOSP_1_N001,36.87,-119.81,0.22646
CHOLLAS_6_N001,32.744058749573895,-117.046316,4.00714
CHOLLAS_6_N008,32.743978125200904,-117.04626065732346,4.00714
CHOLLAS_6_N009,32.743978125200904,-117.04637134267654,4.00714
CHSTN_1_N001,38.09,-120.3,0.12104
CHWCHLLA_1_N001,37.12073295026913,-120.25055224215674,0.27926
CHWCHLLA_1_N002,37.12073295026913,-120.25066975784326,0.27926
CIG_SM_LNODESS,38.44525,-121.461543055556,0.29925
CIMA_2_N101,35.2691,-115.49292,-0.19191
CITYUKH_1_B1,39.14300254479826,-123.19181754359136,0.0978
CLAIRMNT_6_N008,32.825996732119705,-117.184096,4.9449
CLAMMNA_1_N001,37.807826,-121.276142,0.11421
CLARIBEL_LNODEGFP,37.71028,-120.9688,0.29902
CLARKRD_7_N001,39.6546447946953,-121.635292,0.0825
CLARMNT_1_N001,32.82591613392796,-117.18404062431202,0.12202
CLAUS_LNODEKSN,37.639389999986214,-120.91954289863075,0.29908
CLAUS_LNODESME,37.639389999986214,-120.91965710136925,0.29908
CLAYTN_1_N001,38.34245511038229,-120.93484110965764,0.12226
CLAYTN_1_N004,37.943825,-121.969415,0.12226
CLAYTN_1_N029,38.3422748895056,-120.93484110994348,0.12226
CLAYTN_1_N030,38.3422748895056,-120.93507089005652,0.12226
CLAY_6_N001,38.34245511038229,-120.93507089034236,0.12565
CLERLKE_6_N001,39.007954999985856,-122.89377935245265,0.09687
CLERLKE_6_N012,39.007954999985856,-122.89389464754734,0.09687
CLMBAHL_6_N001,39.331874,-121.101368,0.08592
CLOUGH_LNODEIYF,37.62761111,-120.9751667,0.29937
CLOUGH_LNODEYBR,37.62761110994497,-120.97505251712948,0.29937
CLOVIS_1_N001,36.826043942491545,-119.681281,0.21676
CLOVIS_1_N004,36.825963028740034,-119.68122263908639,0.21766
CLOVIS_1_N101,36.825963028740034,-119.68133936091361,0.21676
CLOVRDLE_1_N001,38.795757,-123.011412,0.09408
CLRKSVLE_1_N001,38.655559898770534,-121.060175,0.10193
CLRKSVLE_1_N003,38.655479050599546,-121.06011522698469,0.10193
CLRKSVLE_1_N004,38.655479050599546,-121.0602347730153,0.10193
CLSAJCT_6_N001,39.190857,-121.990506,0.09214
CLWTER_2_N003,35.39850993300358,-118.93957167203409,0.12844
CMPEVRS_1_N001,37.041635999986624,-122.02530956161661,0.18443
CMPEVRS_1_N002,37.041635999986624,-122.02542243838339,0.18443
CNTRYCB_6_N001,37.97966036733168,-121.31639835392943,0.119
CNTRYCB_6_N002,37.979479632557,-121.31639835421177,0.119
CNTRYCB_6_N004,37.979479632557,-121.31662764578823,0.119
CNTRYCB_6_N006,37.97966036733168,-121.31662764607057,0.119
COLLEG_LNODEDR1,37.6091056801805,-120.992876143573,0.29748
COLLEG_LNODEDR2,37.6091096218649,-120.992789582042,0.29748
COLLEG_LNODEDR5,37.6090266914486,-120.992698116343,0.29748
COLLEG_LNODER15,37.6090419641747,-120.993034819943,0.29748
COLNGA1_6_N001,36.13602399998719,-120.34444457141348,0.04207
COLNGA1_6_N002,36.13602399998719,-120.34455542858652,0.04207
COLNGA2_6_N001,36.236577,-120.315114,0.04114
COLONY_6_N001,38.190132,-121.181632,0.12824
COLUMBUS_1_N001,35.398330066896115,-118.93957167228022,-0.04431
COLUMBUS_1_N003,35.398330066896115,-118.93979232771979,-0.04431
COLUMBUS_1_N005,35.39850993300358,-118.9397923279659,-0.04431
COLUSA_6_N001,39.213610999985775,-122.00296022131043,0.09257
COLUSA_6_N004,39.213610999985775,-122.00307577868956,0.09257
COLWATER_1_N001,34.86012489309556,-116.85312978164612,-0.48929
COLWATER_1_N002,34.86012489309556,-116.85324421835388,-0.48929
COMMONS_LNODEDR1,37.6091045275098,-120.992962913259,0.29768
COMMONS_LNODEDR3,37.5166183000533,-120.867554724081,0.29768
COMMONS_LNODEDR4,37.516699044633,-120.867555122205,0.29768
COMMONS_LNODEDR5,37.5164895041446,-120.867550987033,0.29768
COMMONS_LNODEDR7,37.5165532160667,-120.867553025577,0.29768
COMMONS_LNODEDR8,37.5008689404211,-120.913270146673,0.29768
CONCHO_1_N002,33.785845,-116.342689,-1.40589
CONTADNA_1_N001,36.29,-119.71,0.05236
CONTROLX_1_N001,37.342839,-118.471988,-63.88
CONTROL_7_N001,37.34291722503321,-118.47193119226046,-60.16639
COOPER_LNODEDR1,37.3189566034476,-120.5119493179366,0.29722
COOPER_LNODEDR2,37.31895660339336,-120.51183575699493,0.29725
COOPER_LNODEDR3,37.318866291449055,-120.51183575713138,0.29722
COOPER_LNODEDR4,37.318802431310424,-120.51191605677509,0.29725
COOPER_LNODEDR5,37.318787159360575,-120.51202798203006,0.29722
COOPER_LNODEDR6,37.31881843902539,-120.51213451388375,0.29725
COOPER_LNODEDR7,37.318884305211256,-120.51221220923813,0.29725
COOPER_LNODEDR8,37.318969657813994,-120.51224932323211,0.29725
COOPER_LNODEDR9,37.31905983488123,-120.51224311913526,0.29725
COOPER_LNODER14,37.31914244338007,-120.5121972257278,0.29722
COOPER_LNODER15,37.31920816147405,-120.51211933201114,0.29722
COOPER_LNODER16,37.31925091782716,-120.51201930357878,0.29722
COOPER_LNODER17,37.31926769919903,-120.51190771989396,0.29722
COPUS_6_N001,35.093593,-119.278466,-0.04071
CORCORAN_1_N001,36.10957699998725,-119.55797958991954,0.17147
CORCORAN_1_N005,36.10957699998725,-119.55809041008045,0.17147
CORDELIA_6_N001,38.216066,-122.112082,0.10166
CORDPMP_6_N003,38.575433098781254,-121.497588,0.10207
CORNING_6_N004,39.93198099998522,-122.18732639815484,0.0834
CORNING_6_N006,39.93198099998522,-122.18744360184516,0.0834
CORONADO_6_N001,32.698823762005226,-117.173249,3.91
CORONADO_6_N002,32.69874311898509,-117.17319367259638,3.91
CORONA_1_N001,32.69874311898509,-117.17330432740361,0.11366
CORRAL_6_N001,38.1014979999861,-120.92635462577833,0.12754
CORRAL_6_N003,38.1014979999861,-120.92646937422167,0.12754
CORSGOLD_1_N001,37.22751499998653,-119.69108432761332,0.24458
CORSGOLD_1_N003,37.22751499998653,-119.69119767238668,0.24458
CORTEZ_LNODEDR1,37.5005587104299,-120.913235680039,0.2973
CORTEZ_LNODEDR3,37.5007571927422,-120.913267914805,0.2973
CORTEZ_LNODEDR5,37.5006522266335,-120.913263660994,0.2973
CORTEZ_LNODEDR6,37.5008124927682,-120.913424010622,0.2973
CORTEZ_LNODEDR7,37.5007095209272,-120.913352769965,0.2973
CORTINA_1_N106,39.121407,-122.224176,0.09263
COR_LNODENE1,38.55393333331922,-121.20798139654603,0.29899
COR_LNODENE3,38.55393333331922,-121.20809638123197,0.29899
COTATI_6_N101,38.30970399998603,-122.73153156284509,0.1165
COTATI_6_N102,38.30970399998603,-122.73164643715491,0.1165
COTTLEA_2_N001,37.772676259234935,-120.825545,0.14523
COTTLE_7_N001,37.77259487036768,-120.82548555286246,0.14523
COTWDPGE_1_N001,34.38040399998781,-116.87675022716886,0.07117
COVELO6_6_N001,39.78628299998532,-123.24850460152904,0.0935
CPLECEF_1_N001,37.25999999998651,-121.63994328855216,0.13149
CPLECEF_1_N005,37.25999999998651,-121.64005671144784,0.13149
CPP_LNODESS1,38.3383555554995,-121.12458988828622,0.29945
CPP_LNODESS2,38.33844566948052,-121.124475,0.29945
CRABTREE_LNODENK1,37.64506,-120.60683,0.29855
CRCANAL_6_N001,40.1384740349693,-122.208547,0.08082
CREELMAN_6_N001,33.01815871873613,-116.853026,1.57237
CREELMAN_6_N004,33.01807814061963,-116.85297051775382,1.57237
CREELMAN_6_N014,33.01807814061963,-116.85308148224618,1.57237
CRESSEY_1_N001,37.42852799998634,-120.6386900986629,0.25251
CRESTWD_6_N001,32.699023999988746,-116.35373376108788,-0.52804
CROWLNDG_LNODEDR1,37.4627004272953,-120.740076630976,0.29704
CROWLNDG_LNODEDR3,37.462786962981,-120.740080933369,0.29701
CROWLNDG_LNODEDR4,37.462613876709,-120.740078364387,0.29701
CROWLNDG_LNODEDR5,37.4625421344261,-120.740074305354,0.29701
CROWLNDG_LNODEDR7,37.4627827502437,-120.740270351347,0.29704
CRUSHER_6_N001,37.021645,-122.154383,0.13646
CRWSLDG_6_N001,37.377307,-121.085672,0.10956
CRYSTLSG_6_N001,37.528913,-122.361067,0.13637
CSG_LNODESS,38.51068967879612,-121.47509029333828,0.29916
CSTRVLLE_1_N001,36.762604151493385,-121.73625384675147,0.17787
CURTIS1_7_N001,37.974949221777045,-120.320668,0.1195
CURTISS_1_N101,37.974867889096444,-120.32072756943327,0.11941
CYMRIC_1_N001,35.31,-119.63,-0.0476
DAIRYLND_1_N001,37.055221,-120.317015,0.33956
DALYCTY_1_N001,37.69180126214444,-122.455704,0.1305
DALYCTY_1_N005,37.69171986891291,-122.45564461457239,0.1305
DANISHCM_1_N001,36.71900181109094,-119.76576504300833,0.20891
DAVIS_1_N001,39.06008956957949,-121.70988464738468,0.10335
DAVIS_1_N007,39.05991043030674,-121.70988464767737,0.10335
DAVIS_1_N012,39.05991043030674,-121.71011535232263,0.10335
DECPTSG_2_N001,38.05999999998602,-121.86994264179833,0.12156
DECPTSG_2_N018,38.05999999998602,-121.87005735820168,0.12156
DEEPWATR_1_N101,38.55162999998592,-121.56020750817653,0.11299
DEEPWATR_1_N104,38.55162999998592,-121.56032249182347,0.11299
DELAMO_2_N001,33.84836303124857,-118.096994,0.27964
DELAMO_2_N014,33.84828198436281,-118.09693765855927,0.27964
DELAMO_2_N022,33.84828198436281,-118.09705034144073,0.27964
DELMAR_6_N001,38.7988788301003,-121.220655,3.66134
DELMAR_6_N001A,38.798798084934575,-121.22059518327069,0.10115
DELMAR_6_N005,38.798798084934575,-121.22071481672931,0.10115
DELMAR_6_N010,32.980789999988666,-117.25535963525417,3.66134
DELMAR_6_N011,32.980789999988666,-117.25546636474583,3.66134
DELMNTE_1_N010,36.599053999987,-121.8539621246086,0.17984
DELMNTE_1_N201,36.599053999987,-121.85407387539139,0.17984
DESCANSO_6_N001,32.86524,-116.633752,-0.52479
DEVLDNPP_6_N003,35.774930999987355,-119.97393475743563,-0.09764
DEVLSDN_6_N001,35.774930999987355,-119.97404524256437,-0.09781
DFS_1_N001,36.72,-120.6,0.42405
DIABLO1_7_N001,35.215922999950024,-120.84743471985068,-0.03943
DIABLO2_7_N001,35.215922999950024,-120.84765528014933,-0.03943
DIABLOCN_2_N001,35.21601309719158,-120.847545,-0.0916
DINUBAE_7_N001,36.56893330486095,-119.41841731957626,0.21028
DINUBA_6_N001,36.56893330486095,-119.41864068042374,0.21042
DINUBA_6_N005,36.56911269503489,-119.41864068068313,0.21042
DIRYVLLE_6_N001,40.12799,-122.097838,0.07579
DIVISION_6_N001,32.6815959999886,-117.12003376624276,3.95146
DIVISION_6_N009,32.6815959999886,-117.12014023375725,3.95146
DIXON-J1_6_N101,38.44545401121386,-121.826237,0.09914
DIXONLD_1_N001,37.457825231051295,-121.921353,0.12911
DIXONLD_1_N002,37.457743884459624,-121.92129383478914,0.12911
DIXONLD_1_N008,37.457743884459624,-121.92141216521087,0.12911
DIXON_6_B1,38.445372994377905,-121.8261772770627,0.09914
DIXON_6_N002,38.445372994377905,-121.8262967229373,0.09914
DMNDSPR_1_N001,38.69304699998593,-120.82566347343,0.10158
DMNDSPR_1_N003,38.69304699998593,-120.82577852656999,0.10158
DOBBINS_6_N001,39.339604,-121.197378,0.08453
DOLANRD_1_N001,36.800296,-121.769123,0.17767
DOMTAR_1_N001,38.13,-121.65,0.11494
DONNER_LNODE07,39.327305,-120.281812,0.30831
DONPEDRO_LNODENSS,37.6962503274167,-120.4206077500803,0.29684
DOSPALS_6_N001,36.97484,-120.635012,0.36405
DUKMOSS1_7_N001,36.85999999998676,-121.76005620188538,0.17743
DUKMOSS2_7_N001,36.84999999994714,-121.75988762218331,0.17743
DUKMOSS3_7_N001,36.84999999994714,-121.76011237781668,0.17743
DUKMOSS3_7_N002,36.85008992566386,-121.76,0.17743
DUKMOSS4_7_N001,36.84999999994714,-121.71988762218332,0.17738
DUKMOSS5_7_N001,36.83999999998681,-121.72005617595099,0.17738
DUKMOSS6_7_N001,36.84999999994714,-121.72011237781669,0.17738
DUKMOSS6_7_N002,36.85008992566386,-121.72,0.17738
DUMBARTN_1_N001,37.557155251259346,-122.057606,0.12815
DUMBARTN_1_N003,37.55707387435557,-122.05754673393427,0.12815
DUMBARTN_1_N011,37.55707387435557,-122.05766526606573,0.12815
DUNBAR_6_N001,38.38322299998598,-122.52777754540057,0.11523
DUNBAR_6_N002,38.38322299998598,-122.52789245459942,0.11523
DUNHILL_6_N001,32.901543,-117.229958,3.6607
DUNLAP_6_N001,36.64502999998689,-119.15909106962141,0.21138
DUNNIGAN_6_N001,38.924808,-121.989951,0.09629
DUNNSIDE_1_N001,35.03321,-116.467335,-0.64276
EAGLEMTN_2_N001,33.82005401596653,-115.44,-1.73887
EAGLEMTN_2_N002,33.8199729920039,-115.43994369314599,-1.73887
EAGLROCK_2_N001,38.8293359999859,-122.81077743066047,0.0954
EAGLROCK_2_N012,38.8293359999859,-122.81089256933953,0.0954
EASTGATE_6_N101,32.88493613808494,-117.20083859603457,3.70942
EASTGATE_6_N201,32.88493613808494,-117.20094940396542,3.70942
EBMUDGRY_1_N001,37.93,-122.04,0.12287
ECY_LNODE101,38.55445658675582,-121.43093112608555,0.29879
ECY_LNODE102,38.55427674646514,-121.4309311263732,0.29879
ECY_LNODE103,38.55427674646514,-121.43116109584881,0.29879
ECY_LNODE104,38.55445658675582,-121.43116109613645,0.29879
EDENVALE_1_N001,37.24503626216962,-121.7958386130011,0.13047
EDENVALE_1_N004,37.24485573772219,-121.79583861327271,0.13047
EDENVALE_1_N006,37.24485573772219,-121.79606538672729,0.13047
EDENVALE_1_N008,37.24503626216962,-121.7960653869989,0.13047
EDES_1_N001,37.738786999986225,-122.19371982090533,0.12853
EDES_1_N003,37.738786999986225,-122.19383417909467,0.12856
EDMON1AP_7_N001,34.986313,-118.738787,-0.00206
EDMON2AP_7_N001,34.986312999950265,-118.73867680688261,-0.00206
EDMON3AP_7_N001,34.98622271993701,-118.73867680700413,-0.00206
EDMON3AP_7_N002,34.98615888237297,-118.73875472524391,-0.00206
EDMON4AP_7_N001,34.98614361582445,-118.738863331203,-0.00206
EDMON4AP_7_N002,34.98617488443967,-118.73896670370384,-0.00206
EDMON5AP_7_N001,34.98624072734969,-118.73904209487607,-0.00206
EDMON5AP_7_N002,34.986326049781965,-118.73907810817316,-0.00206
EDMON6AP_7_N001,34.986416194964555,-118.73907208804029,-0.00206
EDMON6AP_7_N002,34.98649877424742,-118.73902755565565,-0.00206
EDMON7AP_7_N001,34.98656446909455,-118.73895197200041,-0.00206
EDMON7AP_7_N002,34.98660721032227,-118.7388549100885,-0.00206
EDMON8AP_7_N001,34.98662398575978,-118.738746635625,-0.00206
EDMON8AP_7_N002,34.986614439197844,-118.738637059907,-0.00206
EDWARDS_1_N001,34.991871,-117.890005,3.69127
EELRIVR_6_N001,40.602658,-124.210199,0.08227
EIGHTMI_2_N017,38.058077,-121.375292,0.1181
EISENHOW_1_N001,33.830599,-116.497612,-0.80005
EISEN_6_N001,35.35714,-118.97131,-0.04347
ELCAJNGT_7_N001,32.795346131065216,-116.97233863745876,16.92193
ELCAJNGT_7_N004,32.795346131065216,-116.97244936254124,16.92106
ELCAPTN_1_N001,37.335801999986415,-120.50517320028958,0.25222
ELCAPTN_1_N004,37.335801999986415,-120.50528679971042,0.25222
ELCAPTN_1_N005,37.365512,-120.578993,0.25222
ELCRRTO_1_N001,37.91620499998609,-122.30313670905946,0.11857
ELCRRTO_1_N023,37.91620499998609,-122.30325129094054,0.11857
ELKCREEK_6_N001,39.12957472883464,-123.711777,0.06632
ELKHIL1G_7_N001,35.22604999998747,-119.37772885850012,-0.04844
ELKHIL2G_7_N001,35.22604999998747,-119.37783914149988,-0.04844
ELK_6_N001,39.1294941355673,-123.71183698354646,0.09696
ELK_SM_LNODENE2,38.37273738362879,-121.354256944444,0.29922
ELK_SM_LNODENE7,38.372656308170484,-121.35419723840097,0.29925
ELK_SM_LNODENE8,38.372656308170484,-121.35431665048702,0.29925
ELLIOTT_6_N001,32.81585999998874,-117.08840071898302,3.83399
ELLIOTT_6_N004,32.81585999998874,-117.08850728101697,3.83399
ELLIS_6_N001,37.716505,-121.548766,0.55243
ELLIS_6_N105,33.685126,-117.943596,0.55243
ELLSGTY_1_N001,33.685294,-117.943088,0.10779
ELNIDO_1_N004,37.12061299998659,-120.47270746040512,0.30273
ELNIDO_2_N001,37.12061299998659,-120.47282053959488,0.2808
ELNIDO_2_N012,33.89624399998809,-118.37271472929694,0.2808
ELNIDO_7_N001,33.89624399998809,-118.37282327070305,0.30273
ELPATIO_1_N001,37.29223717683988,-121.935913,0.1377
ELPATIO_1_N006,37.29215591156547,-121.93585402427247,0.1377
ELPATIO_1_N015,37.29215591156547,-121.93597197572753,0.1377
ELV_LNODENE1,38.71426666661026,-121.47683299057677,0.29829
ELV_LNODENE2,38.71418891290697,-121.47689052312896,0.29829
ELV_LNODENE3,38.71418891290697,-121.47700558798303,0.29829
ELV_LNODENE4,38.71426666661026,-121.47706312053523,0.29829
ELV_LNODENE5,38.71434442039811,-121.4770055881082,0.29829
ELV_LNODENE6,38.71434442039811,-121.4768905230038,0.29829
EMBRCDR_2_N001,37.780090430972514,-122.37988558363396,0.12917
EMBRCDR_2_N008,37.77990956891692,-122.37988558391392,0.12917
EMBRCDR_2_N101,37.77990956891692,-122.38011441608609,0.12917
EMBRCDR_2_N104,37.780090430972514,-122.38011441636604,0.12917
EMRLDLE_6_N001,37.462178,-122.277933,0.13524
EMRYSVE_1_N001,39.163430999985756,-121.56151425780503,0.09339
EMRYSVE_1_N003,39.163430999985756,-121.56162974219497,0.09339
ENCINAL_6_N001,39.247383,-121.637248,0.09452
ENCINA_1_N001,33.13699513479889,-117.33531843066032,3.23758
ENCINA_1_N049,33.13699513479889,-117.33542956933968,3.23758
ENCNITAS_6_N001,33.05068472041646,-117.285325,3.60702
ENCNITAS_6_N004,33.05060413977941,-117.28526949553299,3.60702
ENCNITAS_6_N011,33.05060413977941,-117.285380504467,3.60702
ENSLEN_LNODEHKQ,37.65224426097517,-121.0013,0.29908
ENSLEN_LNODELOU,37.65216286949752,-121.00124064749899,0.29908
ENSLEN_LNODEWFN,37.65216286949752,-121.00135935250101,0.29908
ERTA_6_N001,36.930594,-121.763827,0.1824
ESCNDIDO_6_N001,33.12543545233769,-117.116857,3.2525
ESCNDIDO_6_N046,33.12552499995441,-117.11696392572938,3.2525
ESCNDIDO_6_N053,33.12561454766245,-117.116857,3.2525
ESCO_6_N001,33.115770727187964,-117.089119,3.253
ESCO_6_N004,33.11569013639368,-117.08906344744015,3.253
ESQUON_6_N001,39.607876,-121.768445,0.08485
ESTGRND_1_N001,37.653951261060854,-122.403031,0.12975
ESTGRND_1_N005,37.65386986945481,-122.402971646041,0.12975
ESTGRND_1_N009,37.65386986945481,-122.403090353959,0.12975
ESTPRTL_1_N001,37.876677,-122.186415,0.11831
ESTQNCY_6_N001,39.938128,-120.910322,0.06428
ETIWANDA_6_N001,34.0883812512724,-117.5255740237224,0.13117
ETIWANDA_6_N003,34.08814499998799,-117.52552751207779,0.13117
EUREKAA_6_N001,40.793883999984665,-124.18290627263764,0.08241
EUREKA_6_N001,40.793883999984665,-124.18302572736236,0.08236
EVRGREEN_1_N001,37.303338999986465,-121.8408102375639,0.13259
EVRGREEN_1_N019,37.303338999986465,-121.84092376243609,0.13259
EXXONBH_7_N001,38.08095331088854,-122.13762073299924,0.11482
FAIRGRND_LNODEDR1,37.5006945896515,-120.867048786933,0.29754
FAIRGRND_LNODEDR3,37.5005735349484,-120.866718665766,0.29754
FAIRGRND_LNODEDR4,37.5005721589657,-120.866803820595,0.29754
FAIRGRND_LNODEDR5,37.5005181954718,-120.867051337755,0.29754
FAIRGRND_LNODEDR7,37.5005718981617,-120.866887330714,0.29754
FAIRGRND_LNODEDR8,37.5005716373084,-120.866970837622,0.29754
FAIRHAVN_6_N001,40.80028,-124.195714,0.08169
FAIRWAY_1_N001,34.91059499998762,-120.44635292480474,-0.085
FAIRWAY_1_N002,34.91059499998762,-120.44646307519525,-0.085
FAMOSO_1_N001,35.60500099998741,-119.20248280260235,-0.04594
FARREL_1_N001,33.85654399998807,-116.49686777574072,-0.80106
FARREL_1_N002,33.85654399998807,-116.49697622425927,-0.80106
FAR_SUB_LNODEONA,34.03809021316632,-118.37089113436087,0.27322
FAR_SUB_LNODEONB,34.0379097867377,-118.37089113459244,0.27322
FAR_SUB_LNODEONC,34.0379097867377,-118.37110886540755,0.27319
FAR_SUB_LNODEOND,34.03809021316632,-118.37110886563912,0.27319
FELICITA_6_N001,33.093263724336374,-117.073637,3.31545
FELICITA_6_N005,33.09318313781945,-117.07358146461416,3.31545
FELICITA_6_N009,33.09318313781945,-117.07369253538583,3.31545
FELLOWSG_7_N001,35.195188999987465,-119.58505586292793,-0.04774
FIGARDN_2_N001,36.8220309999868,-119.85852484727552,0.2311
FIGARDN_2_N101,36.8220309999868,-119.85863715272448,0.2309
FINNEY_LNODESNV,37.627520677678156,-120.9751667,0.29919
FIREBAGH_6_N001,36.850688,-120.466577,0.3795
FIREHOUS_LNODEBUSH,34.8569,-114.6245,0.26942
FIY_LNODE0LD,38.762778,-121.356944,0.29832
FLINT_1_N001,38.88530299998586,-121.06669540924167,0.09017
FMC_1_N001,37.347699999986396,-121.92219018683774,0.13948
FMC_1_N003,37.347699999986396,-121.92230381316226,0.13948
FOOTHILL_1_N001,35.27,-120.7,-0.08666
FORSTHL_6_N001,39.01927,-120.830271,0.0298
FORTORD_6_N001,36.643363,-121.792138,0.18057
FORTRSS_6_N001,38.539559,-123.223713,0.10985
FOSTERW_7_N001,38.02007534657929,-122.06127131707333,0.12106
FRANKLIN_6_N003,38.012317,-122.264655,0.12028
FRA_SM_LNODENE1,38.38101134187077,-121.4768906014164,0.29931
FRA_SM_LNODENE2,38.380933333277234,-121.47683314740071,0.29931
FRA_SM_LNODENE3,38.38085532476781,-121.47689060154032,0.29931
FRA_SM_LNODENE4,38.38085532476781,-121.47700550957168,0.29931
FRA_SM_LNODENE5,38.380933333277234,-121.47706296371129,0.29931
FRA_SM_LNODENE6,38.38101134187077,-121.4770055096956,0.29931
FREDONIA_LNODELD,34.1733,-114.574,0.27087
FREMNT_1_N001,37.54118124868743,-121.962063,0.12894
FREMNT_1_N007,37.54109987564155,-121.96200374944321,0.12894
FREMNT_1_N013,37.54109987564155,-121.96212225055679,0.12894
FRIARS_1_N001,32.77904499998872,-117.15675673371696,3.79129
FRIARS_1_N009,32.77904499998872,-117.15686326628304,3.79129
FRNCHGLH_6_N001,40.68692,-122.641204,0.07341
FROGTOWN_7_N001,38.056504,-120.53381,0.11999
FRTSWRD_6_N001,40.21377199998503,-123.59658599020719,0.07904
FRUITLND_6_N001,40.28584,-123.837372,0.07898
FRUITVLE_6_N001,35.376774999987504,-119.0924868388967,-0.04504
FRUITVLE_6_N101,35.376774999987504,-119.09259716110328,-0.04504
FSTREET_LNODEDR1,37.4895796064313,-120.838424090027,0.29754
FSTREET_LNODEDR3,37.4896984214952,-120.838270217479,0.29754
FSTREET_LNODEDR4,37.4896152090171,-120.838173674241,0.29754
FSTREET_LNODEDR5,37.4894938869083,-120.83833925837,0.29754
FTCHMTN_6_N001,38.60608399998592,-122.85282549557644,0.11169
FTCHMTN_6_N003,38.60608399998592,-122.85294050442356,0.11169
FTL_LNODENE1,38.69308721315885,-121.348651111111,0.29841
FTL_LNODENE2,38.693006393405355,-121.34859132777218,0.29841
FTL_LNODENE3,38.693006393405355,-121.34871089444981,0.29841
FULTON_2_N010,38.49657200829278,-122.75943026543568,0.11194
FULTON_2_N049,38.49657200829278,-122.75954973456432,0.11194
F_6_N001,32.75497274686537,-117.126027,5.63974
F_6_N002,32.75489212655523,-117.12597165333155,5.63974
F_6_N005,32.75489212655523,-117.12608234666845,5.63974
GABILAN_6_N001,36.731511,-121.61325,0.18237
GALE_1_N001,34.85946599998758,-116.86535894183864,-0.48929
GANSNER_6_N101,39.939187,-120.948157,0.07881
GANSO_1_N001,35.501698,-119.449132,-0.04794
GARCIA_6_N001,38.88879,-123.550318,0.09728
GAREY_1_N002,34.98,-120.26,-0.08887
GARFIELD_6_N001,32.795125,-116.996848,14.4518
GARNET_7_N001,33.93858299995228,-116.57633536031197,-0.80156
GEER_LNODEDR1,37.52250334748,-120.843709746797,0.29739
GEER_LNODEDR2,37.5224993081714,-120.843588348711,0.29736
GEER_LNODEDR3,37.5224318250334,-120.843496861832,0.29736
GEER_LNODEDR4,37.5224297824039,-120.843426269924,0.29736
GEER_LNODEDR5,37.5224263420376,-120.843557323915,0.29739
GEER_LNODEDR7,37.5224225565731,-120.843630755159,0.29739
GEER_LNODEDR8,37.522425898329,-120.843709042834,0.29739
GENESEE_6_N001,32.87974054062765,-117.2133823800825,3.66111
GENESEE_6_N005,32.87956145928191,-117.21338238029792,3.66111
GENESEE_6_N011,32.87956145928191,-117.21359561970208,3.66111
GENESEE_6_N015,32.87974054062765,-117.2135956199175,3.66111
GENE_2_N001,34.3,-114.23,-0.92645
GERBER_6_N101,40.064207,-122.156114,0.07518
GEYSR5-6_7_N001,38.777006613720275,-122.74238837921152,0.09196
GIFFEN_6_N001,36.545076,-120.334519,0.39503
GILROYF_1_N001,37.14,-121.58,0.13695
GILSTRAP_LNODEDR1,37.5800948624588,-120.975549487551,0.29704
GILSTRAP_LNODEDR3,37.5801662132492,-120.9757670064,0.29704
GILSTRAP_LNODEDR5,37.5799830759229,-120.975550499689,0.29704
GILSTRAP_LNODEDR7,37.58017229934,-120.975552395649,0.29704
GILSTRAP_LNODEDR8,37.5801700030066,-120.975645212521,0.29704
GILSTRAP_LNODER17,37.5801611951015,-120.976018315921,0.29704
GIRVAN_6_N001,40.51347,-122.378916,0.07283
GLENCLIF_6_N001,32.798367,-116.498315,-0.52601
GLENSHIR_LNODERE,39.352238,-120.08626,0.30599
GLENWOOD_6_N001,37.45733023092607,-122.186967,0.13074
GLENWOOD_6_N004,37.457248884522265,-122.18690783531744,0.13074
GLENWOOD_6_N005,37.457248884522265,-122.18702616468256,0.13074
GLRYCGG1_7_N001,37.12999999998655,-121.5600565514771,0.13704
GOLDTREE_1_N001,35.32012199998752,-120.69284284611503,-0.08628
GOLDTREE_1_N002,35.32012199998752,-120.69295315388497,-0.08628
GOLETA_6_N200,34.46880142976412,-119.88445868708224,0.00471
GONZALES_6_N001,36.50885299998702,-121.44685522795733,0.18072
GONZALES_6_N003,36.50885299998702,-121.44696677204267,0.18072
GORMAN_6_N001,34.8014,-118.818908,-0.00159
GOSELKE_1_N001,35.601596,-119.579654,-0.04882
GOULD_2_N001,34.22145799998786,-118.18701737338756,0.10246
GOULD_2_N007,34.22145799998786,-118.18712662661244,0.10246
GRANDIS_1_N004,38.23108199998597,-121.59029758372996,0.11128
GRANDIS_1_N009,38.23108199998597,-121.59041241627003,0.11128
GRANITE_6_N001,32.804473,-116.92086,16.92019
GRANITE_6_N007,32.804472999954854,-116.9207534473782,16.92019
GRANITE_6_N008,32.80438343993102,-116.92086,16.92019
GRANITE_6_N009,32.804472999954854,-116.92096655262179,16.92019
GRANTRK_6_N001,37.67099326174171,-122.160116,0.18202
GRANT_1_N001,37.67091186911436,-122.16005663166834,0.12702
GRANT_1_N005,37.67091186911436,-122.16017536833166,0.12702
GRBRVLLE_6_N001,40.10263,-123.792873,0.08398
GRDNEAST_1_N101,36.47999999998696,-119.60994425959105,0.18759
GRDNEAST_1_N102,36.47999999998696,-119.61005574040897,0.18759
GRDNWEST_1_N001,36.59,-119.57,0.19067
GREENBRE_6_N001,37.93780399998614,-122.51415869769995,0.12019
GREENBRE_6_N003,37.93780399998614,-122.51427330230004,0.12019
GRIMWAY_1_N001,35.27,-118.87,-0.04481
GRNTHLL_1_N001,32.80456256006898,-116.92086,3.89476
GRNVALY_1_N001,36.952139010813255,-121.76018,0.18214
GRNVALY_1_N011,36.95205799457908,-121.76012146857028,0.18214
GRSSVLY_6_N101,39.209514,-121.061004,0.09008
GRYSFLT_6_N001,40.021612,-121.065532,0.0768
GUALALA_6_N001,38.786699,-123.522777,0.10611
GUSTINE_6_N001,37.253223999986524,-121.01302629664288,0.11177
GUSTINE_6_N002,37.253223999986524,-121.01313970335713,0.11177
GYSRVLLE_6_N001,38.70981887157317,-122.907957,0.11369
GYSRVLLE_6_N003,38.70973806419826,-122.90789721183104,0.11369
HALSEYF_7_N001,38.90131699998584,-121.08772559737287,0.09104
HAL_SUB_LNODEON1,33.84769999998815,-118.30334578612137,0.27305
HAL_SUB_LNODEONA,33.84769999998815,-118.30345421387864,0.27296
HAMILTON_6_N001,39.746242,-122.011361,0.08139
HAMMER_6_N001,38.02138220754234,-121.320367,0.12008
HAMMER_6_N003,38.02130089621381,-121.32030740848892,0.12008
HAMMER_6_N004,38.02130089621381,-121.32042659151108,0.12008
HAMMONDS_1_N001,36.72011,-120.603287,0.4813
HARBORG_7_N101,33.770089981295506,-118.25010824500784,0.27996
HARDING_6_N001,37.963708999986125,-121.29050568468435,0.12554
HARDING_6_N004,37.963708999986125,-121.29062031531565,0.12554
HARDWICK_6_N001,36.404261,-119.68624,0.17813
HARRIS_6_N001,40.78104299998464,-124.13194328500423,0.08125
HARRIS_6_N003,40.78104299998464,-124.13206271499577,0.08125
HARTER_6_N001,39.14325399998575,-121.6480072716394,0.09891
HARTER_6_N003,39.14325399998575,-121.6481227283606,0.09891
HARTLEY_6_N001,39.077268,-122.932322,0.09754
HAR_GS_LNODE10AUX,33.77070285420546,-118.26588005129787,0.27305
HAR_GS_LNODE11AUX,33.770785160786886,-118.2658363056699,0.27305
HAR_GS_LNODE12AUX,33.77085063868779,-118.26576205737284,0.27305
HAR_GS_LNODE13AUX,33.770893238769126,-118.26566671029164,0.27305
HAR_GS_LNODE14AUX,33.77090995880947,-118.26556034876025,0.27305
HAR_GS_LNODE1AUX,33.770900443776654,-118.26545270896402,0.27302
HAR_GS_LNODE2AUX,33.770866485380765,-118.26535246672638,0.27302
HAR_GS_LNODE5AUX,33.77081149182394,-118.26526678898045,0.27302
HAR_SUB_LNODEONA,33.77073997374512,-118.26520109800133,0.27302
HAR_SUB_LNODEONB,33.77065707494083,-118.26515900180253,0.27299
HAR_SUB_LNODEONC,33.77056816417163,-118.26514234955444,0.27302
HATTON_6_N001,36.55679,-121.897162,0.1806
HAWKINS_LNODEDR1,37.5799617816957,-120.645598336747,0.29713
HAWKINS_LNODEDR3,37.5799481743814,-120.645311774451,0.29713
HAWKINS_LNODEDR5,37.5798175544824,-120.645562968772,0.29713
HAWKINS_LNODEDR7,37.5799502934699,-120.645479899093,0.29713
HAY_GS_LNODE10AUX,33.765034221459466,-118.09919670179296,0.27331
HAY_GS_LNODE12AUX,33.76505094051277,-118.09909035381168,0.27331
HAY_GS_LNODE14AUX,33.765041426041684,-118.09898272772843,0.27331
HAY_GS_LNODE15AUX,33.7650074696504,-118.0988824982613,0.27331
HAY_GS_LNODE9AUX,33.7649524793399,-118.09879683143038,0.27331
HAY_LNODESS1,33.76488096548275,-118.09873114881994,0.27331
HAY_LNODESS2,33.76479807157197,-118.09868905798392,0.27331
HED_LNODENE1,38.50998333333333,-121.355746944444,0.29908
HED_LNODENE2,38.50998333327719,-121.35563197930773,0.29908
HED_LNODENE3,38.50989337309517,-121.35563197945136,0.29908
HED_LNODENE4,38.50982976169183,-121.355713272007,0.29908
HED_LNODENE5,38.50981454922492,-121.35582658122124,0.29908
HED_LNODENE6,38.509845707051696,-121.35593443034743,0.29908
HED_LNODENE7,38.509911316684935,-121.35601308641768,0.29908
HED_LNODENE8,38.50999633683837,-121.3560506593429,0.29908
HENRITTA_6_N101,36.24160599998715,-119.9029965105001,-0.03475
HERDLYN_6_N001,37.816383,-121.586176,0.10518
HERSHEY_LNODESLL,37.75083,-120.8453,0.29977
HERSHEY_LNODEXF1,37.7508299999447,-120.8451856244636,0.29977
HERSHEY_LNODEXF2,37.75073956547022,-120.8453,0.29977
HERSHEY_LNODEXF3,37.7508299999447,-120.84541437553641,0.29977
HERSHEY_LNODEXF4,37.750920434529704,-120.8453,0.29977
HICKS_2_N001,37.234159254320986,-121.90015163922017,0.13172
HICKS_2_N002,37.23397874557105,-121.9001516394916,0.13172
HICKS_2_N007,37.23397874557105,-121.90037836050841,0.13172
HIDESERT_2_N001,34.145263999987954,-116.18586145110677,0.01968
HIDESERT_2_N018,34.145263999987954,-116.18597054889322,0.01968
HIGGINS_1_N001,39.043590575891166,-121.09071766620363,0.0807
HIGGINS_1_N002,39.04341142399536,-121.0907176664961,0.0807
HIGGINS_1_N004,39.04341142399536,-121.09094833350389,0.0807
HIGHLD_1_N001,38.93741777608508,-122.609034,0.09423
HIGHLD_1_N005,38.937337111942234,-122.60909387327588,0.09423
HIGHWAY_1_N001,38.166048151820924,-122.253616,0.1172
HIGHWAY_1_N002,38.16596692407439,-122.25355635179834,0.1172
HILLSDLE_6_N001,37.536271,-122.322394,0.12969
HILLSIDE_1_N001,37.879999999986126,-122.23994272916374,0.11767
HILLSIDE_1_N004,37.879999999986126,-122.24005727083625,0.11767
HILMAR_LNODEDR1,37.4189785637285,-120.849304571346,0.29754
HILMAR_LNODEDR2,37.4188603223578,-120.849075716434,0.29754
HILMAR_LNODEDR4,37.4189333711687,-120.849077780203,0.29754
HILMAR_LNODEDR5,37.4188652133943,-120.849148221032,0.29754
HILMAR_LNODEDR7,37.4188555229834,-120.849223847561,0.29754
HILMAR_LNODER17,37.4189123657556,-120.849307362712,0.29754
HINSON_6_N001,33.81885999995258,-118.22236564005779,0.28008
HLFMNBY_6_N002,37.46874323375435,-122.43018,0.1319
HLFMNBY_6_N004,37.46866188310803,-122.43012082319957,0.1319
HLFMNBY_6_N101,37.46866188310803,-122.43023917680043,0.1319
HMBLTBY_6_N003,40.78280899998469,-124.11247771670773,0.08151
HOBARTTP_LNODE19,39.400047,-120.149888,0.30599
HOLLISTR_1_N001,36.862728962246265,-121.405867,0.17987
HOLLISTR_1_N004,36.86264801886252,-121.40580858969733,0.17987
HOLLISTR_1_N101,36.86264801886252,-121.40592541030266,0.17987
HOMEGRND_1_N001,38.96,-122.84,0.09426
HOMEPROC_1_N001,38.94,-122.85,0.09423
HONCUT_1_N001,39.320099,-121.595289,0.08906
HOOPA_6_N001,41.056514,-123.682252,0.07922
HORSESHE_1_N001,38.744281999985915,-121.16156545871566,0.09888
HORSESHE_1_N002,38.744281999985915,-121.16168054128434,0.09888
HPLNDJT_6_N001,38.972898,-123.081134,0.09568
HSK_LA_LNODEKSS,34.487,-118.514,0.27276
HUGHSON_LNODEDR1,37.5949433309328,-120.846755674049,0.29649
HUGHSON_LNODEDR2,37.5949478453779,-120.846639431615,0.29646
HUGHSON_LNODEDR3,37.5948895849844,-120.846669736494,0.29646
HUGHSON_LNODEDR4,37.5949564824944,-120.846831604577,0.29649
HUGHSON_LNODEDR5,37.594883530932,-120.846800432358,0.29649
HUGHSON_LNODEDR8,37.5948895004896,-120.84669840193,0.29646
HUNT1G_7_N002,33.64610399995311,-117.97753404459904,0.55243
HUNT2G_7_N002,33.645950581890766,-117.97761038065147,0.55243
HUNT3G_7_N002,33.64596651133317,-117.97781805443613,0.55243
HUNT4G_7_N002,33.646116990569396,-117.97792719657157,0.55243
HURLEY_LNODE12LD3,38.587283,-121.418244,0.2689
HURON_6_N001,36.185797,-120.104535,0.0405
HUR_LNODENE1,38.58818333333333,-121.418666944444,0.29844
HUR_LNODENE2,38.58818333327699,-121.41855194404475,0.29844
HUR_LNODENE3,38.58810548632912,-121.41860944430671,0.29844
HUR_LNODENE4,38.58810548632912,-121.41872444458129,0.29844
HUR_LNODENE5,38.58818333327699,-121.41878194484326,0.29844
HUR_LNODENE7,38.58826118030932,-121.41872444470597,0.29844
HUR_LNODENE8,38.58826118030932,-121.41860944418204,0.29844
HWD_SUB_LNODEONA,34.088090251059334,-118.34689102435425,0.2734
HWD_SUB_LNODEONB,34.0879097488445,-118.34689102458658,0.27337
HWD_SUB_LNODEONC,34.0879097488445,-118.34710897541342,0.27337
HWD_SUB_LNODEOND,34.088090251059334,-118.34710897564575,0.27337
HYATT_2_N212,39.54,-121.47,0.08314
IBM-CTLE_1_N001,37.33,-121.74,0.1305
IBM-HRRS_1_N001,37.339999999986375,-121.73994319553019,0.13021
IBM-HRRS_1_N101,37.339999999986375,-121.74005680446982,0.13021
IGNACIO_1_N102,38.07555099998604,-122.54000436436782,0.11395
IMHOFF_1_N001,38.001509,-122.066739,0.12249
IMPRLBCH_6_N001,32.58332899998902,-117.09716179037093,4.00709
IMPRLBCH_6_N004,32.58332899998902,-117.09726820962906,4.00709
INDIANW_1_N001,33.75822999998817,-116.36079489140164,-1.40581
INDIANW_1_N005,33.75822999998817,-116.36090310859835,-1.40581
INDNFLT_6_N001,37.66547,-119.841331,0.30584
INDUSTRL_LNODEDR1,37.4786063003132,-120.866935168966,0.29759
INDUSTRL_LNODEDR2,37.4784258031614,-120.866836967643,0.29762
INDUSTRL_LNODEDR3,37.4784244272802,-120.866662034426,0.29762
INDUSTRL_LNODEDR5,37.4785292936467,-120.866935824384,0.29759
INDUSTRL_LNODEDR7,37.4784403782944,-120.866928290638,0.29759
INDUSTRL_LNODEDR8,37.4784247171011,-120.866748607625,0.29762
INGRMC_1_N001,37.83,-121.17,0.10953
INYOKERN_1_N001,35.65261399998741,-117.79478579202693,10.88836
INYOKERN_1_N008,35.65261399998741,-117.79489620797307,10.88836
IRONMTN_2_N001,34.16,-115.12,-1.44053
IUKA_6_N001,37.665987,-121.831011,0.12104
JACINTO_6_N001,39.582923,-122.010645,0.08102
JAMACHA_6_N001,32.744163749547276,-116.957239,16.97962
JAMACHA_6_N006,32.74408312521416,-116.95718365728564,16.97962
JAMACHA_6_N015,32.74408312521416,-116.95729434271436,16.97962
JAMESON_1_N001,38.205743,-122.147539,0.10065
JANSCRK_6_N001,40.905394259900845,-124.072573,0.08169
JANSCRK_6_N003,40.90531287003298,-124.0725108262728,0.08169
JARVIS_1_N014,37.59572442721241,-122.01803387245575,0.12731
JARVIS_1_N016,37.595543572677634,-122.01803387273313,0.12731
JARVIS_1_N017,37.595543572677634,-122.01826212726687,0.12731
JARVIS_1_N101,37.59572442721241,-122.01826212754425,0.12731
JCBSCRNR_6_N001,36.22245499998718,-119.77977650530629,-0.03519
JCBSCRNR_6_N003,36.22245499998718,-119.77988749469371,-0.03519
JENNY_1_N001,37.769999999986226,-122.25994279875593,0.12905
JENNY_1_N008,37.769999999986226,-122.26005720124407,0.12905
JESSUP_1_N001,40.462102,-122.328061,0.07109
JMSCNPMP_1_N001,38.19,-122.47,0.11755
JOHANNA_2_N001,33.71362395818503,-117.852576,0.65701
JOHANNA_2_N007,33.71354302089469,-117.85251982319095,0.65701
JOLON_6_N001,36.013308,-121.167635,0.33512
KAMM_1_N001,36.58,-120.52,0.46239
KANAKA_1_N001,39.439999999985574,-121.38994201903363,0.08816
KEARNEY_6_N001,36.704357999986875,-119.88278399673257,0.28719
KEARNEY_6_N099,36.704357999986875,-119.88289600326743,0.28719
KEARNEY_7_N001,32.832849999988746,-117.13199871171014,5.31656
KEARNEY_7_N003,32.832849999988746,-117.13210528828985,5.31519
KELSO_2_N001,37.797722,-121.601591,0.1152
KERMAN_6_N001,36.69205999998684,-120.05918901200307,0.40293
KERMAN_6_N002,36.69205999998684,-120.05930098799692,0.40293
KERNOIL_1_N001,35.44070999998741,-119.02061483035583,-0.04434
KERNOIL_1_N012,35.44070999998741,-119.02072516964418,-0.04434
KERNPWR_1_N002,35.37980096994444,-119.097984,-0.04574
KERNPWR_1_N201,35.37972001501422,-119.09792667452027,-0.04574
KERNRDGE_1_N001,35.48320899998747,-119.76358482417542,-0.05523
KERNRV_1_N001,35.37972001501422,-119.09804132547973,-0.04446
KERNWATR_1_N001,35.400666,-119.035603,-0.04545
KESWICK_6_N001,40.623725,-122.462027,0.06975
KETTLEMN_6_N001,36.044075,-120.112696,-0.05148
KETTNER_6_N001,32.733172,-117.173774,3.90292
KIERNAN_LNODETUB,37.71047,-121.0139,0.29942
KINGCTY_6_N001,36.21683446252504,-121.1266820197143,0.33547
KINGCTY_6_N002,36.21683446252504,-121.1269039802857,0.33547
KINGCTY_6_N005,36.217013537372516,-121.12690398053972,0.33547
KINGSBRG_1_N001,36.48869063297857,-119.58234525016937,0.17673
KINGSBRG_1_N008,36.48861299994815,-119.58228950045047,0.17673
KIRKER_1_N001,38.0212542075842,-121.905844,0.12217
KIRKER_1_N005,38.02117289619287,-121.90578440854696,0.12217
KIRKER_1_N006,38.02117289619287,-121.90590359145303,0.12217
KNA_LNODENA2,40.654722,-122.389167,0.29338
KNGHTSLD_1_N001,38.809281,-121.74515,0.10083
KONOCTI6_6_N001,38.9325,-122.741085,0.09617
KYOCERA_6_N001,32.819776,-117.140362,5.34687
LADDCM_LNODEARD,37.73258,-121.01392,0.2994
LAFRESA_6_N001,33.86979104273171,-118.33319,0.28049
LAFRESA_6_N007,33.869709978621295,-118.33324636755688,0.28049
LAGNANL_1_N001,33.49498074466377,-117.70295838393929,2.16327
LAGNANL_1_N002,33.494801255243225,-117.70295838416239,2.16327
LAGNANL_1_N005,33.494801255243225,-117.70317361583761,2.16327
LAGNANL_1_N006,33.49498074466377,-117.70317361606071,2.16327
LAGRANG_LNODEOAD,37.6697612035926,-120.443808701526,0.29684
LAGUBELL_6_N001,33.975996097823064,-118.14794,0.27842
LAGUBELL_6_N210,33.97591495107552,-118.14799649540468,0.27842
LAGUNATP_6_N001,36.748942999986895,-121.60530194075191,0.11587
LAGUNITS_6_N001,36.748942999986895,-121.60541405924809,0.18197
LAJOLLA_6_N001,32.840121999988746,-117.27517670850455,4.41761
LAJOLLA_6_N007,32.840121999988746,-117.27528329149546,4.41761
LAKEVIEW_6_N101,35.093678,-119.10139,-0.04007
LAKEVLLE_1_N001,38.251505,-122.580692,0.11296
LAKEWOOD_1_N001,37.909008286572075,-122.05701271293042,0.12275
LAKEWOOD_1_N003,37.90892999994441,-122.05695542598274,0.12275
LAKEWOOD_1_N004,37.90885171340006,-122.05701271305232,0.12275
LAKEWOOD_1_N006,37.90885171340006,-122.05712728694768,0.12275
LAKEWOOD_1_N007,37.90892999994441,-122.05718457401727,0.12275
LAKEWOOD_1_N009,37.909008286572075,-122.05712728706959,0.12275
LAK_SM_LNODENE2,38.658077794318025,-121.13012359377534,0.2989
LAK_SM_LNODENE3,38.65799999994368,-121.13006607656462,0.2989
LAK_SM_LNODENE4,38.657922205653776,-121.13012359390028,0.2989
LAK_SM_LNODENE6,38.657922205653776,-121.13023862832172,0.2989
LAK_SM_LNODENE7,38.65799999994368,-121.13029614565738,0.2989
LAK_SM_LNODENE8,38.658077794318025,-121.13023862844666,0.2989
LAMONT_1_N001,35.296667999987505,-118.86162984910735,-0.04495
LAMONT_1_N002,35.296667999987505,-118.86174015089266,-0.04495
LAPHAM_LNODEQBZ,37.639494,-120.919982,0.29908
LAPHAM_LNODEXBC,37.63949399994495,-120.91986779708742,0.29908
LAPLMG1_7_N001,35.29516599994997,-119.59192469860037,-0.04728
LAPLMG2_7_N001,35.2950123151544,-119.59200269352937,-0.04731
LAPLMG3_7_N001,35.29502827228419,-119.59221488028864,-0.04731
LAPLMG4_7_N001,35.29517901313358,-119.59232639423358,-0.04731
LASPALMS_1_N001,36.8,-119.69,0.21519
LASPLGS_6_N001,33.31288499998846,-117.46694237728786,0.13756
LASPULGS_6_N001,33.31288499998846,-117.46704962271214,2.58093
LAURELES_6_N001,36.47781599998705,-121.7268922619553,0.18313
LAWRENCE_1_N001,37.397207,-122.010126,0.13451
LAWRENCE_1_N003,37.39720699994556,-122.01001226428907,0.13451
LAWRENCE_1_N004,37.39711664332103,-122.010126,0.13451
LAWRENCE_LNODEENCE,37.397297356679005,-122.010126,0.27032
LBEACH2G_7_N002,33.818691093192,-118.22254906136247,0.28008
LCIENEGA_6_N001,34.000751,-118.378408,0.28127
LEGRAND_1_N001,37.184412,-120.273463,0.28859
LEMOORE_6_N002,36.30998799998711,-119.79822042969916,-0.03243
LEMOORE_6_N101,36.30998799998711,-119.79833157030085,-0.03243
LEPRINO_1_N001,37.748396,-121.41576,0.11008
LERDO_1_N001,35.50010399998744,-119.15188082156193,-0.04518
LERDO_1_N004,35.50010399998744,-119.15199117843807,-0.04518
LILAC_6_N001,33.25325899998847,-117.08580343192692,3.20397
LILAC_6_N010,33.25325899998847,-117.08591056807307,3.20397
LIMESTNE_6_N001,38.63377399998596,-120.97960448884528,0.10138
LINCON_LNODECRZ,37.63940356621228,-120.91986779722644,0.29908
LINCON_LNODEFCN,37.639339619957,-120.91994855081084,0.29908
LINDEN_6_N101,38.016891,-121.095875,0.12769
LITEHIPE_6_N001,33.88040091918611,-118.17506849549716,0.27967
LITEHIPE_6_N008,33.88058108071875,-118.17528550473195,0.27967
LIVERMRE_6_N001,37.68013099998621,-121.78059286544908,0.12072
LIVERMRE_6_N003,37.68013099998621,-121.78070713455092,0.12072
LIVNGSTN_6_N001,37.363379203022006,-120.760425,0.31252
LLAGAS_1_N001,37.006958040367174,-121.557391,0.13686
LLAGAS_1_N003,37.00687697980194,-121.55733239433584,0.13686
LLAGAS_1_N005,37.00687697980194,-121.55744960566416,0.13686
LMEC1_1_N001,38.030625,-121.896783,0.12188
LMEC1_1_N101,38.03062499994427,-121.89666830800388,0.12188
LMEC1_1_N601,38.0305346591732,-121.89666830814532,0.12188
LMEC1_1_N801,38.03047077865233,-121.89674940756281,0.12188
LMECCT1_7_N001,38.0304867914731,-121.89697004046927,0.12188
LMECCT2_7_N001,38.03063805852326,-121.89708599331652,0.12188
LMECST1_7_N001,38.03081089924409,-121.89703337694175,0.12188
LMPC-CTY_1_N001,34.6,-120.39,-0.09003
LOCKHD1_1_N001,37.409054,-122.03213,0.1283
LOCKHD2_1_N001,37.416224,-122.030655,0.1283
LOGANCR_2_N001,39.53955399998549,-122.26277291112409,0.08508
LOGANCR_2_N010,39.53955399998549,-122.26288908887592,0.08508
LONESTAR_1_N001,37.511676999986356,-122.20756301431467,0.12946
LOSALTS_6_N004,37.3939352129738,-122.114735,0.13576
LOSALTS_6_N005,37.393853893498445,-122.11467590496156,0.13576
LOSALTS_6_N101,37.393853893498445,-122.11479409503845,0.13576
LOSCCHS_6_N001,32.85981772690813,-116.899263,0.33445
LOSCOCHS_6_N001,32.85973713653372,-116.89920760858072,-0.52307
LOSCOCHS_6_N034,32.85973713653372,-116.89931839141927,-0.52307
LOSGATS_6_N002,37.226423999986494,-121.97722832893687,0.13826
LOSGATS_6_N201,37.226423999986494,-121.97734167106313,0.13826
LOSOSTS_6_N001,36.293864,-121.20007,0.33648
LOVELAND_6_N001,32.796957,-116.792258,-0.52264
LOWGAP_7_N001,40.4327289999849,-123.47220368717633,0.07353
LOYALTON_LNODETY,39.6680639999855,-120.24305624345052,0.30613
LOYOLA_6_N001,37.360660999986344,-122.09993417231678,0.13483
LOYOLA_6_N004,37.360660999986344,-122.10004782768323,0.13483
LPFLKBD_6_N001,40.90531287003298,-124.07263517372719,0.08166
LSGLLNS_1_N001,38.022339207228725,-122.537978,0.11488
LSGLLNS_1_N002,38.0222578963706,-122.53791840805536,0.11488
LSGLLNS_1_N003,38.0222578963706,-122.53803759194464,0.11488
LSPSTAS_2_N001,37.700982436898656,-121.73360569835381,0.12031
LSPSTAS_2_N002,37.70080156299109,-121.73360569863272,0.12031
LSPSTAS_2_N010,37.70080156299109,-121.7338343013673,0.12031
LSPSTAS_2_N011,37.700982436898656,-121.73383430164618,0.12031
LSTHLLS_6_N001,35.785755,-119.866138,-0.09778
LUCERNE_1_N001,39.110189,-122.81298,0.09786
LUCERNE_1_N004,39.11,-122.81,0.09786
LUIS#3_1_N001,36.65,-120.73,0.50047
LUIS#5_1_N001,36.72,-120.75,0.50041
LVNGSTN_7_N002,37.36329789847426,-120.76036593987695,0.25275
LYOTH-SP_6_N001,37.721862,-121.390858,0.11372
LYTNVLLE_6_N001,39.684962,-123.476979,0.09501
MABURY_1_N001,37.36089599998639,-121.86395517205479,0.13529
MABURY_6_N001,37.36089599998639,-121.86406882794522,0.13396
MADISON_1_N002,38.67073989103906,-121.969138,0.09847
MADISON_1_N201,38.67065905446531,-121.9690782228888,0.09847
MAGUNDEN_1_N002,35.36215899998747,-118.92373215922743,-0.04382
MAINE-PR_6_N001,38.385820999985995,-121.77582145519017,0.09876
MALAGA_1_N001,36.69415479048744,-119.72474601890697,0.21016
MALAGA_1_N004,36.69397520940774,-119.72474601916853,0.21016
MALAGA_1_N005,36.69397520940774,-119.72496998083147,0.21016
MALAGA_1_N206,36.69415479048744,-119.72496998109303,0.21016
MANCHSTR_1_N001,36.78803392229639,-119.787488,0.22024
MANCHSTR_1_N002,36.787953038837564,-119.78742968988867,0.22024
MANCHSTR_1_N005,36.787953038837564,-119.78754631011132,0.22024
MANDLY1G_7_N002,34.207498198093205,-119.249016,0.00044
MANDLY2G_7_N002,34.20741690094034,-119.2489592448821,0.00044
MANDLY3G_7_N001,34.20741690094034,-119.2490727551179,0.00044
MANTECA_1_N001,37.80151542742815,-121.22356755493873,0.11462
MANTECA_1_N002,37.80133457246114,-121.22356755521895,0.11462
MANTECA_1_N012,37.80133457246114,-121.22379644478104,0.11462
MANTECA_1_N013,37.80151542742815,-121.22379644506127,0.11462
MANVILLE_1_N001,34.53,-120.43,-0.09122
MARGARTA_1_N001,33.55007578845692,-117.62798626281774,2.17006
MARGARTA_1_N002,33.54989621144975,-117.62798626304166,2.17006
MARGARTA_1_N008,33.54989621144975,-117.62820173695833,2.17006
MARGARTA_1_N009,33.55007578845692,-117.62820173718225,2.17006
MARICOPA_6_N001,35.107547,-119.398151,-0.04922
MARIPOS2_6_N001,37.50445799998627,-120.00773602136582,0.30149
MARIPOS2_6_N003,37.50445799998627,-120.00784997863418,0.30149
MARPOS_LNODEKSA,37.63932432741219,-120.92006110878681,0.29908
MARPOS_LNODENOX,37.63935564925701,-120.92016824287315,0.29908
MARSHALL_LNODEDR1,37.43587720766,-121.132527674588,0.29791
MARSHALL_LNODEDR2,37.4358760484777,-121.13220043951,0.29788
MARSHALL_LNODEDR3,37.4358798082574,-121.132682875263,0.29791
MARSHALL_LNODEDR4,37.4358789493306,-121.132046059332,0.29788
MARSHALL_LNODEDR5,37.4358787251639,-121.131895544498,0.29788
MARSHALL_LNODER8C,37.435876146414,-121.132374308977,0.29791
MARTELL_6_N001,38.369191999986,-120.79669245138386,0.12859
MARTINEZ_1_N001,38.02,-122.16,0.12258
MCARTHR_6_N001,41.05270199998445,-121.40878106361407,0.06002
MCCALL_1_N026,36.61141783540495,-119.639697,0.20427
MCCALL_1_N030,36.61133708228342,-119.63963891745578,0.20427
MCC_LNODEMCC,38.63008971070796,-121.51320976638306,0.29841
MCDISLE_6_N001,37.93693288402067,-121.52832945017714,0.11496
MCFRLND_6_N001,35.688444,-119.276835,-0.04495
MCKEE_1_N001,37.366407204044364,-121.843789,0.13428
MCKEE_1_N005,37.36632589796316,-121.84372993637959,0.13428
MCKEE_1_N101,37.36632589796316,-121.84384806362041,0.13428
MCMULLN1_2_N001,36.592775,-119.989065,0.36123
MCY_LNODE101,38.563116666666666,-121.464371944444,0.29876
MCY_LNODE102,38.563116666610455,-121.4642569555954,0.29876
MCY_LNODE103,38.56302675430868,-121.46425695573926,0.29876
MCY_LNODE104,38.562963176761876,-121.46433826506194,0.29876
MCY_LNODE105,38.562947972391605,-121.46445159764659,0.29876
MCY_LNODE106,38.5629791136348,-121.46455946901716,0.29876
MCY_LNODE107,38.56304468834792,-121.46463814131086,0.29876
MCY_LNODE108,38.56312966325024,-121.46467572198618,0.29876
MDLRIVR_6_N001,37.93693288402067,-121.52844854982285,0.11252
MDWYPS_6_N001,35.402824999987416,-119.45497183549746,-0.04704
MECCTG1_7_N100,37.239909741275135,-121.77988662517618,0.12995
MECCTG2_7_N100,37.2400902586168,-121.78011337509535,0.12995
MEDWLNE_1_N001,37.963141225082815,-122.052361,0.1231
MEDWLNE_1_N002,37.963059887443606,-122.05230143651556,0.1231
MEDWLNE_1_N006,37.963059887443606,-122.05242056348443,0.1231
MELROSE_6_N001,33.206560573300976,-117.25285494469412,2.87337
MELROSE_6_N004,33.20638142660739,-117.25285494491321,2.87337
MELROSE_6_N005,33.20638142660739,-117.25306905508678,2.87337
MELROSE_6_N009,33.206560573300976,-117.25306905530589,2.87337
MENLO_6_N001,37.4330313740754,-122.20260718789906,0.13106
MENLO_6_N002,37.43285062581547,-122.2026071881739,0.13106
MENLO_6_N003,37.43285062581547,-122.2028348118261,0.13106
MENLO_6_N004,37.4330313740754,-122.20283481210093,0.13106
MERCEDFL_7_N001,37.27292328168154,-120.48675154649395,0.28249
MERCED_1_N001,37.27274271821013,-120.48697845323395,0.25182
MERCED_1_N002,37.27292328168154,-120.48697845350604,0.25182
MERIDIAN_6_N101,37.225299,-121.744182,0.09237
MESACAL_6_N001,34.037454,-118.109265,0.27741
MESAHGTS_6_N001,32.829628731503114,-117.157263,5.41151
MESAHGTS_6_N007,32.82954813423625,-117.15720762268285,5.41151
MESARIM_6_N001,32.90498753633711,-117.17294735480384,3.70979
MESARIM_6_N007,32.90480846357245,-117.1729473550195,3.70979
MESARIM_6_N008,32.90480846357245,-117.1731606449805,3.70979
MESARIM_6_N012,32.90498753633711,-117.17316064519616,3.70979
METCALF_1_N018,37.22435199998651,-121.74197733145253,0.13021
METTLER_6_N001,38.078067,-121.2867,0.12978
MEYERS_LNODE31,38.877195,-119.986125,0.2856
MEYERS_LNODE32,38.87719499994345,-119.98600982501117,0.2856
MEYERS_LNODE33,38.87710533707398,-119.986125,0.2856
MEYERS_LNODE34,38.87719499994345,-119.98624017498884,0.2856
MEYERS_LNODE35,38.87728466292607,-119.986125,0.2856
MI-WUK_1_N001,38.052745,-120.217268,0.11642
MIDDLTWN_6_N002,38.7527889999859,-122.60852945612646,0.10608
MIDDLTWN_6_N101,38.7527889999859,-122.60864454387354,0.10608
MILLBRAE_1_N001,37.605189,-122.391045,0.12885
MILLBRAE_1_N004,37.60518899994505,-122.39093085578821,0.12885
MILLBRAE_1_N201,37.60518899994505,-122.3911591442118,0.12885
MILLBRAE_6_N001,37.6052794289691,-122.391045,0.12937
MILLER_1_N001,37.81,-121.1,0.11014
MILPITAS_1_N001,37.415395,-121.888564,0.12891
MILPITAS_1_N003,37.41539499994551,-121.8884502251851,0.12891
MILPITAS_1_N005,37.41530463419468,-121.888564,0.12891
MILPITAS_1_N006,37.41539499994551,-121.88867777481491,0.12891
MINNIER_LNODEJFF,37.71289,-120.93858,0.29902
MIRABEL_6_N001,38.489406,-122.894261,0.11308
MIRALOMA_6_N001,34.004371186293284,-117.56506721001799,0.2772
MIRAMAR_6_N001,32.89408253805123,-117.13552936589245,3.71676
MIRAMAR_6_N004,32.89390346185827,-117.135529366108,3.71676
MIRAMAR_6_N017,32.89390346185827,-117.135742633892,3.71676
MISSION_6_N001,32.784191999954906,-117.13741946348074,5.63934
MISSION_6_N031,32.78411443272647,-117.13747273178681,5.63934
MISSION_6_N040,32.78411443272647,-117.13757926821319,5.63934
MISSION_6_N049,32.784191999954906,-117.13763253651926,5.63934
MKT_SUB_LNODEONA,34.0434902173762,-118.24599112234871,0.27322
MKT_SUB_LNODEONB,34.04330978252786,-118.24599112258036,0.27325
MKT_SUB_LNODEONC,34.04330978252786,-118.24620887741963,0.27322
MKT_SUB_LNODEOND,34.0434902173762,-118.24620887765128,0.27325
MNDCTP_6_N001,39.251247,-123.196582,0.09766
MOFTFLD_1_N002,37.41,-122.04,0.12821
MOLINO_6_N002,38.42527299998595,-122.83215753598292,0.11523
MOLINO_6_N101,38.42527299998595,-122.83227246401708,0.11523
MONOLITH_6_N029,34.92999999998754,-118.4199449189089,-0.00369
MONOLITH_6_N101,34.92999999998754,-118.4200550810911,-0.00369
MONROE_1_N001,38.45321800700051,-122.743668,0.11322
MONROE_1_N002,38.45313699648462,-122.74360827529611,0.11328
MONROE_1_N101,38.45313699648462,-122.74372772470389,0.11328
MONSRATE_6_N001,33.32908099998846,-117.23541536188321,2.94927
MONSRATE_6_N007,33.32908099998846,-117.23552263811678,2.94927
MONTAGUE_1_N001,37.40375521599691,-121.905675,0.13262
MONTAGUE_1_N006,37.403673891986756,-121.90561589392182,0.13262
MONTAGUE_1_N007,37.403673891986756,-121.90573410607819,0.13262
MONTCLLO_1_N008,38.48,-122.32,0.09914
MONTEREY_6_N001,36.599917,-121.890341,0.18031
MONTERO_6_N001,38.47145299998595,-123.01207452586034,0.11194
MONTERO_6_N004,38.47145299998595,-123.01218947413966,0.11194
MONTGMRY_6_N001,32.631633999988686,-117.09951777952129,4.00624
MONTGMRY_6_N002,32.631633999988686,-117.0996242204787,4.00624
MONTPELR_LNODEDR3,37.5513950204046,-120.771210942368,0.29733
MONTPELR_LNODEDR4,37.5513208784333,-120.77132554154,0.29733
MONTPELR_LNODEDR5,37.5513203022304,-120.771217224249,0.29733
MONTPELR_LNODEDR7,37.551320342333,-120.771557696814,0.29733
MONTPELR_LNODEDR8,37.5513195014288,-120.771445581179,0.29733
MOORPARK_6_N001,34.28245799998789,-118.90073231455499,-0.00955
MORAGA_1_N001,37.848008,-122.160732,0.12048
MORGAN_1_N001,37.12745917114046,-121.65871690356438,-0.04777
MORMON_6_N001,37.968746,-121.185898,0.12621
MOROHILL_6_N001,33.252187,-117.300305,2.89712
MORROBY_1_N001,35.373004,-120.855187,-0.08828
MOSSLD_1_N001,36.804150842399494,-121.78373687034716,0.1774
MOSSLND6_7_ND001,36.80399515757413,-121.78384912953872,0.12948
MOSSLND7_7_ND001,36.804150842399494,-121.78384912965284,0.12948
MPLECRK_6_N001,40.767881,-123.87365,0.08073
MREIS-Q_1_N001,38.12,-122.33,0.11717
MRGNHIL_1_N001,37.12727882875214,-121.65871690383386,0.13416
MRGNHIL_1_N004,37.12727882875214,-121.65894309616613,0.13416
MRGNHIL_1_N007,37.12745917114046,-121.65894309643562,0.13416
MRTSVAL_LNODE32,39.329538,-120.170031,0.30448
MRYSVLLE_6_N001,39.13944599998575,-121.58327227419691,0.09839
MRYSVLLE_6_N003,39.13944599998575,-121.58338772580308,0.09839
MSHR60V_6_N001,38.02150699998609,-121.28089465794243,0.12228
MSHR60V_6_N006,38.02150699998609,-121.28100934205757,0.12228
MTEDEN_1_N001,37.63264525976642,-122.10124,0.12931
MTEDEN_1_N005,37.632563870101905,-122.10118066447778,0.12931
MTEDEN_1_N009,37.632563870101905,-122.10129933552223,0.12931
MTNHOUSE_LNODE1KV,37.79428,-121.55964,0.2964
MTNPASS_1_N001,35.508179,-115.53125,-0.22966
MTNQUAR_6_N001,38.914515,-121.015694,0.09165
MTVIEW_1_N001,34.07927114678052,-117.240376,0.13428
MTVIEW_1_N004,34.079189926596804,-117.24031938460595,0.13428
MTVIEW_1_N005,34.079189926596804,-117.24043261539406,0.13428
MURRAY_6_N001,32.79087756459772,-117.0229334582287,11.69
MURRAY_6_N004,32.790698435312095,-117.02293345844329,11.69
MURRAY_6_N005,32.790698435312095,-117.02314654155671,11.69
MURRAY_6_N015,32.79087756459772,-117.0231465417713,11.69
MUSLSLGH_6_N001,36.264507,-119.907357,-0.03463
NARROWS1_7_N001,33.13712344927391,-116.2943780565384,0.07962
NARROWS_6_N010,33.137302550634665,-116.29459194367982,2.30404
NATNLCTY_6_N001,32.67305199998863,-117.10726576866911,3.95831
NATNLCTY_6_N005,32.67305199998863,-117.10737223133088,3.95831
NAT_LNODENE1,38.65097779957077,-121.48672359559271,0.29832
NAT_LNODENE2,38.65089999994365,-121.48666608019934,0.29832
NAT_LNODENE3,38.650822200401045,-121.48672359571763,0.29832
NAT_LNODENE4,38.650822200401045,-121.48683862650437,0.29832
NAT_LNODENE5,38.65089999994365,-121.48689614202266,0.29832
NAT_LNODENE6,38.65097779957077,-121.4868386266293,0.29832
NAVSTMTR_6_N001,32.67041199998878,-117.11463876940559,3.95848
NAVSTMTR_6_N011,32.67041199998878,-117.11474523059441,3.95848
NAVY35R_1_N001,35.29,-119.45,-0.04771
NBRANCH_6_N001,38.199837,-120.719506,0.12835
NCMETER_1_N001,33.089572,-117.203236,3.41108
NCPA1GY1_7_N001,38.329999999986036,-122.63005744213352,0.10982
NCPA1GY2_7_N001,38.33999999998601,-122.64005744453604,0.10997
NCPA2GY1_7_N001,38.34999999998599,-122.65005744690819,0.11055
NCPA2GY2_7_N001,38.329999999986036,-122.68005744213352,0.11043
NDUBLIN_2_N002,37.86,-121.88,0.12501
NEWARKD_1_N001,37.50049924095103,-121.987091,0.1256
NEWARKD_1_N012,37.500417879509776,-121.98703179018516,0.1256
NEWBURG_6_N001,40.59455299998477,-124.13512748525541,0.08221
NEWBURG_6_N003,40.59455299998477,-124.13524651474458,0.08221
NEWELL_LNODEWELL,41.888139999984205,-121.37832971620207,0.2702
NEWHALL_1_N001,36.86718099998678,-120.32825478878492,0.39051
NEWHALL_1_N002,36.86718099998678,-120.32836721121508,0.39051
NEWMAN_6_B2,37.31543099998646,-121.01505122358405,0.11078
NEWMAN_6_N001,37.31543099998646,-121.01516477641594,0.11078
NOISLMTR_6_N004,32.70244776093939,-117.182166,3.91003
NOISLMTR_6_N009,32.702367119518385,-117.18211067144682,3.91003
NORCO_1_N001,35.28535,-119.308893,-0.04626
NORD1_1_N001,39.759998999985385,-121.90689363690683,0.085
NORD1_1_N003,39.759998999985385,-121.90701036309318,0.085
NORTECH_1_N001,37.46,-121.76,0.13175
NORTHOAK_6_N003,35.96338313356797,-119.45673850749412,-0.00816
NORTHOAK_6_N004,35.96338313356797,-119.45685349250587,-0.00816
NORTHOAK_6_N005,37.36329789847426,-120.76048406012305,-0.00816
NOVATO_6_N001,38.10860199998601,-122.56828762317217,0.11418
NOVATO_6_N002,38.10860199998601,-122.56840237682783,0.11418
NRTHTWR_1_N001,38.066061192073654,-122.195674,0.12016
NRTHTWR_1_N002,38.06597990394814,-122.1956143891305,0.12016
NRTHTWR_1_N004,38.06597990394814,-122.19573361086951,0.12016
NR_SUB_LNODEONA,34.22909034238915,-118.54339073176756,0.27325
NR_SUB_LNODEONB,34.228909657513995,-118.54339073200198,0.27325
NR_SUB_LNODEONC,34.228909657513995,-118.54360926799801,0.27325
NR_SUB_LNODEOND,34.22909034238915,-118.54360926823244,0.27325
NUMITAP_1_N003,37.5,-122.04,0.12995
NVYSCHL_6_N001,36.59909,-121.877082,0.18019
NWKDIST_2_N001,37.47999999998637,-121.97994304564625,0.12519
NWKDIST_2_N004,37.47999999998637,-121.98005695435374,0.12519
OAKC12_7_N002,37.79751331310943,-122.28096478011268,0.12292
OAKDAL_LNODEMTS,37.66746999998627,-120.95814287556452,0.29902
OAKDAL_LNODENDN,37.66746999998627,-120.95825712443548,0.29902
OAKHURST_1_N001,37.32379499998641,-119.63394921398016,0.24574
OAKHURST_1_N002,37.32379499998641,-119.63406278601984,0.24574
OAKLAND_1_N001,37.79743499994459,-122.28090756034669,0.12287
OAKLAND_1_N006,37.797356686862834,-122.280964780234,0.12287
OAKLAND_1_N033,37.797356686862834,-122.28107921976599,0.12287
OCEANO_1_N001,35.10177099998753,-120.58099587832989,-0.08192
OCEANO_1_N004,35.10177099998753,-120.5811061216701,-0.08192
OCEANSDE_6_N001,33.19681799998853,-117.381743480479,2.76122
OCEANSDE_6_N002,33.19681799998853,-117.381850519521,2.76122
OIGLASS_1_N001,37.75,-121.31,0.10991
OILDALE_1_N001,35.42,-118.98,-0.04452
OILFLDS_6_N001,35.95646873409211,-120.85121,0.32736
OILFLDS_6_N007,35.95638813294024,-120.8511525112428,0.32736
OLDRIVR_6_N001,35.208404,-119.100252,-0.04333
OLDTOWN_6_N001,32.766092,-117.192529,3.85388
OLEMA_6_N001,38.042497,-122.786541,0.11703
OLETA_6_N001,38.48064499998599,-120.84462852385393,0.10393
OLETA_6_N003,38.48064499998599,-120.84474347614606,0.10393
OLINDA_6_N001,33.94616008273055,-117.922244,0.27825
OLIVHRST_1_N001,39.0918869999858,-121.54288430472884,0.09667
OLIVHRST_1_N002,39.0918869999858,-121.54299969527116,0.09667
OLY_SUB_LNODEONA,34.03409021003063,-118.45989114327803,0.27322
OLY_SUB_LNODEONB,34.03390978987338,-118.45989114350952,0.27322
OLY_SUB_LNODEONC,34.03390978987338,-118.46010885649046,0.27322
OLY_SUB_LNODEOND,34.03409021003063,-118.46010885672197,0.27322
OMAR_2_N001,35.475983864148716,-118.98698399999999,-0.00255
OMWD_6_N001,33.068479,-117.141404,3.37029
ONEILPMP_7_LN001,37.098611,-121.0475,0.27299
OREGNTRL_1_N001,40.61902099998471,-122.32226045686366,0.06818
OREGNTRL_6_N001,40.61902099998471,-122.32237954313634,0.06818
OREGON_LNODENK1,37.63168999998624,-120.9742429051075,0.29908
OREGON_LNODENK2,37.63168999998624,-120.9743570948925,0.29908
ORICK_6_N001,41.294542,-124.056522,0.08555
ORLANDB_6_N001,39.725068,-122.178873,0.08003
OROLOMA_6_N001,36.886866,-120.655928,0.37665
OROSI_6_N006,36.544759,-119.251776,0.21144
OROVILLE_6_N001,39.50524442035656,-121.5593758990519,0.08897
OROVILLE_6_N005,39.50524442035656,-121.5596081009481,0.08897
OROVILLE_6_N102,39.50542357952801,-121.55960810124742,0.08897
ORV_LNODENE1,38.68455,-121.267326944444,0.29849
ORV_LNODENE2,38.68454999994364,-121.26721189591703,0.29849
ORV_LNODENE3,38.68446019318104,-121.26721189606141,0.29849
ORV_LNODENE4,38.68439669026182,-121.26729324758281,0.29849
ORV_LNODENE5,38.68438150373832,-121.26740663898543,0.29855
ORV_LNODENE6,38.6844126084275,-121.26751456633991,0.29855
ORV_LNODENE7,38.6844781061685,-121.26759327946426,0.29855
ORV_LNODENE8,38.68456298132683,-121.2676308796447,0.29855
OTAY_6_N001,32.595376662064226,-117.05752057560969,4.00677
OTAY_6_N014,32.59519733784581,-117.05752057582266,4.00677
OTTER_6_N001,36.47781599998705,-121.7270037380447,0.18313
OVES_SUB_LNODEBKB,37.43792099998635,-118.55704491120122,0.23418
OVES_SUB_LNODEBKC,36.443,-118.0438,0.24908
OVES_SUB_LNODEBKD,37.342,-118.441,0.23456
OXFORD_1_N001,36.7,-120.68,0.50041
PACFCBCH_6_N001,32.799218999988646,-117.24014772581532,3.83417
PACFCBCH_6_N004,32.799218999988646,-117.24025427418468,3.83417
PACIFICA_6_N001,37.59458399998625,-122.48892793722666,0.13196
PACIFICA_6_N003,37.59458399998625,-122.48904206277334,0.13196
PADUA_6_N001,34.120216,-117.639076,0.2772
PALMR_1_N001,34.825223,-120.298953,-0.0884
PALOMAR_1_N001,33.12281772819047,-117.287925,3.25155
PALOMAR_1_N004,33.1227371358924,-117.28786944194597,3.25155
PALOMAR_1_N013,33.1227371358924,-117.28798055805403,3.25155
PANAMA_6_N001,35.29556801570901,-119.021525,-0.04213
PANAMA_LNODECOUERCRK1,35.29548699213203,-119.02146768568419,0.28406
PANAMA_LNODECOUERCRK2,35.29548699213203,-119.02158231431581,0.28406
PANRAMA_1_N001,40.434409,-122.2679,0.07065
PARADISE_1_N001,39.7615578392488,-121.618634,0.0847
PARADISE_LNODEDISE,39.76147708035982,-121.61857334522642,0.27041
PARADISX_6_N001,39.76147708035982,-121.61869465477358,4.02038
PARADS_LNODEFEG,37.69056,-121.02061,0.29899
PARADS_LNODEKHB,37.690559999944874,-121.02049571450051,0.29899
PARKWAY_2_N001,38.17,-122.25,0.11252
PAR_LNODEAPM,37.668079999986205,-120.9174128750731,0.29893
PAR_LNODEFVM,37.668079999986205,-120.9175271249269,0.29893
PAULSWT_1_N001,36.99234705413821,-121.98202825128297,0.18467
PAULSWT_1_N004,36.9921669457552,-121.98202825154998,0.18467
PAULSWT_1_N101,36.99234705413821,-121.98225374871703,0.18467
PEABODY_2_N002,38.28558699998594,-121.97025256896055,0.09981
PEABODY_2_N006,38.28558699998594,-121.97036743103946,0.09981
PEACHTON_6_N001,39.3784769999856,-121.68494608007006,0.09348
PEACHTON_6_N004,39.3784769999856,-121.68506191992994,0.09348
PEARBMAP_7_B1,34.508883999950896,-117.91829825412502,0.02053
PEARBMAP_7_B3,34.50879356514072,-117.9182982542441,0.02053
PEARBMAP_7_B4,34.50872961811796,-117.91837585623696,0.02053
PEARBMBP_7_B1,34.50871432539329,-117.91848402139897,0.02053
PEARBMBP_7_B3,34.50874564762435,-117.91858697434263,0.02053
PEARBMBP_7_B4,34.5088116034329,-117.91866205952238,0.02053
PEARBMCP_7_B1,34.50889707216307,-117.91869792664747,0.0205
PEARBMCP_7_B3,34.50898737191128,-117.91869193094361,0.0205
PEARBMDP_7_B1,34.50907009278566,-117.91864757930026,0.0205
PEASE_1_N001,39.17010299998576,-121.66113925312504,0.09696
PEASE_1_N009,39.17010299998576,-121.66125474687495,0.09696
PENDLETN_6_N001,33.30925299998849,-117.3349783807102,2.88322
PENDLETN_6_N004,33.30925299998849,-117.3350856192898,2.88322
PENNGRVE_1_N001,38.315547,-122.681119,0.11421
PENRYN_6_N001,38.8444299999859,-121.16613942513398,0.09238
PENRYN_6_N004,38.8444299999859,-121.16625457486602,0.09238
PERMNNTE_6_N002,34.355793,-116.855947,0.13343
PERRY_6_N008,35.570805,-121.055868,-0.07861
PETLMAA_6_N001,38.234002,-122.636285,0.11296
PETLMAC_6_N002,38.2390641182539,-122.636804,0.11604
PETLMAC_6_N003,38.23898294085798,-122.63674432895719,0.11604
PETLMAC_6_N004,38.23898294085798,-122.6368636710428,0.11604
PGG_LNODESS1,38.531716666610464,-121.39934830807131,0.29879
PGG_LNODESS2,38.531794557439916,-121.39929082076439,0.29879
PHILLIPS_1_N001,37.34,-122.03,0.13399
PHILO_6_N001,39.063719,-123.437524,0.09673
PICO_1_N001,33.45676299998844,-117.58919323286267,2.19747
PICO_1_N004,33.45676299998844,-117.58930076713733,2.19747
PIERCY_1_N201,37.28,-121.83,0.13352
PIKECTY_6_N001,39.438734,-120.997847,0.08735
PIONEER_LNODEBUS,37.39756017328021,-120.7270641608972,0.29716
PIONEER_LNODEDR1,37.39756017322573,-120.72695042442128,0.29722
PIONEER_LNODEDR2,37.3974698163648,-120.7269504245584,0.29722
PIONEER_LNODEDR3,37.3974059244655,-120.72703084832322,0.29722
PIONEER_LNODEDR4,37.39739064492007,-120.72714294658331,0.29722
PIONEER_LNODEDR5,37.39742194014138,-120.72724964310564,0.29722
PIONEER_LNODEDR6,37.397487839085414,-120.72732745855615,0.29722
PIONEER_LNODEDR7,37.39757323413797,-120.72736462991926,0.29722
PIONEER_LNODEDR8,37.397663456054794,-120.72735841623376,0.29722
PIONEER_LNODEDR9,37.39774610563929,-120.72731245188831,0.29722
PIONEER_LNODER15,37.397811856418734,-120.72723443776906,0.29722
PIT1_6_N001,38.030670659249246,-121.86908630802888,0.0613
PIT3_7_N001,38.030606778782065,-121.8691674075287,0.06002
PIT5_7_B1,38.030591501969816,-121.86928044765509,0.0525
PITSBURG_1_N001,38.03101263810665,-121.86937270758541,0.12185
PITTSBRG_6_N101,38.031055408073875,-121.8692716827705,0.11502
PLACERVL_1_N001,38.73027886166341,-120.788047,0.10152
PLACER_1_N001,38.901310999985846,-121.08802340262966,0.09031
PLACER_7_N009,38.901310999985846,-121.08813859737035,0.08988
PLAINFLD_6_N001,38.61887,-121.793976,0.10007
PLANETRN_LNODEANET,34.16127269818337,-114.38177086876138,0.26977
PLOALTO_1_N001,33.356029648193925,-117.1119886715524,0.13143
PLOALTO_1_N007,33.35585035171371,-117.11198867177347,0.13143
PLOALTO_1_N013,33.35585035171371,-117.11220332822651,0.13143
PLUMAS_6_N001,39.026121,-121.54308,0.09783
PNEDLE_1_N001,36.829999999986725,-119.82994383698444,0.22869
PNEDLE_1_N002,36.829999999986725,-119.83005616301556,0.22881
PNEGRVE_6_N001,38.41271199998601,-120.6602245387678,0.13106
PNEGRVE_6_N002,38.41271199998601,-120.6603394612322,0.13106
PNTARNA_6_N001,38.912571,-123.679495,0.09708
POC_LNODENE2,38.490383333333334,-121.470263055556,0.29922
POC_LNODENE3,38.49038333327713,-121.4701480990094,0.29922
POC_LNODENE4,38.490293355392375,-121.470263055556,0.29922
POC_LNODENE7,38.49038333327713,-121.47037801210259,0.29922
POC_LNODENE8,38.49047331127424,-121.470263055556,0.29922
POINTLMA_6_N013,32.74152175021991,-117.233364,3.85455
POINTLMA_6_N014,32.74144112487782,-117.23330865823404,3.85455
POLPASPP_6_N002,38.57552299994369,-121.49770299452835,-0.09697
POMERADO_6_N001,32.941482719314884,-117.032882,3.78986
POMERADO_6_N004,32.9414021403303,-117.03282656531631,3.78986
POMERADO_6_N008,32.9414021403303,-117.03293743468369,3.78986
PORTOLA_LNODE31,39.803943999985336,-120.46453157749829,0.30622
PORTOLA_LNODE32,39.803943999985336,-120.46464842250171,0.30622
POSOMT_1_N001,35.559194,-118.957501,-0.04365
POST_1_N001,39.11,-121.64,0.11288
POTRERO_1_N001,37.46005423161257,-122.4,0.12949
POTRERO_1_N013,37.45997288417899,-122.39994083241324,0.12949
POTRERO_1_N016,37.45997288417899,-122.40005916758676,0.12949
POUST_LNODEIGQ,37.69046956305469,-121.02049571463989,0.29905
POUST_LNODELD2,37.6904056145667,-121.02057652662188,0.29905
POWAY_6_N001,32.978722999988655,-117.03130363648788,3.72849
POWAY_6_N010,32.978722999988655,-117.03141036351212,3.72849
PP1_LNODEOAD,34.59026131985074,-118.4546210726575,0.27282
PP1_PP2_LNODELMW,34.59026131985074,-118.4547309273425,0.27282
PP2_LNODEAUX,34.53433699995089,-118.52522278142764,0.27279
PP2_LNODEOAD,34.534427436468654,-118.525113,0.27279
PPSTLTAP_1_N001,38.01999999998606,-122.36994265860079,0.11921
PPSTLTAP_1_N104,38.01999999998606,-122.3700573413992,0.11921
PRAXAIR_1_B1,37.99999999998611,-121.80994266753221,0.12258
PRCTRVLY_1_N001,32.665044,-116.986801,4.08724
PRSCOT_LNODEAEJ,37.6903903214879,-121.02068916599474,0.2991
PRSCOT_LNODETKD,37.69042164442615,-121.02079637755577,0.2991
PRUNEDLE_1_N001,36.785518920972784,-121.671051,0.17892
PRUNEDLE_1_N002,36.785438039499425,-121.67099269323379,0.17892
PSARBLS_6_N001,35.61564884893555,-120.67989,-0.08027
PSARBLS_6_N005,35.61556807551859,-120.67983263488163,-0.08027
PSARBLS_6_N007,35.61556807551859,-120.67994736511837,-0.08027
PTMRTTI_6_N001,37.030856,-122.187639,0.13646
PTR_PP_LNODEROM,35.24801901925079,-118.1756473615291,0.26858
PUEBLOPG_1_N001,38.345348999986,-122.29956355419145,0.11485
PUEBLOPG_1_N010,38.345348999986,-122.29967844580855,0.11485
PURISIMA_1_N001,34.700622,-120.435261,-0.0902
QUEBEC_1_N001,36.07,-119.56,-0.05033
RADUM_6_N001,37.67264599998626,-121.85946487140774,0.12101
RADUM_6_N004,37.67264599998626,-121.85957912859226,0.12101
RAINBOW_1_N001,36.709983,-119.538157,0.20947
RANCHRS_1_N001,36.700797999986875,-119.75437400116115,0.21028
RANDSBRG_1_N001,35.375699,-117.655868,7.93991
RAWSON_6_N001,40.145295999985066,-122.21242808907787,0.08073
RAWSON_6_N002,40.145295999985066,-122.21254591092213,0.08073
RCARMEL_6_N001,32.99378371822819,-117.077745,3.65301
RCARMEL_6_N004,32.9937031408736,-117.07768953360795,3.65301
RCARMEL_6_N011,32.9937031408736,-117.07780046639205,3.65301
RECTOR_6_N001,36.29851,-119.242336,-0.00055
REDBLFF_6_N001,40.1825869024183,-122.244610070096,0.07527
REDBLFF_6_N004,40.1825869024183,-122.24484592990399,0.07527
REDBLFF_6_N005,40.18276709746204,-122.24484593021722,0.07527
REDBUD_1_N001,39.02788699998577,-122.66224734180834,0.09458
REDBUD_1_N004,39.02788699998577,-122.66236265819167,0.09458
REDWOOD_6_N001,37.490252,-122.213021,0.13132
REDWOOD_6_N002,37.49025199994532,-122.2129070707913,0.13132
REDWOOD_6_N005,37.49016160208324,-122.213021,0.13132
REDWOOD_6_N006,37.49025199994532,-122.21313492920869,0.13132
REDWOOD_6_N007,37.49034239791678,-122.213021,0.13132
REEDLEY_1_N001,36.605116999986976,-119.3758071174397,0.20984
REEDLEY_6_N001,36.605116999986976,-119.3759188825603,0.20987
REINWY_LNODEGME,37.63942160426353,-120.92024637744797,0.29884
REINWY_LNODEQAC,37.6395070719657,-120.92028370125492,0.29884
RENFRO_1_N001,35.409999999987434,-119.16994483454441,-0.04638
RENFRO_1_N010,35.409999999987434,-119.1700551654556,-0.04632
RESERVR_LNODEFFW,37.651919999986276,-120.67483288823061,0.29876
RESERVR_LNODEPMW,37.651919999986276,-120.67494711176938,0.29876
RICE_6_N002,39.402805999985674,-122.01287205646442,0.08113
RICE_6_N101,39.402805999985674,-122.01298794353558,0.08113
RICHMOND_1_B1,37.92597623462323,-122.369629,0.11906
RICHMOND_1_N001,37.92589488267337,-122.36956945615904,0.11906
RINCON_1_N001,33.285967608914305,-116.9585228047856,0.10288
RINCON_1_N003,33.28578839099371,-116.95852280500573,0.10288
RINCON_6_N001,33.28578839099371,-116.95873719499427,3.31368
RINCON_6_N008,33.285967608914305,-116.9587371952144,3.31368
RIN_SUB_LNODEONA,34.28105422156671,-118.479,0.27348
RIN_SUB_LNODEONB,34.28097288920359,-118.47894317065887,0.27348
RIN_SUB_LNODEONC,34.28097288920359,-118.47905682934115,0.27348
RIOBRVO_1_N001,35.44252289360183,-119.26010566010629,-0.0464
RIOBRVO_1_N006,35.44234310629778,-119.26010566035274,-0.0464
RIOBRVTM_1_N001,35.44252289360183,-119.26032633989371,-0.04704
RIODELL_6_N001,40.495382,-124.099276,0.07977
RIOHONDO_6_N001,34.10610615849042,-117.97947,0.21325
RIOHONDO_LNODEONDO,34.1060249207417,-117.97952664559254,0.27041
RIPON_1_N001,37.72,-121.13,0.11592
RIVERROC_6_N001,36.902618,-119.771768,0.22771
RIVRBANK_1_N001,37.76895425952452,-120.908163,0.13512
RIVRSIDE_6_N001,34.021990939807104,-117.33196554960466,0.12446
ROADWAY_1_N001,34.590373,-117.431752,0.01297
ROBROY_1_N001,36.979885,-121.867457,0.18342
ROCKET_1_N001,34.933939,-117.692217,3.69107
ROCKLIN_6_N001,38.788043999985874,-121.23171544490323,0.10103
ROCKLIN_6_N003,38.788043999985874,-121.23183055509676,0.10103
ROEDING_LNODEDR1,37.587341764588,-120.935901626126,0.29701
ROEDING_LNODEDR2,37.5872777703549,-120.935976143427,0.29701
ROEDING_LNODEDR3,37.5871231822836,-120.935612409,0.29701
ROEDING_LNODEDR5,37.5870085148256,-120.935981028585,0.29701
ROEDING_LNODEDR6,37.5871259671814,-120.935792411292,0.29701
ROEDING_LNODEDR7,37.5871257817397,-120.935692486018,0.29701
ROGERS_LNODEDR1,37.4749114287345,-121.178218328626,0.29797
ROGERS_LNODEDR2,37.4751811958932,-121.178206809282,0.29794
ROGERS_LNODEDR3,37.4750639771164,-121.17821700138,0.29794
ROGERS_LNODEDR5,37.4748414013345,-121.178225065561,0.29797
ROGERS_LNODEDR7,37.4749721097043,-121.178220428168,0.29797
ROGH-RDY_6_N001,37.95526599998612,-121.33253531114549,0.12228
ROSECYN_6_N001,32.84459772910598,-117.236988,4.41752
ROSECYN_6_N017,32.84451713543481,-117.23693261581597,4.41752
ROSEDAL_1_N001,35.37703397144563,-119.077971,-0.04568
ROSELE_LNODEHMV,37.68013999998623,-120.94014286544196,0.29908
ROSELE_LNODERLV,37.68013999998623,-120.94025713455804,0.29908
ROSEMR_LNODEAEI,37.64253,-121.0423,0.29893
ROSE_6_N001,32.84451713543481,-117.23704338418403,-0.04225
ROSSMOOR_2_N001,37.86470199998613,-122.08030973806707,0.11709
ROSSMOOR_2_N101,37.86470199998613,-122.08042426193292,0.11709
RSC_LNODE8LD,38.761389,-121.264722,0.29835
RSM_SUB_LNODEONB,34.244054210355124,-118.392,0.27346
RSM_SUB_LNODEONC,34.24397289480934,-118.39194320739797,0.27343
RSM_SUB_LNODEOND,34.24397289480934,-118.39205679260202,0.27348
RSNTAFE_6_N009,33.014261,-117.198557,3.53723
RSVTNRD_6_N001,36.624374,-121.68835,0.18342
RTRACK_1_N001,37.979737,-120.414515,0.12141
RUSSRCH_6_N001,40.819848,-123.826638,0.08201
RVRBANK_1_N001,37.76887287022286,-120.90810355553742,0.12655
RVRBANK_1_N005,37.76887287022286,-120.90822244446258,0.12655
SAFEWAY_1_N001,37.71,-121.4,0.10921
SALINAS_1_N001,36.683239999986945,-121.65120502290527,0.17987
SALINAS_1_N024,36.683239999986945,-121.65131697709472,0.17987
SANARDO_6_N001,36.073766,-120.936804,0.33073
SANCRLS_6_N001,37.49972924078839,-122.243974,0.13138
SANCRLS_6_N002,37.499647879591045,-122.24391479097326,0.13138
SANCRLS_6_N004,37.499647879591045,-122.24403320902674,0.13138
SANDCRK_6_N001,36.64502999998689,-119.15920293037858,0.21138
SANGER_1_N001,36.70707499998684,-119.6108700066517,0.20932
SANJOQN_6_N001,36.62101099998692,-120.17805409852517,0.40224
SANJOQN_6_N006,36.62101099998692,-120.17816590147483,0.40224
SANLUSRY_6_N013,36.77962699998679,-120.72995490173179,2.81478
SANLUSRY_6_N014,36.77962699998679,-120.73006709826822,2.81478
SANLUSRY_6_N101,33.211532999988535,-117.33442746812834,2.81478
SANLUSRY_6_N201,33.211532999988535,-117.33453453187165,2.81478
SANMATEO_1_N001,37.58333525489619,-122.319035,2.19755
SANMATEO_1_N001A,37.58325387253711,-122.31897570912398,0.12728
SANMATEO_1_N009,33.409472,-117.590641,2.19755
SANMATO_6_N001,37.58325387253711,-122.31909429087602,0.12743
SANMIGL_6_N001,35.75192,-120.684163,-0.05959
SANMRCOS_6_N001,33.12885155124498,-117.19722253462301,3.12865
SANMRCOS_6_N007,33.12877399995433,-117.19716906934049,3.12865
SANMRCOS_6_N011,33.12869644873215,-117.19722253471747,3.12865
SANPBLO_1_N001,37.984803,-122.336618,0.11938
SANRAFL_1_N001,37.970858222937125,-122.527065,0.11531
SANRAFL_1_N006,37.97077688851645,-122.52700543261207,0.11531
SANRAFL_1_N007,37.97077688851645,-122.52712456738792,0.11531
SANRAMON_2_N001,37.745125434987564,-121.93600563263105,0.12156
SANRAMON_2_N004,37.74494456490202,-121.93600563291054,0.12156
SANRAMON_2_N023,37.74494456490202,-121.93623436708945,0.12156
SANRAMON_2_N024,37.745125434987564,-121.93623436736895,0.12156
SANTAFE_LNODEPLNT,38.77997308074166,-122.67005981025191,0.27038
SANTARO_1_N001,33.78461699446498,-116.41025972078828,-1.40587
SANTARO_1_N014,33.78443700544048,-116.41025972101585,-1.40587
SANTARO_1_N017,33.78443700544048,-116.41047627898415,-1.40587
SANTARO_1_N021,33.78461699446498,-116.41047627921172,-1.40587
SANTEE_1_N001,32.85452999998873,-116.96829070198787,2.44508
SANTEE_1_N004,32.85452999998873,-116.96839729801214,2.44508
SANYSDRO_6_N001,32.562237999988916,-117.02641779453799,4.00755
SANYSDRO_6_N004,32.562237999988916,-117.02652420546201,4.00755
SARATOGA_2_N001,37.28099617234283,-122.014883,0.13248
SARATOGA_2_N006,37.28091491381397,-122.0148240379766,0.13248
SARATOGA_2_N011,37.28091491381397,-122.0149419620234,0.13248
SAUGUS_6_N001,34.4222099999511,-118.5721663854507,-0.01054
SAUSALTO_6_N001,37.86340599998612,-122.49836873883264,0.12281
SAUSALTO_6_N002,37.86340599998612,-122.49848326116737,0.12281
SCA_GS_LNODE1AUX,33.91807886040714,-118.42789938920775,0.27325
SCA_GS_LNODE2AUX,33.91816402577284,-118.42793487934084,0.27325
SCA_GS_LNODE4AUX,33.91825400500674,-118.42792894664778,0.27325
SCA_GS_LNODE5AUX,33.91833643226557,-118.42788506116258,0.27325
SCA_GS_LNODE6AUX,33.91840200617013,-118.42781057548723,0.27325
SCA_GS_LNODE7AUX,33.91844466871178,-118.42771492357166,0.27325
SCA_LA_LNODE3SS,33.91846141326686,-118.42760822199088,0.27325
SCA_SUB_LNODEONA,33.918451884282646,-118.42750023805854,0.27325
SCA_SUB_LNODEONB,33.91841787609632,-118.42739967533626,0.27325
SCHINDLR_1_N005,36.402237,-120.138272,0.35899
SCHMLBCH_1_N001,38.3,-121.87,0.10085
SCLARA_6_N001,34.3007956214976,-119.18563240503143,0.00047
SCRIPPS_6_N001,32.91119872129761,-117.112589,3.72991
SCRIPPS_6_N008,32.91111813933897,-117.11253358224198,3.72991
SCRIPPS_6_N013,32.91111813933897,-117.112644417758,3.72991
SCWAX_1_N001,36.700797999986875,-119.75448599883885,0.21025
SCY_LNODE102,38.508556628165735,-121.46418309094265,0.29887
SCY_LNODE103,38.50837670505527,-121.4641830912299,0.29887
SCY_LNODE105,38.50837670505527,-121.4644130198821,0.29887
SCY_LNODE106,38.508556628165735,-121.46441302016935,0.29887
SEARLES_7_N001,35.75666699998737,-117.38050076336167,10.87198
SEMITRPC_1_N001,35.600398,-119.437498,-0.04818
SERRMNTE_1_N011,37.69171986891291,-122.4557633854276,0.13027
SFIA-MA_1_N001,37.63904926020716,-122.385896,0.1292
SFIA_1_N001,37.63896786988162,-122.38583665888167,0.12894
SFIA_1_N007,37.63896786988162,-122.38595534111833,0.12894
SHADOWR_1_N001,33.141540731105856,-117.238793,3.34872
SHADOWR_1_N006,33.141460134434745,-117.23873742707973,3.34872
SHADOWR_1_N008,33.141460134434745,-117.23884857292028,3.34872
SHADYGLN_6_N001,39.115058,-120.95331,0.03552
SHAFTER_7_N022,39.77608299994151,-122.10394676937125,-0.04678
SHARON_1_N001,37.097275,-120.156454,0.27308
SHAWROAD_1_N001,37.55,-122.42,0.12821
SHLLCHM_6_N001,38.031607,-121.945728,0.11502
SHNGLESR_1_N001,38.65969989665331,-120.946938,0.10141
SHNGLESR_1_N004,38.659619051658225,-120.94687822587784,0.10141
SHNGLESR_1_N103,38.659619051658225,-120.94699777412217,0.10141
SHREDDER_1_N001,37.511676999986356,-122.20767698568532,0.12946
SIERABRK_LNODE19,39.646142,-120.217943,0.30613
SILVERDO_1_N001,38.49950299998593,-122.45908751973128,0.09885
SILVERDO_1_N002,38.49950299998593,-122.45920248026871,0.09885
SISK_LNODEKZH,37.69048760173528,-121.02087456863451,0.29931
SISK_LNODEYUP,37.69057307242136,-121.0209119194331,0.29931
SISQUOC_1_N001,34.87826099998756,-120.33120693531723,-0.08887
SISQUOC_1_N020,34.87826099998756,-120.33131706468278,-0.08887
SLMNCRK_6_N001,38.343592,-123.044809,0.10988
SMRTVLTP_6_N101,39.207939,-121.301476,0.07939
SMTRPCWS_1_N001,35.59,-119.44,-0.04818
SNANDRES_6_N001,37.603294,-122.420424,0.13004
SNBRNRD_6_N001,35.092421,-118.878241,-0.0442
SNJOSEB_1_N001,37.34102432531631,-121.9009493888098,0.13922
SNJOSEB_1_N005,37.34084367457506,-121.9009493890831,0.13922
SNJOSEB_1_N009,37.34084367457506,-121.9011766109169,0.13922
SNJOSEB_1_N013,37.34102432531631,-121.9011766111902,0.13922
SNJSEA_1_N001,37.328246190599145,-121.902531,0.1389
SNJSEA_1_N005,37.32816490468582,-121.90247198103432,0.1389
SNJSEA_1_N101,37.32816490468582,-121.90259001896567,0.1389
SNLNDRO_1_N001,37.711237436769906,-122.14880668270004,0.12737
SNLNDRO_1_N014,37.71105656311971,-122.14880668297907,0.12737
SNLNDRO_1_N017,37.71105656311971,-122.14903531702092,0.12737
SNLNDRO_1_N027,37.711237436769906,-122.14903531729996,0.12737
SNROSA_LNODEMEA,37.5099999999863,-121.22994301594794,0.29908
SNROSA_LNODEYWX,37.5099999999863,-121.23005698405206,0.29908
SNTAMRA_1_N001,33.12877399995433,-117.19738293065951,-0.08555
SNTAMRA_1_N005,33.12885155124498,-117.19732946537698,-0.08555
SNTANLA_6_N001,37.085979,-121.013273,0.28246
SNTARSA_1_N001,38.43691201584367,-122.71331,0.11386
SNTARSA_1_N002,38.43683099206306,-122.71325027901105,0.11386
SNTARSA_1_N006,38.43683099206306,-122.71336972098895,0.11386
SNTARTA_6_N001,37.055061,-120.634086,0.34598
SNTAYNZ_1_N001,34.625273999987726,-120.11813905143147,-0.08692
SNTAYNZ_1_N002,34.625273999987726,-120.11824894856854,-0.08692
SNTHLNE_6_N001,37.6223639999863,-122.44717791303894,0.13109
SNTHLNE_6_N002,37.6223639999863,-122.44729208696106,0.13109
SOBRANTE_1_N001,37.90594,-122.208144,0.11746
SOLEDAD_6_N001,36.429513,-121.331901,0.18037
SONOFRE_2_N067,33.3697279999884,-117.55438367777961,2.08569
SOUTHBAS_1_N001,34.881503,-117.892023,3.69182
SOUTHBY_6_N001,38.575612901218726,-121.497588,0.11133
SOUTH_LNODE108,40.39538221,-121.8791458,0.26892
SOUTH_LNODE204,40.39538220993951,-121.87902727370097,0.26907
SOUTH_LNODEC542,40.39529194143137,-121.87902727385986,0.26907
SOUTH_LNODEC544,40.39522811201244,-121.87911108453021,0.26907
SOUTH_LNODEC546,40.39521284740522,-121.87922790359386,0.26907
SOUTH_LNODEC547,40.39524411201219,-121.8793390934442,0.26907
SOUTH_LNODEC548,40.39530994650243,-121.87942018597366,0.26907
SOUTH_LNODEC549,40.395395258043976,-121.87945892278287,0.26907
SOUTH_LNODEC550,40.3954853917418,-121.8794524474595,0.26907
SOUTH_LNODEC552,40.39556796052161,-121.87940454742642,0.26907
SPANSHCK_6_N001,40.026139,-120.961748,0.0768
SPENCE_6_N001,36.613591,-121.566779,0.18272
SPICAMIN_1_N001,38.73992576174639,-120.67723108004192,0.10176
SPRINGVL_6_N001,36.10586253074472,-118.93516918490357,-0.0013
SPRNGVLY_6_N001,32.73903399998875,-117.00264674817954,4.01402
SPRNGVLY_6_N010,32.73903399998875,-117.00275325182045,4.01402
SQAWVLY_LNODE01,39.20568653401713,-120.20123845453338,0.30474
SQAWVLY_LNODE81,39.20550746586879,-120.20123845482796,0.30474
SQAWVLY_LNODE82,39.20550746586879,-120.20146954517205,0.30474
SQAWVLY_LNODE83,39.20568653401713,-120.20146954546662,0.30474
STAFFORD_6_N002,38.12003299998604,-122.61362861905879,0.11438
STAFFORD_6_N101,38.12003299998604,-122.6137433809412,0.11438
STAGG_2_N001,37.99164936143144,-121.34848834268168,0.11825
STAGG_2_N014,37.99146863845723,-121.34848834296415,0.11825
STAGG_6_N001,37.99146863845723,-121.34871765703586,0.11842
STAGG_6_N003,37.99164936143144,-121.34871765731833,0.11842
STAMPEDE_LNODE19,39.46748199998557,-120.10518300964912,0.30602
STATELN_LNODE01,38.95238461856907,-119.94181675988908,0.28563
STATELN_LNODE22,38.952205381317675,-119.94181676018052,0.28563
STATELN_LNODE23,38.952205381317675,-119.94204723981947,0.28563
STATELN_LNODELY,38.95238461856907,-119.94204724011091,0.28563
STATIN-L_7_N001,37.81024899998616,-122.271385771776,0.12281
STATIND_1_N001,37.837585251800924,-122.263503,0.12237
STATIND_1_N010,37.83750387408463,-122.26344350874284,0.12237
STATIND_1_N013,37.83750387408463,-122.26356249125715,0.12237
STATINJ_1_N001,37.76334825993251,-122.214444,0.12882
STATINJ_1_N012,37.763266870018874,-122.21438455959633,0.12882
STATINJ_1_N027,37.763266870018874,-122.21450344040367,0.12882
STATINL_1_N001,37.81024899998616,-122.271500228224,0.12278
STATINX_1_N001,37.80554442667025,-122.23091354965457,0.1226
STATINX_1_N012,37.805363573219,-122.23091354993484,0.1226
STATINX_1_N014,37.805363573219,-122.23114245006515,0.1226
STATINX_1_N024,37.80554442667025,-122.23114245034543,0.1226
STB_LNODE201,38.57233333333333,-121.483291944444,0.29873
STB_LNODE202,38.57233333327705,-121.48317695138249,0.29873
STB_LNODE203,38.57224342921349,-121.48317695152639,0.29873
STB_LNODE204,38.57217985749196,-121.48325826382802,0.29873
STB_LNODE205,38.572164654514715,-121.48337160056485,0.29873
STB_LNODE206,38.57219579290459,-121.48347947588752,0.29873
STB_LNODE207,38.5722613616095,-121.48355815106362,0.29873
STB_LNODE208,38.57234632872595,-121.48359573311588,0.29873
STB_LNODE209,38.57243609852223,-121.48358945079376,0.29873
STB_LNODE210,38.57251833393617,-121.48354297863219,0.29873
STB_LNODE211,38.572583755229644,-121.4834641025941,0.29873
STB_LNODE212,38.57262631848412,-121.48336281268834,0.29873
STCKTNAR_6_N001,37.963279,-121.323476,0.1256
STCRUZ_LNODECXA,37.627559999986325,-120.97504290860819,0.29986
STCRUZ_LNODEWLS,37.627559999986325,-120.97515709139182,0.29986
STDDRD_LNODECEA,37.704079999986206,-121.06864284680097,0.29928
STDDRD_LNODEWZO,37.704079999986206,-121.06875715319903,0.29928
STDOIL_1_N009,37.94,-122.38,0.1195
STD_LNODENE1,38.57225,-121.500568888889,0.29876
STD_LNODENE2,38.572249999943736,-121.50045389586575,0.29876
STD_LNODENE4,38.57217214071853,-121.50051139243968,0.29876
STD_LNODENE5,38.57217214071853,-121.50062638533832,0.29876
STD_LNODENE6,38.572249999943736,-121.50068388191225,0.29876
STD_LNODENE7,38.57232785925329,-121.50062638546294,0.29876
STD_LNODENE8,38.57232785925329,-121.50051139231506,0.29876
STELLING_1_N001,37.3360521934471,-122.042805,0.13378
STELLING_1_N004,37.33597090326187,-122.04274597179945,0.13378
STELLING_1_N007,37.33597090326187,-122.04286402820055,0.13378
STE_SM_LNODE301,38.58631666666667,-121.472838888889,0.29873
STE_SM_LNODE302,38.586316666610415,-121.47272388936047,0.29873
STE_SM_LNODE303,38.58622677499287,-121.47272388950444,0.29873
STE_SM_LNODE304,38.58616321207191,-121.47280520637891,0.29873
STE_SM_LNODE305,38.58614801119931,-121.4729185494895,0.29873
STE_SM_LNODE306,38.58617914527848,-121.47302643087885,0.29873
STE_SM_LNODE307,38.58624470490619,-121.47310511047952,0.29873
STE_SM_LNODE308,38.586329660260105,-121.47314269464546,0.29873
STE_SM_LNODE309,38.58641941762905,-121.47313641197016,0.29873
STF_LNODEDAX,37.69055999998624,-121.02097285725026,0.29942
STF_LNODEIPN,37.69055999998624,-121.02108714274974,0.29942
STJ_SUB_LNODEONB,34.067054141297895,-118.226,0.27328
STJ_SUB_LNODEONC,34.06697292933807,-118.22594339850212,0.27325
STJ_SUB_LNODEOND,34.06697292933807,-118.22605660149787,0.27325
STKTONA_1_N001,37.94722338217881,-121.28911838573319,0.1305
STKTONA_1_N003,37.947042617710025,-121.28911838601516,0.1305
STKTONA_6_N001,37.947042617710025,-121.28934761398483,0.1244
STKTONA_6_N004,37.94722338217881,-121.2893476142668,0.1244
STLLWATR_6_N001,40.677845,-122.34971,0.06867
STOCKDLE_1_N001,35.316584007161445,-119.06818269302951,-0.04513
STOCKDL_2_N001,35.31640399273835,-119.06818269327503,-0.04582
STOCKDL_2_N002,35.31640399273835,-119.06840330672496,-0.04582
STOCKDL_2_N101,35.316584007161445,-119.0684033069705,-0.04582
STOCKM_LNODEVZF,37.62761110994497,-120.9752808828705,0.29931
STOCKM_LNODEXFA,37.62770154232185,-120.9751667,0.29931
STONCRRL_6_N001,36.472251999987044,-119.18811326795893,0.21266
STONCRRL_6_N003,36.472251999987044,-119.18822473204106,0.21266
STONE_1_N001,37.303708999986505,-121.86757223713448,0.13309
STONE_1_N005,37.303708999986505,-121.8676857628655,0.13309
STONYPT_1_N001,38.42,-122.78,0.11441
STOREY1_2_N001,36.98288702744317,-120.033746,0.23049
STOREY2_2_N001,36.98280598626407,-120.03380457310557,0.22356
STREAMVW_6_N001,32.745604999988714,-117.07864474591278,3.96557
STREAMVW_6_N007,32.745604999988714,-117.07875125408721,3.96557
STROUD_6_N001,36.530868,-120.104386,0.40049
STUART_6_N001,33.256701,-117.416547,2.6916
STURLOCK_LNODEDR3,37.4835881458663,-120.846727672541,0.29754
STURLOCK_LNODEDR4,37.4835360336794,-120.846797393384,0.29754
STURLOCK_LNODEDR7,37.4834830942642,-120.846867453726,0.29754
STURLOCK_LNODER13,37.483522165007,-120.846657059231,0.29754
SUISUN_1_N001,38.24526219208727,-122.04122215940386,0.101
SUISUN_1_N008,38.24508180780079,-122.04122215968883,0.101
SUISUN_1_N009,38.24508180780079,-122.04145184031117,0.101
SUMMIT_6_N001,39.319203,-120.378897,-0.04434
SUNOL_6_N001,37.586891,-121.869379,0.12533
SURF_1_N009,34.61,-120.22,-0.08814
SWEETWTR_6_N017,32.65811799998879,-117.0916867727539,3.9719
SWEETWTR_6_N018,32.65811799998879,-117.0917932272461,3.9719
SWIFT_1_N001,37.3225281884819,-121.796729,0.13242
SWIFT_1_N003,37.322446905744414,-121.79666998783091,0.13242
SWIFT_1_N006,37.322446905744414,-121.79678801216909,0.13242
SYCAMORE_1_N101,39.76991684305054,-121.824218,0.08502
SYCAMORE_1_N201,39.76983607845885,-121.82415733357864,0.08502
SYCAMORE_1_N301,39.76983607845885,-121.82427866642136,0.08502
SYLVANCM_LNODECPR,37.688469999986225,-120.97663285888366,0.29916
SYLVANCM_LNODEHGR,37.688469999986225,-120.97674714111633,0.29916
TAFT1_1_N001,35.14999999998751,-119.47994486994581,-0.04829
TAFT1_1_N004,35.14999999998751,-119.48005513005418,-0.04829
TAHDONR_LNODE07,39.337309,-120.221277,0.30686
TAHOCTY_LNODE01,39.165971540038264,-120.14445351203682,0.30503
TAHOCTY_LNODE71,39.16579245984778,-120.14445351233086,0.30503
TAHOCTY_LNODE72,39.16579245984778,-120.14468448766914,0.30503
TAHOCTY_LNODE73,39.165971540038264,-120.14468448796318,0.30503
TAMARACK_6_N001,39.313743,-120.496804,-0.04431
TAMARISK_1_N001,33.817316,-116.454898,-1.40627
TAP710_1_N004,32.595376662064226,-117.0577334243903,8.36476
TAP801_1_N001,34.109614,-116.411837,-0.79993
TAP807_1_N001,34.0,-116.5,-0.80103
TAR_SUB_LNODEONA,34.17905418777958,-118.544,0.27331
TAR_SUB_LNODEONB,34.1789729060972,-118.54394327481864,0.27331
TAR_SUB_LNODEONC,34.1789729060972,-118.54405672518136,0.27331
TASSAJAR_2_N001,37.79959499998613,-121.9077887787453,0.12165
TASSAJAR_2_N002,37.79959499998613,-121.9079032212547,0.12165
TAYLOR_LNODEDR1,37.5369331958297,-120.809398426319,0.29716
TAYLOR_LNODEDR5,37.5369383829719,-120.809348192848,0.29716
TAYLOR_LNODEDR7,37.536937531095,-120.809217269976,0.29716
TAYLOR_LNODEDR8,37.5369366699963,-120.809289591436,0.29716
TECUYA_6_N001,35.018589,-118.979536,-0.04373
TEICHERT_1_N001,37.79,-121.36,0.10808
TEJON_6_N001,35.019534,-118.954779,-0.04362
TELECYN_1_N001,32.6379177816674,-117.01607,4.07363
TELECYN_1_N006,32.63783710915427,-117.01601469007429,4.07363
TELECYN_1_N014,32.63783710915427,-117.01612530992571,4.07363
TEMBLOR_1_N003,35.382795999987465,-119.69634883811833,-0.05526
TEMPLETN_2_N008,35.554496,-120.679996,-0.09717
TERMNOUS_6_N001,38.116464,-121.422007,0.12112
TESSUB_2_N001,37.73,-121.93,0.12693
TEVIS_1_N001,35.319191999987495,-119.12859784623319,-0.04507
TEVIS_1_N003,35.319191999987495,-119.12870815376681,-0.04518
TEXSUN1G_7_N001,35.36999999998748,-119.4800551602316,-0.04728
TEXSUN2G_7_N001,35.3599999999875,-119.48005515895167,-0.04728
THORNHIL_1_N001,33.833699,-116.524642,-0.80005
TIDEWATR_2_N001,38.01989465330933,-122.06150068264388,0.12101
TIDEWATR_2_N014,38.02007534657929,-122.06150068292666,0.12101
TLRELKE_6_N001,36.003703,-119.948802,-0.092
TOCALOMA_6_N001,38.05521,-122.760914,0.11549
TOL_SUB_LNODEONA,34.175740310821865,-118.36069083905292,0.27343
TOL_SUB_LNODEONB,34.1755596890815,-118.36069083928658,0.27346
TOL_SUB_LNODEONC,34.1755596890815,-118.36090916071342,0.27346
TOL_SUB_LNODEOND,34.175740310821865,-118.36090916094707,0.27346
TOREYPNS_6_N001,32.89877953728695,-117.23987836114813,3.66084
TOREYPNS_6_N007,32.89860046262259,-117.23987836136372,3.66084
TOREYPNS_6_N008,32.89860046262259,-117.24009163863627,3.66084
TOREYPNS_6_N009,32.89877953728695,-117.24009163885188,3.66084
TORTILLA_1_N007,34.874547,-117.064691,2.4644
TRABUCO_1_N001,33.5630767991568,-117.67324523376014,2.16994
TRABUCO_1_N005,33.562897200749894,-117.67324523398426,2.16994
TRABUCO_1_N009,33.562897200749894,-117.67346076601574,2.16994
TRABUCO_1_N013,33.5630767991568,-117.67346076623986,2.16994
TRACY_1_N001,37.748395999944734,-121.41564562794372,0.11014
TRACY_1_N002,37.748305565247314,-121.41576,0.11014
TRACY_1_N007,37.748395999944734,-121.41587437205628,0.11014
TRACY_1_N101,37.74848643475262,-121.41576,0.11014
TRESVIS_6_N001,39.486707,-121.687993,0.09011
TRIMBLE_1_N004,37.42009036798162,-121.72988621524279,0.13231
TRIMBLE_1_N010,37.41990963190925,-121.72988621551741,0.13231
TRIMBLE_1_N016,37.41990963190925,-121.7301137844826,0.13231
TRIMBLE_1_N020,37.42009036798162,-121.73011378475721,0.13231
TRINIDAD_6_N001,41.064242,-124.128367,0.08477
TRUCKEE_LNODE02,39.330431720184855,-120.181195,0.30599
TRUCKEE_LNODE03,39.33035113989209,-120.18113485420918,0.30599
TRUCKEE_LNODE49,39.33035113989209,-120.18125514579083,0.30593
TUDOR_6_N001,38.982071,-121.635205,0.09824
TULUCAY_6_N001,38.247946,-122.268228,0.101
TUPMAN_1_N101,35.354039,-119.270638,-0.04655
TVYVLLY_6_N001,36.770622,-119.393233,0.21827
TXROSDL_1_N001,35.37695301426363,-119.07791367489159,-0.04568
TXROSDL_1_N002,35.37695301426363,-119.0780283251084,-0.04568
TYLER_6_N001,40.138392982499205,-122.20848578836895,0.08082
TYLER_6_N002,40.138392982499205,-122.20860821163106,0.08082
UCM_6_N001,32.88368472395273,-117.222424,3.66108
UCM_6_N002,32.88360413801135,-117.22236859671557,3.66108
UCM_6_N006,32.88360413801135,-117.22247940328444,3.66108
UKIAH_1_N001,39.142823455087914,-123.19204845611492,0.09777
UKIAH_1_N005,39.14300254479826,-123.19204845640866,0.09777
UPPRLKE_6_N001,39.145906,-122.916845,0.09728
URBAN_6_N001,32.71330799998875,-117.15140275665348,3.90991
URBAN_6_N005,32.71330799998875,-117.15150924334651,3.90991
URICH_6_N001,38.029918,-122.103005,0.12025
VACA-DIX_1_N001,38.401616982566644,-121.91986928712716,0.09809
VACAVIL_1_N001,38.356520058867716,-121.97951,0.09832
VACAVIL_1_N101,38.35643897055109,-121.97945029786577,0.09847
VACAVIL_1_N102,38.35643897055109,-121.97956970213424,0.09847
VALCNTR_6_N001,33.230683,-117.018401,3.31676
VALLEYSC_1_N001,33.738397971600605,-117.156432,-0.00798
VALLEYSC_1_N107,33.738317014186954,-117.15648820699798,-0.00798
VALLYHM_1_N001,37.85575599998615,-120.94408374338772,0.11656
VALLYVW_1_N001,37.96607299998612,-122.27841868352904,0.11921
VALLYVW_1_N003,37.96607299998612,-122.27853331647096,0.11921
VAL_GS_LNODE5AUX,34.24482148241572,-118.3914027121072,0.27348
VAL_GS_LNODE6AUX,34.24485277566131,-118.39150524618782,0.27348
VAL_GS_LNODE7AUX,34.24491867043375,-118.39158002588233,0.27348
VAL_GS_LNODE8AUX,34.245004060069334,-118.391615747079,0.27348
VAL_LNODELSS,34.24509427625119,-118.39160977576542,0.27348
VASCO_6_N001,37.71132099998621,-121.71587984128799,0.12022
VASCO_6_N003,37.71132099998621,-121.71599415871201,0.12022
VASONA_2_N001,37.26,-121.9,0.13216
VEDDER_1_N001,35.61,-118.96,-0.04365
VEL_SUB_LNODEONA,34.01555411723447,-118.204,0.27319
VEL_SUB_LNODEONB,34.01547294136984,-118.20394345800285,0.27322
VEL_SUB_LNODEONC,34.01547294136984,-118.20405654199715,0.27322
VESTAL_6_N001,35.85713659527842,-119.08872645400277,-0.00255
VICTOR_1_N001,38.145651267656454,-121.17732422029407,0.02102
VICTOR_6_N001,38.145470732231836,-121.17755377942188,0.12725
VICTOR_6_N002,38.145651267656454,-121.17755377970593,0.12725
VIEJOSC_2_N001,36.578772821150025,-121.908968,0.84238
VIEJOSC_2_N004,33.667334,-117.642727,0.84238
VIEJO_6_N001,36.578692089410936,-121.90890995739635,0.18072
VIEJO_6_N003,36.578692089410936,-121.90902604260364,0.18072
VIERRA_1_N001,37.85,-121.24,0.1143
VINA_6_N001,39.941614,-122.041739,0.07631
VINEYARD_2_N001,37.66967326170019,-121.85436,0.1249
VINEYARD_2_N002,37.66959186913507,-121.85430063276966,0.1249
VINEYARD_6_N001,37.66959186913507,-121.85441936723034,0.12101
VN_SUB_LNODEONA,34.18009031354033,-118.44489083013903,0.27343
VN_SUB_LNODEONB,34.17990968636295,-118.44489083037274,0.27346
VN_SUB_LNODEONC,34.17990968636295,-118.44510916962726,0.27346
VN_SUB_LNODEOND,34.18009031354033,-118.44510916986097,0.27346
VSTA_1_N001,34.04125299995202,-117.32061812723687,0.124
VSTA_6_N001,34.04125299995202,-117.32083587276313,0.12403
WAHTOKE_1_N001,36.61618299998699,-119.452409104289,0.2054
WAHTOKE_1_N002,36.61618299998699,-119.45252089571099,0.2054
WALNUT_6_N001,34.00840381020035,-117.94966020073771,0.27805
WARENCYN_6_N001,33.01545499998868,-117.00226861385794,3.72901
WARENCYN_6_N002,33.01545499998868,-117.00237538614206,3.72901
WARNERS_6_N001,33.247186,-116.675942,2.31601
WARNER_LNODERV1,41.50091505739131,-120.533072,0.28818
WARNER_LNODERV3,41.50083397128745,-120.53300949206302,0.28818
WARNER_LNODESC1,41.50083397128745,-120.53313450793698,0.28818
WASCO_7_N008,39.77617274317707,-122.10383,-0.04681
WASHNGT_LNODEDR1,37.4893772928244,-120.903967825898,0.29768
WASHNGT_LNODEDR2,37.4895172164325,-120.904092990936,0.29768
WASHNGT_LNODEDR3,37.4894692627508,-120.903968029781,0.29768
WASHNGT_LNODEDR4,37.489297130992,-120.993988447763,0.29768
WASHNGT_LNODEDR5,37.4894207521695,-120.904091725093,0.29768
WASHNGT_LNODEDR6,37.4892474344412,-120.904090188054,0.29768
WASHNGT_LNODEDR7,37.4892029595549,-120.903964429204,0.29768
WASHNGT_LNODER15,37.4893341220127,-120.90409199878,0.29768
WATRSHED_6_N001,37.487815,-122.310237,0.1305
WEBER_6_N001,37.919828,-121.240232,0.12513
WEC_SY_LNODEUX1,37.4878752249074,-120.89565231921667,0.29748
WEC_SY_LNODEUX2,37.4878752249074,-120.89576624369113,0.29748
WELFLDPM_LNODELPMP,34.16127269818337,-114.38198913123861,0.26872
WELFLDPM_LNODERALS,34.16145330172,-114.38198913147205,0.26872
WEMRSWS_6_N001,39.035984,-120.987909,0.03549
WESTLANE_6_N001,37.990674,-121.282373,0.11999
WESTLNDS_1_N001,36.3999999999871,-120.31994434326373,0.39509
WESTLNDS_1_N019,36.3999999999871,-120.32005565673627,0.39509
WESTPARK_1_N001,35.374163973003284,-119.039839,-0.04469
WESTPARK_1_N005,35.374083013484764,-119.03978167527592,-0.04469
WESTPARK_1_N009,35.374083013484764,-119.03989632472408,-0.04469
WESTPLAT_1_N001,35.42,-119.3,-0.04687
WESTPORT_LNODEDR1,37.5225825838401,-120.993998352649,0.2973
WESTPORT_LNODEDR3,37.5223769944682,-120.993990429526,0.29727
WESTPORT_LNODEDR5,37.5225172095941,-120.993995815213,0.2973
WESTPORT_LNODEDR7,37.5224455031416,-120.903973009416,0.29727
WHEATLND_6_N001,39.013055,-121.418524,0.08819
WHEELER_6_N001,35.089761,-118.976591,-0.04495
WHISMAN_1_N001,37.40491321634772,-122.068856,0.12812
WHISMAN_1_N004,37.404831891811426,-122.06879689262591,0.12812
WHISMAN_1_N009,37.404831891811426,-122.06891510737408,0.12812
WHITMORE_6_N001,40.628753,-121.915711,0.03306
WILDWOOD_1_N001,40.387138,-123.045061,0.07274
WILKINS_6_N001,39.00552,-121.867233,0.09751
WILLIAMS_6_N002,39.15758,-122.14762,0.08874
WILLITS_6_N001,39.405666,-123.327366,0.09998
WILLOWS_6_N001,39.531805,-122.185874,0.07762
WIL_SUB_LNODEONB,33.797999999988214,-118.25794584458627,0.27302
WIL_SUB_LNODEONC,33.797999999988214,-118.25805415541372,0.27302
WINTERS_6_N001,38.517708,-121.951331,0.09821
WOHLER_6_N001,38.512048,-122.880906,0.11499
WOLFE_1_N001,37.335142193117605,-122.020824,0.13381
WOLFE_1_N002,37.335060903426545,-122.02076497287341,0.13381
WOLFE_1_N007,37.335060903426545,-122.02088302712659,0.13381
WOODACRE_6_N001,38.012118,-122.65455,0.1156
WOODLD_1_N001,38.67823188725648,-121.760143,0.10222
WOODLD_1_N005,38.67815105635662,-121.76008322082818,0.10222
WOODLD_1_N012,38.67815105635662,-121.76020277917182,0.10222
WOODSIDE_6_N003,37.43624399998641,-122.2420270905538,0.13698
WOODSIDE_6_N004,37.43624399998641,-122.24214090944619,0.13698
WOODWARD_1_N005,36.8966369999867,-119.74995475043866,0.22573
WOODWARD_1_N006,36.8966369999867,-119.75006724956134,0.22573
WPBART_1_N001,38.01999999998606,-121.97994265860079,0.1226
WPBART_1_N004,38.01999999998606,-121.9800573413992,0.1226
WSCOPRSN_1_N001,35.61,-119.37,-0.04777
WSCRMNO_1_N004,38.58939293336201,-121.545027,0.11279
WSCRMNO_1_N013,38.58931203330379,-121.54496724378153,0.11279
WSCRMNO_1_N201,38.58931203330379,-121.54508675621847,0.11279
WSTFRSO_1_N001,36.71841899998688,-119.81853697917856,0.2056
WSTFRSO_1_N004,36.71841899998688,-119.81864902082144,0.2056
WSTLD1RA_1_N001,36.72,-120.72,0.50032
WYANDTTE_1_N001,39.491682744465926,-121.541161,0.08775
WYANDTTE_1_N003,39.49160212775149,-121.54110068770393,0.08775
WYANDTTE_1_N102,39.49160212775149,-121.54122131229607,0.08775
ZACA_1_N001,34.696829,-120.151374,-0.08724
ZANKER_1_N001,37.469999999986335,-121.8099430557453,0.13199
ZANKER_1_N003,37.469999999986335,-121.8100569442547,0.13199
AGER_LNODE35,41.8675,-122.46414,0.0
ALTURAS_LNODE17,41.49972,-120.53306,0.0
BIGSPRIN_LNODELD1,41.616776,-122.39929,0.0
CAMERON_LNODEKM,32.65324599998863,-116.48817922595589,0.0
CASTELLA_LNODE,41.146254,-122.319747,0.0
CEDARVIL_LNODED1,41.53156,-120.18194,0.0
CLEARLAO_LNODE44,41.704981,-121.276741,0.0
COPCO2_LNODE21,41.97667,-122.36167,0.0
DAVISCR_LNODED1,41.73,-120.37,0.0
DELNORTE_LNODE50,41.86761799998422,-124.13905472462552,0.0
DELNORTE_LNODE51,41.86761799998422,-124.13917527537447,0.0
DOGCREEK_LNODE,40.94013311,-122.431008,0.0
DORRIS_LNODE06,41.96694,-121.91333,0.0
EAGLEMTN_LNODEHI,33.8199729920039,-115.44005630685402,0.0
FLINT_LNODE_LDT1,38.88530299998586,-121.06681059075832,0.0
GASQUET_LNODE42,41.84833,-123.96667,0.0
INTERNAT_LNODELD,41.432568,-122.38296,0.0
LITTLESH_LNODELD1,41.70174123,-122.3696599,0.0
LUCERNE_LNODELD,41.60361,-122.5225,0.0
MACDOEL_LNODE20,41.83166999998427,-122.00465973878569,0.0
MACDOEL_LNODE45,41.83166999998427,-122.00478026121432,0.0
MADISON_LNODE1,38.67065905446531,-121.9691977771112,0.0
MOTT_LNODE,41.262727,-122.270475,0.0
NDUNSMUI_LNODE7,41.2207989999844,-122.27643096616978,0.0
NDUNSMUI_LNODE9,41.2207989999844,-122.27655103383022,0.0
NEWELL_LNODE90,41.888139999984205,-121.37845028379793,0.0
NUTGLADE_LNODE,41.178254,-122.290711,0.0
PATRICKS_LNODE49,41.88139,-123.86472,0.0
PEREZ_LNODED1,41.63306,-121.22639,0.0
PRAXAIR_LNODEPM,37.99999999998611,-121.81005733246779,0.0
REDWOODU_LNODED2,41.76083,-124.16347,0.0
SDUNSMUI_LNODE,41.201244,-122.2764098,0.0
SHASTINA_LNODELD1,41.548666,-122.364174,0.0
SHOTGUNC_LNODE,41.053889,-122.381667,0.0
TULELAKE_LNODE35,41.95333,-121.47111,0.0
TUNNEL_LNODE33,41.925559999984245,-121.56576970013403,0.0
TUNNEL_LNODE40,41.925559999984245,-121.56589029986597,0.0
WEED_LNODER1,41.43139,-122.38944,0.0
YREKA_LNODE76,41.72897989068449,-122.63154955171838,0.0
YREKA_LNODED1,41.72880010918983,-122.63154955205546,0.0
YREKA_LNODED2,41.72880010918983,-122.63179044794454,0.0
YREKA_LNODED3,41.72897989068449,-122.63179044828162,0.0
