node_id,lat,lon,price_dp
12TH_S_LNODENMZ,37.63715677998629,-120.99316020050249,26.34671
12TH_S_LNODEXWQ,37.63715677998629,-120.99327439949751,26.34671
8TH_ST_LNODEBXG,37.64197726998626,-121.00603849646912,26.34404
8TH_ST_LNODELZF,37.64197726998626,-121.00615270353089,26.34404
AEC300_1_N001,37.74,-121.48,26.45356
AGNEW_1_N003,37.51,-121.84,27.37782
AIRPROD_1_N001,36.65,-119.54,26.6539
AIR_SUB_LNODENAA,33.96205409081493,-118.376,26.13835
AIR_SUB_LNODENAB,33.961972954579615,-118.37594352117388,26.13835
AIR_SUB_LNODEONC,33.961972954579615,-118.37605647882611,26.13835
ALAMITOS_2_N001,33.771584,-118.100596,26.65123
ALAMITOS_2_N040,33.77,-118.1,26.65123
ALAMT1G_7_N002,33.77149401717401,-118.1004877514908,26.65123
ALAMT2G_7_N002,33.771415173499584,-118.10067098425147,26.65123
ALAMT3G_7_N002,33.77144633917227,-118.10077253262283,26.65123
ALAMT4G_7_N002,33.771511965310076,-118.10084659342048,26.65123
ALAMT5G_7_N002,33.771597006833865,-118.1008819712055,26.65123
ALAMT6G_7_N002,33.77176916262267,-118.10083231072662,26.65123
ALHAMBRA_1_N001,37.99408499998608,-122.13031167024367,26.68863
ALHAMBRA_1_N002,37.99408499998608,-122.13042632975633,26.68863
ALLEGHNY_6_N001,39.464893,-120.844946,25.39039
ALMADEN_6_N001,37.26027,-121.890082,27.04925
ALMOND_LNODEAUX,37.574202045609525,-120.98511610244,26.2265
ALPAUGH_7_N002,35.963463732836644,-119.456796,26.4028
ALPINE_6_N001,32.82778299998866,-116.78987271391081,17.83842
ALPINE_6_N005,32.82778299998866,-116.78997928608918,17.83842
ALTO_6_N001,37.89825299998615,-122.52430271885964,26.95041
ALTO_6_N101,37.89825299998615,-122.52441728114036,26.95041
ALTTA_BP_LNODEPRT,41.51205899998436,-120.5236838478691,25.41711
ALTTA_BP_LNODETON,41.51205899998436,-120.5238041521309,25.41711
AMERIGAS_1_N001,38.43,-121.79,26.24787
AMESBS_1_N004,37.41751022008469,-122.066192,27.16144
AMESBS_1_N101,37.41742888994297,-122.06613287861066,27.16144
AMESDST_1_N001,37.41742888994297,-122.06625112138934,27.16144
AMFORST_6_N001,38.369191999986,-120.79657754861613,26.15972
ANDERSON_6_N001,40.449838,-122.305068,25.97006
ANGIOLA_6_N001,35.992007,-119.57137,26.7661
ANITA_6_N001,39.811047,-121.919761,26.53103
ANNAPOLS_6_N001,38.680315,-123.311782,27.14007
ANTELOPE_6_N001,35.658117,-119.996015,26.34137
ANTLER_6_N001,40.893581,-122.379244,26.42685
APPLEHL_1_N001,38.73992576174639,-120.67700091995808,26.03417
APPLEHL_1_N002,38.73974623814083,-120.67700092024737,26.03417
APPMAT_1_N001,37.359999999986435,-121.97994317305394,27.15076
APPMAT_1_N010,37.359999999986435,-121.98005682694607,27.15076
ARBUCKLE_6_N001,39.017625,-122.061575,26.26123
ARCATA_6_N001,40.867132,-124.088286,27.12939
ARVINED_1_N001,35.15044599998752,-118.87870286987292,26.48027
ARVIN_6_N001,35.15044599998752,-118.87881313012709,26.80349
ASHLAN_2_N001,36.79263892472445,-119.82749,26.91836
ASHLAN_2_N007,36.7925580376235,-119.82743168375806,26.91836
ASHLAN_2_N008,36.7925580376235,-119.82754831624194,26.91836
ASH_6_N001,33.1365697302963,-117.070292,26.83021
ASH_6_N005,33.13648913483958,-117.0702364310647,26.83021
ASH_6_N101,33.13648913483958,-117.07034756893529,26.83021
ASPEN_LNODESPEN,37.69337956,-122.069288,25.45183
ATASCDRO_6_N001,35.465309,-120.671582,26.79815
ATWATER_1_B2,37.35999599998639,-120.6146481730584,27.00918
ATWATER_1_N001,37.35999599998639,-120.6147618269416,27.00918
ATW_SUB_LNODEONB,34.1096541600031,-118.254,26.14369
ATW_SUB_LNODEONC,34.10957291998536,-118.25394335044959,26.14369
ATW_SUB_LNODEOND,34.10957291998536,-118.2540566495504,26.14369
AUBERRY_6_N001,37.06806099998665,-119.495719527536,27.71974
AUBERRY_6_N003,37.06806099998665,-119.495832472464,27.71974
AUBURN_6_N001,38.903397,-121.069921,26.0502
AUGUST_LNODEDR1,37.4182520696912,-120.831252690486,26.25856
AUGUST_LNODEDR3,37.4182452743243,-120.831131410372,26.25856
AUGUST_LNODEDR4,37.4182458785436,-120.830989786937,26.25588
AUGUST_LNODEDR5,37.4182557186304,-120.831363604619,26.25856
AVENA_1_N001,37.842208,-121.054122,26.72603
AVOCADO_6_N001,33.38466699998843,-117.23692330729693,27.19884
AVOCADO_6_N002,33.38466699998843,-117.23703069270306,27.19884
BAFOOD1_6_N001,36.33,-121.16,26.54438
BAHIA_2_N001,38.08095331088854,-122.13739126700075,26.61918
BAHIA_2_N011,38.08077268899996,-122.13739126728416,26.61918
BAILYJ1_1_N010,34.77604,-118.77504,26.70199
BAIR_1_N001,37.496937,-122.214157,27.4072
BAKER_1_N001,35.284771,-116.064256,26.70733
BALFOUR_6_N001,37.92596,-121.678546,26.19979
BANGOR_6_N001,39.388064,-121.402937,25.65218
BANGS_LNODEKGC,37.70469,-121.0418,26.36006
BANNING_1_N001,33.922289,-116.87283,26.4776
BANTA_6_N001,37.7528989999862,-121.35057581075783,26.71534
BARRETT_6_N001,32.667194,-116.700208,16.67642
BARRE_6_N001,33.80900298319592,-117.98332966316445,26.64856
BARRE_6_N002,33.80900298319592,-117.98354633683554,26.64856
BARRE_6_N003,33.80918301670945,-117.9835463370635,26.64856
BARRY_6_N001,39.069323,-121.690208,26.35205
BARTON_1_N001,36.76408490976673,-119.735935,26.83021
BARTON_1_N007,36.76400404510246,-119.73587672164825,26.83021
BARTON_1_N008,36.76400404510246,-119.73599327835174,26.83021
BASALT_6_N002,38.26328599998595,-122.26916657483297,26.37075
BASALT_6_N101,38.26328599998595,-122.26928142516702,26.37075
BATAVIA_6_N001,38.385820999985995,-121.77570654480984,26.30664
BATIQTOS_1_N001,33.1011727252775,-117.250399,26.7848
BATIQTOS_1_N008,33.101092137348985,-117.25034345864424,26.7848
BATIQTOS_1_N015,33.101092137348985,-117.25045454135577,26.7848
BAYMDWS_1_N001,37.55162541726735,-122.29307795256243,27.32172
BAYMDWS_1_N004,37.551444582623034,-122.29307795283914,27.32172
BAYMDWS_1_N008,37.551444582623034,-122.29330604716085,27.32172
BAYMDWS_1_N012,37.55162541726735,-122.29330604743757,27.32172
BAYSHOR1_1_N001,37.74603599998622,-122.40302381566526,27.57282
BAYSHOR2_1_N001,37.74603599998622,-122.40313818433472,27.57282
BAYWOOD_6_N001,35.360177,-120.811564,27.17747
BCN_PP_LNODESS1,35.25680070871138,-118.02736892630813,25.79643
BCN_PP_LNODESS2,35.256766720360744,-118.02726679027704,25.79643
BEARTAP_1_N001,35.38,-119.0,26.47226
BELLEF_7_CN10,39.776083,-122.10383,26.27191
BELLEF_7_CN11,39.77608299994151,-122.10371323062876,26.27191
BELLPGE_1_N001,38.947418999985814,-121.0911283822858,25.96205
BELLPGE_1_N005,38.947418999985814,-121.0912436177142,25.96205
BELLVUE_1_N001,38.379084046922976,-122.712022,26.45623
BELLVUE_1_N003,38.37900297652332,-122.711962292445,26.45623
BELLVUE_1_N005,38.37900297652332,-122.712081707555,26.45623
BELMONT_1_N001,37.52332024549896,-122.264967,27.41789
BELMONT_1_N006,37.52323887723573,-122.26490776711239,27.41789
BELMONT_1_N008,37.52323887723573,-122.26502623288762,27.41789
BELRIDGE_1_N001,35.455722,-119.631903,26.35205
BERESFRD_6_N001,37.565013999986284,-122.31923796388803,27.28699
BERESFRD_6_N002,37.565013999986284,-122.31935203611197,27.28699
BERNARDO_6_N001,33.021575,-117.096228,26.72603
BERNARDO_6_N002,33.021574999954524,-117.09612121988424,26.72603
BERNARDO_6_N009,33.02148546856512,-117.096228,26.72603
BERNARDO_6_N013,33.021574999954524,-117.09633478011577,26.72603
BERNARDO_6_N014,33.0216645314348,-117.096228,26.72603
BERNARDO_LNODEARDO,33.02157451,-117.0962277,25.45183
BERVLLY_6_N001,37.586478,-120.125088,28.28872
BIGBASN_6_N001,37.129545,-122.172132,27.18281
BIGCRK1_7_N001,37.20203293082091,-119.24090286336467,26.43219
BIGMDWS_6_N001,40.171215,-121.085128,24.60237
BIGRIVR_6_N001,39.311461,-123.786522,26.22917
BIOLA_6_N001,36.792525,-120.114116,27.02521
BIXLER_6_N001,37.9370142319286,-121.528389,26.34404
BKRSFLD_2_N001,35.388298999987455,-119.0044078374034,26.34671
BKRSFLD_2_N101,35.388298999987455,-119.0045181625966,26.34671
BLLEHVN_6_N001,37.4772652825887,-122.16793304841748,27.61289
BLLEHVN_6_N002,37.477186999945324,-122.16787609695427,27.61289
BLLEHVN_6_N004,37.477108717384,-122.1679330485368,27.61289
BLLEHVN_6_N006,37.477108717384,-122.1680469514632,27.61289
BLLEHVN_6_N007,37.477186999945324,-122.16810390304572,27.61289
BLUELKE_6_N001,40.88014,-123.980584,27.04124
BLUSTNPP_6_N003,38.575523,-121.497588,26.36274
BLYTHESC_1_N005,33.614957,-114.682935,25.68958
BNAVSTA_6_N001,36.653344,-121.62946,26.95843
BNAVSTA_6_N002,36.65334399994771,-121.62934811906177,26.95843
BNTACRB_6_N001,37.7528989999862,-121.35069018924217,27.24425
BOGARD_6_N001,40.586552,-121.093959,24.70388
BOGUE_1_N001,39.09613073444745,-121.623771,25.73232
BOGUE_1_N201,39.096050132760894,-121.62371103865068,25.73232
BOLINAS_6_N001,37.941119,-122.707332,26.64589
BOLLMAN_1_N003,38.04,-121.98,26.70466
BOLTHSE_1_N009,35.36215899998747,-118.92362184077258,26.54171
BONITA_6_N001,36.967863,-120.20266,27.66364
BONNIEN_7_N001,39.214314999985774,-120.80917722077704,24.76799
BORDEN_2_N007,36.92227399998671,-119.98422371699712,26.91302
BORDER_6_N001,32.56633480869927,-116.944389,26.87829
BORDER_6_N008,32.566254095638485,-116.94433370647506,26.87829
BORONDA_6_N001,36.689983,-121.679239,26.87295
BOSWELL_6_N001,36.085115,-119.552823,26.7661
BOWLES_6_N001,36.605651,-119.773312,27.07329
BRDGVLT_7_N001,40.47956799998481,-123.78034162638289,25.28087
BREEZE_LNODEYT1,35.123880999987534,-118.37403687435777,25.67088
BREEZE_LNODEYT2,35.123880999987534,-118.37414712564222,25.67088
BRENTWOD_2_N001,37.91959423612686,-121.676423,26.14369
BRENTWOD_2_N006,37.91951288192155,-121.67636345967551,26.14369
BRENTWOD_2_N011,37.91951288192155,-121.67648254032449,26.14369
BRGSMR_LNODEGZB,37.66621999998627,-120.97704287657282,26.34404
BRGSMR_LNODETHU,37.66621999998627,-120.97715712342718,26.34404
BRITTN_1_N001,37.37433620668406,-122.015575,27.14809
BRITTN_1_N005,37.37425489664326,-122.01551592726007,27.14809
BRITTN_1_N006,37.37425489664326,-122.01563407273993,27.14809
BRKRSLG_1_N005,38.57552299994369,-121.49747300547165,26.29061
BROCKWAY_LNODE01,39.243063530935196,-120.02634939696748,25.6041
BROCKWAY_LNODE02,39.242884468950564,-120.02634939726258,25.6041
BROCKWAY_LNODE51,39.242884468950564,-120.02658060273741,25.6041
BROCKWAY_LNODE52,39.243063530935196,-120.02658060303253,25.6041
BRRNDAC_6_N001,35.658183,-120.040362,26.34137
BRUNSWCK_1_N003,39.23119771901711,-121.034946,25.53998
BRUNSWCK_1_N008,39.23111714047599,-121.03488594065819,25.53998
BRUNSWCK_1_N101,39.23111714047599,-121.03500605934181,25.49724
BRWNSVY_6_N001,39.226226,-121.422634,25.58273
BUELLTON_1_N001,34.625261999987686,-120.18631205143852,26.83288
BUELLTON_1_N003,34.625261999987686,-120.18642194856149,26.83288
BUENAVS1_7_B1,36.653254242119594,-121.62934811919219,26.35472
BUENAVS1_7_B3,36.65319077379855,-121.6294272308971,26.35472
BUENAVS1_7_B4,36.653175595551595,-121.62953750035395,26.35472
BUENAVS1_7_B5,36.65320668330105,-121.62964245619625,26.35472
BUENAVS1_7_B6,36.653272145363964,-121.6297190021347,26.35472
BUENAVS1_7_B7,36.65335697428145,-121.62975556706088,26.35472
BUENAVS2_7_B1,36.65344659805961,-121.62974945473616,26.34404
BUENAVS2_7_B3,36.653528699704175,-121.62970424026268,26.34404
BUENAVS2_7_B4,36.653594014575496,-121.62962749889522,26.34404
BUENAVS2_7_B5,36.653636508590544,-121.62952895027708,26.34404
BULLARD_1_N001,36.824388,-119.769224,27.01452
BULLARD_1_N004,36.824387999947184,-119.76911168846675,27.01452
BULLARD_1_N005,36.824298097276774,-119.769224,27.01452
BULLARD_1_N006,36.824387999947184,-119.76933631153325,27.01452
BURLNGME_1_N001,37.589627,-122.363434,27.30035
BUTTE_1_N010,39.7118129999855,-121.81325170045862,25.91663
BUTTE_1_N101,39.7118129999855,-121.81336829954137,25.91663
BWILLIAM_LNODEILLW,34.16145330172,-114.38177086852794,25.64149
B_6_N001,32.714377595830264,-117.16944251257752,26.79014
B_6_N003,32.714198404079745,-117.16944251279143,26.79014
B_6_N005,32.714198404079745,-117.16965548720856,26.79014
B_6_N007,32.714377595830264,-117.16965548742249,26.79014
CABRILLO_1_N001,32.70751759908557,-117.24492651689708,26.71801
CABRILLO_6_N001,32.70733840082447,-117.24492651711095,26.85425
CABRILLO_6_N004,32.70733840082447,-117.24513948288904,26.85425
CALAVE_1_N001,36.71900181109094,-119.76554095699167,26.60315
CALAVE_1_N002,36.718822188804005,-119.76554095725366,26.60315
CALAVE_1_N004,36.718822188804005,-119.76576504274634,26.60315
CALCMENT_7_N4,37.37,-120.64,26.27458
CALISTGA_6_N001,38.592664,-122.57862,27.31371
CALLENDR_1_N001,35.04,-120.6,26.93706
CALPELLA_1_N001,39.197538,-123.192135,25.9193
CALSUB_LNODEET,39.521219,-120.008761,25.48923
CAMDEN_6_N001,36.446258999987045,-119.79904229562648,27.04124
CAMDEN_6_N002,36.446258999987045,-119.79915370437352,27.04124
CAMERON_6_N001,32.65324599998863,-116.48807277404411,16.24367
CAMINO_2_N001,34.83,-114.99,25.80177
CAMPHORA_6_N001,36.46829799998704,-121.39017127220814,27.1374
CAMPHORA_6_N003,36.46829799998704,-121.39028272779186,27.1374
CANAL_6_N001,37.066368999986636,-120.8354215297125,26.84623
CANAL_6_N006,37.066368999986636,-120.8355344702875,26.84356
CANBY_BP_LNODEACW,41.444925999984385,-120.88087787131334,25.42512
CANBY_BP_LNODEVEC,41.444925999984385,-120.88099812868666,25.42512
CAN_SUB_LNODEONA,34.18955419166312,-118.592,26.14636
CAN_SUB_LNODEONB,34.189472904155366,-118.59194326369176,26.13835
CAN_SUB_LNODEONC,34.189472904155366,-118.59205673630824,26.13835
CAPAY_6_N001,39.775993256822886,-122.10383,26.00746
CARBONA_6_N003,37.69218399998622,-121.41818185598439,26.87028
CARBONA_6_N101,37.69218399998622,-121.4182961440156,26.87028
CARLOTTA_6_N001,40.541122999984744,-124.06382054930958,27.04124
CARLOTTA_6_N003,40.541122999984744,-124.06393945069041,27.04124
CARLTNHS_1_N001,32.85503754591703,-117.01185140348343,26.58712
CARLTNHS_1_N004,32.85485845399255,-117.01185140369861,26.58712
CARNATIO_6_N001,35.311332,-119.083574,26.68329
CARNERAS_6_N001,35.541055,-119.805238,26.38143
CAROLNDS_6_N001,37.55291899998627,-122.37633097506193,27.46063
CAROLNDS_6_N002,37.55291899998627,-122.37644502493806,27.46063
CARQUINZ_1_N001,38.09103799998602,-122.24848662968667,26.78212
CARQUINZ_1_N002,38.09103799998602,-122.24860137031332,26.78212
CARRIZO_1_N001,35.3805629695311,-120.040252,26.52034
CARRIZO_LNODEHILL,35.38048201522088,-120.04019467441788,25.45183
CARRIZO_LNODEZOT1,35.38048201522088,-120.04030932558213,25.45718
CARTWRT_1_N001,37.78999999998617,-122.24994278512781,26.77411
CARTWRT_1_N010,37.78999999998617,-122.25005721487219,26.77411
CARUTHRS_6_N001,36.531554,-119.882758,26.85692
CAR_SM_LNODENE1,38.642773175556165,-121.3294330286556,26.07691
CAR_SM_LNODENE2,38.64259349099788,-121.32943302894401,26.07691
CAR_SM_LNODENE3,38.64259349099788,-121.329663082168,26.07691
CAR_SM_LNODENE4,38.642773175556165,-121.3296630824564,26.07691
CASTLE_LNODEDR1,37.36195490350885,-120.56264978595905,26.24787
CASTLE_LNODEDR2,37.36187666885442,-120.5625929569803,26.24787
CASTLE_LNODEDR3,37.36179843428164,-120.56264978607754,26.24787
CASTLE_LNODEDR4,37.36179843428164,-120.56276344403506,26.24787
CASTLE_LNODEDR5,37.36187666885442,-120.5628202731323,26.24787
CASTLE_LNODEDR6,37.36195490350885,-120.56276344415355,26.24787
CASTROVL_2_N001,37.69127699998625,-122.06100285669102,26.79281
CASTROVL_2_N003,37.69127699998625,-122.06111714330898,26.79281
CASTROVL_2_N006,36.76278384840137,-121.73625384648868,26.79281
CAS_LA_LNODESMW,34.587237,-118.656638,26.09561
CAS_PP_LNODE1AUX,34.58734037344726,-118.65692220263387,26.09561
CAS_PP_LNODE2AUX,34.58742309555189,-118.65687780855163,26.09561
CAS_PP_LNODE3AUX,34.587488904018386,-118.65680245963806,26.09561
CAS_PP_LNODE4AUX,34.58753171916694,-118.65670569917606,26.09561
CAS_PP_LNODE5AUX,34.58754852361777,-118.65659776098718,26.09561
CAS_PP_LNODE6AUX,34.58753896054594,-118.65648852558515,26.09561
CATALYST_7_N001,37.33647699998642,-121.87909619952335,26.88897
CATLETT_6_N001,38.808811,-121.516115,26.12499
CAWELOB_6_N001,35.57097799998741,-119.11546380934058,26.56842
CAWELOC_1_N001,35.57097799998741,-119.11557419065942,26.49897
CAYUCOS_6_N001,35.44865399998744,-120.8703058292383,27.21487
CAYUCOS_6_N006,35.44865399998744,-120.8704161707617,27.21487
CCOSTA_2_N001,37.998693,-121.783314,26.11965
CCSUB_1_N001,38.03,-121.75,26.05287
CCSUB_2_N001,38.01999999998606,-121.75994265860079,26.04485
CCSUB_2_N010,38.01999999998606,-121.7600573413992,26.04485
CEDRCRK_6_N101,40.79116899998464,-121.93795172476342,30.21737
CENTERS_6_N001,33.928884073837764,-118.105463,26.62185
CENTERS_6_N200,33.9288029630683,-118.10551943910147,26.62185
CEN_SUB_LNODEONB,33.948054083699034,-118.255,26.13301
CEN_SUB_LNODEONC,33.94797295813763,-118.25494353789466,26.13301
CEN_SUB_LNODEOND,33.94797295813763,-118.25505646210534,26.13301
CERES_LNODEDR1,37.6088562120824,-120.956729570412,26.23184
CERES_LNODEDR3,37.6089710504,-120.956595705015,26.23184
CERES_LNODEDR4,37.6089019185376,-120.956592000755,26.23451
CERES_LNODEDR5,37.6087606610128,-120.956712881849,26.23184
CERES_LNODEDR7,37.6089324750351,-120.956712057352,26.23451
CERES_LNODEDR8,37.6090011903052,-120.956714357349,26.23451
CERTTEED_1_N001,37.059999999986665,-120.07994353791257,27.05459
CERTTEED_1_N002,37.059999999986665,-120.08005646208743,27.05459
CHALLNGE_6_N001,39.48543,-121.220509,25.62547
CHANNEL_6_N001,37.95526599998612,-121.33242068885451,26.06088
CHARKA_1_N001,35.608038,-119.325523,26.4028
CHCARITA_1_N001,32.9600895309367,-117.08989329478639,26.65925
CHCARITA_1_N004,32.95991046897258,-117.08989329500262,26.65925
CHCARITA_1_N008,32.95991046897258,-117.09010670499737,26.65925
CHC_LNODE31A,38.95999999998579,-120.89994237638588,25.46786
CHC_LNODE33A,38.95999999998579,-120.90005762361412,25.46786
CHEROKEE_6_N001,38.005513,-121.237769,26.39479
CHESTER_6_N001,40.304405,-121.224282,24.47415
CHICOA_6_N001,39.71879299998543,-121.82096169136352,25.92198
CHICOA_6_N010,39.71879299998543,-121.82107830863647,25.92198
CHICOB_1_N001,39.725493999985424,-121.84718768259572,25.84451
CHICOB_1_N002,39.725493999985424,-121.84730431740428,25.84451
CHINO_6_N007,33.998301818402325,-117.67886922357054,26.48828
CHINO_6_N008,33.998301818402325,-117.67908677642946,26.48828
CHLDHOSP_1_N001,36.87,-119.81,26.89699
CHOLLAS_6_N001,32.744058749573895,-117.046316,26.80082
CHOLLAS_6_N008,32.743978125200904,-117.04626065732346,26.80082
CHOLLAS_6_N009,32.743978125200904,-117.04637134267654,26.80082
CHSTN_1_N001,38.09,-120.3,25.97273
CHWCHLLA_1_N001,37.12073295026913,-120.25055224215674,27.02254
CHWCHLLA_1_N002,37.12073295026913,-120.25066975784326,27.02254
CIG_SM_LNODESS,38.44525,-121.461543055556,26.09828
CIMA_2_N101,35.2691,-115.49292,25.96472
CITYUKH_1_B1,39.14300254479826,-123.19181754359136,25.91396
CLAIRMNT_6_N008,32.825996732119705,-117.184096,29.13362
CLAMMNA_1_N001,37.807826,-121.276142,26.75007
CLARIBEL_LNODEGFP,37.71028,-120.9688,26.34137
CLARKRD_7_N001,39.6546447946953,-121.635292,25.76971
CLARMNT_1_N001,32.82591613392796,-117.18404062431202,26.71267
CLAUS_LNODEKSN,37.639389999986214,-120.91954289863075,26.34404
CLAUS_LNODESME,37.639389999986214,-120.91965710136925,26.34404
CLAYTN_1_N001,38.34245511038229,-120.93484110965764,26.63788
CLAYTN_1_N004,37.943825,-121.969415,26.63788
CLAYTN_1_N029,38.3422748895056,-120.93484110994348,26.63788
CLAYTN_1_N030,38.3422748895056,-120.93507089005652,26.63788
CLAY_6_N001,38.34245511038229,-120.93507089034236,25.92465
CLERLKE_6_N001,39.007954999985856,-122.89377935245265,25.84451
CLERLKE_6_N012,39.007954999985856,-122.89389464754734,25.84451
CLMBAHL_6_N001,39.331874,-121.101368,25.42245
CLOUGH_LNODEIYF,37.62761111,-120.9751667,26.36274
CLOUGH_LNODEYBR,37.62761110994497,-120.97505251712948,26.36274
CLOVIS_1_N001,36.826043942491545,-119.681281,26.64589
CLOVIS_1_N004,36.825963028740034,-119.68122263908639,26.68329
CLOVIS_1_N101,36.825963028740034,-119.68133936091361,26.64589
CLOVRDLE_1_N001,38.795757,-123.011412,25.52129
CLRKSVLE_1_N001,38.655559898770534,-121.060175,26.10629
CLRKSVLE_1_N003,38.655479050599546,-121.06011522698469,26.10629
CLRKSVLE_1_N004,38.655479050599546,-121.0602347730153,26.10629
CLSAJCT_6_N001,39.190857,-121.990506,25.95937
CLWTER_2_N003,35.39850993300358,-118.93957167203409,27.2122
CMPEVRS_1_N001,37.041635999986624,-122.02530956161661,27.49802
CMPEVRS_1_N002,37.041635999986624,-122.02542243838339,27.49802
CNTRYCB_6_N001,37.97966036733168,-121.31639835392943,26.48561
CNTRYCB_6_N002,37.979479632557,-121.31639835421177,26.48561
CNTRYCB_6_N004,37.979479632557,-121.31662764578823,26.48561
CNTRYCB_6_N006,37.97966036733168,-121.31662764607057,26.48561
COLLEG_LNODEDR1,37.6091056801805,-120.992876143573,26.25856
COLLEG_LNODEDR2,37.6091096218649,-120.992789582042,26.25856
COLLEG_LNODEDR5,37.6090266914486,-120.992698116343,26.25856
COLLEG_LNODER15,37.6090419641747,-120.993034819943,26.25856
COLNGA1_6_N001,36.13602399998719,-120.34444457141348,26.37609
COLNGA1_6_N002,36.13602399998719,-120.34455542858652,26.37609
COLNGA2_6_N001,36.236577,-120.315114,26.31732
COLONY_6_N001,38.190132,-121.181632,26.2078
COLUMBUS_1_N001,35.398330066896115,-118.93957167228022,26.48027
COLUMBUS_1_N003,35.398330066896115,-118.93979232771979,26.48027
COLUMBUS_1_N005,35.39850993300358,-118.9397923279659,26.48027
COLUSA_6_N001,39.213610999985775,-122.00296022131043,25.9941
COLUSA_6_N004,39.213610999985775,-122.00307577868956,25.9941
COLWATER_1_N001,34.86012489309556,-116.85312978164612,26.8783
COLWATER_1_N002,34.86012489309556,-116.85324421835388,26.8783
COMMONS_LNODEDR1,37.6091045275098,-120.992962913259,26.27191
COMMONS_LNODEDR3,37.5166183000533,-120.867554724081,26.27191
COMMONS_LNODEDR4,37.516699044633,-120.867555122205,26.27191
COMMONS_LNODEDR5,37.5164895041446,-120.867550987033,26.27191
COMMONS_LNODEDR7,37.5165532160667,-120.867553025577,26.27191
COMMONS_LNODEDR8,37.5008689404211,-120.913270146673,26.27191
CONCHO_1_N002,33.785845,-116.342689,26.09561
CONTADNA_1_N001,36.29,-119.71,26.51233
CONTROLX_1_N001,37.342839,-118.471988,-46.92267
CONTROL_7_N001,37.34291722503321,-118.47193119226046,-42.88404
COOPER_LNODEDR1,37.3189566034476,-120.5119493179366,26.24787
COOPER_LNODEDR2,37.31895660339336,-120.51183575699493,26.25054
COOPER_LNODEDR3,37.318866291449055,-120.51183575713138,26.24787
COOPER_LNODEDR4,37.318802431310424,-120.51191605677509,26.25054
COOPER_LNODEDR5,37.318787159360575,-120.51202798203006,26.24787
COOPER_LNODEDR6,37.31881843902539,-120.51213451388375,26.25054
COOPER_LNODEDR7,37.318884305211256,-120.51221220923813,26.25054
COOPER_LNODEDR8,37.318969657813994,-120.51224932323211,26.25054
COOPER_LNODEDR9,37.31905983488123,-120.51224311913526,26.25054
COOPER_LNODER14,37.31914244338007,-120.5121972257278,26.24787
COOPER_LNODER15,37.31920816147405,-120.51211933201114,26.24787
COOPER_LNODER16,37.31925091782716,-120.51201930357878,26.24787
COOPER_LNODER17,37.31926769919903,-120.51190771989396,26.24787
COPUS_6_N001,35.093593,-119.278466,27.24158
CORCORAN_1_N001,36.10957699998725,-119.55797958991954,26.73404
CORCORAN_1_N005,36.10957699998725,-119.55809041008045,26.73404
CORDELIA_6_N001,38.216066,-122.112082,26.35472
CORDPMP_6_N003,38.575433098781254,-121.497588,26.40013
CORNING_6_N004,39.93198099998522,-122.18732639815484,26.18643
CORNING_6_N006,39.93198099998522,-122.18744360184516,26.18643
CORONADO_6_N001,32.698823762005226,-117.173249,26.80884
CORONADO_6_N002,32.69874311898509,-117.17319367259638,26.80884
CORONA_1_N001,32.69874311898509,-117.17330432740361,26.39479
CORRAL_6_N001,38.1014979999861,-120.92635462577833,26.07424
CORRAL_6_N003,38.1014979999861,-120.92646937422167,26.07424
CORSGOLD_1_N001,37.22751499998653,-119.69108432761332,26.98781
CORSGOLD_1_N003,37.22751499998653,-119.69119767238668,26.98781
CORTEZ_LNODEDR1,37.5005587104299,-120.913235680039,26.25054
CORTEZ_LNODEDR3,37.5007571927422,-120.913267914805,26.24787
CORTEZ_LNODEDR5,37.5006522266335,-120.913263660994,26.25054
CORTEZ_LNODEDR6,37.5008124927682,-120.913424010622,26.25054
CORTEZ_LNODEDR7,37.5007095209272,-120.913352769965,26.24787
CORTINA_1_N106,39.121407,-122.224176,25.99143
COR_LNODENE1,38.55393333331922,-121.20798139654603,26.08492
COR_LNODENE3,38.55393333331922,-121.20809638123197,26.08492
COTATI_6_N101,38.30970399998603,-122.73153156284509,27.01452
COTATI_6_N102,38.30970399998603,-122.73164643715491,27.01452
COTTLEA_2_N001,37.772676259234935,-120.825545,26.37342
COTTLE_7_N001,37.77259487036768,-120.82548555286246,26.37342
COTWDPGE_1_N001,34.38040399998781,-116.87675022716886,25.7617
COVELO6_6_N001,39.78628299998532,-123.24850460152904,26.3013
CPLECEF_1_N001,37.25999999998651,-121.63994328855216,27.30302
CPLECEF_1_N005,37.25999999998651,-121.64005671144784,27.30302
CPP_LNODESS1,38.3383555554995,-121.12458988828622,26.10362
CPP_LNODESS2,38.33844566948052,-121.124475,26.10362
CRABTREE_LNODENK1,37.64506,-120.60683,26.30931
CRCANAL_6_N001,40.1384740349693,-122.208547,26.38945
CREELMAN_6_N001,33.01815871873613,-116.853026,22.78806
CREELMAN_6_N004,33.01807814061963,-116.85297051775382,22.78806
CREELMAN_6_N014,33.01807814061963,-116.85308148224618,22.78806
CRESSEY_1_N001,37.42852799998634,-120.6386900986629,27.03322
CRESTWD_6_N001,32.699023999988746,-116.35373376108788,15.7762
CROWLNDG_LNODEDR1,37.4627004272953,-120.740076630976,26.23451
CROWLNDG_LNODEDR3,37.462786962981,-120.740080933369,26.23451
CROWLNDG_LNODEDR4,37.462613876709,-120.740078364387,26.23451
CROWLNDG_LNODEDR5,37.4625421344261,-120.740074305354,26.23451
CROWLNDG_LNODEDR7,37.4627827502437,-120.740270351347,26.23451
CRUSHER_6_N001,37.021645,-122.154383,27.20418
CRWSLDG_6_N001,37.377307,-121.085672,26.84891
CRYSTLSG_6_N001,37.528913,-122.361067,27.36179
CSG_LNODESS,38.51068967879612,-121.47509029333828,26.09561
CSTRVLLE_1_N001,36.762604151493385,-121.73625384675147,26.60849
CURTIS1_7_N001,37.974949221777045,-120.320668,25.68156
CURTISS_1_N101,37.974867889096444,-120.32072756943327,25.67622
CYMRIC_1_N001,35.31,-119.63,26.25856
DAIRYLND_1_N001,37.055221,-120.317015,26.94774
DALYCTY_1_N001,37.69180126214444,-122.455704,27.64494
DALYCTY_1_N005,37.69171986891291,-122.45564461457239,27.64494
DANISHCM_1_N001,36.71900181109094,-119.76576504300833,26.60048
DAVIS_1_N001,39.06008956957949,-121.70988464738468,26.30931
DAVIS_1_N007,39.05991043030674,-121.70988464767737,26.30931
DAVIS_1_N012,39.05991043030674,-121.71011535232263,26.30931
DECPTSG_2_N001,38.05999999998602,-121.86994264179833,26.62719
DECPTSG_2_N018,38.05999999998602,-121.87005735820168,26.62719
DEEPWATR_1_N101,38.55162999998592,-121.56020750817653,26.30931
DEEPWATR_1_N104,38.55162999998592,-121.56032249182347,26.30931
DELAMO_2_N001,33.84836303124857,-118.096994,26.6539
DELAMO_2_N014,33.84828198436281,-118.09693765855927,26.6539
DELAMO_2_N022,33.84828198436281,-118.09705034144073,26.6539
DELMAR_6_N001,38.7988788301003,-121.220655,26.85692
DELMAR_6_N001A,38.798798084934575,-121.22059518327069,26.04485
DELMAR_6_N005,38.798798084934575,-121.22071481672931,26.04485
DELMAR_6_N010,32.980789999988666,-117.25535963525417,26.85692
DELMAR_6_N011,32.980789999988666,-117.25546636474583,26.85692
DELMNTE_1_N010,36.599053999987,-121.8539621246086,26.80884
DELMNTE_1_N201,36.599053999987,-121.85407387539139,26.80884
DESCANSO_6_N001,32.86524,-116.633752,16.61765
DEVLDNPP_6_N003,35.774930999987355,-119.97393475743563,26.33335
DEVLSDN_6_N001,35.774930999987355,-119.97404524256437,26.33335
DFS_1_N001,36.72,-120.6,26.50431
DIABLO1_7_N001,35.215922999950024,-120.84743471985068,25.7804
DIABLO2_7_N001,35.215922999950024,-120.84765528014933,25.7804
DIABLOCN_2_N001,35.21601309719158,-120.847545,26.53904
DINUBAE_7_N001,36.56893330486095,-119.41841731957626,26.62986
DINUBA_6_N001,36.56893330486095,-119.41864068042374,26.64589
DINUBA_6_N005,36.56911269503489,-119.41864068068313,26.64589
DIRYVLLE_6_N001,40.12799,-122.097838,25.9941
DIVISION_6_N001,32.6815959999886,-117.12003376624276,26.78747
DIVISION_6_N009,32.6815959999886,-117.12014023375725,26.78747
DIXON-J1_6_N101,38.44545401121386,-121.826237,26.35472
DIXONLD_1_N001,37.457825231051295,-121.921353,27.22021
DIXONLD_1_N002,37.457743884459624,-121.92129383478914,27.22021
DIXONLD_1_N008,37.457743884459624,-121.92141216521087,27.22288
DIXON_6_B1,38.445372994377905,-121.8261772770627,26.35472
DIXON_6_N002,38.445372994377905,-121.8262967229373,26.35472
DMNDSPR_1_N001,38.69304699998593,-120.82566347343,26.07691
DMNDSPR_1_N003,38.69304699998593,-120.82577852656999,26.07691
DOBBINS_6_N001,39.339604,-121.197378,25.40642
DOLANRD_1_N001,36.800296,-121.769123,26.58712
DOMTAR_1_N001,38.13,-121.65,26.05554
DONNER_LNODE07,39.327305,-120.281812,25.76971
DONPEDRO_LNODENSS,37.6962503274167,-120.4206077500803,26.21849
DOSPALS_6_N001,36.97484,-120.635012,26.60315
DUKMOSS1_7_N001,36.85999999998676,-121.76005620188538,26.52835
DUKMOSS2_7_N001,36.84999999994714,-121.75988762218331,26.52835
DUKMOSS3_7_N001,36.84999999994714,-121.76011237781668,26.52835
DUKMOSS3_7_N002,36.85008992566386,-121.76,26.52835
DUKMOSS4_7_N001,36.84999999994714,-121.71988762218332,26.52835
DUKMOSS5_7_N001,36.83999999998681,-121.72005617595099,26.52835
DUKMOSS6_7_N001,36.84999999994714,-121.72011237781669,26.52835
DUKMOSS6_7_N002,36.85008992566386,-121.72,26.52835
DUMBARTN_1_N001,37.557155251259346,-122.057606,27.27898
DUMBARTN_1_N003,37.55707387435557,-122.05754673393427,27.27898
DUMBARTN_1_N011,37.55707387435557,-122.05766526606573,27.27898
DUNBAR_6_N001,38.38322299998598,-122.52777754540057,26.63253
DUNBAR_6_N002,38.38322299998598,-122.52789245459942,26.63253
DUNHILL_6_N001,32.901543,-117.229958,26.79548
DUNLAP_6_N001,36.64502999998689,-119.15909106962141,26.73671
DUNNIGAN_6_N001,38.924808,-121.989951,26.7287
DUNNSIDE_1_N001,35.03321,-116.467335,26.83929
EAGLEMTN_2_N001,33.82005401596653,-115.44,25.938
EAGLEMTN_2_N002,33.8199729920039,-115.43994369314599,25.938
EAGLROCK_2_N001,38.8293359999859,-122.81077743066047,26.34671
EAGLROCK_2_N012,38.8293359999859,-122.81089256933953,26.34671
EASTGATE_6_N101,32.88493613808494,-117.20083859603457,26.80884
EASTGATE_6_N201,32.88493613808494,-117.20094940396542,26.80884
EBMUDGRY_1_N001,37.93,-122.04,26.71534
ECY_LNODE101,38.55445658675582,-121.43093112608555,26.08759
ECY_LNODE102,38.55427674646514,-121.4309311263732,26.08759
ECY_LNODE103,38.55427674646514,-121.43116109584881,26.08759
ECY_LNODE104,38.55445658675582,-121.43116109613645,26.08759
EDENVALE_1_N001,37.24503626216962,-121.7958386130011,26.72069
EDENVALE_1_N004,37.24485573772219,-121.79583861327271,26.72069
EDENVALE_1_N006,37.24485573772219,-121.79606538672729,26.72069
EDENVALE_1_N008,37.24503626216962,-121.7960653869989,26.72069
EDES_1_N001,37.738786999986225,-122.19371982090533,27.24158
EDES_1_N003,37.738786999986225,-122.19383417909467,27.24158
EDMON1AP_7_N001,34.986313,-118.738787,26.77678
EDMON2AP_7_N001,34.986312999950265,-118.73867680688261,26.77678
EDMON3AP_7_N001,34.98622271993701,-118.73867680700413,26.77678
EDMON3AP_7_N002,34.98615888237297,-118.73875472524391,26.77678
EDMON4AP_7_N001,34.98614361582445,-118.738863331203,26.77678
EDMON4AP_7_N002,34.98617488443967,-118.73896670370384,26.77678
EDMON5AP_7_N001,34.98624072734969,-118.73904209487607,26.77678
EDMON5AP_7_N002,34.986326049781965,-118.73907810817316,26.77678
EDMON6AP_7_N001,34.986416194964555,-118.73907208804029,26.77678
EDMON6AP_7_N002,34.98649877424742,-118.73902755565565,26.77678
EDMON7AP_7_N001,34.98656446909455,-118.73895197200041,26.77678
EDMON7AP_7_N002,34.98660721032227,-118.7388549100885,26.77678
EDMON8AP_7_N001,34.98662398575978,-118.738746635625,26.77678
EDMON8AP_7_N002,34.986614439197844,-118.738637059907,26.77678
EDWARDS_1_N001,34.991871,-117.890005,30.98401
EELRIVR_6_N001,40.602658,-124.210199,27.18281
EIGHTMI_2_N017,38.058077,-121.375292,26.36274
EISENHOW_1_N001,33.830599,-116.497612,26.2265
EISEN_6_N001,35.35714,-118.97131,26.60048
ELCAJNGT_7_N001,32.795346131065216,-116.97233863745876,52.32315
ELCAJNGT_7_N004,32.795346131065216,-116.97244936254124,52.26973
ELCAPTN_1_N001,37.335801999986415,-120.50517320028958,40.0
ELCAPTN_1_N004,37.335801999986415,-120.50528679971042,26.99048
ELCAPTN_1_N005,37.365512,-120.578993,40.0
ELCRRTO_1_N001,37.91620499998609,-122.30313670905946,26.69664
ELCRRTO_1_N023,37.91620499998609,-122.30325129094054,26.69664
ELKCREEK_6_N001,39.12957472883464,-123.711777,24.72258
ELKHIL1G_7_N001,35.22604999998747,-119.37772885850012,26.10095
ELKHIL2G_7_N001,35.22604999998747,-119.37783914149988,26.10095
ELK_6_N001,39.1294941355673,-123.71183698354646,26.28527
ELK_SM_LNODENE2,38.37273738362879,-121.354256944444,26.09828
ELK_SM_LNODENE7,38.372656308170484,-121.35419723840097,26.10095
ELK_SM_LNODENE8,38.372656308170484,-121.35431665048702,26.10095
ELLIOTT_6_N001,32.81585999998874,-117.08840071898302,26.7474
ELLIOTT_6_N004,32.81585999998874,-117.08850728101697,26.7474
ELLIS_6_N001,37.716505,-121.548766,26.79014
ELLIS_6_N105,33.685126,-117.943596,26.79014
ELLSGTY_1_N001,33.685294,-117.943088,26.37609
ELNIDO_1_N004,37.12061299998659,-120.47270746040512,26.77678
ELNIDO_2_N001,37.12061299998659,-120.47282053959488,26.77945
ELNIDO_2_N012,33.89624399998809,-118.37271472929694,26.77945
ELNIDO_7_N001,33.89624399998809,-118.37282327070305,26.77678
ELPATIO_1_N001,37.29223717683988,-121.935913,27.32439
ELPATIO_1_N006,37.29215591156547,-121.93585402427247,27.32439
ELPATIO_1_N015,37.29215591156547,-121.93597197572753,27.32439
ELV_LNODENE1,38.71426666661026,-121.47683299057677,26.06622
ELV_LNODENE2,38.71418891290697,-121.47689052312896,26.06622
ELV_LNODENE3,38.71418891290697,-121.47700558798303,26.06622
ELV_LNODENE4,38.71426666661026,-121.47706312053523,26.06622
ELV_LNODENE5,38.71434442039811,-121.4770055881082,26.06622
ELV_LNODENE6,38.71434442039811,-121.4768905230038,26.06622
EMBRCDR_2_N001,37.780090430972514,-122.37988558363396,27.53008
EMBRCDR_2_N008,37.77990956891692,-122.37988558391392,27.53008
EMBRCDR_2_N101,37.77990956891692,-122.38011441608609,27.53008
EMBRCDR_2_N104,37.780090430972514,-122.38011441636604,27.53008
EMRLDLE_6_N001,37.462178,-122.277933,27.26295
EMRYSVE_1_N001,39.163430999985756,-121.56151425780503,25.84718
EMRYSVE_1_N003,39.163430999985756,-121.56162974219497,25.84718
ENCINAL_6_N001,39.247383,-121.637248,26.34671
ENCINA_1_N001,33.13699513479889,-117.33531843066032,26.77411
ENCINA_1_N049,33.13699513479889,-117.33542956933968,26.77411
ENCNITAS_6_N001,33.05068472041646,-117.285325,26.95843
ENCNITAS_6_N004,33.05060413977941,-117.28526949553299,26.95843
ENCNITAS_6_N011,33.05060413977941,-117.285380504467,26.95843
ENSLEN_LNODEHKQ,37.65224426097517,-121.0013,26.34404
ENSLEN_LNODELOU,37.65216286949752,-121.00124064749899,26.34404
ENSLEN_LNODEWFN,37.65216286949752,-121.00135935250101,26.34404
ERTA_6_N001,36.930594,-121.763827,27.18816
ESCNDIDO_6_N001,33.12543545233769,-117.116857,26.78747
ESCNDIDO_6_N046,33.12552499995441,-117.11696392572938,26.78747
ESCNDIDO_6_N053,33.12561454766245,-117.116857,26.78747
ESCO_6_N001,33.115770727187964,-117.089119,26.83822
ESCO_6_N004,33.11569013639368,-117.08906344744015,26.83822
ESQUON_6_N001,39.607876,-121.768445,25.93533
ESTGRND_1_N001,37.653951261060854,-122.403031,27.54344
ESTGRND_1_N005,37.65386986945481,-122.402971646041,27.54344
ESTGRND_1_N009,37.65386986945481,-122.403090353959,27.54344
ESTPRTL_1_N001,37.876677,-122.186415,26.66192
ESTQNCY_6_N001,39.938128,-120.910322,23.50181
ETIWANDA_6_N001,34.0883812512724,-117.5255740237224,26.40013
ETIWANDA_6_N003,34.08814499998799,-117.52552751207779,26.40013
EUREKAA_6_N001,40.793883999984665,-124.18290627263764,27.24158
EUREKA_6_N001,40.793883999984665,-124.18302572736236,27.22823
EVRGREEN_1_N001,37.303338999986465,-121.8408102375639,26.8863
EVRGREEN_1_N019,37.303338999986465,-121.84092376243609,26.8863
EXXONBH_7_N001,38.08095331088854,-122.13762073299924,26.63788
FAIRGRND_LNODEDR1,37.5006945896515,-120.867048786933,26.26123
FAIRGRND_LNODEDR3,37.5005735349484,-120.866718665766,26.26123
FAIRGRND_LNODEDR4,37.5005721589657,-120.866803820595,26.26123
FAIRGRND_LNODEDR5,37.5005181954718,-120.867051337755,26.26123
FAIRGRND_LNODEDR7,37.5005718981617,-120.866887330714,26.26123
FAIRGRND_LNODEDR8,37.5005716373084,-120.866970837622,26.26123
FAIRHAVN_6_N001,40.80028,-124.195714,27.13206
FAIRWAY_1_N001,34.91059499998762,-120.44635292480474,26.79281
FAIRWAY_1_N002,34.91059499998762,-120.44646307519525,26.79281
FAMOSO_1_N001,35.60500099998741,-119.20248280260235,26.47226
FARREL_1_N001,33.85654399998807,-116.49686777574072,26.17308
FARREL_1_N002,33.85654399998807,-116.49697622425927,26.17308
FAR_SUB_LNODEONA,34.03809021316632,-118.37089113436087,26.13835
FAR_SUB_LNODEONB,34.0379097867377,-118.37089113459244,26.13835
FAR_SUB_LNODEONC,34.0379097867377,-118.37110886540755,26.13835
FAR_SUB_LNODEOND,34.03809021316632,-118.37110886563912,26.13835
FELICITA_6_N001,33.093263724336374,-117.073637,26.82219
FELICITA_6_N005,33.09318313781945,-117.07358146461416,26.82219
FELICITA_6_N009,33.09318313781945,-117.07369253538583,26.82219
FELLOWSG_7_N001,35.195188999987465,-119.58505586292793,26.30931
FIGARDN_2_N001,36.8220309999868,-119.85852484727552,26.91836
FIGARDN_2_N101,36.8220309999868,-119.85863715272448,26.91569
FINNEY_LNODESNV,37.627520677678156,-120.9751667,26.35205
FIREBAGH_6_N001,36.850688,-120.466577,26.88096
FIREHOUS_LNODEBUSH,34.8569,-114.6245,25.62279
FIY_LNODE0LD,38.762778,-121.356944,26.06355
FLINT_1_N001,38.88530299998586,-121.06669540924167,26.00479
FMC_1_N001,37.347699999986396,-121.92219018683774,27.42056
FMC_1_N003,37.347699999986396,-121.92230381316226,27.42056
FOOTHILL_1_N001,35.27,-120.7,26.6726
FORSTHL_6_N001,39.01927,-120.830271,23.03968
FORTORD_6_N001,36.643363,-121.792138,26.88096
FORTRSS_6_N001,38.539559,-123.223713,27.02788
FOSTERW_7_N001,38.02007534657929,-122.06127131707333,26.60849
FRANKLIN_6_N003,38.012317,-122.264655,26.8676
FRA_SM_LNODENE1,38.38101134187077,-121.4768906014164,26.10095
FRA_SM_LNODENE2,38.380933333277234,-121.47683314740071,26.10095
FRA_SM_LNODENE3,38.38085532476781,-121.47689060154032,26.10095
FRA_SM_LNODENE4,38.38085532476781,-121.47700550957168,26.10095
FRA_SM_LNODENE5,38.380933333277234,-121.47706296371129,26.10095
FRA_SM_LNODENE6,38.38101134187077,-121.4770055096956,26.10095
FREDONIA_LNODELD,34.1733,-114.574,25.4732
FREMNT_1_N001,37.54118124868743,-121.962063,27.10802
FREMNT_1_N007,37.54109987564155,-121.96200374944321,27.10802
FREMNT_1_N013,37.54109987564155,-121.96212225055679,27.10802
FRIARS_1_N001,32.77904499998872,-117.15675673371696,26.6539
FRIARS_1_N009,32.77904499998872,-117.15686326628304,26.6539
FRNCHGLH_6_N001,40.68692,-122.641204,26.01013
FROGTOWN_7_N001,38.056504,-120.53381,26.01013
FRTSWRD_6_N001,40.21377199998503,-123.59658599020719,26.63253
FRUITLND_6_N001,40.28584,-123.837372,26.58178
FRUITVLE_6_N001,35.376774999987504,-119.0924868388967,26.43219
FRUITVLE_6_N101,35.376774999987504,-119.09259716110328,26.43219
FSTREET_LNODEDR1,37.4895796064313,-120.838424090027,26.26123
FSTREET_LNODEDR3,37.4896984214952,-120.838270217479,26.26123
FSTREET_LNODEDR4,37.4896152090171,-120.838173674241,26.26123
FSTREET_LNODEDR5,37.4894938869083,-120.83833925837,26.26123
FTCHMTN_6_N001,38.60608399998592,-122.85282549557644,26.8676
FTCHMTN_6_N003,38.60608399998592,-122.85294050442356,26.8676
FTL_LNODENE1,38.69308721315885,-121.348651111111,26.07157
FTL_LNODENE2,38.693006393405355,-121.34859132777218,26.07157
FTL_LNODENE3,38.693006393405355,-121.34871089444981,26.07157
FULTON_2_N010,38.49657200829278,-122.75943026543568,26.2078
FULTON_2_N049,38.49657200829278,-122.75954973456432,26.2078
F_6_N001,32.75497274686537,-117.126027,30.32993
F_6_N002,32.75489212655523,-117.12597165333155,30.32993
F_6_N005,32.75489212655523,-117.12608234666845,30.32993
GABILAN_6_N001,36.731511,-121.61325,27.4259
GALE_1_N001,34.85946599998758,-116.86535894183864,26.88097
GANSNER_6_N101,39.939187,-120.948157,24.85881
GANSO_1_N001,35.501698,-119.449132,26.24787
GARCIA_6_N001,38.88879,-123.550318,26.46691
GAREY_1_N002,34.98,-120.26,26.72603
GARFIELD_6_N001,32.795125,-116.996848,47.32676
GARNET_7_N001,33.93858299995228,-116.57633536031197,26.14102
GEER_LNODEDR1,37.52250334748,-120.843709746797,26.25588
GEER_LNODEDR2,37.5224993081714,-120.843588348711,26.25321
GEER_LNODEDR3,37.5224318250334,-120.843496861832,26.25321
GEER_LNODEDR4,37.5224297824039,-120.843426269924,26.25321
GEER_LNODEDR5,37.5224263420376,-120.843557323915,26.25588
GEER_LNODEDR7,37.5224225565731,-120.843630755159,26.25588
GEER_LNODEDR8,37.522425898329,-120.843709042834,26.25588
GENESEE_6_N001,32.87974054062765,-117.2133823800825,26.83288
GENESEE_6_N005,32.87956145928191,-117.21338238029792,26.83288
GENESEE_6_N011,32.87956145928191,-117.21359561970208,26.83288
GENESEE_6_N015,32.87974054062765,-117.2135956199175,26.83288
GENE_2_N001,34.3,-114.23,25.84451
GERBER_6_N101,40.064207,-122.156114,26.20246
GEYSR5-6_7_N001,38.777006613720275,-122.74238837921152,25.2595
GIFFEN_6_N001,36.545076,-120.334519,26.49363
GILROYF_1_N001,37.14,-121.58,27.34309
GILSTRAP_LNODEDR1,37.5800948624588,-120.975549487551,26.23451
GILSTRAP_LNODEDR3,37.5801662132492,-120.9757670064,26.23451
GILSTRAP_LNODEDR5,37.5799830759229,-120.975550499689,26.23451
GILSTRAP_LNODEDR7,37.58017229934,-120.975552395649,26.23451
GILSTRAP_LNODEDR8,37.5801700030066,-120.975645212521,26.23451
GILSTRAP_LNODER17,37.5801611951015,-120.976018315921,26.23451
GIRVAN_6_N001,40.51347,-122.378916,25.99677
GLENCLIF_6_N001,32.798367,-116.498315,16.26237
GLENSHIR_LNODERE,39.352238,-120.08626,25.64684
GLENWOOD_6_N001,37.45733023092607,-122.186967,27.51939
GLENWOOD_6_N004,37.457248884522265,-122.18690783531744,27.51939
GLENWOOD_6_N005,37.457248884522265,-122.18702616468256,27.51939
GLRYCGG1_7_N001,37.12999999998655,-121.5600565514771,27.34843
GOLDTREE_1_N001,35.32012199998752,-120.69284284611503,26.68863
GOLDTREE_1_N002,35.32012199998752,-120.69295315388497,26.68863
GOLETA_6_N200,34.46880142976412,-119.88445868708224,27.07863
GONZALES_6_N001,36.50885299998702,-121.44685522795733,27.15076
GONZALES_6_N003,36.50885299998702,-121.44696677204267,27.15076
GORMAN_6_N001,34.8014,-118.818908,26.66993
GOSELKE_1_N001,35.601596,-119.579654,26.31999
GOULD_2_N001,34.22145799998786,-118.18701737338756,26.35739
GOULD_2_N007,34.22145799998786,-118.18712662661244,26.35739
GRANDIS_1_N004,38.23108199998597,-121.59029758372996,26.11965
GRANDIS_1_N009,38.23108199998597,-121.59041241627003,26.11965
GRANITE_6_N001,32.804473,-116.92086,52.26172
GRANITE_6_N007,32.804472999954854,-116.9207534473782,52.26172
GRANITE_6_N008,32.80438343993102,-116.92086,52.26172
GRANITE_6_N009,32.804472999954854,-116.92096655262179,52.26172
GRANTRK_6_N001,37.67099326174171,-122.160116,27.73042
GRANT_1_N001,37.67091186911436,-122.16005663166834,27.34309
GRANT_1_N005,37.67091186911436,-122.16017536833166,27.34309
GRBRVLLE_6_N001,40.10263,-123.792873,26.78747
GRDNEAST_1_N101,36.47999999998696,-119.60994425959105,26.54438
GRDNEAST_1_N102,36.47999999998696,-119.61005574040897,26.54438
GRDNWEST_1_N001,36.59,-119.57,26.54438
GREENBRE_6_N001,37.93780399998614,-122.51415869769995,26.92103
GREENBRE_6_N003,37.93780399998614,-122.51427330230004,26.92103
GRIMWAY_1_N001,35.27,-118.87,26.48561
GRNTHLL_1_N001,32.80456256006898,-116.92086,26.59514
GRNVALY_1_N001,36.952139010813255,-121.76018,27.16679
GRNVALY_1_N011,36.95205799457908,-121.76012146857028,27.16679
GRSSVLY_6_N101,39.209514,-121.061004,25.70293
GRYSFLT_6_N001,40.021612,-121.065532,24.80539
GUALALA_6_N001,38.786699,-123.522777,27.35378
GUSTINE_6_N001,37.253223999986524,-121.01302629664288,27.29768
GUSTINE_6_N002,37.253223999986524,-121.01313970335713,27.29768
GYSRVLLE_6_N001,38.70981887157317,-122.907957,26.97178
GYSRVLLE_6_N003,38.70973806419826,-122.90789721183104,26.97178
HALSEYF_7_N001,38.90131699998584,-121.08772559737287,26.0502
HAL_SUB_LNODEON1,33.84769999998815,-118.30334578612137,26.12499
HAL_SUB_LNODEONA,33.84769999998815,-118.30345421387864,26.13034
HAMILTON_6_N001,39.746242,-122.011361,26.0315
HAMMER_6_N001,38.02138220754234,-121.320367,26.56041
HAMMER_6_N003,38.02130089621381,-121.32030740848892,26.56041
HAMMER_6_N004,38.02130089621381,-121.32042659151108,26.56041
HAMMONDS_1_N001,36.72011,-120.603287,26.45356
HARBORG_7_N101,33.770089981295506,-118.25010824500784,26.70466
HARDING_6_N001,37.963708999986125,-121.29050568468435,26.40013
HARDING_6_N004,37.963708999986125,-121.29062031531565,26.40013
HARDWICK_6_N001,36.404261,-119.68624,26.73404
HARRIS_6_N001,40.78104299998464,-124.13194328500423,27.08131
HARRIS_6_N003,40.78104299998464,-124.13206271499577,27.08131
HARTER_6_N001,39.14325399998575,-121.6480072716394,26.55507
HARTER_6_N003,39.14325399998575,-121.6481227283606,26.55507
HARTLEY_6_N001,39.077268,-122.932322,25.97807
HAR_GS_LNODE10AUX,33.77070285420546,-118.26588005129787,26.12766
HAR_GS_LNODE11AUX,33.770785160786886,-118.2658363056699,26.12766
HAR_GS_LNODE12AUX,33.77085063868779,-118.26576205737284,26.12766
HAR_GS_LNODE13AUX,33.770893238769126,-118.26566671029164,26.12766
HAR_GS_LNODE14AUX,33.77090995880947,-118.26556034876025,26.12766
HAR_GS_LNODE1AUX,33.770900443776654,-118.26545270896402,26.12766
HAR_GS_LNODE2AUX,33.770866485380765,-118.26535246672638,26.12766
HAR_GS_LNODE5AUX,33.77081149182394,-118.26526678898045,26.12766
HAR_SUB_LNODEONA,33.77073997374512,-118.26520109800133,26.12766
HAR_SUB_LNODEONB,33.77065707494083,-118.26515900180253,26.12766
HAR_SUB_LNODEONC,33.77056816417163,-118.26514234955444,26.12766
HATTON_6_N001,36.55679,-121.897162,26.91836
HAWKINS_LNODEDR1,37.5799617816957,-120.645598336747,26.23719
HAWKINS_LNODEDR3,37.5799481743814,-120.645311774451,26.23719
HAWKINS_LNODEDR5,37.5798175544824,-120.645562968772,26.23719
HAWKINS_LNODEDR7,37.5799502934699,-120.645479899093,26.23719
HAY_GS_LNODE10AUX,33.765034221459466,-118.09919670179296,26.14102
HAY_GS_LNODE12AUX,33.76505094051277,-118.09909035381168,26.14102
HAY_GS_LNODE14AUX,33.765041426041684,-118.09898272772843,26.14102
HAY_GS_LNODE15AUX,33.7650074696504,-118.0988824982613,26.14102
HAY_GS_LNODE9AUX,33.7649524793399,-118.09879683143038,26.14102
HAY_LNODESS1,33.76488096548275,-118.09873114881994,26.14102
HAY_LNODESS2,33.76479807157197,-118.09868905798392,26.14102
HED_LNODENE1,38.50998333333333,-121.355746944444,26.09561
HED_LNODENE2,38.50998333327719,-121.35563197930773,26.09561
HED_LNODENE3,38.50989337309517,-121.35563197945136,26.09561
HED_LNODENE4,38.50982976169183,-121.355713272007,26.09561
HED_LNODENE5,38.50981454922492,-121.35582658122124,26.09561
HED_LNODENE6,38.509845707051696,-121.35593443034743,26.09561
HED_LNODENE7,38.509911316684935,-121.35601308641768,26.09561
HED_LNODENE8,38.50999633683837,-121.3560506593429,26.09561
HENRITTA_6_N101,36.24160599998715,-119.9029965105001,26.4589
HERDLYN_6_N001,37.816383,-121.586176,26.02348
HERSHEY_LNODESLL,37.75083,-120.8453,26.38411
HERSHEY_LNODEXF1,37.7508299999447,-120.8451856244636,26.38411
HERSHEY_LNODEXF2,37.75073956547022,-120.8453,26.38411
HERSHEY_LNODEXF3,37.7508299999447,-120.84541437553641,26.38411
HERSHEY_LNODEXF4,37.750920434529704,-120.8453,26.38411
HICKS_2_N001,37.234159254320986,-121.90015163922017,26.7848
HICKS_2_N002,37.23397874557105,-121.9001516394916,26.7848
HICKS_2_N007,37.23397874557105,-121.90037836050841,26.7848
HIDESERT_2_N001,34.145263999987954,-116.18586145110677,26.55774
HIDESERT_2_N018,34.145263999987954,-116.18597054889322,26.55774
HIGGINS_1_N001,39.043590575891166,-121.09071766620363,25.7804
HIGGINS_1_N002,39.04341142399536,-121.0907176664961,25.7804
HIGGINS_1_N004,39.04341142399536,-121.09094833350389,25.7804
HIGHLD_1_N001,38.93741777608508,-122.609034,25.55601
HIGHLD_1_N005,38.937337111942234,-122.60909387327588,25.55601
HIGHWAY_1_N001,38.166048151820924,-122.253616,26.75007
HIGHWAY_1_N002,38.16596692407439,-122.25355635179834,26.75007
HILLSDLE_6_N001,37.536271,-122.322394,27.38316
HILLSIDE_1_N001,37.879999999986126,-122.23994272916374,26.59781
HILLSIDE_1_N004,37.879999999986126,-122.24005727083625,26.59781
HILMAR_LNODEDR1,37.4189785637285,-120.849304571346,26.26657
HILMAR_LNODEDR2,37.4188603223578,-120.849075716434,26.2639
HILMAR_LNODEDR4,37.4189333711687,-120.849077780203,26.26657
HILMAR_LNODEDR5,37.4188652133943,-120.849148221032,26.2639
HILMAR_LNODEDR7,37.4188555229834,-120.849223847561,26.2639
HILMAR_LNODER17,37.4189123657556,-120.849307362712,26.26657
HINSON_6_N001,33.81885999995258,-118.22236564005779,26.71
HLFMNBY_6_N002,37.46874323375435,-122.43018,27.51939
HLFMNBY_6_N004,37.46866188310803,-122.43012082319957,27.51939
HLFMNBY_6_N101,37.46866188310803,-122.43023917680043,27.51939
HMBLTBY_6_N003,40.78280899998469,-124.11247771670773,27.10535
HOBARTTP_LNODE19,39.400047,-120.149888,25.64684
HOLLISTR_1_N001,36.862728962246265,-121.405867,27.0172
HOLLISTR_1_N004,36.86264801886252,-121.40580858969733,27.0172
HOLLISTR_1_N101,36.86264801886252,-121.40592541030266,27.0172
HOMEGRND_1_N001,38.96,-122.84,25.55601
HOMEPROC_1_N001,38.94,-122.85,25.55067
HONCUT_1_N001,39.320099,-121.595289,25.74567
HOOPA_6_N001,41.056514,-123.682252,26.36274
HORSESHE_1_N001,38.744281999985915,-121.16156545871566,26.05287
HORSESHE_1_N002,38.744281999985915,-121.16168054128434,26.05287
HPLNDJT_6_N001,38.972898,-123.081134,25.70827
HSK_LA_LNODEKSS,34.487,-118.514,26.09027
HUGHSON_LNODEDR1,37.5949433309328,-120.846755674049,26.20246
HUGHSON_LNODEDR2,37.5949478453779,-120.846639431615,26.20246
HUGHSON_LNODEDR3,37.5948895849844,-120.846669736494,26.20246
HUGHSON_LNODEDR4,37.5949564824944,-120.846831604577,26.20246
HUGHSON_LNODEDR5,37.594883530932,-120.846800432358,26.20246
HUGHSON_LNODEDR8,37.5948895004896,-120.84669840193,26.20246
HUNT1G_7_N002,33.64610399995311,-117.97753404459904,26.79014
HUNT2G_7_N002,33.645950581890766,-117.97761038065147,26.79014
HUNT3G_7_N002,33.64596651133317,-117.97781805443613,26.79014
HUNT4G_7_N002,33.646116990569396,-117.97792719657157,26.79014
HURLEY_LNODE12LD3,38.587283,-121.418244,25.48389
HURON_6_N001,36.185797,-120.104535,26.22116
HUR_LNODENE1,38.58818333333333,-121.418666944444,26.08225
HUR_LNODENE2,38.58818333327699,-121.41855194404475,26.08225
HUR_LNODENE3,38.58810548632912,-121.41860944430671,26.08225
HUR_LNODENE4,38.58810548632912,-121.41872444458129,26.08225
HUR_LNODENE5,38.58818333327699,-121.41878194484326,26.08225
HUR_LNODENE7,38.58826118030932,-121.41872444470597,26.08225
HUR_LNODENE8,38.58826118030932,-121.41860944418204,26.08225
HWD_SUB_LNODEONA,34.088090251059334,-118.34689102435425,26.14636
HWD_SUB_LNODEONB,34.0879097488445,-118.34689102458658,26.14636
HWD_SUB_LNODEONC,34.0879097488445,-118.34710897541342,26.14636
HWD_SUB_LNODEOND,34.088090251059334,-118.34710897564575,26.14636
HYATT_2_N212,39.54,-121.47,25.78307
IBM-CTLE_1_N001,37.33,-121.74,26.72069
IBM-HRRS_1_N001,37.339999999986375,-121.73994319553019,26.69397
IBM-HRRS_1_N101,37.339999999986375,-121.74005680446982,26.69397
IGNACIO_1_N102,38.07555099998604,-122.54000436436782,26.39479
IMHOFF_1_N001,38.001509,-122.066739,26.68062
IMPRLBCH_6_N001,32.58332899998902,-117.09716179037093,26.77411
IMPRLBCH_6_N004,32.58332899998902,-117.09726820962906,26.77411
INDIANW_1_N001,33.75822999998817,-116.36079489140164,26.10362
INDIANW_1_N005,33.75822999998817,-116.36090310859835,26.10362
INDNFLT_6_N001,37.66547,-119.841331,28.45968
INDUSTRL_LNODEDR1,37.4786063003132,-120.866935168966,26.26657
INDUSTRL_LNODEDR2,37.4784258031614,-120.866836967643,26.26657
INDUSTRL_LNODEDR3,37.4784244272802,-120.866662034426,26.26657
INDUSTRL_LNODEDR5,37.4785292936467,-120.866935824384,26.26657
INDUSTRL_LNODEDR7,37.4784403782944,-120.866928290638,26.26657
INDUSTRL_LNODEDR8,37.4784247171011,-120.866748607625,26.26657
INGRMC_1_N001,37.83,-121.17,26.58979
INYOKERN_1_N001,35.65261399998741,-117.79478579202693,36.0
INYOKERN_1_N008,35.65261399998741,-117.79489620797307,36.0
IRONMTN_2_N001,34.16,-115.12,25.91663
IUKA_6_N001,37.665987,-121.831011,26.62452
JACINTO_6_N001,39.582923,-122.010645,26.01814
JAMACHA_6_N001,32.744163749547276,-116.957239,52.04
JAMACHA_6_N006,32.74408312521416,-116.95718365728564,52.04
JAMACHA_6_N015,32.74408312521416,-116.95729434271436,52.04
JAMESON_1_N001,38.205743,-122.147539,26.56842
JANSCRK_6_N001,40.905394259900845,-124.072573,27.07062
JANSCRK_6_N003,40.90531287003298,-124.0725108262728,27.07062
JARVIS_1_N014,37.59572442721241,-122.01803387245575,27.26295
JARVIS_1_N016,37.595543572677634,-122.01803387273313,27.26295
JARVIS_1_N017,37.595543572677634,-122.01826212726687,27.26295
JARVIS_1_N101,37.59572442721241,-122.01826212754425,27.26295
JCBSCRNR_6_N001,36.22245499998718,-119.77977650530629,26.56575
JCBSCRNR_6_N003,36.22245499998718,-119.77988749469371,26.56575
JENNY_1_N001,37.769999999986226,-122.25994279875593,27.26028
JENNY_1_N008,37.769999999986226,-122.26005720124407,27.26028
JESSUP_1_N001,40.462102,-122.328061,25.74834
JMSCNPMP_1_N001,38.19,-122.47,26.70733
JOHANNA_2_N001,33.71362395818503,-117.852576,26.82219
JOHANNA_2_N007,33.71354302089469,-117.85251982319095,26.82219
JOLON_6_N001,36.013308,-121.167635,26.9424
KAMM_1_N001,36.58,-120.52,26.4402
KANAKA_1_N001,39.439999999985574,-121.38994201903363,25.49992
KEARNEY_6_N001,36.704357999986875,-119.88278399673257,26.85425
KEARNEY_6_N099,36.704357999986875,-119.88289600326743,26.85425
KEARNEY_7_N001,32.832849999988746,-117.13199871171014,29.84968
KEARNEY_7_N003,32.832849999988746,-117.13210528828985,29.84968
KELSO_2_N001,37.797722,-121.601591,26.13835
KERMAN_6_N001,36.69205999998684,-120.05918901200307,26.69664
KERMAN_6_N002,36.69205999998684,-120.05930098799692,26.69931
KERNOIL_1_N001,35.44070999998741,-119.02061483035583,26.50431
KERNOIL_1_N012,35.44070999998741,-119.02072516964418,26.50431
KERNPWR_1_N002,35.37980096994444,-119.097984,26.37342
KERNPWR_1_N201,35.37972001501422,-119.09792667452027,26.37342
KERNRDGE_1_N001,35.48320899998747,-119.76358482417542,26.40548
KERNRV_1_N001,35.37972001501422,-119.09804132547973,26.49363
KERNWATR_1_N001,35.400666,-119.035603,26.40013
KESWICK_6_N001,40.623725,-122.462027,25.95136
KETTLEMN_6_N001,36.044075,-120.112696,26.30931
KETTNER_6_N001,32.733172,-117.173774,26.78212
KIERNAN_LNODETUB,37.71047,-121.0139,26.36541
KINGCTY_6_N001,36.21683446252504,-121.1266820197143,26.6726
KINGCTY_6_N002,36.21683446252504,-121.1269039802857,26.6726
KINGCTY_6_N005,36.217013537372516,-121.12690398053972,26.6726
KINGSBRG_1_N001,36.48869063297857,-119.58234525016937,26.57377
KINGSBRG_1_N008,36.48861299994815,-119.58228950045047,26.57377
KIRKER_1_N001,38.0212542075842,-121.905844,26.63253
KIRKER_1_N005,38.02117289619287,-121.90578440854696,26.63253
KIRKER_1_N006,38.02117289619287,-121.90590359145303,26.63253
KNA_LNODENA2,40.654722,-122.389167,25.80177
KNGHTSLD_1_N001,38.809281,-121.74515,26.06622
KONOCTI6_6_N001,38.9325,-122.741085,25.60677
KYOCERA_6_N001,32.819776,-117.140362,29.90727
LADDCM_LNODEARD,37.73258,-121.01392,26.36541
LAFRESA_6_N001,33.86979104273171,-118.33319,26.7474
LAFRESA_6_N007,33.869709978621295,-118.33324636755688,26.7474
LAGNANL_1_N001,33.49498074466377,-117.70295838393929,26.89432
LAGNANL_1_N002,33.494801255243225,-117.70295838416239,26.89432
LAGNANL_1_N005,33.494801255243225,-117.70317361583761,26.89432
LAGNANL_1_N006,33.49498074466377,-117.70317361606071,26.89432
LAGRANG_LNODEOAD,37.6697612035926,-120.443808701526,26.21849
LAGUBELL_6_N001,33.975996097823064,-118.14794,26.56842
LAGUBELL_6_N210,33.97591495107552,-118.14799649540468,26.56842
LAGUNATP_6_N001,36.748942999986895,-121.60530194075191,26.84891
LAGUNITS_6_N001,36.748942999986895,-121.60541405924809,27.36446
LAJOLLA_6_N001,32.840121999988746,-117.27517670850455,28.18145
LAJOLLA_6_N007,32.840121999988746,-117.27528329149546,28.18145
LAKEVIEW_6_N101,35.093678,-119.10139,27.10802
LAKEVLLE_1_N001,38.251505,-122.580692,26.33335
LAKEWOOD_1_N001,37.909008286572075,-122.05701271293042,26.71267
LAKEWOOD_1_N003,37.90892999994441,-122.05695542598274,26.71267
LAKEWOOD_1_N004,37.90885171340006,-122.05701271305232,26.71267
LAKEWOOD_1_N006,37.90885171340006,-122.05712728694768,26.71267
LAKEWOOD_1_N007,37.90892999994441,-122.05718457401727,26.71267
LAKEWOOD_1_N009,37.909008286572075,-122.05712728706959,26.71267
LAK_SM_LNODENE2,38.658077794318025,-121.13012359377534,26.07424
LAK_SM_LNODENE3,38.65799999994368,-121.13006607656462,26.07424
LAK_SM_LNODENE4,38.657922205653776,-121.13012359390028,26.07424
LAK_SM_LNODENE6,38.657922205653776,-121.13023862832172,26.07424
LAK_SM_LNODENE7,38.65799999994368,-121.13029614565738,26.07424
LAK_SM_LNODENE8,38.658077794318025,-121.13023862844666,26.07424
LAMONT_1_N001,35.296667999987505,-118.86162984910735,26.48027
LAMONT_1_N002,35.296667999987505,-118.86174015089266,26.48027
LAPHAM_LNODEQBZ,37.639494,-120.919982,26.34671
LAPHAM_LNODEXBC,37.63949399994495,-120.91986779708742,26.34671
LAPLMG1_7_N001,35.29516599994997,-119.59192469860037,26.2078
LAPLMG2_7_N001,35.2950123151544,-119.59200269352937,26.20513
LAPLMG3_7_N001,35.29502827228419,-119.59221488028864,26.20513
LAPLMG4_7_N001,35.29517901313358,-119.59232639423358,26.20513
LASPALMS_1_N001,36.8,-119.69,26.73671
LASPLGS_6_N001,33.31288499998846,-117.46694237728786,27.46597
LASPULGS_6_N001,33.31288499998846,-117.46704962271214,27.10001
LAURELES_6_N001,36.47781599998705,-121.7268922619553,27.74378
LAWRENCE_1_N001,37.397207,-122.010126,27.13473
LAWRENCE_1_N003,37.39720699994556,-122.01001226428907,27.13473
LAWRENCE_1_N004,37.39711664332103,-122.010126,27.13473
LAWRENCE_LNODEENCE,37.397297356679005,-122.010126,25.45183
LBEACH2G_7_N002,33.818691093192,-118.22254906136247,26.71
LCIENEGA_6_N001,34.000751,-118.378408,26.81685
LEGRAND_1_N001,37.184412,-120.273463,26.98781
LEMOORE_6_N002,36.30998799998711,-119.79822042969916,26.69397
LEMOORE_6_N101,36.30998799998711,-119.79833157030085,26.69397
LEPRINO_1_N001,37.748396,-121.41576,26.64055
LERDO_1_N001,35.50010399998744,-119.15188082156193,26.48027
LERDO_1_N004,35.50010399998744,-119.15199117843807,26.48027
LILAC_6_N001,33.25325899998847,-117.08580343192692,27.06528
LILAC_6_N010,33.25325899998847,-117.08591056807307,27.06528
LIMESTNE_6_N001,38.63377399998596,-120.97960448884528,26.10095
LINCON_LNODECRZ,37.63940356621228,-120.91986779722644,26.34671
LINCON_LNODEFCN,37.639339619957,-120.91994855081084,26.34671
LINDEN_6_N101,38.016891,-121.095875,26.70733
LITEHIPE_6_N001,33.88040091918611,-118.17506849549716,26.67794
LITEHIPE_6_N008,33.88058108071875,-118.17528550473195,26.67794
LIVERMRE_6_N001,37.68013099998621,-121.78059286544908,26.58979
LIVERMRE_6_N003,37.68013099998621,-121.78070713455092,26.58979
LIVNGSTN_6_N001,37.363379203022006,-120.760425,26.80617
LLAGAS_1_N001,37.006958040367174,-121.557391,27.33775
LLAGAS_1_N003,37.00687697980194,-121.55733239433584,27.33775
LLAGAS_1_N005,37.00687697980194,-121.55744960566416,27.33775
LMEC1_1_N001,38.030625,-121.896783,26.57911
LMEC1_1_N101,38.03062499994427,-121.89666830800388,26.57911
LMEC1_1_N601,38.0305346591732,-121.89666830814532,26.57911
LMEC1_1_N801,38.03047077865233,-121.89674940756281,26.57911
LMECCT1_7_N001,38.0304867914731,-121.89697004046927,26.57911
LMECCT2_7_N001,38.03063805852326,-121.89708599331652,26.57911
LMECST1_7_N001,38.03081089924409,-121.89703337694175,26.57911
LMPC-CTY_1_N001,34.6,-120.39,26.25588
LOCKHD1_1_N001,37.409054,-122.03213,27.15076
LOCKHD2_1_N001,37.416224,-122.030655,27.15343
LOGANCR_2_N001,39.53955399998549,-122.26277291112409,25.97807
LOGANCR_2_N010,39.53955399998549,-122.26288908887592,25.97807
LONESTAR_1_N001,37.511676999986356,-122.20756301431467,27.40186
LOSALTS_6_N004,37.3939352129738,-122.114735,27.18281
LOSALTS_6_N005,37.393853893498445,-122.11467590496156,27.18281
LOSALTS_6_N101,37.393853893498445,-122.11479409503845,27.18281
LOSCCHS_6_N001,32.85981772690813,-116.899263,26.66993
LOSCOCHS_6_N001,32.85973713653372,-116.89920760858072,17.99335
LOSCOCHS_6_N034,32.85973713653372,-116.89931839141927,17.99335
LOSGATS_6_N002,37.226423999986494,-121.97722832893687,27.4633
LOSGATS_6_N201,37.226423999986494,-121.97734167106313,27.4633
LOSOSTS_6_N001,36.293864,-121.20007,26.80884
LOVELAND_6_N001,32.796957,-116.792258,17.76095
LOWGAP_7_N001,40.4327289999849,-123.47220368717633,26.4215
LOYALTON_LNODETY,39.6680639999855,-120.24305624345052,25.64684
LOYOLA_6_N001,37.360660999986344,-122.09993417231678,27.07863
LOYOLA_6_N004,37.360660999986344,-122.10004782768323,27.07863
LPFLKBD_6_N001,40.90531287003298,-124.07263517372719,27.06795
LSGLLNS_1_N001,38.022339207228725,-122.537978,26.47226
LSGLLNS_1_N002,38.0222578963706,-122.53791840805536,26.47226
LSGLLNS_1_N003,38.0222578963706,-122.53803759194464,26.47226
LSPSTAS_2_N001,37.700982436898656,-121.73360569835381,26.62719
LSPSTAS_2_N002,37.70080156299109,-121.73360569863272,26.62719
LSPSTAS_2_N010,37.70080156299109,-121.7338343013673,26.62719
LSPSTAS_2_N011,37.700982436898656,-121.73383430164618,26.62719
LSTHLLS_6_N001,35.785755,-119.866138,26.30397
LUCERNE_1_N001,39.110189,-122.81298,26.00479
LUCERNE_1_N004,39.11,-122.81,26.00479
LUIS#3_1_N001,36.65,-120.73,26.41883
LUIS#5_1_N001,36.72,-120.75,26.42417
LVNGSTN_7_N002,37.36329789847426,-120.76036593987695,27.05459
LYOTH-SP_6_N001,37.721862,-121.390858,26.71534
LYTNVLLE_6_N001,39.684962,-123.476979,26.43486
MABURY_1_N001,37.36089599998639,-121.86395517205479,27.2496
MABURY_6_N001,37.36089599998639,-121.86406882794522,26.9985
MADISON_1_N002,38.67073989103906,-121.969138,26.26123
MADISON_1_N201,38.67065905446531,-121.9690782228888,26.26123
MAGUNDEN_1_N002,35.36215899998747,-118.92373215922743,26.53904
MAINE-PR_6_N001,38.385820999985995,-121.77582145519017,26.30664
MALAGA_1_N001,36.69415479048744,-119.72474601890697,26.66726
MALAGA_1_N004,36.69397520940774,-119.72474601916853,26.66726
MALAGA_1_N005,36.69397520940774,-119.72496998083147,26.66726
MALAGA_1_N206,36.69415479048744,-119.72496998109303,26.66726
MANCHSTR_1_N001,36.78803392229639,-119.787488,26.82219
MANCHSTR_1_N002,36.787953038837564,-119.78742968988867,26.82219
MANCHSTR_1_N005,36.787953038837564,-119.78754631011132,26.82219
MANDLY1G_7_N002,34.207498198093205,-119.249016,26.71267
MANDLY2G_7_N002,34.20741690094034,-119.2489592448821,26.71267
MANDLY3G_7_N001,34.20741690094034,-119.2490727551179,26.71267
MANTECA_1_N001,37.80151542742815,-121.22356755493873,26.79815
MANTECA_1_N002,37.80133457246114,-121.22356755521895,26.79815
MANTECA_1_N012,37.80133457246114,-121.22379644478104,26.79815
MANTECA_1_N013,37.80151542742815,-121.22379644506127,26.79815
MANVILLE_1_N001,34.53,-120.43,26.12766
MARGARTA_1_N001,33.55007578845692,-117.62798626281774,26.88363
MARGARTA_1_N002,33.54989621144975,-117.62798626304166,26.88363
MARGARTA_1_N008,33.54989621144975,-117.62820173695833,26.88363
MARGARTA_1_N009,33.55007578845692,-117.62820173718225,26.88363
MARICOPA_6_N001,35.107547,-119.398151,26.36006
MARIPOS2_6_N001,37.50445799998627,-120.00773602136582,28.08837
MARIPOS2_6_N003,37.50445799998627,-120.00784997863418,28.08837
MARPOS_LNODEKSA,37.63932432741219,-120.92006110878681,26.34671
MARPOS_LNODENOX,37.63935564925701,-120.92016824287315,26.34671
MARSHALL_LNODEDR1,37.43587720766,-121.132527674588,26.27993
MARSHALL_LNODEDR2,37.4358760484777,-121.13220043951,26.27993
MARSHALL_LNODEDR3,37.4358798082574,-121.132682875263,26.27993
MARSHALL_LNODEDR4,37.4358789493306,-121.132046059332,26.27993
MARSHALL_LNODEDR5,37.4358787251639,-121.131895544498,26.27993
MARSHALL_LNODER8C,37.435876146414,-121.132374308977,26.27993
MARTELL_6_N001,38.369191999986,-120.79669245138386,26.15705
MARTINEZ_1_N001,38.02,-122.16,26.69397
MCARTHR_6_N001,41.05270199998445,-121.40878106361407,25.05381
MCCALL_1_N026,36.61141783540495,-119.639697,26.48828
MCCALL_1_N030,36.61133708228342,-119.63963891745578,26.48828
MCC_LNODEMCC,38.63008971070796,-121.51320976638306,26.07157
MCDISLE_6_N001,37.93693288402067,-121.52832945017714,26.87562
MCFRLND_6_N001,35.688444,-119.276835,26.56842
MCKEE_1_N001,37.366407204044364,-121.843789,27.19083
MCKEE_1_N005,37.36632589796316,-121.84372993637959,27.19083
MCKEE_1_N101,37.36632589796316,-121.84384806362041,27.19083
MCMULLN1_2_N001,36.592775,-119.989065,26.71267
MCY_LNODE101,38.563116666666666,-121.464371944444,26.08759
MCY_LNODE102,38.563116666610455,-121.4642569555954,26.08759
MCY_LNODE103,38.56302675430868,-121.46425695573926,26.08759
MCY_LNODE104,38.562963176761876,-121.46433826506194,26.08759
MCY_LNODE105,38.562947972391605,-121.46445159764659,26.08759
MCY_LNODE106,38.5629791136348,-121.46455946901716,26.08759
MCY_LNODE107,38.56304468834792,-121.46463814131086,26.08759
MCY_LNODE108,38.56312966325024,-121.46467572198618,26.08759
MDLRIVR_6_N001,37.93693288402067,-121.52844854982285,26.69931
MDWYPS_6_N001,35.402824999987416,-119.45497183549746,26.4776
MECCTG1_7_N100,37.239909741275135,-121.77988662517618,26.64856
MECCTG2_7_N100,37.2400902586168,-121.78011337509535,26.64856
MEDWLNE_1_N001,37.963141225082815,-122.052361,26.7287
MEDWLNE_1_N002,37.963059887443606,-122.05230143651556,26.7287
MEDWLNE_1_N006,37.963059887443606,-122.05242056348443,26.7287
MELROSE_6_N001,33.206560573300976,-117.25285494469412,26.95576
MELROSE_6_N004,33.20638142660739,-117.25285494491321,26.95576
MELROSE_6_N005,33.20638142660739,-117.25306905508678,26.95576
MELROSE_6_N009,33.206560573300976,-117.25306905530589,26.95576
MENLO_6_N001,37.4330313740754,-122.20260718789906,27.54878
MENLO_6_N002,37.43285062581547,-122.2026071881739,27.54878
MENLO_6_N003,37.43285062581547,-122.2028348118261,27.54878
MENLO_6_N004,37.4330313740754,-122.20283481210093,27.54878
MERCEDFL_7_N001,37.27292328168154,-120.48675154649395,27.05726
MERCED_1_N001,37.27274271821013,-120.48697845323395,26.96644
MERCED_1_N002,37.27292328168154,-120.48697845350604,26.96911
MERIDIAN_6_N101,37.225299,-121.744182,26.02883
MESACAL_6_N001,34.037454,-118.109265,26.48294
MESAHGTS_6_N001,32.829628731503114,-117.157263,29.96143
MESAHGTS_6_N007,32.82954813423625,-117.15720762268285,29.96143
MESARIM_6_N001,32.90498753633711,-117.17294735480384,26.84891
MESARIM_6_N007,32.90480846357245,-117.1729473550195,26.84891
MESARIM_6_N008,32.90480846357245,-117.1731606449805,26.84891
MESARIM_6_N012,32.90498753633711,-117.17316064519616,26.84891
METCALF_1_N018,37.22435199998651,-121.74197733145253,26.6913
METTLER_6_N001,38.078067,-121.2867,26.09828
MEYERS_LNODE31,38.877195,-119.986125,25.4732
MEYERS_LNODE32,38.87719499994345,-119.98600982501117,25.4732
MEYERS_LNODE33,38.87710533707398,-119.986125,25.4732
MEYERS_LNODE34,38.87719499994345,-119.98624017498884,25.4732
MEYERS_LNODE35,38.87728466292607,-119.986125,25.4732
MI-WUK_1_N001,38.052745,-120.217268,25.28087
MIDDLTWN_6_N002,38.7527889999859,-122.60852945612646,26.26123
MIDDLTWN_6_N101,38.7527889999859,-122.60864454387354,26.26123
MILLBRAE_1_N001,37.605189,-122.391045,27.41789
MILLBRAE_1_N004,37.60518899994505,-122.39093085578821,27.41789
MILLBRAE_1_N201,37.60518899994505,-122.3911591442118,27.41789
MILLBRAE_6_N001,37.6052794289691,-122.391045,27.46597
MILLER_1_N001,37.81,-121.1,26.54972
MILPITAS_1_N001,37.415395,-121.888564,27.16412
MILPITAS_1_N003,37.41539499994551,-121.8884502251851,27.16412
MILPITAS_1_N005,37.41530463419468,-121.888564,27.16412
MILPITAS_1_N006,37.41539499994551,-121.88867777481491,27.16412
MINNIER_LNODEJFF,37.71289,-120.93858,26.34137
MIRABEL_6_N001,38.489406,-122.894261,26.515
MIRALOMA_6_N001,34.004371186293284,-117.56506721001799,26.45356
MIRAMAR_6_N001,32.89408253805123,-117.13552936589245,26.84623
MIRAMAR_6_N004,32.89390346185827,-117.135529366108,26.84623
MIRAMAR_6_N017,32.89390346185827,-117.135742633892,26.84623
MISSION_6_N001,32.784191999954906,-117.13741946348074,30.3139
MISSION_6_N031,32.78411443272647,-117.13747273178681,30.3139
MISSION_6_N040,32.78411443272647,-117.13757926821319,30.3139
MISSION_6_N049,32.784191999954906,-117.13763253651926,30.3139
MKT_SUB_LNODEONA,34.0434902173762,-118.24599112234871,26.14102
MKT_SUB_LNODEONB,34.04330978252786,-118.24599112258036,26.14102
MKT_SUB_LNODEONC,34.04330978252786,-118.24620887741963,26.14102
MKT_SUB_LNODEOND,34.0434902173762,-118.24620887765128,26.14102
MNDCTP_6_N001,39.251247,-123.196582,25.91663
MOFTFLD_1_N002,37.41,-122.04,27.14007
MOLINO_6_N002,38.42527299998595,-122.83215753598292,26.70199
MOLINO_6_N101,38.42527299998595,-122.83227246401708,26.70199
MONOLITH_6_N029,34.92999999998754,-118.4199449189089,26.22116
MONOLITH_6_N101,34.92999999998754,-118.4200550810911,26.22116
MONROE_1_N001,38.45321800700051,-122.743668,26.33068
MONROE_1_N002,38.45313699648462,-122.74360827529611,26.33602
MONROE_1_N101,38.45313699648462,-122.74372772470389,26.33602
MONSRATE_6_N001,33.32908099998846,-117.23541536188321,27.17213
MONSRATE_6_N007,33.32908099998846,-117.23552263811678,27.17213
MONTAGUE_1_N001,37.40375521599691,-121.905675,27.42056
MONTAGUE_1_N006,37.403673891986756,-121.90561589392182,27.42056
MONTAGUE_1_N007,37.403673891986756,-121.90573410607819,27.42056
MONTCLLO_1_N008,38.48,-122.32,26.07424
MONTEREY_6_N001,36.599917,-121.890341,26.88096
MONTERO_6_N001,38.47145299998595,-123.01207452586034,26.85158
MONTERO_6_N004,38.47145299998595,-123.01218947413966,26.85158
MONTGMRY_6_N001,32.631633999988686,-117.09951777952129,26.68329
MONTGMRY_6_N002,32.631633999988686,-117.0996242204787,26.68329
MONTPELR_LNODEDR3,37.5513950204046,-120.771210942368,26.25321
MONTPELR_LNODEDR4,37.5513208784333,-120.77132554154,26.25321
MONTPELR_LNODEDR5,37.5513203022304,-120.771217224249,26.25321
MONTPELR_LNODEDR7,37.551320342333,-120.771557696814,26.25321
MONTPELR_LNODEDR8,37.5513195014288,-120.771445581179,26.25321
MOORPARK_6_N001,34.28245799998789,-118.90073231455499,26.4776
MORAGA_1_N001,37.848008,-122.160732,26.59246
MORGAN_1_N001,37.12745917114046,-121.65871690356438,26.30664
MORMON_6_N001,37.968746,-121.185898,26.49096
MOROHILL_6_N001,33.252187,-117.300305,27.06261
MORROBY_1_N001,35.373004,-120.855187,26.54972
MOSSLD_1_N001,36.804150842399494,-121.78373687034716,26.55774
MOSSLND6_7_ND001,36.80399515757413,-121.78384912953872,26.49897
MOSSLND7_7_ND001,36.804150842399494,-121.78384912965284,26.49897
MPLECRK_6_N001,40.767881,-123.87365,26.73404
MREIS-Q_1_N001,38.12,-122.33,26.75007
MRGNHIL_1_N001,37.12727882875214,-121.65871690383386,27.08398
MRGNHIL_1_N004,37.12727882875214,-121.65894309616613,27.08398
MRGNHIL_1_N007,37.12745917114046,-121.65894309643562,27.08398
MRTSVAL_LNODE32,39.329538,-120.170031,25.58273
MRYSVLLE_6_N001,39.13944599998575,-121.58327227419691,26.33068
MRYSVLLE_6_N003,39.13944599998575,-121.58338772580308,26.33068
MSHR60V_6_N001,38.02150699998609,-121.28089465794243,26.72336
MSHR60V_6_N006,38.02150699998609,-121.28100934205757,26.72336
MTEDEN_1_N001,37.63264525976642,-122.10124,27.28966
MTEDEN_1_N005,37.632563870101905,-122.10118066447778,27.28966
MTEDEN_1_N009,37.632563870101905,-122.10129933552223,27.28966
MTNHOUSE_LNODE1KV,37.79428,-121.55964,26.16773
MTNPASS_1_N001,35.508179,-115.53125,25.71095
MTNQUAR_6_N001,38.914515,-121.015694,26.09027
MTVIEW_1_N001,34.07927114678052,-117.240376,26.98781
MTVIEW_1_N004,34.079189926596804,-117.24031938460595,26.98781
MTVIEW_1_N005,34.079189926596804,-117.24043261539406,26.98781
MURRAY_6_N001,32.79087756459772,-117.0229334582287,42.07748
MURRAY_6_N004,32.790698435312095,-117.02293345844329,42.07748
MURRAY_6_N005,32.790698435312095,-117.02314654155671,42.07748
MURRAY_6_N015,32.79087756459772,-117.0231465417713,42.07748
MUSLSLGH_6_N001,36.264507,-119.907357,26.47493
NARROWS1_7_N001,33.13712344927391,-116.2943780565384,24.82943
NARROWS_6_N010,33.137302550634665,-116.29459194367982,26.50279
NATNLCTY_6_N001,32.67305199998863,-117.10726576866911,26.77144
NATNLCTY_6_N005,32.67305199998863,-117.10737223133088,26.77144
NAT_LNODENE1,38.65097779957077,-121.48672359559271,26.07424
NAT_LNODENE2,38.65089999994365,-121.48666608019934,26.07424
NAT_LNODENE3,38.650822200401045,-121.48672359571763,26.07424
NAT_LNODENE4,38.650822200401045,-121.48683862650437,26.07424
NAT_LNODENE5,38.65089999994365,-121.48689614202266,26.07424
NAT_LNODENE6,38.65097779957077,-121.4868386266293,26.07424
NAVSTMTR_6_N001,32.67041199998878,-117.11463876940559,26.79815
NAVSTMTR_6_N011,32.67041199998878,-117.11474523059441,26.79815
NAVY35R_1_N001,35.29,-119.45,26.14903
NBRANCH_6_N001,38.199837,-120.719506,26.18643
NCMETER_1_N001,33.089572,-117.203236,26.7848
NCPA1GY1_7_N001,38.329999999986036,-122.63005744213352,26.02616
NCPA1GY2_7_N001,38.33999999998601,-122.64005744453604,26.03417
NCPA2GY1_7_N001,38.34999999998599,-122.65005744690819,26.02883
NCPA2GY2_7_N001,38.329999999986036,-122.68005744213352,26.02081
NDUBLIN_2_N002,37.86,-121.88,27.07062
NEWARKD_1_N001,37.50049924095103,-121.987091,27.11069
NEWARKD_1_N012,37.500417879509776,-121.98703179018516,27.11069
NEWBURG_6_N001,40.59455299998477,-124.13512748525541,27.20418
NEWBURG_6_N003,40.59455299998477,-124.13524651474458,27.20418
NEWELL_LNODEWELL,41.888139999984205,-121.37832971620207,25.45183
NEWHALL_1_N001,36.86718099998678,-120.32825478878492,26.82754
NEWHALL_1_N002,36.86718099998678,-120.32836721121508,26.82754
NEWMAN_6_B2,37.31543099998646,-121.01505122358405,27.11603
NEWMAN_6_N001,37.31543099998646,-121.01516477641594,27.11603
NOISLMTR_6_N004,32.70244776093939,-117.182166,26.81418
NOISLMTR_6_N009,32.702367119518385,-117.18211067144682,26.81418
NORCO_1_N001,35.28535,-119.308893,26.34938
NORD1_1_N001,39.759998999985385,-121.90689363690683,25.96472
NORD1_1_N003,39.759998999985385,-121.90701036309318,25.96472
NORTECH_1_N001,37.46,-121.76,27.31371
NORTHOAK_6_N003,35.96338313356797,-119.45673850749412,26.55774
NORTHOAK_6_N004,35.96338313356797,-119.45685349250587,26.55774
NORTHOAK_6_N005,37.36329789847426,-120.76048406012305,26.55774
NOVATO_6_N001,38.10860199998601,-122.56828762317217,26.41349
NOVATO_6_N002,38.10860199998601,-122.56840237682783,26.41349
NRTHTWR_1_N001,38.066061192073654,-122.195674,26.85425
NRTHTWR_1_N002,38.06597990394814,-122.1956143891305,26.85425
NRTHTWR_1_N004,38.06597990394814,-122.19573361086951,26.85425
NR_SUB_LNODEONA,34.22909034238915,-118.54339073176756,26.13301
NR_SUB_LNODEONB,34.228909657513995,-118.54339073200198,26.13301
NR_SUB_LNODEONC,34.228909657513995,-118.54360926799801,26.13301
NR_SUB_LNODEOND,34.22909034238915,-118.54360926823244,26.13301
NUMITAP_1_N003,37.5,-122.04,27.2496
NVYSCHL_6_N001,36.59909,-121.877082,26.85959
NWKDIST_2_N001,37.47999999998637,-121.97994304564625,27.10268
NWKDIST_2_N004,37.47999999998637,-121.98005695435374,27.10268
OAKC12_7_N002,37.79751331310943,-122.28096478011268,26.77411
OAKDAL_LNODEMTS,37.66746999998627,-120.95814287556452,26.34137
OAKDAL_LNODENDN,37.66746999998627,-120.95825712443548,26.34137
OAKHURST_1_N001,37.32379499998641,-119.63394921398016,27.05994
OAKHURST_1_N002,37.32379499998641,-119.63406278601984,27.05994
OAKLAND_1_N001,37.79743499994459,-122.28090756034669,26.77144
OAKLAND_1_N006,37.797356686862834,-122.280964780234,26.77144
OAKLAND_1_N033,37.797356686862834,-122.28107921976599,26.77144
OCEANO_1_N001,35.10177099998753,-120.58099587832989,27.00117
OCEANO_1_N004,35.10177099998753,-120.5811061216701,27.00117
OCEANSDE_6_N001,33.19681799998853,-117.381743480479,27.00384
OCEANSDE_6_N002,33.19681799998853,-117.381850519521,27.00384
OIGLASS_1_N001,37.75,-121.31,26.58979
OILDALE_1_N001,35.42,-118.98,26.48561
OILFLDS_6_N001,35.95646873409211,-120.85121,25.95403
OILFLDS_6_N007,35.95638813294024,-120.8511525112428,25.95403
OLDRIVR_6_N001,35.208404,-119.100252,26.66993
OLDTOWN_6_N001,32.766092,-117.192529,26.70199
OLEMA_6_N001,38.042497,-122.786541,26.70733
OLETA_6_N001,38.48064499998599,-120.84462852385393,26.31999
OLETA_6_N003,38.48064499998599,-120.84474347614606,26.31999
OLINDA_6_N001,33.94616008273055,-117.922244,26.55507
OLIVHRST_1_N001,39.0918869999858,-121.54288430472884,26.13835
OLIVHRST_1_N002,39.0918869999858,-121.54299969527116,26.13835
OLY_SUB_LNODEONA,34.03409021003063,-118.45989114327803,26.13835
OLY_SUB_LNODEONB,34.03390978987338,-118.45989114350952,26.13835
OLY_SUB_LNODEONC,34.03390978987338,-118.46010885649046,26.13835
OLY_SUB_LNODEOND,34.03409021003063,-118.46010885672197,26.13835
OMAR_2_N001,35.475983864148716,-118.98698399999999,26.84356
OMWD_6_N001,33.068479,-117.141404,26.80082
ONEILPMP_7_LN001,37.098611,-121.0475,26.45089
OREGNTRL_1_N001,40.61902099998471,-122.32226045686366,25.84718
OREGNTRL_6_N001,40.61902099998471,-122.32237954313634,25.91663
OREGON_LNODENK1,37.63168999998624,-120.9742429051075,26.34671
OREGON_LNODENK2,37.63168999998624,-120.9743570948925,26.34671
ORICK_6_N001,41.294542,-124.056522,26.46691
ORLANDB_6_N001,39.725068,-122.178873,25.87122
OROLOMA_6_N001,36.886866,-120.655928,26.5337
OROSI_6_N006,36.544759,-119.251776,26.73938
OROVILLE_6_N001,39.50524442035656,-121.5593758990519,25.62279
OROVILLE_6_N005,39.50524442035656,-121.5596081009481,25.62279
OROVILLE_6_N102,39.50542357952801,-121.55960810124742,25.62279
ORV_LNODENE1,38.68455,-121.267326944444,26.07424
ORV_LNODENE2,38.68454999994364,-121.26721189591703,26.07424
ORV_LNODENE3,38.68446019318104,-121.26721189606141,26.07424
ORV_LNODENE4,38.68439669026182,-121.26729324758281,26.07424
ORV_LNODENE5,38.68438150373832,-121.26740663898543,26.07424
ORV_LNODENE6,38.6844126084275,-121.26751456633991,26.07424
ORV_LNODENE7,38.6844781061685,-121.26759327946426,26.07424
ORV_LNODENE8,38.68456298132683,-121.2676308796447,26.07424
OTAY_6_N001,32.595376662064226,-117.05752057560969,26.72603
OTAY_6_N014,32.59519733784581,-117.05752057582266,26.72603
OTTER_6_N001,36.47781599998705,-121.7270037380447,27.74378
OVES_SUB_LNODEBKB,37.43792099998635,-118.55704491120122,23.45373
OVES_SUB_LNODEBKC,36.443,-118.0438,24.46614
OVES_SUB_LNODEBKD,37.342,-118.441,23.48311
OXFORD_1_N001,36.7,-120.68,26.42417
PACFCBCH_6_N001,32.799218999988646,-117.24014772581532,26.81952
PACFCBCH_6_N004,32.799218999988646,-117.24025427418468,26.81952
PACIFICA_6_N001,37.59458399998625,-122.48892793722666,27.71173
PACIFICA_6_N003,37.59458399998625,-122.48904206277334,27.71173
PADUA_6_N001,34.120216,-117.639076,26.44822
PALMR_1_N001,34.825223,-120.298953,26.75541
PALOMAR_1_N001,33.12281772819047,-117.287925,26.7848
PALOMAR_1_N004,33.1227371358924,-117.28786944194597,26.7848
PALOMAR_1_N013,33.1227371358924,-117.28798055805403,26.7848
PANAMA_6_N001,35.29556801570901,-119.021525,26.6913
PANAMA_LNODECOUERCRK1,35.29548699213203,-119.02146768568419,25.48923
PANAMA_LNODECOUERCRK2,35.29548699213203,-119.02158231431581,25.48923
PANRAMA_1_N001,40.434409,-122.2679,25.6869
PARADISE_1_N001,39.7615578392488,-121.618634,25.92999
PARADISE_LNODEDISE,39.76147708035982,-121.61857334522642,25.45183
PARADISX_6_N001,39.76147708035982,-121.61869465477358,26.71
PARADS_LNODEFEG,37.69056,-121.02061,26.34137
PARADS_LNODEKHB,37.690559999944874,-121.02049571450051,26.34137
PARKWAY_2_N001,38.17,-122.25,26.4028
PAR_LNODEAPM,37.668079999986205,-120.9174128750731,26.33602
PAR_LNODEFVM,37.668079999986205,-120.9175271249269,26.33602
PAULSWT_1_N001,36.99234705413821,-121.98202825128297,27.54344
PAULSWT_1_N004,36.9921669457552,-121.98202825154998,27.54344
PAULSWT_1_N101,36.99234705413821,-121.98225374871703,27.54344
PEABODY_2_N002,38.28558699998594,-121.97025256896055,26.02883
PEABODY_2_N006,38.28558699998594,-121.97036743103946,26.02883
PEACHTON_6_N001,39.3784769999856,-121.68494608007006,26.29862
PEACHTON_6_N004,39.3784769999856,-121.68506191992994,26.29862
PEARBMAP_7_B1,34.508883999950896,-117.91829825412502,26.41349
PEARBMAP_7_B3,34.50879356514072,-117.9182982542441,26.41349
PEARBMAP_7_B4,34.50872961811796,-117.91837585623696,26.41349
PEARBMBP_7_B1,34.50871432539329,-117.91848402139897,26.41349
PEARBMBP_7_B3,34.50874564762435,-117.91858697434263,26.41349
PEARBMBP_7_B4,34.5088116034329,-117.91866205952238,26.41349
PEARBMCP_7_B1,34.50889707216307,-117.91869792664747,26.41349
PEARBMCP_7_B3,34.50898737191128,-117.91869193094361,26.41349
PEARBMDP_7_B1,34.50907009278566,-117.91864757930026,26.41349
PEASE_1_N001,39.17010299998576,-121.66113925312504,26.27458
PEASE_1_N009,39.17010299998576,-121.66125474687495,26.27458
PENDLETN_6_N001,33.30925299998849,-117.3349783807102,27.08665
PENDLETN_6_N004,33.30925299998849,-117.3350856192898,27.08665
PENNGRVE_1_N001,38.315547,-122.681119,26.43753
PENRYN_6_N001,38.8444299999859,-121.16613942513398,26.14636
PENRYN_6_N004,38.8444299999859,-121.16625457486602,26.14636
PERMNNTE_6_N002,34.355793,-116.855947,26.92637
PERRY_6_N008,35.570805,-121.055868,27.26562
PETLMAA_6_N001,38.234002,-122.636285,26.33602
PETLMAC_6_N002,38.2390641182539,-122.636804,26.60048
PETLMAC_6_N003,38.23898294085798,-122.63674432895719,26.60048
PETLMAC_6_N004,38.23898294085798,-122.6368636710428,26.60048
PGG_LNODESS1,38.531716666610464,-121.39934830807131,26.08759
PGG_LNODESS2,38.531794557439916,-121.39929082076439,26.08759
PHILLIPS_1_N001,37.34,-122.03,27.10535
PHILO_6_N001,39.063719,-123.437524,25.97273
PICO_1_N001,33.45676299998844,-117.58919323286267,26.85158
PICO_1_N004,33.45676299998844,-117.58930076713733,26.85158
PIERCY_1_N201,37.28,-121.83,26.93439
PIKECTY_6_N001,39.438734,-120.997847,25.42245
PIONEER_LNODEBUS,37.39756017328021,-120.7270641608972,26.24253
PIONEER_LNODEDR1,37.39756017322573,-120.72695042442128,26.24787
PIONEER_LNODEDR2,37.3974698163648,-120.7269504245584,26.24787
PIONEER_LNODEDR3,37.3974059244655,-120.72703084832322,26.24787
PIONEER_LNODEDR4,37.39739064492007,-120.72714294658331,26.24787
PIONEER_LNODEDR5,37.39742194014138,-120.72724964310564,26.2452
PIONEER_LNODEDR6,37.397487839085414,-120.72732745855615,26.2452
PIONEER_LNODEDR7,37.39757323413797,-120.72736462991926,26.24787
PIONEER_LNODEDR8,37.397663456054794,-120.72735841623376,26.24787
PIONEER_LNODEDR9,37.39774610563929,-120.72731245188831,26.24787
PIONEER_LNODER15,37.397811856418734,-120.72723443776906,26.2452
PIT1_6_N001,38.030670659249246,-121.86908630802888,24.94429
PIT3_7_N001,38.030606778782065,-121.8691674075287,24.72792
PIT5_7_B1,38.030591501969816,-121.86928044765509,24.78669
PITSBURG_1_N001,38.03101263810665,-121.86937270758541,26.58979
PITTSBRG_6_N101,38.031055408073875,-121.8692716827705,26.06355
PLACERVL_1_N001,38.73027886166341,-120.788047,26.0689
PLACER_1_N001,38.901310999985846,-121.08802340262966,26.00211
PLACER_7_N009,38.901310999985846,-121.08813859737035,25.95403
PLAINFLD_6_N001,38.61887,-121.793976,27.03589
PLANETRN_LNODEANET,34.16127269818337,-114.38177086876138,25.62814
PLOALTO_1_N001,33.356029648193925,-117.1119886715524,27.55412
PLOALTO_1_N007,33.35585035171371,-117.11198867177347,27.55412
PLOALTO_1_N013,33.35585035171371,-117.11220332822651,27.55412
PLUMAS_6_N001,39.026121,-121.54308,26.21582
PNEDLE_1_N001,36.829999999986725,-119.82994383698444,26.98514
PNEDLE_1_N002,36.829999999986725,-119.83005616301556,26.99583
PNEGRVE_6_N001,38.41271199998601,-120.6602245387678,26.31732
PNEGRVE_6_N002,38.41271199998601,-120.6603394612322,26.31732
PNTARNA_6_N001,38.912571,-123.679495,26.31999
POC_LNODENE2,38.490383333333334,-121.470263055556,26.09828
POC_LNODENE3,38.49038333327713,-121.4701480990094,26.09828
POC_LNODENE4,38.490293355392375,-121.470263055556,26.09828
POC_LNODENE7,38.49038333327713,-121.47037801210259,26.09828
POC_LNODENE8,38.49047331127424,-121.470263055556,26.09828
POINTLMA_6_N013,32.74152175021991,-117.233364,26.7848
POINTLMA_6_N014,32.74144112487782,-117.23330865823404,26.7848
POLPASPP_6_N002,38.57552299994369,-121.49770299452835,26.41616
POMERADO_6_N001,32.941482719314884,-117.032882,26.54972
POMERADO_6_N004,32.9414021403303,-117.03282656531631,26.54972
POMERADO_6_N008,32.9414021403303,-117.03293743468369,26.54972
PORTOLA_LNODE31,39.803943999985336,-120.46453157749829,25.64684
PORTOLA_LNODE32,39.803943999985336,-120.46464842250171,25.64684
POSOMT_1_N001,35.559194,-118.957501,26.57377
POST_1_N001,39.11,-121.64,26.28794
POTRERO_1_N001,37.46005423161257,-122.4,27.5835
POTRERO_1_N013,37.45997288417899,-122.39994083241324,27.5835
POTRERO_1_N016,37.45997288417899,-122.40005916758676,27.5835
POUST_LNODEIGQ,37.69046956305469,-121.02049571463989,26.34404
POUST_LNODELD2,37.6904056145667,-121.02057652662188,26.34404
POWAY_6_N001,32.978722999988655,-117.03130363648788,26.64589
POWAY_6_N010,32.978722999988655,-117.03141036351212,26.64589
PP1_LNODEOAD,34.59026131985074,-118.4546210726575,26.09294
PP1_PP2_LNODELMW,34.59026131985074,-118.4547309273425,26.09294
PP2_LNODEAUX,34.53433699995089,-118.52522278142764,26.09027
PP2_LNODEOAD,34.534427436468654,-118.525113,26.09027
PPSTLTAP_1_N001,38.01999999998606,-122.36994265860079,26.76877
PPSTLTAP_1_N104,38.01999999998606,-122.3700573413992,26.76877
PRAXAIR_1_B1,37.99999999998611,-121.80994266753221,26.68062
PRCTRVLY_1_N001,32.665044,-116.986801,26.42952
PRSCOT_LNODEAEJ,37.6903903214879,-121.02068916599474,26.34671
PRSCOT_LNODETKD,37.69042164442615,-121.02079637755577,26.34671
PRUNEDLE_1_N001,36.785518920972784,-121.671051,26.77411
PRUNEDLE_1_N002,36.785438039499425,-121.67099269323379,26.77411
PSARBLS_6_N001,35.61564884893555,-120.67989,26.77144
PSARBLS_6_N005,35.61556807551859,-120.67983263488163,26.77144
PSARBLS_6_N007,35.61556807551859,-120.67994736511837,26.77144
PTMRTTI_6_N001,37.030856,-122.187639,27.20418
PTR_PP_LNODEROM,35.24801901925079,-118.1756473615291,25.79376
PUEBLOPG_1_N001,38.345348999986,-122.29956355419145,26.56842
PUEBLOPG_1_N010,38.345348999986,-122.29967844580855,26.56842
PURISIMA_1_N001,34.700622,-120.435261,26.30397
QUEBEC_1_N001,36.07,-119.56,26.47226
RADUM_6_N001,37.67264599998626,-121.85946487140774,26.61116
RADUM_6_N004,37.67264599998626,-121.85957912859226,26.61116
RAINBOW_1_N001,36.709983,-119.538157,26.52034
RANCHRS_1_N001,36.700797999986875,-119.75437400116115,26.67527
RANDSBRG_1_N001,35.375699,-117.655868,33.95863
RAWSON_6_N001,40.145295999985066,-122.21242808907787,26.37609
RAWSON_6_N002,40.145295999985066,-122.21254591092213,26.37609
RCARMEL_6_N001,32.99378371822819,-117.077745,26.72069
RCARMEL_6_N004,32.9937031408736,-117.07768953360795,26.72069
RCARMEL_6_N011,32.9937031408736,-117.07780046639205,26.72069
RECTOR_6_N001,36.29851,-119.242336,27.35378
REDBLFF_6_N001,40.1825869024183,-122.244610070096,25.86855
REDBLFF_6_N004,40.1825869024183,-122.24484592990399,25.86855
REDBLFF_6_N005,40.18276709746204,-122.24484593021722,25.86855
REDBUD_1_N001,39.02788699998577,-122.66224734180834,25.5667
REDBUD_1_N004,39.02788699998577,-122.66236265819167,25.5667
REDWOOD_6_N001,37.490252,-122.213021,27.56213
REDWOOD_6_N002,37.49025199994532,-122.2129070707913,27.56213
REDWOOD_6_N005,37.49016160208324,-122.213021,27.56213
REDWOOD_6_N006,37.49025199994532,-122.21313492920869,27.56213
REDWOOD_6_N007,37.49034239791678,-122.213021,27.56213
REEDLEY_1_N001,36.605116999986976,-119.3758071174397,26.58178
REEDLEY_6_N001,36.605116999986976,-119.3759188825603,26.59246
REINWY_LNODEGME,37.63942160426353,-120.92024637744797,26.33068
REINWY_LNODEQAC,37.6395070719657,-120.92028370125492,26.33068
RENFRO_1_N001,35.409999999987434,-119.16994483454441,26.33602
RENFRO_1_N010,35.409999999987434,-119.1700551654556,26.34671
RESERVR_LNODEFFW,37.651919999986276,-120.67483288823061,26.32267
RESERVR_LNODEPMW,37.651919999986276,-120.67494711176938,26.32267
RICE_6_N002,39.402805999985674,-122.01287205646442,25.95937
RICE_6_N101,39.402805999985674,-122.01298794353558,25.95937
RICHMOND_1_B1,37.92597623462323,-122.369629,26.80082
RICHMOND_1_N001,37.92589488267337,-122.36956945615904,26.80349
RINCON_1_N001,33.285967608914305,-116.9585228047856,26.03684
RINCON_1_N003,33.28578839099371,-116.95852280500573,26.03684
RINCON_6_N001,33.28578839099371,-116.95873719499427,27.1561
RINCON_6_N008,33.285967608914305,-116.9587371952144,27.1561
RIN_SUB_LNODEONA,34.28105422156671,-118.479,26.14369
RIN_SUB_LNODEONB,34.28097288920359,-118.47894317065887,26.14369
RIN_SUB_LNODEONC,34.28097288920359,-118.47905682934115,26.14369
RIOBRVO_1_N001,35.44252289360183,-119.26010566010629,26.35205
RIOBRVO_1_N006,35.44234310629778,-119.26010566035274,26.35205
RIOBRVTM_1_N001,35.44252289360183,-119.26032633989371,26.2639
RIODELL_6_N001,40.495382,-124.099276,26.91302
RIOHONDO_6_N001,34.10610615849042,-117.97947,26.46157
RIOHONDO_LNODEONDO,34.1060249207417,-117.97952664559254,25.45183
RIPON_1_N001,37.72,-121.13,26.87562
RIVERROC_6_N001,36.902618,-119.771768,27.24692
RIVRBANK_1_N001,37.76895425952452,-120.908163,26.39746
RIVRSIDE_6_N001,34.021990939807104,-117.33196554960466,26.43753
ROADWAY_1_N001,34.590373,-117.431752,26.7287
ROBROY_1_N001,36.979885,-121.867457,27.35645
ROCKET_1_N001,34.933939,-117.692217,30.51921
ROCKLIN_6_N001,38.788043999985874,-121.23171544490323,26.04218
ROCKLIN_6_N003,38.788043999985874,-121.23183055509676,26.04218
ROEDING_LNODEDR1,37.587341764588,-120.935901626126,26.23184
ROEDING_LNODEDR2,37.5872777703549,-120.935976143427,26.23719
ROEDING_LNODEDR3,37.5871231822836,-120.935612409,26.23719
ROEDING_LNODEDR5,37.5870085148256,-120.935981028585,26.23184
ROEDING_LNODEDR6,37.5871259671814,-120.935792411292,26.23184
ROEDING_LNODEDR7,37.5871257817397,-120.935692486018,26.23719
ROGERS_LNODEDR1,37.4749114287345,-121.178218328626,26.2826
ROGERS_LNODEDR2,37.4751811958932,-121.178206809282,26.2826
ROGERS_LNODEDR3,37.4750639771164,-121.17821700138,26.2826
ROGERS_LNODEDR5,37.4748414013345,-121.178225065561,26.2826
ROGERS_LNODEDR7,37.4749721097043,-121.178220428168,26.2826
ROGH-RDY_6_N001,37.95526599998612,-121.33253531114549,26.0502
ROSECYN_6_N001,32.84459772910598,-117.236988,28.16809
ROSECYN_6_N017,32.84451713543481,-117.23693261581597,28.16809
ROSEDAL_1_N001,35.37703397144563,-119.077971,26.38143
ROSELE_LNODEHMV,37.68013999998623,-120.94014286544196,26.34404
ROSELE_LNODERLV,37.68013999998623,-120.94025713455804,26.34404
ROSEMR_LNODEAEI,37.64253,-121.0423,26.33602
ROSE_6_N001,32.84451713543481,-117.23704338418403,26.67527
ROSSMOOR_2_N001,37.86470199998613,-122.08030973806707,26.515
ROSSMOOR_2_N101,37.86470199998613,-122.08042426193292,26.515
RSC_LNODE8LD,38.761389,-121.264722,26.06355
RSM_SUB_LNODEONB,34.244054210355124,-118.392,26.14369
RSM_SUB_LNODEONC,34.24397289480934,-118.39194320739797,26.14636
RSM_SUB_LNODEOND,34.24397289480934,-118.39205679260202,26.14369
RSNTAFE_6_N009,33.014261,-117.198557,26.88096
RSVTNRD_6_N001,36.624374,-121.68835,27.4633
RTRACK_1_N001,37.979737,-120.414515,26.04485
RUSSRCH_6_N001,40.819848,-123.826638,26.71267
RVRBANK_1_N001,37.76887287022286,-120.90810355553742,26.23719
RVRBANK_1_N005,37.76887287022286,-120.90822244446258,26.23719
SAFEWAY_1_N001,37.71,-121.4,26.50698
SALINAS_1_N001,36.683239999986945,-121.65120502290527,26.87295
SALINAS_1_N024,36.683239999986945,-121.65131697709472,26.87295
SANARDO_6_N001,36.073766,-120.936804,26.21582
SANCRLS_6_N001,37.49972924078839,-122.243974,27.56481
SANCRLS_6_N002,37.499647879591045,-122.24391479097326,27.56481
SANCRLS_6_N004,37.499647879591045,-122.24403320902674,27.56481
SANDCRK_6_N001,36.64502999998689,-119.15920293037858,26.73671
SANGER_1_N001,36.70707499998684,-119.6108700066517,26.58178
SANJOQN_6_N001,36.62101099998692,-120.17805409852517,26.55774
SANJOQN_6_N006,36.62101099998692,-120.17816590147483,26.56041
SANLUSRY_6_N013,36.77962699998679,-120.72995490173179,26.79548
SANLUSRY_6_N014,36.77962699998679,-120.73006709826822,26.79548
SANLUSRY_6_N101,33.211532999988535,-117.33442746812834,26.79548
SANLUSRY_6_N201,33.211532999988535,-117.33453453187165,26.79548
SANMATEO_1_N001,37.58333525489619,-122.319035,26.8676
SANMATEO_1_N001A,37.58325387253711,-122.31897570912398,27.22823
SANMATEO_1_N009,33.409472,-117.590641,26.8676
SANMATO_6_N001,37.58325387253711,-122.31909429087602,27.23357
SANMIGL_6_N001,35.75192,-120.684163,26.80082
SANMRCOS_6_N001,33.12885155124498,-117.19722253462301,26.89432
SANMRCOS_6_N007,33.12877399995433,-117.19716906934049,26.89432
SANMRCOS_6_N011,33.12869644873215,-117.19722253471747,26.89432
SANPBLO_1_N001,37.984803,-122.336618,26.78212
SANRAFL_1_N001,37.970858222937125,-122.527065,26.50698
SANRAFL_1_N006,37.97077688851645,-122.52700543261207,26.50698
SANRAFL_1_N007,37.97077688851645,-122.52712456738792,26.50698
SANRAMON_2_N001,37.745125434987564,-121.93600563263105,26.64055
SANRAMON_2_N004,37.74494456490202,-121.93600563291054,26.64055
SANRAMON_2_N023,37.74494456490202,-121.93623436708945,26.64055
SANRAMON_2_N024,37.745125434987564,-121.93623436736895,26.64055
SANTAFE_LNODEPLNT,38.77997308074166,-122.67005981025191,25.45183
SANTARO_1_N001,33.78461699446498,-116.41025972078828,26.10629
SANTARO_1_N014,33.78443700544048,-116.41025972101585,26.10629
SANTARO_1_N017,33.78443700544048,-116.41047627898415,26.10629
SANTARO_1_N021,33.78461699446498,-116.41047627921172,26.10629
SANTEE_1_N001,32.85452999998873,-116.96829070198787,23.69201
SANTEE_1_N004,32.85452999998873,-116.96839729801214,23.69201
SANYSDRO_6_N001,32.562237999988916,-117.02641779453799,26.80884
SANYSDRO_6_N004,32.562237999988916,-117.02652420546201,26.80884
SARATOGA_2_N001,37.28099617234283,-122.014883,26.83822
SARATOGA_2_N006,37.28091491381397,-122.0148240379766,26.83822
SARATOGA_2_N011,37.28091491381397,-122.0149419620234,26.83822
SAUGUS_6_N001,34.4222099999511,-118.5721663854507,26.37075
SAUSALTO_6_N001,37.86340599998612,-122.49836873883264,27.14809
SAUSALTO_6_N002,37.86340599998612,-122.49848326116737,27.14809
SCA_GS_LNODE1AUX,33.91807886040714,-118.42789938920775,26.13568
SCA_GS_LNODE2AUX,33.91816402577284,-118.42793487934084,26.13568
SCA_GS_LNODE4AUX,33.91825400500674,-118.42792894664778,26.13568
SCA_GS_LNODE5AUX,33.91833643226557,-118.42788506116258,26.13301
SCA_GS_LNODE6AUX,33.91840200617013,-118.42781057548723,26.13835
SCA_GS_LNODE7AUX,33.91844466871178,-118.42771492357166,26.13835
SCA_LA_LNODE3SS,33.91846141326686,-118.42760822199088,26.13835
SCA_SUB_LNODEONA,33.918451884282646,-118.42750023805854,26.13568
SCA_SUB_LNODEONB,33.91841787609632,-118.42739967533626,26.13568
SCHINDLR_1_N005,36.402237,-120.138272,26.41082
SCHMLBCH_1_N001,38.3,-121.87,26.51767
SCLARA_6_N001,34.3007956214976,-119.18563240503143,26.71534
SCRIPPS_6_N001,32.91119872129761,-117.112589,26.7848
SCRIPPS_6_N008,32.91111813933897,-117.11253358224198,26.7848
SCRIPPS_6_N013,32.91111813933897,-117.112644417758,26.7848
SCWAX_1_N001,36.700797999986875,-119.75448599883885,26.6726
SCY_LNODE102,38.508556628165735,-121.46418309094265,26.09027
SCY_LNODE103,38.50837670505527,-121.4641830912299,26.09027
SCY_LNODE105,38.50837670505527,-121.4644130198821,26.09027
SCY_LNODE106,38.508556628165735,-121.46441302016935,26.09027
SEARLES_7_N001,35.75666699998737,-117.38050076336167,35.64472
SEMITRPC_1_N001,35.600398,-119.437498,26.29595
SERRMNTE_1_N011,37.69171986891291,-122.4557633854276,27.62624
SFIA-MA_1_N001,37.63904926020716,-122.385896,27.46864
SFIA_1_N001,37.63896786988162,-122.38583665888167,27.43926
SFIA_1_N007,37.63896786988162,-122.38595534111833,27.43926
SHADOWR_1_N001,33.141540731105856,-117.238793,26.79014
SHADOWR_1_N006,33.141460134434745,-117.23873742707973,26.79014
SHADOWR_1_N008,33.141460134434745,-117.23884857292028,26.79014
SHADYGLN_6_N001,39.115058,-120.95331,23.93722
SHAFTER_7_N022,39.77608299994151,-122.10394676937125,26.32534
SHARON_1_N001,37.097275,-120.156454,27.0172
SHAWROAD_1_N001,37.55,-122.42,27.3698
SHLLCHM_6_N001,38.031607,-121.945728,26.06088
SHNGLESR_1_N001,38.65969989665331,-120.946938,26.0689
SHNGLESR_1_N004,38.659619051658225,-120.94687822587784,26.0689
SHNGLESR_1_N103,38.659619051658225,-120.94699777412217,26.0689
SHREDDER_1_N001,37.511676999986356,-122.20767698568532,27.40186
SIERABRK_LNODE19,39.646142,-120.217943,25.64684
SILVERDO_1_N001,38.49950299998593,-122.45908751973128,26.0128
SILVERDO_1_N002,38.49950299998593,-122.45920248026871,26.0128
SISK_LNODEKZH,37.69048760173528,-121.02087456863451,26.35739
SISK_LNODEYUP,37.69057307242136,-121.0209119194331,26.35739
SISQUOC_1_N001,34.87826099998756,-120.33120693531723,26.72336
SISQUOC_1_N020,34.87826099998756,-120.33131706468278,26.72336
SLMNCRK_6_N001,38.343592,-123.044809,26.93973
SMRTVLTP_6_N101,39.207939,-121.301476,24.87217
SMTRPCWS_1_N001,35.59,-119.44,26.29862
SNANDRES_6_N001,37.603294,-122.420424,27.53275
SNBRNRD_6_N001,35.092421,-118.878241,26.59246
SNJOSEB_1_N001,37.34102432531631,-121.9009493888098,27.4072
SNJOSEB_1_N005,37.34084367457506,-121.9009493890831,27.4072
SNJOSEB_1_N009,37.34084367457506,-121.9011766109169,27.4072
SNJOSEB_1_N013,37.34102432531631,-121.9011766111902,27.4072
SNJSEA_1_N001,37.328246190599145,-121.902531,27.39117
SNJSEA_1_N005,37.32816490468582,-121.90247198103432,27.39117
SNJSEA_1_N101,37.32816490468582,-121.90259001896567,27.39117
SNLNDRO_1_N001,37.711237436769906,-122.14880668270004,27.08398
SNLNDRO_1_N014,37.71105656311971,-122.14880668297907,27.08398
SNLNDRO_1_N017,37.71105656311971,-122.14903531702092,27.08398
SNLNDRO_1_N027,37.711237436769906,-122.14903531729996,27.08398
SNROSA_LNODEMEA,37.5099999999863,-121.22994301594794,26.34671
SNROSA_LNODEYWX,37.5099999999863,-121.23005698405206,26.34671
SNTAMRA_1_N001,33.12877399995433,-117.19738293065951,26.73671
SNTAMRA_1_N005,33.12885155124498,-117.19732946537698,26.73671
SNTANLA_6_N001,37.085979,-121.013273,26.53637
SNTARSA_1_N001,38.43691201584367,-122.71331,26.38945
SNTARSA_1_N002,38.43683099206306,-122.71325027901105,26.38945
SNTARSA_1_N006,38.43683099206306,-122.71336972098895,26.38945
SNTARTA_6_N001,37.055061,-120.634086,26.75541
SNTAYNZ_1_N001,34.625273999987726,-120.11813905143147,26.81151
SNTAYNZ_1_N002,34.625273999987726,-120.11824894856854,26.81151
SNTHLNE_6_N001,37.6223639999863,-122.44717791303894,27.63693
SNTHLNE_6_N002,37.6223639999863,-122.44729208696106,27.63693
SOBRANTE_1_N001,37.90594,-122.208144,26.60048
SOLEDAD_6_N001,36.429513,-121.331901,27.07329
SONOFRE_2_N067,33.3697279999884,-117.55438367777961,26.77144
SOUTHBAS_1_N001,34.881503,-117.892023,31.06414
SOUTHBY_6_N001,38.575612901218726,-121.497588,26.35205
SOUTH_LNODE108,40.39538221,-121.8791458,25.46786
SOUTH_LNODE204,40.39538220993951,-121.87902727370097,25.46786
SOUTH_LNODEC542,40.39529194143137,-121.87902727385986,25.46786
SOUTH_LNODEC544,40.39522811201244,-121.87911108453021,25.46786
SOUTH_LNODEC546,40.39521284740522,-121.87922790359386,25.46786
SOUTH_LNODEC547,40.39524411201219,-121.8793390934442,25.46786
SOUTH_LNODEC548,40.39530994650243,-121.87942018597366,25.46786
SOUTH_LNODEC549,40.395395258043976,-121.87945892278287,25.46786
SOUTH_LNODEC550,40.3954853917418,-121.8794524474595,25.46786
SOUTH_LNODEC552,40.39556796052161,-121.87940454742642,25.46786
SPANSHCK_6_N001,40.026139,-120.961748,24.80539
SPENCE_6_N001,36.613591,-121.566779,27.02521
SPICAMIN_1_N001,38.73992576174639,-120.67723108004192,26.03417
SPRINGVL_6_N001,36.10586253074472,-118.93516918490357,27.08932
SPRNGVLY_6_N001,32.73903399998875,-117.00264674817954,26.78747
SPRNGVLY_6_N010,32.73903399998875,-117.00275325182045,26.78747
SQAWVLY_LNODE01,39.20568653401713,-120.20123845453338,25.58807
SQAWVLY_LNODE81,39.20550746586879,-120.20123845482796,25.59074
SQAWVLY_LNODE82,39.20550746586879,-120.20146954517205,25.59074
SQAWVLY_LNODE83,39.20568653401713,-120.20146954546662,25.58807
STAFFORD_6_N002,38.12003299998604,-122.61362861905879,26.43753
STAFFORD_6_N101,38.12003299998604,-122.6137433809412,26.43753
STAGG_2_N001,37.99164936143144,-121.34848834268168,26.42417
STAGG_2_N014,37.99146863845723,-121.34848834296415,26.42417
STAGG_6_N001,37.99146863845723,-121.34871765703586,26.43753
STAGG_6_N003,37.99164936143144,-121.34871765731833,26.43753
STAMPEDE_LNODE19,39.46748199998557,-120.10518300964912,25.64684
STATELN_LNODE01,38.95238461856907,-119.94181675988908,25.4732
STATELN_LNODE22,38.952205381317675,-119.94181676018052,25.4732
STATELN_LNODE23,38.952205381317675,-119.94204723981947,25.4732
STATELN_LNODELY,38.95238461856907,-119.94204724011091,25.4732
STATIN-L_7_N001,37.81024899998616,-122.271385771776,26.76877
STATIND_1_N001,37.837585251800924,-122.263503,26.73671
STATIND_1_N010,37.83750387408463,-122.26344350874284,26.73671
STATIND_1_N013,37.83750387408463,-122.26356249125715,26.73671
STATINJ_1_N001,37.76334825993251,-122.214444,27.2496
STATINJ_1_N012,37.763266870018874,-122.21438455959633,27.2496
STATINJ_1_N027,37.763266870018874,-122.21450344040367,27.2496
STATINL_1_N001,37.81024899998616,-122.271500228224,26.7661
STATINX_1_N001,37.80554442667025,-122.23091354965457,26.75274
STATINX_1_N012,37.805363573219,-122.23091354993484,26.75274
STATINX_1_N014,37.805363573219,-122.23114245006515,26.75274
STATINX_1_N024,37.80554442667025,-122.23114245034543,26.75274
STB_LNODE201,38.57233333333333,-121.483291944444,26.08759
STB_LNODE202,38.57233333327705,-121.48317695138249,26.08759
STB_LNODE203,38.57224342921349,-121.48317695152639,26.08759
STB_LNODE204,38.57217985749196,-121.48325826382802,26.08759
STB_LNODE205,38.572164654514715,-121.48337160056485,26.08759
STB_LNODE206,38.57219579290459,-121.48347947588752,26.08759
STB_LNODE207,38.5722613616095,-121.48355815106362,26.08759
STB_LNODE208,38.57234632872595,-121.48359573311588,26.08759
STB_LNODE209,38.57243609852223,-121.48358945079376,26.08759
STB_LNODE210,38.57251833393617,-121.48354297863219,26.08759
STB_LNODE211,38.572583755229644,-121.4834641025941,26.08759
STB_LNODE212,38.57262631848412,-121.48336281268834,26.08759
STCKTNAR_6_N001,37.963279,-121.323476,26.40815
STCRUZ_LNODECXA,37.627559999986325,-120.97504290860819,26.38945
STCRUZ_LNODEWLS,37.627559999986325,-120.97515709139182,26.38945
STDDRD_LNODECEA,37.704079999986206,-121.06864284680097,26.35739
STDDRD_LNODEWZO,37.704079999986206,-121.06875715319903,26.35739
STDOIL_1_N009,37.94,-122.38,26.79281
STD_LNODENE1,38.57225,-121.500568888889,26.08759
STD_LNODENE2,38.572249999943736,-121.50045389586575,26.08759
STD_LNODENE4,38.57217214071853,-121.50051139243968,26.08759
STD_LNODENE5,38.57217214071853,-121.50062638533832,26.08759
STD_LNODENE6,38.572249999943736,-121.50068388191225,26.08759
STD_LNODENE7,38.57232785925329,-121.50062638546294,26.08759
STD_LNODENE8,38.57232785925329,-121.50051139231506,26.08759
STELLING_1_N001,37.3360521934471,-122.042805,26.96911
STELLING_1_N004,37.33597090326187,-122.04274597179945,26.96911
STELLING_1_N007,37.33597090326187,-122.04286402820055,26.96911
STE_SM_LNODE301,38.58631666666667,-121.472838888889,26.08759
STE_SM_LNODE302,38.586316666610415,-121.47272388936047,26.08759
STE_SM_LNODE303,38.58622677499287,-121.47272388950444,26.08759
STE_SM_LNODE304,38.58616321207191,-121.47280520637891,26.08759
STE_SM_LNODE305,38.58614801119931,-121.4729185494895,26.08759
STE_SM_LNODE306,38.58617914527848,-121.47302643087885,26.08759
STE_SM_LNODE307,38.58624470490619,-121.47310511047952,26.08759
STE_SM_LNODE308,38.586329660260105,-121.47314269464546,26.08759
STE_SM_LNODE309,38.58641941762905,-121.47313641197016,26.08759
STF_LNODEDAX,37.69055999998624,-121.02097285725026,26.36541
STF_LNODEIPN,37.69055999998624,-121.02108714274974,26.36541
STJ_SUB_LNODEONB,34.067054141297895,-118.226,26.14102
STJ_SUB_LNODEONC,34.06697292933807,-118.22594339850212,26.14369
STJ_SUB_LNODEOND,34.06697292933807,-118.22605660149787,26.14102
STKTONA_1_N001,37.94722338217881,-121.28911838573319,26.37075
STKTONA_1_N003,37.947042617710025,-121.28911838601516,26.37075
STKTONA_6_N001,37.947042617710025,-121.28934761398483,26.27993
STKTONA_6_N004,37.94722338217881,-121.2893476142668,26.27993
STLLWATR_6_N001,40.677845,-122.34971,25.91663
STOCKDLE_1_N001,35.316584007161445,-119.06818269302951,26.44554
STOCKDL_2_N001,35.31640399273835,-119.06818269327503,26.37075
STOCKDL_2_N002,35.31640399273835,-119.06840330672496,26.37075
STOCKDL_2_N101,35.316584007161445,-119.0684033069705,26.37075
STOCKM_LNODEVZF,37.62761110994497,-120.9752808828705,26.35739
STOCKM_LNODEXFA,37.62770154232185,-120.9751667,26.35739
STONCRRL_6_N001,36.472251999987044,-119.18811326795893,26.85158
STONCRRL_6_N003,36.472251999987044,-119.18822473204106,26.85158
STONE_1_N001,37.303708999986505,-121.86757223713448,26.91302
STONE_1_N005,37.303708999986505,-121.8676857628655,26.91302
STONYPT_1_N001,38.42,-122.78,26.44554
STOREY1_2_N001,36.98288702744317,-120.033746,26.905
STOREY2_2_N001,36.98280598626407,-120.03380457310557,26.91302
STREAMVW_6_N001,32.745604999988714,-117.07864474591278,26.81418
STREAMVW_6_N007,32.745604999988714,-117.07875125408721,26.81418
STROUD_6_N001,36.530868,-120.104386,26.60582
STUART_6_N001,33.256701,-117.416547,26.99583
STURLOCK_LNODEDR3,37.4835881458663,-120.846727672541,26.26123
STURLOCK_LNODEDR4,37.4835360336794,-120.846797393384,26.26123
STURLOCK_LNODEDR7,37.4834830942642,-120.846867453726,26.26123
STURLOCK_LNODER13,37.483522165007,-120.846657059231,26.26123
SUISUN_1_N001,38.24526219208727,-122.04122215940386,26.52568
SUISUN_1_N008,38.24508180780079,-122.04122215968883,26.52568
SUISUN_1_N009,38.24508180780079,-122.04145184031117,26.52568
SUMMIT_6_N001,39.319203,-120.378897,25.83382
SUNOL_6_N001,37.586891,-121.869379,26.905
SURF_1_N009,34.61,-120.22,26.70733
SWEETWTR_6_N017,32.65811799998879,-117.0916867727539,26.7287
SWEETWTR_6_N018,32.65811799998879,-117.0917932272461,26.7287
SWIFT_1_N001,37.3225281884819,-121.796729,27.03857
SWIFT_1_N003,37.322446905744414,-121.79666998783091,27.03857
SWIFT_1_N006,37.322446905744414,-121.79678801216909,27.03857
SYCAMORE_1_N101,39.76991684305054,-121.824218,25.96472
SYCAMORE_1_N201,39.76983607845885,-121.82415733357864,25.96472
SYCAMORE_1_N301,39.76983607845885,-121.82427866642136,25.96739
SYLVANCM_LNODECPR,37.688469999986225,-120.97663285888366,26.34938
SYLVANCM_LNODEHGR,37.688469999986225,-120.97674714111633,26.34938
TAFT1_1_N001,35.14999999998751,-119.47994486994581,26.29862
TAFT1_1_N004,35.14999999998751,-119.48005513005418,26.29862
TAHDONR_LNODE07,39.337309,-120.221277,25.69492
TAHOCTY_LNODE01,39.165971540038264,-120.14445351203682,25.59875
TAHOCTY_LNODE71,39.16579245984778,-120.14445351233086,25.59875
TAHOCTY_LNODE72,39.16579245984778,-120.14468448766914,25.59875
TAHOCTY_LNODE73,39.165971540038264,-120.14468448796318,25.59875
TAMARACK_6_N001,39.313743,-120.496804,25.73499
TAMARISK_1_N001,33.817316,-116.454898,26.07958
TAP710_1_N004,32.595376662064226,-117.0577334243903,-1.0
TAP801_1_N001,34.109614,-116.411837,26.4402
TAP807_1_N001,34.0,-116.5,26.1704
TAR_SUB_LNODEONA,34.17905418777958,-118.544,26.13835
TAR_SUB_LNODEONB,34.1789729060972,-118.54394327481864,26.13835
TAR_SUB_LNODEONC,34.1789729060972,-118.54405672518136,26.13835
TASSAJAR_2_N001,37.79959499998613,-121.9077887787453,26.85158
TASSAJAR_2_N002,37.79959499998613,-121.9079032212547,26.85158
TAYLOR_LNODEDR1,37.5369331958297,-120.809398426319,26.24253
TAYLOR_LNODEDR5,37.5369383829719,-120.809348192848,26.24253
TAYLOR_LNODEDR7,37.536937531095,-120.809217269976,26.23986
TAYLOR_LNODEDR8,37.5369366699963,-120.809289591436,26.24253
TECUYA_6_N001,35.018589,-118.979536,26.57109
TEICHERT_1_N001,37.79,-121.36,26.46424
TEJON_6_N001,35.019534,-118.954779,26.58178
TELECYN_1_N001,32.6379177816674,-117.01607,26.45089
TELECYN_1_N006,32.63783710915427,-117.01601469007429,26.45089
TELECYN_1_N014,32.63783710915427,-117.01612530992571,26.45089
TEMBLOR_1_N003,35.382795999987465,-119.69634883811833,26.4028
TEMPLETN_2_N008,35.554496,-120.679996,26.51233
TERMNOUS_6_N001,38.116464,-121.422007,26.62986
TESSUB_2_N001,37.73,-121.93,27.15343
TEVIS_1_N001,35.319191999987495,-119.12859784623319,26.45623
TEVIS_1_N003,35.319191999987495,-119.12870815376681,26.4402
TEXSUN1G_7_N001,35.36999999998748,-119.4800551602316,26.2078
TEXSUN2G_7_N001,35.3599999999875,-119.48005515895167,26.2078
THORNHIL_1_N001,33.833699,-116.524642,26.2265
TIDEWATR_2_N001,38.01989465330933,-122.06150068264388,26.60582
TIDEWATR_2_N014,38.02007534657929,-122.06150068292666,26.60582
TLRELKE_6_N001,36.003703,-119.948802,26.61918
TOCALOMA_6_N001,38.05521,-122.760914,26.55507
TOL_SUB_LNODEONA,34.175740310821865,-118.36069083905292,26.14636
TOL_SUB_LNODEONB,34.1755596890815,-118.36069083928658,26.14636
TOL_SUB_LNODEONC,34.1755596890815,-118.36090916071342,26.14636
TOL_SUB_LNODEOND,34.175740310821865,-118.36090916094707,26.14636
TOREYPNS_6_N001,32.89877953728695,-117.23987836114813,26.81151
TOREYPNS_6_N007,32.89860046262259,-117.23987836136372,26.81151
TOREYPNS_6_N008,32.89860046262259,-117.24009163863627,26.81151
TOREYPNS_6_N009,32.89877953728695,-117.24009163885188,26.81151
TORTILLA_1_N007,34.874547,-117.064691,30.35698
TRABUCO_1_N001,33.5630767991568,-117.67324523376014,26.87295
TRABUCO_1_N005,33.562897200749894,-117.67324523398426,26.87295
TRABUCO_1_N009,33.562897200749894,-117.67346076601574,26.87295
TRABUCO_1_N013,33.5630767991568,-117.67346076623986,26.87295
TRACY_1_N001,37.748395999944734,-121.41564562794372,26.64856
TRACY_1_N002,37.748305565247314,-121.41576,26.64856
TRACY_1_N007,37.748395999944734,-121.41587437205628,26.64856
TRACY_1_N101,37.74848643475262,-121.41576,26.64856
TRESVIS_6_N001,39.486707,-121.687993,26.07424
TRIMBLE_1_N004,37.42009036798162,-121.72988621524279,27.39384
TRIMBLE_1_N010,37.41990963190925,-121.72988621551741,27.39384
TRIMBLE_1_N016,37.41990963190925,-121.7301137844826,27.39384
TRIMBLE_1_N020,37.42009036798162,-121.73011378475721,27.39384
TRINIDAD_6_N001,41.064242,-124.128367,26.64055
TRUCKEE_LNODE02,39.330431720184855,-120.181195,25.64684
TRUCKEE_LNODE03,39.33035113989209,-120.18113485420918,25.64684
TRUCKEE_LNODE49,39.33035113989209,-120.18125514579083,25.64684
TUDOR_6_N001,38.982071,-121.635205,26.17575
TULUCAY_6_N001,38.247946,-122.268228,26.3013
TUPMAN_1_N101,35.354039,-119.270638,26.31999
TVYVLLY_6_N001,36.770622,-119.393233,26.89432
TXROSDL_1_N001,35.37695301426363,-119.07791367489159,26.38143
TXROSDL_1_N002,35.37695301426363,-119.0780283251084,26.38143
TYLER_6_N001,40.138392982499205,-122.20848578836895,26.38945
TYLER_6_N002,40.138392982499205,-122.20860821163106,26.38945
UCM_6_N001,32.88368472395273,-117.222424,26.83021
UCM_6_N002,32.88360413801135,-117.22236859671557,26.83021
UCM_6_N006,32.88360413801135,-117.22247940328444,26.83021
UKIAH_1_N001,39.142823455087914,-123.19204845611492,25.91129
UKIAH_1_N005,39.14300254479826,-123.19204845640866,25.91129
UPPRLKE_6_N001,39.145906,-122.916845,25.98074
URBAN_6_N001,32.71330799998875,-117.15140275665348,26.79548
URBAN_6_N005,32.71330799998875,-117.15150924334651,26.79548
URICH_6_N001,38.029918,-122.103005,26.87028
VACA-DIX_1_N001,38.401616982566644,-121.91986928712716,26.23184
VACAVIL_1_N001,38.356520058867716,-121.97951,26.26123
VACAVIL_1_N101,38.35643897055109,-121.97945029786577,26.2826
VACAVIL_1_N102,38.35643897055109,-121.97956970213424,26.2826
VALCNTR_6_N001,33.230683,-117.018401,27.09466
VALLEYSC_1_N001,33.738397971600605,-117.156432,26.31732
VALLEYSC_1_N107,33.738317014186954,-117.15648820699798,26.31732
VALLYHM_1_N001,37.85575599998615,-120.94408374338772,26.67527
VALLYVW_1_N001,37.96607299998612,-122.27841868352904,26.76343
VALLYVW_1_N003,37.96607299998612,-122.27853331647096,26.76343
VAL_GS_LNODE5AUX,34.24482148241572,-118.3914027121072,26.14369
VAL_GS_LNODE6AUX,34.24485277566131,-118.39150524618782,26.14102
VAL_GS_LNODE7AUX,34.24491867043375,-118.39158002588233,26.14102
VAL_GS_LNODE8AUX,34.245004060069334,-118.391615747079,26.14369
VAL_LNODELSS,34.24509427625119,-118.39160977576542,26.14369
VASCO_6_N001,37.71132099998621,-121.71587984128799,26.50431
VASCO_6_N003,37.71132099998621,-121.71599415871201,26.50431
VASONA_2_N001,37.26,-121.9,26.81418
VEDDER_1_N001,35.61,-118.96,26.57377
VEL_SUB_LNODEONA,34.01555411723447,-118.204,26.13835
VEL_SUB_LNODEONB,34.01547294136984,-118.20394345800285,26.13835
VEL_SUB_LNODEONC,34.01547294136984,-118.20405654199715,26.13835
VESTAL_6_N001,35.85713659527842,-119.08872645400277,27.1748
VICTOR_1_N001,38.145651267656454,-121.17732422029407,26.66192
VICTOR_6_N001,38.145470732231836,-121.17755377942188,26.16506
VICTOR_6_N002,38.145651267656454,-121.17755377970593,26.16506
VIEJOSC_2_N001,36.578772821150025,-121.908968,26.68329
VIEJOSC_2_N004,33.667334,-117.642727,26.68329
VIEJO_6_N001,36.578692089410936,-121.90890995739635,26.93439
VIEJO_6_N003,36.578692089410936,-121.90902604260364,26.93439
VIERRA_1_N001,37.85,-121.24,26.76343
VINA_6_N001,39.941614,-122.041739,26.00746
VINEYARD_2_N001,37.66967326170019,-121.85436,27.05459
VINEYARD_2_N002,37.66959186913507,-121.85430063276966,27.05459
VINEYARD_6_N001,37.66959186913507,-121.85441936723034,26.61116
VN_SUB_LNODEONA,34.18009031354033,-118.44489083013903,26.14636
VN_SUB_LNODEONB,34.17990968636295,-118.44489083037274,26.14636
VN_SUB_LNODEONC,34.17990968636295,-118.44510916962726,26.14636
VN_SUB_LNODEOND,34.18009031354033,-118.44510916986097,26.14636
VSTA_1_N001,34.04125299995202,-117.32061812723687,26.39479
VSTA_6_N001,34.04125299995202,-117.32083587276313,26.39212
WAHTOKE_1_N001,36.61618299998699,-119.452409104289,26.5524
WAHTOKE_1_N002,36.61618299998699,-119.45252089571099,26.5524
WALNUT_6_N001,34.00840381020035,-117.94966020073771,26.54972
WARENCYN_6_N001,33.01545499998868,-117.00226861385794,26.66726
WARENCYN_6_N002,33.01545499998868,-117.00237538614206,26.66726
WARNERS_6_N001,33.247186,-116.675942,24.96681
WARNER_LNODERV1,41.50091505739131,-120.533072,25.43046
WARNER_LNODERV3,41.50083397128745,-120.53300949206302,25.43046
WARNER_LNODESC1,41.50083397128745,-120.53313450793698,25.43046
WASCO_7_N008,39.77617274317707,-122.10383,26.42952
WASHNGT_LNODEDR1,37.4893772928244,-120.903967825898,26.26924
WASHNGT_LNODEDR2,37.4895172164325,-120.904092990936,26.26924
WASHNGT_LNODEDR3,37.4894692627508,-120.903968029781,26.26924
WASHNGT_LNODEDR4,37.489297130992,-120.993988447763,26.26924
WASHNGT_LNODEDR5,37.4894207521695,-120.904091725093,26.26924
WASHNGT_LNODEDR6,37.4892474344412,-120.904090188054,26.26924
WASHNGT_LNODEDR7,37.4892029595549,-120.903964429204,26.26924
WASHNGT_LNODER15,37.4893341220127,-120.90409199878,26.26924
WATRSHED_6_N001,37.487815,-122.310237,27.42857
WEBER_6_N001,37.919828,-121.240232,26.36274
WEC_SY_LNODEUX1,37.4878752249074,-120.89565231921667,26.25588
WEC_SY_LNODEUX2,37.4878752249074,-120.89576624369113,26.25588
WELFLDPM_LNODELPMP,34.16127269818337,-114.38198913123861,25.64149
WELFLDPM_LNODERALS,34.16145330172,-114.38198913147205,25.64149
WEMRSWS_6_N001,39.035984,-120.987909,23.88647
WESTLANE_6_N001,37.990674,-121.282373,26.56308
WESTLNDS_1_N001,36.3999999999871,-120.31994434326373,26.4215
WESTLNDS_1_N019,36.3999999999871,-120.32005565673627,26.4215
WESTPARK_1_N001,35.374163973003284,-119.039839,26.41883
WESTPARK_1_N005,35.374083013484764,-119.03978167527592,26.41883
WESTPARK_1_N009,35.374083013484764,-119.03989632472408,26.41883
WESTPLAT_1_N001,35.42,-119.3,26.28527
WESTPORT_LNODEDR1,37.5225825838401,-120.993998352649,26.25054
WESTPORT_LNODEDR3,37.5223769944682,-120.993990429526,26.24787
WESTPORT_LNODEDR5,37.5225172095941,-120.993995815213,26.25054
WESTPORT_LNODEDR7,37.5224455031416,-120.903973009416,26.24787
WHEATLND_6_N001,39.013055,-121.418524,25.26217
WHEELER_6_N001,35.089761,-118.976591,26.48294
WHISMAN_1_N001,37.40491321634772,-122.068856,27.13473
WHISMAN_1_N004,37.404831891811426,-122.06879689262591,27.13473
WHISMAN_1_N009,37.404831891811426,-122.06891510737408,27.13473
WHITMORE_6_N001,40.628753,-121.915711,29.3599
WILDWOOD_1_N001,40.387138,-123.045061,26.19712
WILKINS_6_N001,39.00552,-121.867233,26.45623
WILLIAMS_6_N002,39.15758,-122.14762,25.66019
WILLITS_6_N001,39.405666,-123.327366,26.18109
WILLOWS_6_N001,39.531805,-122.185874,25.66553
WIL_SUB_LNODEONB,33.797999999988214,-118.25794584458627,26.12766
WIL_SUB_LNODEONC,33.797999999988214,-118.25805415541372,26.12766
WINTERS_6_N001,38.517708,-121.951331,27.04658
WOHLER_6_N001,38.512048,-122.880906,26.74473
WOLFE_1_N001,37.335142193117605,-122.020824,26.97446
WOLFE_1_N002,37.335060903426545,-122.02076497287341,26.97446
WOLFE_1_N007,37.335060903426545,-122.02088302712659,26.97446
WOODACRE_6_N001,38.012118,-122.65455,26.53637
WOODLD_1_N001,38.67823188725648,-121.760143,26.16773
WOODLD_1_N005,38.67815105635662,-121.76008322082818,26.16773
WOODLD_1_N012,38.67815105635662,-121.76020277917182,26.16773
WOODSIDE_6_N003,37.43624399998641,-122.2420270905538,27.41789
WOODSIDE_6_N004,37.43624399998641,-122.24214090944619,27.41789
WOODWARD_1_N005,36.8966369999867,-119.74995475043866,26.89966
WOODWARD_1_N006,36.8966369999867,-119.75006724956134,26.89966
WPBART_1_N001,38.01999999998606,-121.97994265860079,26.67527
WPBART_1_N004,38.01999999998606,-121.9800573413992,26.67527
WSCOPRSN_1_N001,35.61,-119.37,26.33335
WSCRMNO_1_N004,38.58939293336201,-121.545027,26.28527
WSCRMNO_1_N013,38.58931203330379,-121.54496724378153,26.28527
WSCRMNO_1_N201,38.58931203330379,-121.54508675621847,26.28527
WSTFRSO_1_N001,36.71841899998688,-119.81853697917856,26.59514
WSTFRSO_1_N004,36.71841899998688,-119.81864902082144,26.59514
WSTLD1RA_1_N001,36.72,-120.72,26.42952
WYANDTTE_1_N001,39.491682744465926,-121.541161,25.73499
WYANDTTE_1_N003,39.49160212775149,-121.54110068770393,25.73499
WYANDTTE_1_N102,39.49160212775149,-121.54122131229607,25.73499
ZACA_1_N001,34.696829,-120.151374,26.81418
ZANKER_1_N001,37.469999999986335,-121.8099430557453,27.32439
ZANKER_1_N003,37.469999999986335,-121.8100569442547,27.32439
AGER_LNODE35,41.8675,-122.46414,0.0
ALTURAS_LNODE17,41.49972,-120.53306,0.0
BIGSPRIN_LNODELD1,41.616776,-122.39929,0.0
CAMERON_LNODEKM,32.65324599998863,-116.48817922595589,0.0
CASTELLA_LNODE,41.146254,-122.319747,0.0
CEDARVIL_LNODED1,41.53156,-120.18194,0.0
CLEARLAO_LNODE44,41.704981,-121.276741,0.0
COPCO2_LNODE21,41.97667,-122.36167,0.0
DAVISCR_LNODED1,41.73,-120.37,0.0
DELNORTE_LNODE50,41.86761799998422,-124.13905472462552,0.0
DELNORTE_LNODE51,41.86761799998422,-124.13917527537447,0.0
DOGCREEK_LNODE,40.94013311,-122.431008,0.0
DORRIS_LNODE06,41.96694,-121.91333,0.0
EAGLEMTN_LNODEHI,33.8199729920039,-115.44005630685402,0.0
FLINT_LNODE_LDT1,38.88530299998586,-121.06681059075832,0.0
GASQUET_LNODE42,41.84833,-123.96667,0.0
INTERNAT_LNODELD,41.432568,-122.38296,0.0
LITTLESH_LNODELD1,41.70174123,-122.3696599,0.0
LUCERNE_LNODELD,41.60361,-122.5225,0.0
MACDOEL_LNODE20,41.83166999998427,-122.00465973878569,0.0
MACDOEL_LNODE45,41.83166999998427,-122.00478026121432,0.0
MADISON_LNODE1,38.67065905446531,-121.9691977771112,0.0
MOTT_LNODE,41.262727,-122.270475,0.0
NDUNSMUI_LNODE7,41.2207989999844,-122.27643096616978,0.0
NDUNSMUI_LNODE9,41.2207989999844,-122.27655103383022,0.0
NEWELL_LNODE90,41.888139999984205,-121.37845028379793,0.0
NUTGLADE_LNODE,41.178254,-122.290711,0.0
PATRICKS_LNODE49,41.88139,-123.86472,0.0
PEREZ_LNODED1,41.63306,-121.22639,0.0
PRAXAIR_LNODEPM,37.99999999998611,-121.81005733246779,0.0
REDWOODU_LNODED2,41.76083,-124.16347,0.0
SDUNSMUI_LNODE,41.201244,-122.2764098,0.0
SHASTINA_LNODELD1,41.548666,-122.364174,0.0
SHOTGUNC_LNODE,41.053889,-122.381667,0.0
TULELAKE_LNODE35,41.95333,-121.47111,0.0
TUNNEL_LNODE33,41.925559999984245,-121.56576970013403,0.0
TUNNEL_LNODE40,41.925559999984245,-121.56589029986597,0.0
WEED_LNODER1,41.43139,-122.38944,0.0
YREKA_LNODE76,41.72897989068449,-122.63154955171838,0.0
YREKA_LNODED1,41.72880010918983,-122.63154955205546,0.0
YREKA_LNODED2,41.72880010918983,-122.63179044794454,0.0
YREKA_LNODED3,41.72897989068449,-122.63179044828162,0.0
