node_id,lat,lon,price_dp
12TH_S_LNODENMZ,37.63715677998629,-120.99316020050249,42.67504
12TH_S_LNODEXWQ,37.63715677998629,-120.99327439949751,42.67504
8TH_ST_LNODEBXG,37.64197726998626,-121.00603849646912,42.66652
8TH_ST_LNODELZF,37.64197726998626,-121.00615270353089,42.66652
AEC300_1_N001,37.74,-121.48,42.95785
AGNEW_1_N003,37.51,-121.84,45.35471
AIRPROD_1_N001,36.65,-119.54,44.51378
AIR_SUB_LNODENAA,33.96205409081493,-118.376,40.41016
AIR_SUB_LNODENAB,33.961972954579615,-118.37594352117388,40.41016
AIR_SUB_LNODEONC,33.961972954579615,-118.37605647882611,40.41016
ALAMITOS_2_N001,33.771584,-118.100596,41.62775
ALAMITOS_2_N040,33.77,-118.1,41.62775
ALAMT1G_7_N002,33.77149401717401,-118.1004877514908,41.62775
ALAMT2G_7_N002,33.771415173499584,-118.10067098425147,41.62775
ALAMT3G_7_N002,33.77144633917227,-118.10077253262283,41.62775
ALAMT4G_7_N002,33.771511965310076,-118.10084659342048,41.62775
ALAMT5G_7_N002,33.771597006833865,-118.1008819712055,41.62775
ALAMT6G_7_N002,33.77176916262267,-118.10083231072662,41.62775
ALHAMBRA_1_N001,37.99408499998608,-122.13031167024367,41.93345
ALHAMBRA_1_N002,37.99408499998608,-122.13042632975633,41.93345
ALLEGHNY_6_N001,39.464893,-120.844946,42.65088
ALMADEN_6_N001,37.26027,-121.890082,89.68
ALMOND_LNODEAUX,37.574202045609525,-120.98511610244,42.21099
ALPAUGH_7_N002,35.963463732836644,-119.456796,41.21751
ALPINE_6_N001,32.82778299998866,-116.78987271391081,23.78993
ALPINE_6_N005,32.82778299998866,-116.78997928608918,23.78993
ALTO_6_N001,37.89825299998615,-122.52430271885964,44.45911
ALTO_6_N101,37.89825299998615,-122.52441728114036,44.45911
ALTTA_BP_LNODEPRT,41.51205899998436,-120.5236838478691,40.52937
ALTTA_BP_LNODETON,41.51205899998436,-120.5238041521309,40.52937
AMERIGAS_1_N001,38.43,-121.79,42.36452
AMESBS_1_N004,37.41751022008469,-122.066192,44.8864
AMESBS_1_N101,37.41742888994297,-122.06613287861066,44.8864
AMESDST_1_N001,37.41742888994297,-122.06625112138934,44.8864
AMFORST_6_N001,38.369191999986,-120.79657754861613,44.54425
ANDERSON_6_N001,40.449838,-122.305068,41.97241
ANGIOLA_6_N001,35.992007,-119.57137,44.64575
ANITA_6_N001,39.811047,-121.919761,43.22562
ANNAPOLS_6_N001,38.680315,-123.311782,45.77887
ANTELOPE_6_N001,35.658117,-119.996015,41.49424
ANTLER_6_N001,40.893581,-122.379244,42.35556
APPLEHL_1_N001,38.73992576174639,-120.67700091995808,42.69928
APPLEHL_1_N002,38.73974623814083,-120.67700092024737,42.69928
APPMAT_1_N001,37.359999999986435,-121.97994317305394,45.86558
APPMAT_1_N010,37.359999999986435,-121.98005682694607,45.86558
ARBUCKLE_6_N001,39.017625,-122.061575,42.35018
ARCATA_6_N001,40.867132,-124.088286,57.4198
ARVINED_1_N001,35.15044599998752,-118.87870286987292,41.45592
ARVIN_6_N001,35.15044599998752,-118.87881313012709,41.99234
ASHLAN_2_N001,36.79263892472445,-119.82749,44.26954
ASHLAN_2_N007,36.7925580376235,-119.82743168375806,44.26954
ASHLAN_2_N008,36.7925580376235,-119.82754831624194,44.26954
ASH_6_N001,33.1365697302963,-117.070292,42.65244
ASH_6_N005,33.13648913483958,-117.0702364310647,42.65244
ASH_6_N101,33.13648913483958,-117.07034756893529,42.65244
ASPEN_LNODESPEN,37.69337956,-122.069288,39.47356
ATASCDRO_6_N001,35.465309,-120.671582,42.26481
ATWATER_1_B2,37.35999599998639,-120.6146481730584,44.65113
ATWATER_1_N001,37.35999599998639,-120.6147618269416,44.65113
ATW_SUB_LNODEONB,34.1096541600031,-118.254,40.41868
ATW_SUB_LNODEONC,34.10957291998536,-118.25394335044959,40.41868
ATW_SUB_LNODEOND,34.10957291998536,-118.2540566495504,40.41868
AUBERRY_6_N001,37.06806099998665,-119.495719527536,46.50462
AUBERRY_6_N003,37.06806099998665,-119.495832472464,46.50462
AUBURN_6_N001,38.903397,-121.069921,43.07504
AUGUST_LNODEDR1,37.4182520696912,-120.831252690486,42.37703
AUGUST_LNODEDR3,37.4182452743243,-120.831131410372,42.37703
AUGUST_LNODEDR4,37.4182458785436,-120.830989786937,42.36851
AUGUST_LNODEDR5,37.4182557186304,-120.831363604619,42.37703
AVENA_1_N001,37.842208,-121.054122,43.79654
AVOCADO_6_N001,33.38466699998843,-117.23692330729693,43.78093
AVOCADO_6_N002,33.38466699998843,-117.23703069270306,43.78093
BAFOOD1_6_N001,36.33,-121.16,42.5608
BAHIA_2_N001,38.08095331088854,-122.13739126700075,41.95896
BAHIA_2_N011,38.08077268899996,-122.13739126728416,41.95896
BAILYJ1_1_N010,34.77604,-118.77504,43.38089
BAIR_1_N001,37.496937,-122.214157,45.27382
BAKER_1_N001,35.284771,-116.064256,40.44026
BALFOUR_6_N001,37.92596,-121.678546,43.03874
BANGOR_6_N001,39.388064,-121.402937,41.46736
BANGS_LNODEKGC,37.70469,-121.0418,42.70484
BANNING_1_N001,33.922289,-116.87283,40.88194
BANTA_6_N001,37.7528989999862,-121.35057581075783,43.72842
BARRETT_6_N001,32.667194,-116.700208,23.29609
BARRE_6_N001,33.80900298319592,-117.98332966316445,41.64052
BARRE_6_N002,33.80900298319592,-117.98354633683554,41.64052
BARRE_6_N003,33.80918301670945,-117.9835463370635,41.64903
BARRY_6_N001,39.069323,-121.690208,43.30225
BARTON_1_N001,36.76408490976673,-119.735935,44.43289
BARTON_1_N007,36.76400404510246,-119.73587672164825,44.43289
BARTON_1_N008,36.76400404510246,-119.73599327835174,44.43289
BASALT_6_N002,38.26328599998595,-122.26916657483297,42.85411
BASALT_6_N101,38.26328599998595,-122.26928142516702,42.85411
BATAVIA_6_N001,38.385820999985995,-121.77570654480984,42.52204
BATIQTOS_1_N001,33.1011727252775,-117.250399,42.79586
BATIQTOS_1_N008,33.101092137348985,-117.25034345864424,42.79586
BATIQTOS_1_N015,33.101092137348985,-117.25045454135577,42.79586
BAYMDWS_1_N001,37.55162541726735,-122.29307795256243,46.04358
BAYMDWS_1_N004,37.551444582623034,-122.29307795283914,46.04358
BAYMDWS_1_N008,37.551444582623034,-122.29330604716085,46.04358
BAYMDWS_1_N012,37.55162541726735,-122.29330604743757,46.04358
BAYSHOR1_1_N001,37.74603599998622,-122.40302381566526,45.76341
BAYSHOR2_1_N001,37.74603599998622,-122.40313818433472,45.76341
BAYWOOD_6_N001,35.360177,-120.811564,43.17587
BCN_PP_LNODESS1,35.25680070871138,-118.02736892630813,39.85672
BCN_PP_LNODESS2,35.256766720360744,-118.02726679027704,39.85672
BEARTAP_1_N001,35.38,-119.0,41.44741
BELLEF_7_CN10,39.776083,-122.10383,39.91097
BELLEF_7_CN11,39.77608299994151,-122.10371323062876,39.928
BELLPGE_1_N001,38.947418999985814,-121.0911283822858,42.8707
BELLPGE_1_N005,38.947418999985814,-121.0912436177142,42.8707
BELLVUE_1_N001,38.379084046922976,-122.712022,43.39904
BELLVUE_1_N003,38.37900297652332,-122.711962292445,43.39904
BELLVUE_1_N005,38.37900297652332,-122.712081707555,43.39904
BELMONT_1_N001,37.52332024549896,-122.264967,45.30788
BELMONT_1_N006,37.52323887723573,-122.26490776711239,45.30788
BELMONT_1_N008,37.52323887723573,-122.26502623288762,45.30788
BELRIDGE_1_N001,35.455722,-119.631903,41.18346
BERESFRD_6_N001,37.565013999986284,-122.31923796388803,45.10353
BERESFRD_6_N002,37.565013999986284,-122.31935203611197,45.10353
BERNARDO_6_N001,33.021575,-117.096228,42.85833
BERNARDO_6_N002,33.021574999954524,-117.09612121988424,42.85833
BERNARDO_6_N009,33.02148546856512,-117.096228,42.85833
BERNARDO_6_N013,33.021574999954524,-117.09633478011577,42.85833
BERNARDO_6_N014,33.0216645314348,-117.096228,42.85833
BERNARDO_LNODEARDO,33.02157451,-117.0962277,39.45227
BERVLLY_6_N001,37.586478,-120.125088,48.9185
BIGBASN_6_N001,37.129545,-122.172132,44.26215
BIGCRK1_7_N001,37.20203293082091,-119.24090286336467,39.22981
BIGMDWS_6_N001,40.171215,-121.085128,39.1626
BIGRIVR_6_N001,39.311461,-123.786522,47.04171
BIOLA_6_N001,36.792525,-120.114116,46.11721
BIXLER_6_N001,37.9370142319286,-121.528389,43.04726
BKRSFLD_2_N001,35.388298999987455,-119.0044078374034,41.1792
BKRSFLD_2_N101,35.388298999987455,-119.0045181625966,41.1792
BLLEHVN_6_N001,37.4772652825887,-122.16793304841748,45.83578
BLLEHVN_6_N002,37.477186999945324,-122.16787609695427,45.83578
BLLEHVN_6_N004,37.477108717384,-122.1679330485368,45.83578
BLLEHVN_6_N006,37.477108717384,-122.1680469514632,45.83578
BLLEHVN_6_N007,37.477186999945324,-122.16810390304572,45.83578
BLUELKE_6_N001,40.88014,-123.980584,57.3304
BLUSTNPP_6_N003,38.575523,-121.497588,41.56235
BLYTHESC_1_N005,33.614957,-114.682935,38.56179
BNAVSTA_6_N001,36.653344,-121.62946,44.04234
BNAVSTA_6_N002,36.65334399994771,-121.62934811906177,44.04234
BNTACRB_6_N001,37.7528989999862,-121.35069018924217,44.26058
BOGARD_6_N001,40.586552,-121.093959,39.6309
BOGUE_1_N001,39.09613073444745,-121.623771,42.18684
BOGUE_1_N201,39.096050132760894,-121.62371103865068,42.18684
BOLINAS_6_N001,37.941119,-122.707332,43.50548
BOLLMAN_1_N003,38.04,-121.98,42.03329
BOLTHSE_1_N009,35.36215899998747,-118.92362184077258,41.63899
BONITA_6_N001,36.967863,-120.20266,46.01503
BONNIEN_7_N001,39.214314999985774,-120.80917722077704,42.27109
BORDEN_2_N007,36.92227399998671,-119.98422371699712,44.25677
BORDER_6_N001,32.56633480869927,-116.944389,43.97119
BORDER_6_N008,32.566254095638485,-116.94433370647506,43.97119
BORONDA_6_N001,36.689983,-121.679239,43.70176
BOSWELL_6_N001,36.085115,-119.552823,44.64575
BOWLES_6_N001,36.605651,-119.773312,44.38449
BRDGVLT_7_N001,40.47956799998481,-123.78034162638289,50.12864
BREEZE_LNODEYT1,35.123880999987534,-118.37403687435777,39.77157
BREEZE_LNODEYT2,35.123880999987534,-118.37414712564222,39.77157
BRENTWOD_2_N001,37.91959423612686,-121.676423,42.67262
BRENTWOD_2_N006,37.91951288192155,-121.67636345967551,42.67262
BRENTWOD_2_N011,37.91951288192155,-121.67648254032449,42.67262
BRGSMR_LNODEGZB,37.66621999998627,-120.97704287657282,42.67078
BRGSMR_LNODETHU,37.66621999998627,-120.97715712342718,42.67078
BRITTN_1_N001,37.37433620668406,-122.015575,45.90815
BRITTN_1_N005,37.37425489664326,-122.01551592726007,45.90815
BRITTN_1_N006,37.37425489664326,-122.01563407273993,45.90815
BRKRSLG_1_N005,38.57552299994369,-121.49747300547165,43.26976
BROCKWAY_LNODE01,39.243063530935196,-120.02634939696748,42.16842
BROCKWAY_LNODE02,39.242884468950564,-120.02634939726258,42.16842
BROCKWAY_LNODE51,39.242884468950564,-120.02658060273741,42.16842
BROCKWAY_LNODE52,39.243063530935196,-120.02658060303253,42.16842
BRRNDAC_6_N001,35.658183,-120.040362,41.50275
BRUNSWCK_1_N003,39.23119771901711,-121.034946,42.86756
BRUNSWCK_1_N008,39.23111714047599,-121.03488594065819,42.86756
BRUNSWCK_1_N101,39.23111714047599,-121.03500605934181,42.68024
BRWNSVY_6_N001,39.226226,-121.422634,42.69771
BUELLTON_1_N001,34.625261999987686,-120.18631205143852,42.62668
BUELLTON_1_N003,34.625261999987686,-120.18642194856149,42.62668
BUENAVS1_7_B1,36.653254242119594,-121.62934811919219,41.37503
BUENAVS1_7_B3,36.65319077379855,-121.6294272308971,41.37503
BUENAVS1_7_B4,36.653175595551595,-121.62953750035395,41.37503
BUENAVS1_7_B5,36.65320668330105,-121.62964245619625,41.37503
BUENAVS1_7_B6,36.653272145363964,-121.6297190021347,41.37503
BUENAVS1_7_B7,36.65335697428145,-121.62975556706088,41.37503
BUENAVS2_7_B1,36.65344659805961,-121.62974945473616,40.98762
BUENAVS2_7_B3,36.653528699704175,-121.62970424026268,40.98762
BUENAVS2_7_B4,36.653594014575496,-121.62962749889522,40.98762
BUENAVS2_7_B5,36.653636508590544,-121.62952895027708,40.98762
BULLARD_1_N001,36.824388,-119.769224,44.54627
BULLARD_1_N004,36.824387999947184,-119.76911168846675,44.54627
BULLARD_1_N005,36.824298097276774,-119.769224,44.54627
BULLARD_1_N006,36.824387999947184,-119.76933631153325,44.54627
BURLNGME_1_N001,37.589627,-122.363434,45.04392
BUTTE_1_N010,39.7118129999855,-121.81325170045862,41.25293
BUTTE_1_N101,39.7118129999855,-121.81336829954137,41.25293
BWILLIAM_LNODEILLW,34.16145330172,-114.38177086852794,39.55871
B_6_N001,32.714377595830264,-117.16944251257752,43.05144
B_6_N003,32.714198404079745,-117.16944251279143,43.05144
B_6_N005,32.714198404079745,-117.16965548720856,43.05144
B_6_N007,32.714377595830264,-117.16965548742249,43.05144
CABRILLO_1_N001,32.70751759908557,-117.24492651689708,42.46064
CABRILLO_6_N001,32.70733840082447,-117.24492651711095,43.96664
CABRILLO_6_N004,32.70733840082447,-117.24513948288904,43.96664
CALAVE_1_N001,36.71900181109094,-119.76554095699167,44.37329
CALAVE_1_N002,36.718822188804005,-119.76554095725366,44.37329
CALAVE_1_N004,36.718822188804005,-119.76576504274634,44.37329
CALCMENT_7_N4,37.37,-120.64,40.5964
CALISTGA_6_N001,38.592664,-122.57862,45.18285
CALLENDR_1_N001,35.04,-120.6,42.82677
CALPELLA_1_N001,39.197538,-123.192135,44.59377
CALSUB_LNODEET,39.521219,-120.008761,41.15093
CAMDEN_6_N001,36.446258999987045,-119.79904229562648,45.50572
CAMDEN_6_N002,36.446258999987045,-119.79915370437352,45.50572
CAMERON_6_N001,32.65324599998863,-116.48807277404411,23.13431
CAMINO_2_N001,34.83,-114.99,39.56134
CAMPHORA_6_N001,36.46829799998704,-121.39017127220814,44.34461
CAMPHORA_6_N003,36.46829799998704,-121.39028272779186,44.34461
CANAL_6_N001,37.066368999986636,-120.8354215297125,42.82207
CANAL_6_N006,37.066368999986636,-120.8355344702875,42.82207
CANBY_BP_LNODEACW,41.444925999984385,-120.88087787131334,40.58471
CANBY_BP_LNODEVEC,41.444925999984385,-120.88099812868666,40.58471
CAN_SUB_LNODEONA,34.18955419166312,-118.592,40.36875
CAN_SUB_LNODEONB,34.189472904155366,-118.59194326369176,40.41442
CAN_SUB_LNODEONC,34.189472904155366,-118.59205673630824,40.41442
CAPAY_6_N001,39.775993256822886,-122.10383,42.19535
CARBONA_6_N003,37.69218399998622,-121.41818185598439,43.97109
CARBONA_6_N101,37.69218399998622,-121.4182961440156,43.97109
CARLOTTA_6_N001,40.541122999984744,-124.06382054930958,55.61628
CARLOTTA_6_N003,40.541122999984744,-124.06393945069041,55.61628
CARLTNHS_1_N001,32.85503754591703,-117.01185140348343,42.55693
CARLTNHS_1_N004,32.85485845399255,-117.01185140369861,42.55693
CARNATIO_6_N001,35.311332,-119.083574,41.87314
CARNERAS_6_N001,35.541055,-119.805238,41.64324
CAROLNDS_6_N001,37.55291899998627,-122.37633097506193,45.82301
CAROLNDS_6_N002,37.55291899998627,-122.37644502493806,45.82301
CARQUINZ_1_N001,38.09103799998602,-122.24848662968667,42.38581
CARQUINZ_1_N002,38.09103799998602,-122.24860137031332,42.38581
CARRIZO_1_N001,35.3805629695311,-120.040252,41.69007
CARRIZO_LNODEHILL,35.38048201522088,-120.04019467441788,39.71197
CARRIZO_LNODEZOT1,35.38048201522088,-120.04030932558213,39.44376
CARTWRT_1_N001,37.78999999998617,-122.24994278512781,41.33708
CARTWRT_1_N010,37.78999999998617,-122.25005721487219,41.33708
CARUTHRS_6_N001,36.531554,-119.882758,43.92896
CAR_SM_LNODENE1,38.642773175556165,-121.3294330286556,42.34297
CAR_SM_LNODENE2,38.64259349099788,-121.32943302894401,42.34297
CAR_SM_LNODENE3,38.64259349099788,-121.329663082168,42.34297
CAR_SM_LNODENE4,38.642773175556165,-121.3296630824564,42.34297
CASTLE_LNODEDR1,37.36195490350885,-120.56264978595905,42.32168
CASTLE_LNODEDR2,37.36187666885442,-120.5625929569803,42.32168
CASTLE_LNODEDR3,37.36179843428164,-120.56264978607754,42.31743
CASTLE_LNODEDR4,37.36179843428164,-120.56276344403506,42.31743
CASTLE_LNODEDR5,37.36187666885442,-120.5628202731323,42.32168
CASTLE_LNODEDR6,37.36195490350885,-120.56276344415355,42.32168
CASTROVL_2_N001,37.69127699998625,-122.06100285669102,43.77525
CASTROVL_2_N003,37.69127699998625,-122.06111714330898,43.77525
CASTROVL_2_N006,36.76278384840137,-121.73625384648868,43.77525
CAS_LA_LNODESMW,34.587237,-118.656638,40.3463
CAS_PP_LNODE1AUX,34.58734037344726,-118.65692220263387,40.3463
CAS_PP_LNODE2AUX,34.58742309555189,-118.65687780855163,40.3463
CAS_PP_LNODE3AUX,34.587488904018386,-118.65680245963806,40.3463
CAS_PP_LNODE4AUX,34.58753171916694,-118.65670569917606,40.3463
CAS_PP_LNODE5AUX,34.58754852361777,-118.65659776098718,40.3463
CAS_PP_LNODE6AUX,34.58753896054594,-118.65648852558515,40.3463
CATALYST_7_N001,37.33647699998642,-121.87909619952335,44.16423
CATLETT_6_N001,38.808811,-121.516115,42.81692
CAWELOB_6_N001,35.57097799998741,-119.11546380934058,41.47721
CAWELOC_1_N001,35.57097799998741,-119.11557419065942,41.51978
CAYUCOS_6_N001,35.44865399998744,-120.8703058292383,43.27378
CAYUCOS_6_N006,35.44865399998744,-120.8704161707617,43.27378
CCOSTA_2_N001,37.998693,-121.783314,42.65984
CCSUB_1_N001,38.03,-121.75,42.85142
CCSUB_2_N001,38.01999999998606,-121.75994265860079,42.6641
CCSUB_2_N010,38.01999999998606,-121.7600573413992,42.6641
CEDRCRK_6_N101,40.79116899998464,-121.93795172476342,45.83802
CENTERS_6_N001,33.928884073837764,-118.105463,41.57666
CENTERS_6_N200,33.9288029630683,-118.10551943910147,41.57666
CEN_SUB_LNODEONB,33.948054083699034,-118.255,40.39313
CEN_SUB_LNODEONC,33.94797295813763,-118.25494353789466,40.39313
CEN_SUB_LNODEOND,33.94797295813763,-118.25505646210534,40.39313
CERES_LNODEDR1,37.6088562120824,-120.956729570412,42.24931
CERES_LNODEDR3,37.6089710504,-120.956595705015,42.24931
CERES_LNODEDR4,37.6089019185376,-120.956592000755,42.25783
CERES_LNODEDR5,37.6087606610128,-120.956712881849,42.24931
CERES_LNODEDR7,37.6089324750351,-120.956712057352,42.25783
CERES_LNODEDR8,37.6090011903052,-120.956714357349,42.25783
CERTTEED_1_N001,37.059999999986665,-120.07994353791257,44.7421
CERTTEED_1_N002,37.059999999986665,-120.08005646208743,44.7421
CHALLNGE_6_N001,39.48543,-121.220509,42.40396
CHANNEL_6_N001,37.95526599998612,-121.33242068885451,42.5747
CHARKA_1_N001,35.608038,-119.325523,41.30266
CHCARITA_1_N001,32.9600895309367,-117.08989329478639,42.64366
CHCARITA_1_N004,32.95991046897258,-117.08989329500262,42.64366
CHCARITA_1_N008,32.95991046897258,-117.09010670499737,42.64366
CHC_LNODE31A,38.95999999998579,-120.89994237638588,39.42247
CHC_LNODE33A,38.95999999998579,-120.90005762361412,39.42247
CHEROKEE_6_N001,38.005513,-121.237769,43.01746
CHESTER_6_N001,40.304405,-121.224282,39.26052
CHICOA_6_N001,39.71879299998543,-121.82096169136352,41.27421
CHICOA_6_N010,39.71879299998543,-121.82107830863647,41.27421
CHICOB_1_N001,39.725493999985424,-121.84718768259572,41.12946
CHICOB_1_N002,39.725493999985424,-121.84730431740428,41.12946
CHINO_6_N007,33.998301818402325,-117.67886922357054,41.21053
CHINO_6_N008,33.998301818402325,-117.67908677642946,41.21053
CHLDHOSP_1_N001,36.87,-119.81,44.42706
CHOLLAS_6_N001,32.744058749573895,-117.046316,43.03977
CHOLLAS_6_N008,32.743978125200904,-117.04626065732346,43.03977
CHOLLAS_6_N009,32.743978125200904,-117.04637134267654,43.03977
CHSTN_1_N001,38.09,-120.3,42.19154
CHWCHLLA_1_N001,37.12073295026913,-120.25055224215674,44.65696
CHWCHLLA_1_N002,37.12073295026913,-120.25066975784326,44.65696
CIG_SM_LNODESS,38.44525,-121.461543055556,42.40257
CIMA_2_N101,35.2691,-115.49292,40.11424
CITYUKH_1_B1,39.14300254479826,-123.19181754359136,44.59377
CLAIRMNT_6_N008,32.825996732119705,-117.184096,51.58426
CLAMMNA_1_N001,37.807826,-121.276142,43.86891
CLARIBEL_LNODEGFP,37.71028,-120.9688,42.66652
CLARKRD_7_N001,39.6546447946953,-121.635292,39.66922
CLARMNT_1_N001,32.82591613392796,-117.18404062431202,41.27863
CLAUS_LNODEKSN,37.639389999986214,-120.91954289863075,42.67078
CLAUS_LNODESME,37.639389999986214,-120.91965710136925,42.67078
CLAYTN_1_N001,38.34245511038229,-120.93484110965764,42.80885
CLAYTN_1_N004,37.943825,-121.969415,42.80885
CLAYTN_1_N029,38.3422748895056,-120.93484110994348,42.80885
CLAYTN_1_N030,38.3422748895056,-120.93507089005652,42.80885
CLAY_6_N001,38.34245511038229,-120.93507089034236,43.26707
CLERLKE_6_N001,39.007954999985856,-122.89377935245265,44.66346
CLERLKE_6_N012,39.007954999985856,-122.89389464754734,44.66346
CLMBAHL_6_N001,39.331874,-121.101368,41.88457
CLOUGH_LNODEIYF,37.62761111,-120.9751667,42.7091
CLOUGH_LNODEYBR,37.62761110994497,-120.97505251712948,42.7091
CLOVIS_1_N001,36.826043942491545,-119.681281,44.42863
CLOVIS_1_N004,36.825963028740034,-119.68122263908639,44.43289
CLOVIS_1_N101,36.825963028740034,-119.68133936091361,44.42863
CLOVRDLE_1_N001,38.795757,-123.011412,43.55231
CLRKSVLE_1_N001,38.655559898770534,-121.060175,42.86957
CLRKSVLE_1_N003,38.655479050599546,-121.06011522698469,42.86957
CLRKSVLE_1_N004,38.655479050599546,-121.0602347730153,42.86957
CLSAJCT_6_N001,39.190857,-121.990506,43.42302
CLWTER_2_N003,35.39850993300358,-118.93957167203409,47.48518
CMPEVRS_1_N001,37.041635999986624,-122.02530956161661,45.24715
CMPEVRS_1_N002,37.041635999986624,-122.02542243838339,45.24715
CNTRYCB_6_N001,37.97966036733168,-121.31639835392943,43.18618
CNTRYCB_6_N002,37.979479632557,-121.31639835421177,43.18618
CNTRYCB_6_N004,37.979479632557,-121.31662764578823,43.18618
CNTRYCB_6_N006,37.97966036733168,-121.31662764607057,43.18618
COLLEG_LNODEDR1,37.6091056801805,-120.992876143573,42.37703
COLLEG_LNODEDR2,37.6091096218649,-120.992789582042,42.37703
COLLEG_LNODEDR5,37.6090266914486,-120.992698116343,42.37703
COLLEG_LNODER15,37.6090419641747,-120.993034819943,42.37703
COLNGA1_6_N001,36.13602399998719,-120.34444457141348,41.978
COLNGA1_6_N002,36.13602399998719,-120.34455542858652,41.978
COLNGA2_6_N001,36.236577,-120.315114,41.84177
COLONY_6_N001,38.190132,-121.181632,43.04995
COLUMBUS_1_N001,35.398330066896115,-118.93957167228022,41.46444
COLUMBUS_1_N003,35.398330066896115,-118.93979232771979,41.46444
COLUMBUS_1_N005,35.39850993300358,-118.9397923279659,41.46444
COLUSA_6_N001,39.213610999985775,-122.00296022131043,43.55074
COLUSA_6_N004,39.213610999985775,-122.00307577868956,43.55074
COLWATER_1_N001,34.86012489309556,-116.85312978164612,47.35599
COLWATER_1_N002,34.86012489309556,-116.85324421835388,47.35599
COMMONS_LNODEDR1,37.6091045275098,-120.992962913259,42.4196
COMMONS_LNODEDR3,37.5166183000533,-120.867554724081,42.4196
COMMONS_LNODEDR4,37.516699044633,-120.867555122205,42.4196
COMMONS_LNODEDR5,37.5164895041446,-120.867550987033,42.4196
COMMONS_LNODEDR7,37.5165532160667,-120.867553025577,42.4196
COMMONS_LNODEDR8,37.5008689404211,-120.913270146673,42.4196
CONCHO_1_N002,33.785845,-116.342689,39.86613
CONTADNA_1_N001,36.29,-119.71,43.5346
CONTROLX_1_N001,37.342839,-118.471988,-35.50277
CONTROL_7_N001,37.34291722503321,-118.47193119226046,-33.40092
COOPER_LNODEDR1,37.3189566034476,-120.5119493179366,42.32168
COOPER_LNODEDR2,37.31895660339336,-120.51183575699493,42.32594
COOPER_LNODEDR3,37.318866291449055,-120.51183575713138,42.32168
COOPER_LNODEDR4,37.318802431310424,-120.51191605677509,42.32594
COOPER_LNODEDR5,37.318787159360575,-120.51202798203006,42.32168
COOPER_LNODEDR6,37.31881843902539,-120.51213451388375,42.32594
COOPER_LNODEDR7,37.318884305211256,-120.51221220923813,42.32594
COOPER_LNODEDR8,37.318969657813994,-120.51224932323211,42.3302
COOPER_LNODEDR9,37.31905983488123,-120.51224311913526,42.3302
COOPER_LNODER14,37.31914244338007,-120.5121972257278,42.31743
COOPER_LNODER15,37.31920816147405,-120.51211933201114,42.31743
COOPER_LNODER16,37.31925091782716,-120.51201930357878,42.31743
COOPER_LNODER17,37.31926769919903,-120.51190771989396,42.31743
COPUS_6_N001,35.093593,-119.278466,43.98475
CORCORAN_1_N001,36.10957699998725,-119.55797958991954,44.48398
CORCORAN_1_N005,36.10957699998725,-119.55809041008045,44.48398
CORDELIA_6_N001,38.216066,-122.112082,42.80728
CORDPMP_6_N003,38.575433098781254,-121.497588,42.88391
CORNING_6_N004,39.93198099998522,-122.18732639815484,43.18304
CORNING_6_N006,39.93198099998522,-122.18744360184516,43.18304
CORONADO_6_N001,32.698823762005226,-117.173249,43.08124
CORONADO_6_N002,32.69874311898509,-117.17319367259638,43.08124
CORONA_1_N001,32.69874311898509,-117.17330432740361,43.03717
CORRAL_6_N001,38.1014979999861,-120.92635462577833,45.01838
CORRAL_6_N003,38.1014979999861,-120.92646937422167,45.01838
CORSGOLD_1_N001,37.22751499998653,-119.69108432761332,45.14654
CORSGOLD_1_N003,37.22751499998653,-119.69119767238668,45.14654
CORTEZ_LNODEDR1,37.5005587104299,-120.913235680039,42.33871
CORTEZ_LNODEDR3,37.5007571927422,-120.913267914805,42.33871
CORTEZ_LNODEDR5,37.5006522266335,-120.913263660994,42.33871
CORTEZ_LNODEDR6,37.5008124927682,-120.913424010622,42.33871
CORTEZ_LNODEDR7,37.5007095209272,-120.913352769965,42.33871
CORTINA_1_N106,39.121407,-122.224176,42.21821
COR_LNODENE1,38.55393333331922,-121.20798139654603,42.37703
COR_LNODENE3,38.55393333331922,-121.20809638123197,42.37703
COTATI_6_N101,38.30970399998603,-122.73153156284509,44.94018
COTATI_6_N102,38.30970399998603,-122.73164643715491,44.94018
COTTLEA_2_N001,37.772676259234935,-120.825545,42.6343
COTTLE_7_N001,37.77259487036768,-120.82548555286246,42.64281
COTWDPGE_1_N001,34.38040399998781,-116.87675022716886,41.41896
COVELO6_6_N001,39.78628299998532,-123.24850460152904,46.186
CPLECEF_1_N001,37.25999999998651,-121.63994328855216,45.20144
CPLECEF_1_N005,37.25999999998651,-121.64005671144784,45.20144
CPP_LNODESS1,38.3383555554995,-121.12458988828622,42.41109
CPP_LNODESS2,38.33844566948052,-121.124475,42.41109
CRABTREE_LNODENK1,37.64506,-120.60683,42.64524
CRCANAL_6_N001,40.1384740349693,-122.208547,43.66681
CREELMAN_6_N001,33.01815871873613,-116.853026,33.18209
CREELMAN_6_N004,33.01807814061963,-116.85297051775382,33.18209
CREELMAN_6_N014,33.01807814061963,-116.85308148224618,33.18209
CRESSEY_1_N001,37.42852799998634,-120.6386900986629,44.72776
CRESTWD_6_N001,32.699023999988746,-116.35373376108788,22.98956
CROWLNDG_LNODEDR1,37.4627004272953,-120.740076630976,42.26208
CROWLNDG_LNODEDR3,37.462786962981,-120.740080933369,42.25357
CROWLNDG_LNODEDR4,37.462613876709,-120.740078364387,42.25357
CROWLNDG_LNODEDR5,37.4625421344261,-120.740074305354,42.25357
CROWLNDG_LNODEDR7,37.4627827502437,-120.740270351347,42.26208
CRUSHER_6_N001,37.021645,-122.154383,44.38561
CRWSLDG_6_N001,37.377307,-121.085672,44.11584
CRYSTLSG_6_N001,37.528913,-122.361067,45.1461
CSG_LNODESS,38.51068967879612,-121.47509029333828,42.37277
CSTRVLLE_1_N001,36.762604151493385,-121.73625384675147,42.9695
CURTIS1_7_N001,37.974949221777045,-120.320668,42.42144
CURTISS_1_N101,37.974867889096444,-120.32072756943327,42.41718
CYMRIC_1_N001,35.31,-119.63,40.95356
DAIRYLND_1_N001,37.055221,-120.317015,44.25251
DALYCTY_1_N001,37.69180126214444,-122.455704,45.92944
DALYCTY_1_N005,37.69171986891291,-122.45564461457239,45.92944
DANISHCM_1_N001,36.71900181109094,-119.76576504300833,44.36051
DAVIS_1_N001,39.06008956957949,-121.70988464738468,43.34213
DAVIS_1_N007,39.05991043030674,-121.70988464767737,43.34213
DAVIS_1_N012,39.05991043030674,-121.71011535232263,43.34213
DECPTSG_2_N001,38.05999999998602,-121.86994264179833,42.77479
DECPTSG_2_N018,38.05999999998602,-121.87005735820168,42.77479
DEEPWATR_1_N101,38.55162999998592,-121.56020750817653,43.25273
DEEPWATR_1_N104,38.55162999998592,-121.56032249182347,43.25273
DELAMO_2_N001,33.84836303124857,-118.096994,41.64052
DELAMO_2_N014,33.84828198436281,-118.09693765855927,41.64052
DELAMO_2_N022,33.84828198436281,-118.09705034144073,41.64052
DELMAR_6_N001,38.7988788301003,-121.220655,41.33286
DELMAR_6_N001A,38.798798084934575,-121.22059518327069,42.62691
DELMAR_6_N005,38.798798084934575,-121.22071481672931,42.62691
DELMAR_6_N010,32.980789999988666,-117.25535963525417,41.33286
DELMAR_6_N011,32.980789999988666,-117.25546636474583,41.33286
DELMNTE_1_N010,36.599053999987,-121.8539621246086,43.33989
DELMNTE_1_N201,36.599053999987,-121.85407387539139,43.33989
DESCANSO_6_N001,32.86524,-116.633752,23.27055
DEVLDNPP_6_N003,35.774930999987355,-119.97393475743563,41.51552
DEVLSDN_6_N001,35.774930999987355,-119.97404524256437,41.54107
DFS_1_N001,36.72,-120.6,41.96209
DIABLO1_7_N001,35.215922999950024,-120.84743471985068,41.01316
DIABLO2_7_N001,35.215922999950024,-120.84765528014933,40.85139
DIABLOCN_2_N001,35.21601309719158,-120.847545,41.85185
DINUBAE_7_N001,36.56893330486095,-119.41841731957626,44.58615
DINUBA_6_N001,36.56893330486095,-119.41864068042374,44.64149
DINUBA_6_N005,36.56911269503489,-119.41864068068313,44.64149
DIRYVLLE_6_N001,40.12799,-122.097838,43.36028
DIVISION_6_N001,32.6815959999886,-117.12003376624276,43.01698
DIVISION_6_N009,32.6815959999886,-117.12014023375725,43.01698
DIXON-J1_6_N101,38.44545401121386,-121.826237,42.6455
DIXONLD_1_N001,37.457825231051295,-121.921353,44.97581
DIXONLD_1_N002,37.457743884459624,-121.92129383478914,44.97581
DIXONLD_1_N008,37.457743884459624,-121.92141216521087,44.98006
DIXON_6_B1,38.445372994377905,-121.8261772770627,42.6455
DIXON_6_N002,38.445372994377905,-121.8262967229373,42.6455
DMNDSPR_1_N001,38.69304699998593,-120.82566347343,42.75463
DMNDSPR_1_N003,38.69304699998593,-120.82577852656999,42.75463
DOBBINS_6_N001,39.339604,-121.197378,41.63765
DOLANRD_1_N001,36.800296,-121.769123,42.96099
DOMTAR_1_N001,38.13,-121.65,42.85568
DONNER_LNODE07,39.327305,-120.281812,42.51752
DONPEDRO_LNODENSS,37.6962503274167,-120.4206077500803,42.17694
DOSPALS_6_N001,36.97484,-120.635012,46.08158
DUKMOSS1_7_N001,36.85999999998676,-121.76005620188538,42.83753
DUKMOSS2_7_N001,36.84999999994714,-121.75988762218331,42.83753
DUKMOSS3_7_N001,36.84999999994714,-121.76011237781668,42.83753
DUKMOSS3_7_N002,36.85008992566386,-121.76,42.83753
DUKMOSS4_7_N001,36.84999999994714,-121.71988762218332,42.8205
DUKMOSS5_7_N001,36.83999999998681,-121.72005617595099,42.8205
DUKMOSS6_7_N001,36.84999999994714,-121.72011237781669,42.8205
DUKMOSS6_7_N002,36.85008992566386,-121.72,42.8205
DUMBARTN_1_N001,37.557155251259346,-122.057606,48.33313
DUMBARTN_1_N003,37.55707387435557,-122.05754673393427,48.33313
DUMBARTN_1_N011,37.55707387435557,-122.05766526606573,48.33313
DUNBAR_6_N001,38.38322299998598,-122.52777754540057,43.3735
DUNBAR_6_N002,38.38322299998598,-122.52789245459942,43.3735
DUNHILL_6_N001,32.901543,-117.229958,41.08186
DUNLAP_6_N001,36.64502999998689,-119.15909106962141,44.77773
DUNNIGAN_6_N001,38.924808,-121.989951,43.12927
DUNNSIDE_1_N001,35.03321,-116.467335,40.94688
EAGLEMTN_2_N001,33.82005401596653,-115.44,39.1886
EAGLEMTN_2_N002,33.8199729920039,-115.43994369314599,39.1886
EAGLROCK_2_N001,38.8293359999859,-122.81077743066047,40.8469
EAGLROCK_2_N012,38.8293359999859,-122.81089256933953,40.8469
EASTGATE_6_N101,32.88493613808494,-117.20083859603457,43.59636
EASTGATE_6_N201,32.88493613808494,-117.20094940396542,43.59636
EBMUDGRY_1_N001,37.93,-122.04,42.00387
ECY_LNODE101,38.55445658675582,-121.43093112608555,42.37703
ECY_LNODE102,38.55427674646514,-121.4309311263732,42.37703
ECY_LNODE103,38.55427674646514,-121.43116109584881,42.37703
ECY_LNODE104,38.55445658675582,-121.43116109613645,42.37703
EDENVALE_1_N001,37.24503626216962,-121.7958386130011,43.44049
EDENVALE_1_N004,37.24485573772219,-121.79583861327271,43.44049
EDENVALE_1_N006,37.24485573772219,-121.79606538672729,43.44049
EDENVALE_1_N008,37.24503626216962,-121.7960653869989,43.44049
EDES_1_N001,37.738786999986225,-122.19371982090533,56.06523
EDES_1_N003,37.738786999986225,-122.19383417909467,56.06949
EDMON1AP_7_N001,34.986313,-118.738787,40.56077
EDMON2AP_7_N001,34.986312999950265,-118.73867680688261,40.56077
EDMON3AP_7_N001,34.98622271993701,-118.73867680700413,40.56077
EDMON3AP_7_N002,34.98615888237297,-118.73875472524391,40.56077
EDMON4AP_7_N001,34.98614361582445,-118.738863331203,40.56077
EDMON4AP_7_N002,34.98617488443967,-118.73896670370384,40.56077
EDMON5AP_7_N001,34.98624072734969,-118.73904209487607,40.56077
EDMON5AP_7_N002,34.986326049781965,-118.73907810817316,40.56077
EDMON6AP_7_N001,34.986416194964555,-118.73907208804029,40.56077
EDMON6AP_7_N002,34.98649877424742,-118.73902755565565,40.56077
EDMON7AP_7_N001,34.98656446909455,-118.73895197200041,40.56077
EDMON7AP_7_N002,34.98660721032227,-118.7388549100885,40.56077
EDMON8AP_7_N001,34.98662398575978,-118.738746635625,40.56077
EDMON8AP_7_N002,34.986614439197844,-118.738637059907,40.56077
EDWARDS_1_N001,34.991871,-117.890005,42.80495
EELRIVR_6_N001,40.602658,-124.210199,56.03193
EIGHTMI_2_N017,38.058077,-121.375292,42.95203
EISENHOW_1_N001,33.830599,-116.497612,40.28349
EISEN_6_N001,35.35714,-118.97131,41.38781
ELCAJNGT_7_N001,32.795346131065216,-116.97233863745876,99.35277
ELCAJNGT_7_N004,32.795346131065216,-116.97244936254124,99.34426
ELCAPTN_1_N001,37.335801999986415,-120.50517320028958,44.32758
ELCAPTN_1_N004,37.335801999986415,-120.50528679971042,44.32758
ELCAPTN_1_N005,37.365512,-120.578993,44.32758
ELCRRTO_1_N001,37.91620499998609,-122.30313670905946,41.68306
ELCRRTO_1_N023,37.91620499998609,-122.30325129094054,41.68306
ELKCREEK_6_N001,39.12957472883464,-123.711777,44.56666
ELKHIL1G_7_N001,35.22604999998747,-119.37772885850012,40.69387
ELKHIL2G_7_N001,35.22604999998747,-119.37783914149988,40.69387
ELK_6_N001,39.1294941355673,-123.71183698354646,46.77776
ELK_SM_LNODENE2,38.37273738362879,-121.354256944444,42.40257
ELK_SM_LNODENE7,38.372656308170484,-121.35419723840097,42.41109
ELK_SM_LNODENE8,38.372656308170484,-121.35431665048702,42.41109
ELLIOTT_6_N001,32.81585999998874,-117.08840071898302,43.56759
ELLIOTT_6_N004,32.81585999998874,-117.08850728101697,43.56759
ELLIS_6_N001,37.716505,-121.548766,42.07002
ELLIS_6_N105,33.685126,-117.943596,42.07002
ELLSGTY_1_N001,33.685294,-117.943088,42.69816
ELNIDO_1_N004,37.12061299998659,-120.47270746040512,44.82142
ELNIDO_2_N001,37.12061299998659,-120.47282053959488,41.94704
ELNIDO_2_N012,33.89624399998809,-118.37271472929694,41.94704
ELNIDO_7_N001,33.89624399998809,-118.37282327070305,44.82142
ELPATIO_1_N001,37.29223717683988,-121.935913,45.2951
ELPATIO_1_N006,37.29215591156547,-121.93585402427247,45.2951
ELPATIO_1_N015,37.29215591156547,-121.93597197572753,45.2951
ELV_LNODENE1,38.71426666661026,-121.47683299057677,42.31317
ELV_LNODENE2,38.71418891290697,-121.47689052312896,42.31317
ELV_LNODENE3,38.71418891290697,-121.47700558798303,42.31317
ELV_LNODENE4,38.71426666661026,-121.47706312053523,42.31317
ELV_LNODENE5,38.71434442039811,-121.4770055881082,42.31317
ELV_LNODENE6,38.71434442039811,-121.4768905230038,42.31743
EMBRCDR_2_N001,37.780090430972514,-122.37988558363396,45.6442
EMBRCDR_2_N008,37.77990956891692,-122.37988558391392,45.6442
EMBRCDR_2_N101,37.77990956891692,-122.38011441608609,45.6442
EMBRCDR_2_N104,37.780090430972514,-122.38011441636604,45.6442
EMRLDLE_6_N001,37.462178,-122.277933,44.83532
EMRYSVE_1_N001,39.163430999985756,-121.56151425780503,41.83774
EMRYSVE_1_N003,39.163430999985756,-121.56162974219497,41.83774
ENCINAL_6_N001,39.247383,-121.637248,42.92761
ENCINA_1_N001,33.13699513479889,-117.33531843066032,42.73985
ENCINA_1_N049,33.13699513479889,-117.33542956933968,42.73985
ENCNITAS_6_N001,33.05068472041646,-117.285325,41.88575
ENCNITAS_6_N004,33.05060413977941,-117.28526949553299,41.88575
ENCNITAS_6_N011,33.05060413977941,-117.285380504467,41.88575
ENSLEN_LNODEHKQ,37.65224426097517,-121.0013,42.67078
ENSLEN_LNODELOU,37.65216286949752,-121.00124064749899,42.67078
ENSLEN_LNODEWFN,37.65216286949752,-121.00135935250101,42.67078
ERTA_6_N001,36.930594,-121.763827,44.48084
ESCNDIDO_6_N001,33.12543545233769,-117.116857,42.65312
ESCNDIDO_6_N046,33.12552499995441,-117.11696392572938,42.65312
ESCNDIDO_6_N053,33.12561454766245,-117.116857,42.65312
ESCO_6_N001,33.115770727187964,-117.089119,42.74678
ESCO_6_N004,33.11569013639368,-117.08906344744015,42.74678
ESQUON_6_N001,39.607876,-121.768445,41.30401
ESTGRND_1_N001,37.653951261060854,-122.403031,45.63143
ESTGRND_1_N005,37.65386986945481,-122.402971646041,45.63143
ESTGRND_1_N009,37.65386986945481,-122.403090353959,45.63143
ESTPRTL_1_N001,37.876677,-122.186415,41.37886
ESTQNCY_6_N001,39.938128,-120.910322,36.96584
ETIWANDA_6_N001,34.0883812512724,-117.5255740237224,40.86168
ETIWANDA_6_N003,34.08814499998799,-117.52552751207779,40.87871
EUREKAA_6_N001,40.793883999984665,-124.18290627263764,55.97232
EUREKA_6_N001,40.793883999984665,-124.18302572736236,55.93827
EVRGREEN_1_N001,37.303338999986465,-121.8408102375639,44.15572
EVRGREEN_1_N019,37.303338999986465,-121.84092376243609,44.15572
EXXONBH_7_N001,38.08095331088854,-122.13762073299924,42.01005
FAIRGRND_LNODEDR1,37.5006945896515,-120.867048786933,42.39406
FAIRGRND_LNODEDR3,37.5005735349484,-120.866718665766,42.39406
FAIRGRND_LNODEDR4,37.5005721589657,-120.866803820595,42.39406
FAIRGRND_LNODEDR5,37.5005181954718,-120.867051337755,42.39406
FAIRGRND_LNODEDR7,37.5005718981617,-120.866887330714,42.39406
FAIRGRND_LNODEDR8,37.5005716373084,-120.866970837622,42.39406
FAIRHAVN_6_N001,40.80028,-124.195714,57.36871
FAIRWAY_1_N001,34.91059499998762,-120.44635292480474,42.44787
FAIRWAY_1_N002,34.91059499998762,-120.44646307519525,42.44787
FAMOSO_1_N001,35.60500099998741,-119.20248280260235,41.46018
FARREL_1_N001,33.85654399998807,-116.49686777574072,40.16854
FARREL_1_N002,33.85654399998807,-116.49697622425927,40.16854
FAR_SUB_LNODEONA,34.03809021316632,-118.37089113436087,40.41016
FAR_SUB_LNODEONB,34.0379097867377,-118.37089113459244,40.41016
FAR_SUB_LNODEONC,34.0379097867377,-118.37110886540755,40.41016
FAR_SUB_LNODEOND,34.03809021316632,-118.37110886563912,40.41016
FELICITA_6_N001,33.093263724336374,-117.073637,42.75663
FELICITA_6_N005,33.09318313781945,-117.07358146461416,42.75663
FELICITA_6_N009,33.09318313781945,-117.07369253538583,42.75663
FELLOWSG_7_N001,35.195188999987465,-119.58505586292793,41.01742
FIGARDN_2_N001,36.8220309999868,-119.85852484727552,44.2738
FIGARDN_2_N101,36.8220309999868,-119.85863715272448,44.26103
FINNEY_LNODESNV,37.627520677678156,-120.9751667,42.68781
FIREBAGH_6_N001,36.850688,-120.466577,46.62651
FIREHOUS_LNODEBUSH,34.8569,-114.6245,39.62682
FIY_LNODE0LD,38.762778,-121.356944,42.31317
FLINT_1_N001,38.88530299998586,-121.06669540924167,42.91753
FMC_1_N001,37.347699999986396,-121.92219018683774,45.65272
FMC_1_N003,37.347699999986396,-121.92230381316226,45.65272
FOOTHILL_1_N001,35.27,-120.7,42.23501
FORSTHL_6_N001,39.01927,-120.830271,41.65199
FORTORD_6_N001,36.643363,-121.792138,43.54424
FORTRSS_6_N001,38.539559,-123.223713,45.31057
FOSTERW_7_N001,38.02007534657929,-122.06127131707333,42.94082
FRANKLIN_6_N003,38.012317,-122.264655,42.16877
FRA_SM_LNODENE1,38.38101134187077,-121.4768906014164,42.41109
FRA_SM_LNODENE2,38.380933333277234,-121.47683314740071,42.41109
FRA_SM_LNODENE3,38.38085532476781,-121.47689060154032,42.41109
FRA_SM_LNODENE4,38.38085532476781,-121.47700550957168,42.41109
FRA_SM_LNODENE5,38.380933333277234,-121.47706296371129,42.41109
FRA_SM_LNODENE6,38.38101134187077,-121.4770055096956,42.41109
FREDONIA_LNODELD,34.1733,-114.574,39.49485
FREMNT_1_N001,37.54118124868743,-121.962063,44.74166
FREMNT_1_N007,37.54109987564155,-121.96200374944321,44.74166
FREMNT_1_N013,37.54109987564155,-121.96212225055679,44.74166
FRIARS_1_N001,32.77904499998872,-117.15675673371696,42.70975
FRIARS_1_N009,32.77904499998872,-117.15686326628304,42.70975
FRNCHGLH_6_N001,40.68692,-122.641204,42.82812
FROGTOWN_7_N001,38.056504,-120.53381,42.09362
FRTSWRD_6_N001,40.21377199998503,-123.59658599020719,55.93983
FRUITLND_6_N001,40.28584,-123.837372,55.39064
FRUITVLE_6_N001,35.376774999987504,-119.0924868388967,41.33672
FRUITVLE_6_N101,35.376774999987504,-119.09259716110328,41.33672
FSTREET_LNODEDR1,37.4895796064313,-120.838424090027,42.39406
FSTREET_LNODEDR3,37.4896984214952,-120.838270217479,42.3898
FSTREET_LNODEDR4,37.4896152090171,-120.838173674241,42.3898
FSTREET_LNODEDR5,37.4894938869083,-120.83833925837,42.39406
FTCHMTN_6_N001,38.60608399998592,-122.85282549557644,43.95675
FTCHMTN_6_N003,38.60608399998592,-122.85294050442356,43.95675
FTL_LNODENE1,38.69308721315885,-121.348651111111,42.3302
FTL_LNODENE2,38.693006393405355,-121.34859132777218,42.3302
FTL_LNODENE3,38.693006393405355,-121.34871089444981,42.3302
FULTON_2_N010,38.49657200829278,-122.75943026543568,42.85837
FULTON_2_N049,38.49657200829278,-122.75954973456432,42.85837
F_6_N001,32.75497274686537,-117.126027,51.90735
F_6_N002,32.75489212655523,-117.12597165333155,51.90735
F_6_N005,32.75489212655523,-117.12608234666845,51.90735
GABILAN_6_N001,36.731511,-121.61325,45.1024
GALE_1_N001,34.85946599998758,-116.86535894183864,47.37302
GANSNER_6_N101,39.939187,-120.948157,39.5415
GANSO_1_N001,35.501698,-119.449132,40.97059
GARCIA_6_N001,38.88879,-123.550318,47.34824
GAREY_1_N002,34.98,-120.26,42.35847
GARFIELD_6_N001,32.795125,-116.996848,88.57435
GARNET_7_N001,33.93858299995228,-116.57633536031197,40.10043
GEER_LNODEDR1,37.52250334748,-120.843709746797,42.35574
GEER_LNODEDR2,37.5224993081714,-120.843588348711,42.34723
GEER_LNODEDR3,37.5224318250334,-120.843496861832,42.34723
GEER_LNODEDR4,37.5224297824039,-120.843426269924,42.34723
GEER_LNODEDR5,37.5224263420376,-120.843557323915,42.35574
GEER_LNODEDR7,37.5224225565731,-120.843630755159,42.35574
GEER_LNODEDR8,37.522425898329,-120.843709042834,42.35574
GENESEE_6_N001,32.87974054062765,-117.2133823800825,41.20107
GENESEE_6_N005,32.87956145928191,-117.21338238029792,41.20107
GENESEE_6_N011,32.87956145928191,-117.21359561970208,41.20107
GENESEE_6_N015,32.87974054062765,-117.2135956199175,41.20107
GENE_2_N001,34.3,-114.23,39.7444
GERBER_6_N101,40.064207,-122.156114,43.31771
GEYSR5-6_7_N001,38.777006613720275,-122.74238837921152,42.73916
GIFFEN_6_N001,36.545076,-120.334519,42.69591
GILROYF_1_N001,37.14,-121.58,44.12166
GILSTRAP_LNODEDR1,37.5800948624588,-120.975549487551,42.25357
GILSTRAP_LNODEDR3,37.5801662132492,-120.9757670064,42.25783
GILSTRAP_LNODEDR5,37.5799830759229,-120.975550499689,42.25357
GILSTRAP_LNODEDR7,37.58017229934,-120.975552395649,42.25357
GILSTRAP_LNODEDR8,37.5801700030066,-120.975645212521,42.25783
GILSTRAP_LNODER17,37.5801611951015,-120.976018315921,42.25783
GIRVAN_6_N001,40.51347,-122.378916,42.13418
GLENCLIF_6_N001,32.798367,-116.498315,23.16411
GLENSHIR_LNODERE,39.352238,-120.08626,42.26634
GLENWOOD_6_N001,37.45733023092607,-122.186967,45.57183
GLENWOOD_6_N004,37.457248884522265,-122.18690783531744,45.57183
GLENWOOD_6_N005,37.457248884522265,-122.18702616468256,45.57183
GLRYCGG1_7_N001,37.12999999998655,-121.5600565514771,44.12592
GOLDTREE_1_N001,35.32012199998752,-120.69284284611503,42.32441
GOLDTREE_1_N002,35.32012199998752,-120.69295315388497,42.32441
GOLETA_6_N200,34.46880142976412,-119.88445868708224,42.28654
GONZALES_6_N001,36.50885299998702,-121.44685522795733,44.71925
GONZALES_6_N003,36.50885299998702,-121.44696677204267,44.71925
GORMAN_6_N001,34.8014,-118.818908,40.548
GOSELKE_1_N001,35.601596,-119.579654,41.11108
GOULD_2_N001,34.22145799998786,-118.18701737338756,40.87244
GOULD_2_N007,34.22145799998786,-118.18712662661244,40.87244
GRANDIS_1_N004,38.23108199998597,-121.59029758372996,42.79294
GRANDIS_1_N009,38.23108199998597,-121.59041241627003,42.79294
GRANITE_6_N001,32.804473,-116.92086,90.0
GRANITE_6_N007,32.804472999954854,-116.9207534473782,90.0
GRANITE_6_N008,32.80438343993102,-116.92086,90.0
GRANITE_6_N009,32.804472999954854,-116.92096655262179,90.0
GRANTRK_6_N001,37.67099326174171,-122.160116,45.58773
GRANT_1_N001,37.67091186911436,-122.16005663166834,52.31626
GRANT_1_N005,37.67091186911436,-122.16017536833166,52.31626
GRBRVLLE_6_N001,40.10263,-123.792873,56.89347
GRDNEAST_1_N101,36.47999999998696,-119.60994425959105,44.14339
GRDNEAST_1_N102,36.47999999998696,-119.61005574040897,44.14339
GRDNWEST_1_N001,36.59,-119.57,44.13914
GREENBRE_6_N001,37.93780399998614,-122.51415869769995,44.40376
GREENBRE_6_N003,37.93780399998614,-122.51427330230004,44.40376
GRIMWAY_1_N001,35.27,-118.87,41.48998
GRNTHLL_1_N001,32.80456256006898,-116.92086,42.59927
GRNVALY_1_N001,36.952139010813255,-121.76018,44.42124
GRNVALY_1_N011,36.95205799457908,-121.76012146857028,44.42124
GRSSVLY_6_N101,39.209514,-121.061004,42.73177
GRYSFLT_6_N001,40.021612,-121.065532,39.38823
GUALALA_6_N001,38.786699,-123.522777,46.67715
GUSTINE_6_N001,37.253223999986524,-121.01302629664288,45.83152
GUSTINE_6_N002,37.253223999986524,-121.01313970335713,45.83152
GYSRVLLE_6_N001,38.70981887157317,-122.907957,44.1313
GYSRVLLE_6_N003,38.70973806419826,-122.90789721183104,44.1313
HALSEYF_7_N001,38.90131699998584,-121.08772559737287,43.19425
HAL_SUB_LNODEON1,33.84769999998815,-118.30334578612137,40.38036
HAL_SUB_LNODEONA,33.84769999998815,-118.30345421387864,40.38036
HAMILTON_6_N001,39.746242,-122.011361,42.31456
HAMMER_6_N001,38.02138220754234,-121.320367,43.4033
HAMMER_6_N003,38.02130089621381,-121.32030740848892,43.4033
HAMMER_6_N004,38.02130089621381,-121.32042659151108,43.4033
HAMMONDS_1_N001,36.72011,-120.603287,41.95784
HARBORG_7_N101,33.770089981295506,-118.25010824500784,41.77249
HARDING_6_N001,37.963708999986125,-121.29050568468435,43.04726
HARDING_6_N004,37.963708999986125,-121.29062031531565,43.04726
HARDWICK_6_N001,36.404261,-119.68624,44.62021
HARRIS_6_N001,40.78104299998464,-124.13194328500423,55.6062
HARRIS_6_N003,40.78104299998464,-124.13206271499577,55.6062
HARTER_6_N001,39.14325399998575,-121.6480072716394,42.77009
HARTER_6_N003,39.14325399998575,-121.6481227283606,42.77009
HARTLEY_6_N001,39.077268,-122.932322,44.98275
HAR_GS_LNODE10AUX,33.77070285420546,-118.26588005129787,40.38036
HAR_GS_LNODE11AUX,33.770785160786886,-118.2658363056699,40.38036
HAR_GS_LNODE12AUX,33.77085063868779,-118.26576205737284,40.38036
HAR_GS_LNODE13AUX,33.770893238769126,-118.26566671029164,40.38036
HAR_GS_LNODE14AUX,33.77090995880947,-118.26556034876025,40.38036
HAR_GS_LNODE1AUX,33.770900443776654,-118.26545270896402,40.38036
HAR_GS_LNODE2AUX,33.770866485380765,-118.26535246672638,40.38036
HAR_GS_LNODE5AUX,33.77081149182394,-118.26526678898045,40.38036
HAR_SUB_LNODEONA,33.77073997374512,-118.26520109800133,40.38036
HAR_SUB_LNODEONB,33.77065707494083,-118.26515900180253,40.38036
HAR_SUB_LNODEONC,33.77056816417163,-118.26514234955444,40.38036
HATTON_6_N001,36.55679,-121.897162,43.58255
HAWKINS_LNODEDR1,37.5799617816957,-120.645598336747,42.27911
HAWKINS_LNODEDR3,37.5799481743814,-120.645311774451,42.27911
HAWKINS_LNODEDR5,37.5798175544824,-120.645562968772,42.27911
HAWKINS_LNODEDR7,37.5799502934699,-120.645479899093,42.27911
HAY_GS_LNODE10AUX,33.765034221459466,-118.09919670179296,40.41016
HAY_GS_LNODE12AUX,33.76505094051277,-118.09909035381168,40.41016
HAY_GS_LNODE14AUX,33.765041426041684,-118.09898272772843,40.41016
HAY_GS_LNODE15AUX,33.7650074696504,-118.0988824982613,40.41016
HAY_GS_LNODE9AUX,33.7649524793399,-118.09879683143038,40.41016
HAY_LNODESS1,33.76488096548275,-118.09873114881994,40.41016
HAY_LNODESS2,33.76479807157197,-118.09868905798392,40.41016
HED_LNODENE1,38.50998333333333,-121.355746944444,42.39406
HED_LNODENE2,38.50998333327719,-121.35563197930773,42.39406
HED_LNODENE3,38.50989337309517,-121.35563197945136,42.39406
HED_LNODENE4,38.50982976169183,-121.355713272007,42.39406
HED_LNODENE5,38.50981454922492,-121.35582658122124,42.39406
HED_LNODENE6,38.509845707051696,-121.35593443034743,42.39406
HED_LNODENE7,38.509911316684935,-121.35601308641768,42.39406
HED_LNODENE8,38.50999633683837,-121.3560506593429,42.39406
HENRITTA_6_N101,36.24160599998715,-119.9029965105001,42.71025
HERDLYN_6_N001,37.816383,-121.586176,42.32778
HERSHEY_LNODESLL,37.75083,-120.8453,42.75593
HERSHEY_LNODEXF1,37.7508299999447,-120.8451856244636,42.75593
HERSHEY_LNODEXF2,37.75073956547022,-120.8453,42.75593
HERSHEY_LNODEXF3,37.7508299999447,-120.84541437553641,42.75593
HERSHEY_LNODEXF4,37.750920434529704,-120.8453,42.75593
HICKS_2_N001,37.234159254320986,-121.90015163922017,43.47455
HICKS_2_N002,37.23397874557105,-121.9001516394916,43.47455
HICKS_2_N007,37.23397874557105,-121.90037836050841,43.47455
HIDESERT_2_N001,34.145263999987954,-116.18586145110677,40.51193
HIDESERT_2_N018,34.145263999987954,-116.18597054889322,40.51193
HIGGINS_1_N001,39.043590575891166,-121.09071766620363,42.5924
HIGGINS_1_N002,39.04341142399536,-121.0907176664961,42.5924
HIGGINS_1_N004,39.04341142399536,-121.09094833350389,42.5924
HIGHLD_1_N001,38.93741777608508,-122.609034,42.83977
HIGHLD_1_N005,38.937337111942234,-122.60909387327588,42.83977
HIGHWAY_1_N001,38.166048151820924,-122.253616,42.38581
HIGHWAY_1_N002,38.16596692407439,-122.25355635179834,42.38581
HILLSDLE_6_N001,37.536271,-122.322394,45.51223
HILLSIDE_1_N001,37.879999999986126,-122.23994272916374,41.43575
HILLSIDE_1_N004,37.879999999986126,-122.24005727083625,41.43575
HILMAR_LNODEDR1,37.4189785637285,-120.849304571346,42.3898
HILMAR_LNODEDR2,37.4188603223578,-120.849075716434,42.38554
HILMAR_LNODEDR4,37.4189333711687,-120.849077780203,42.3898
HILMAR_LNODEDR5,37.4188652133943,-120.849148221032,42.38554
HILMAR_LNODEDR7,37.4188555229834,-120.849223847561,42.38554
HILMAR_LNODER17,37.4189123657556,-120.849307362712,42.3898
HINSON_6_N001,33.81885999995258,-118.22236564005779,41.81081
HLFMNBY_6_N002,37.46874323375435,-122.43018,46.24022
HLFMNBY_6_N004,37.46866188310803,-122.43012082319957,46.24022
HLFMNBY_6_N101,37.46866188310803,-122.43023917680043,46.24022
HMBLTBY_6_N003,40.78280899998469,-124.11247771670773,55.6062
HOBARTTP_LNODE19,39.400047,-120.149888,42.25783
HOLLISTR_1_N001,36.862728962246265,-121.405867,44.00402
HOLLISTR_1_N004,36.86264801886252,-121.40580858969733,44.00402
HOLLISTR_1_N101,36.86264801886252,-121.40592541030266,44.00402
HOMEGRND_1_N001,38.96,-122.84,42.935
HOMEPROC_1_N001,38.94,-122.85,42.91797
HONCUT_1_N001,39.320099,-121.595289,41.52696
HOOPA_6_N001,41.056514,-123.682252,57.95196
HORSESHE_1_N001,38.744281999985915,-121.16156545871566,42.80415
HORSESHE_1_N002,38.744281999985915,-121.16168054128434,42.80415
HPLNDJT_6_N001,38.972898,-123.081134,44.37665
HSK_LA_LNODEKSS,34.487,-118.514,40.34205
HUGHSON_LNODEDR1,37.5949433309328,-120.846755674049,42.12159
HUGHSON_LNODEDR2,37.5949478453779,-120.846639431615,42.11733
HUGHSON_LNODEDR3,37.5948895849844,-120.846669736494,42.11733
HUGHSON_LNODEDR4,37.5949564824944,-120.846831604577,42.12159
HUGHSON_LNODEDR5,37.594883530932,-120.846800432358,42.12159
HUGHSON_LNODEDR8,37.5948895004896,-120.84669840193,42.11733
HUNT1G_7_N002,33.64610399995311,-117.97753404459904,42.05725
HUNT2G_7_N002,33.645950581890766,-117.97761038065147,42.05725
HUNT3G_7_N002,33.64596651133317,-117.97781805443613,42.05725
HUNT4G_7_N002,33.646116990569396,-117.97792719657157,42.05725
HURLEY_LNODE12LD3,38.587283,-121.418244,39.35861
HURON_6_N001,36.185797,-120.104535,41.67573
HUR_LNODENE1,38.58818333333333,-121.418666944444,42.34297
HUR_LNODENE2,38.58818333327699,-121.41855194404475,42.34297
HUR_LNODENE3,38.58810548632912,-121.41860944430671,42.34297
HUR_LNODENE4,38.58810548632912,-121.41872444458129,42.34297
HUR_LNODENE5,38.58818333327699,-121.41878194484326,42.34297
HUR_LNODENE7,38.58826118030932,-121.41872444470597,42.34297
HUR_LNODENE8,38.58826118030932,-121.41860944418204,42.34297
HWD_SUB_LNODEONA,34.088090251059334,-118.34689102435425,40.42293
HWD_SUB_LNODEONB,34.0879097488445,-118.34689102458658,40.42293
HWD_SUB_LNODEONC,34.0879097488445,-118.34710897541342,40.42293
HWD_SUB_LNODEOND,34.088090251059334,-118.34710897564575,40.42293
HYATT_2_N212,39.54,-121.47,40.87829
IBM-CTLE_1_N001,37.33,-121.74,43.44475
IBM-HRRS_1_N001,37.339999999986375,-121.73994319553019,43.35961
IBM-HRRS_1_N101,37.339999999986375,-121.74005680446982,43.35961
IGNACIO_1_N102,38.07555099998604,-122.54000436436782,42.93926
IMHOFF_1_N001,38.001509,-122.066739,42.0031
IMPRLBCH_6_N001,32.58332899998902,-117.09716179037093,43.11293
IMPRLBCH_6_N004,32.58332899998902,-117.09726820962906,43.11293
INDIANW_1_N001,33.75822999998817,-116.36079489140164,39.88316
INDIANW_1_N005,33.75822999998817,-116.36090310859835,39.88316
INDNFLT_6_N001,37.66547,-119.841331,49.48472
INDUSTRL_LNODEDR1,37.4786063003132,-120.866935168966,42.40683
INDUSTRL_LNODEDR2,37.4784258031614,-120.866836967643,42.41109
INDUSTRL_LNODEDR3,37.4784244272802,-120.866662034426,42.41109
INDUSTRL_LNODEDR5,37.4785292936467,-120.866935824384,42.40683
INDUSTRL_LNODEDR7,37.4784403782944,-120.866928290638,42.40683
INDUSTRL_LNODEDR8,37.4784247171011,-120.866748607625,42.41109
INGRMC_1_N001,37.83,-121.17,43.3623
INYOKERN_1_N001,35.65261399998741,-117.79478579202693,41.08
INYOKERN_1_N008,35.65261399998741,-117.79489620797307,41.08
IRONMTN_2_N001,34.16,-115.12,39.36871
IUKA_6_N001,37.665987,-121.831011,43.43041
JACINTO_6_N001,39.582923,-122.010645,42.45931
JAMACHA_6_N001,32.744163749547276,-116.957239,98.21898
JAMACHA_6_N006,32.74408312521416,-116.95718365728564,98.21898
JAMACHA_6_N015,32.74408312521416,-116.95729434271436,98.21898
JAMESON_1_N001,38.205743,-122.147539,43.37776
JANSCRK_6_N001,40.905394259900845,-124.072573,56.1639
JANSCRK_6_N003,40.90531287003298,-124.0725108262728,56.1639
JARVIS_1_N014,37.59572442721241,-122.01803387245575,45.18867
JARVIS_1_N016,37.595543572677634,-122.01803387273313,45.18867
JARVIS_1_N017,37.595543572677634,-122.01826212726687,45.18867
JARVIS_1_N101,37.59572442721241,-122.01826212754425,45.18867
JCBSCRNR_6_N001,36.22245499998718,-119.77977650530629,42.87629
JCBSCRNR_6_N003,36.22245499998718,-119.77988749469371,42.87629
JENNY_1_N001,37.769999999986226,-122.25994279875593,55.35662
JENNY_1_N008,37.769999999986226,-122.26005720124407,55.35662
JESSUP_1_N001,40.462102,-122.328061,41.50411
JMSCNPMP_1_N001,38.19,-122.47,42.38581
JOHANNA_2_N001,33.71362395818503,-117.852576,42.18294
JOHANNA_2_N007,33.71354302089469,-117.85251982319095,42.18294
JOLON_6_N001,36.013308,-121.167635,43.03336
KAMM_1_N001,36.58,-120.52,42.08556
KANAKA_1_N001,39.439999999985574,-121.38994201903363,40.25403
KEARNEY_6_N001,36.704357999986875,-119.88278399673257,43.9247
KEARNEY_6_N099,36.704357999986875,-119.88289600326743,43.9247
KEARNEY_7_N001,32.832849999988746,-117.13199871171014,51.67285
KEARNEY_7_N003,32.832849999988746,-117.13210528828985,51.89849
KELSO_2_N001,37.797722,-121.601591,42.57896
KERMAN_6_N001,36.69205999998684,-120.05918901200307,43.42817
KERMAN_6_N002,36.69205999998684,-120.05930098799692,43.42817
KERNOIL_1_N001,35.44070999998741,-119.02061483035583,41.58364
KERNOIL_1_N012,35.44070999998741,-119.02072516964418,41.58364
KERNPWR_1_N002,35.37980096994444,-119.097984,41.23454
KERNPWR_1_N201,35.37972001501422,-119.09792667452027,41.23454
KERNRDGE_1_N001,35.48320899998747,-119.76358482417542,41.31543
KERNRV_1_N001,35.37972001501422,-119.09804132547973,41.54958
KERNWATR_1_N001,35.400666,-119.035603,41.2984
KESWICK_6_N001,40.623725,-122.462027,42.37685
KETTLEMN_6_N001,36.044075,-120.112696,41.32664
KETTNER_6_N001,32.733172,-117.173774,43.55652
KIERNAN_LNODETUB,37.71047,-121.0139,42.7091
KINGCTY_6_N001,36.21683446252504,-121.1266820197143,42.75664
KINGCTY_6_N002,36.21683446252504,-121.1269039802857,42.75664
KINGCTY_6_N005,36.217013537372516,-121.12690398053972,42.75664
KINGSBRG_1_N001,36.48869063297857,-119.58234525016937,44.12636
KINGSBRG_1_N008,36.48861299994815,-119.58228950045047,44.12636
KIRKER_1_N001,38.0212542075842,-121.905844,42.74499
KIRKER_1_N005,38.02117289619287,-121.90578440854696,42.74499
KIRKER_1_N006,38.02117289619287,-121.90590359145303,42.74499
KNA_LNODENA2,40.654722,-122.389167,41.55112
KNGHTSLD_1_N001,38.809281,-121.74515,42.77009
KONOCTI6_6_N001,38.9325,-122.741085,43.77794
KYOCERA_6_N001,32.819776,-117.140362,51.83056
LADDCM_LNODEARD,37.73258,-121.01392,42.7091
LAFRESA_6_N001,33.86979104273171,-118.33319,41.8917
LAFRESA_6_N007,33.869709978621295,-118.33324636755688,41.8917
LAGNANL_1_N001,33.49498074466377,-117.70295838393929,42.72366
LAGNANL_1_N002,33.494801255243225,-117.70295838416239,42.72366
LAGNANL_1_N005,33.494801255243225,-117.70317361583761,42.72366
LAGNANL_1_N006,33.49498074466377,-117.70317361606071,42.72366
LAGRANG_LNODEOAD,37.6697612035926,-120.443808701526,42.18119
LAGUBELL_6_N001,33.975996097823064,-118.14794,41.40482
LAGUBELL_6_N210,33.97591495107552,-118.14799649540468,41.40482
LAGUNATP_6_N001,36.748942999986895,-121.60530194075191,44.43356
LAGUNITS_6_N001,36.748942999986895,-121.60541405924809,44.91508
LAJOLLA_6_N001,32.840121999988746,-117.27517670850455,51.33753
LAJOLLA_6_N007,32.840121999988746,-117.27528329149546,51.33753
LAKEVIEW_6_N101,35.093678,-119.10139,43.35893
LAKEVLLE_1_N001,38.251505,-122.580692,42.79451
LAKEWOOD_1_N001,37.909008286572075,-122.05701271293042,42.03368
LAKEWOOD_1_N003,37.90892999994441,-122.05695542598274,42.03368
LAKEWOOD_1_N004,37.90885171340006,-122.05701271305232,42.03368
LAKEWOOD_1_N006,37.90885171340006,-122.05712728694768,42.03368
LAKEWOOD_1_N007,37.90892999994441,-122.05718457401727,42.03368
LAKEWOOD_1_N009,37.909008286572075,-122.05712728706959,42.03368
LAK_SM_LNODENE2,38.658077794318025,-121.13012359377534,42.36851
LAK_SM_LNODENE3,38.65799999994368,-121.13006607656462,42.36851
LAK_SM_LNODENE4,38.657922205653776,-121.13012359390028,42.36851
LAK_SM_LNODENE6,38.657922205653776,-121.13023862832172,42.36851
LAK_SM_LNODENE7,38.65799999994368,-121.13029614565738,42.36851
LAK_SM_LNODENE8,38.658077794318025,-121.13023862844666,42.36851
LAMONT_1_N001,35.296667999987505,-118.86162984910735,41.46018
LAMONT_1_N002,35.296667999987505,-118.86174015089266,41.46018
LAPHAM_LNODEQBZ,37.639494,-120.919982,42.6793
LAPHAM_LNODEXBC,37.63949399994495,-120.91986779708742,42.6793
LAPLMG1_7_N001,35.29516599994997,-119.59192469860037,40.72367
LAPLMG2_7_N001,35.2950123151544,-119.59200269352937,40.72367
LAPLMG3_7_N001,35.29502827228419,-119.59221488028864,40.72367
LAPLMG4_7_N001,35.29517901313358,-119.59232639423358,40.72367
LASPALMS_1_N001,36.8,-119.69,44.47546
LASPLGS_6_N001,33.31288499998846,-117.46694237728786,45.49094
LASPULGS_6_N001,33.31288499998846,-117.46704962271214,43.41663
LAURELES_6_N001,36.47781599998705,-121.7268922619553,45.11518
LAWRENCE_1_N001,37.397207,-122.010126,45.45688
LAWRENCE_1_N003,37.39720699994556,-122.01001226428907,45.45688
LAWRENCE_1_N004,37.39711664332103,-122.010126,45.45688
LAWRENCE_LNODEENCE,37.397297356679005,-122.010126,39.4693
LBEACH2G_7_N002,33.818691093192,-118.22254906136247,41.81507
LCIENEGA_6_N001,34.000751,-118.378408,42.0705
LEGRAND_1_N001,37.184412,-120.273463,44.50795
LEMOORE_6_N002,36.30998799998711,-119.79822042969916,43.15301
LEMOORE_6_N101,36.30998799998711,-119.79833157030085,43.15301
LEPRINO_1_N001,37.748396,-121.41576,43.4815
LERDO_1_N001,35.50010399998744,-119.15188082156193,41.50275
LERDO_1_N004,35.50010399998744,-119.15199117843807,41.50275
LILAC_6_N001,33.25325899998847,-117.08580343192692,42.6316
LILAC_6_N010,33.25325899998847,-117.08591056807307,42.6316
LIMESTNE_6_N001,38.63377399998596,-120.97960448884528,42.70354
LINCON_LNODECRZ,37.63940356621228,-120.91986779722644,42.67504
LINCON_LNODEFCN,37.639339619957,-120.91994855081084,42.67504
LINDEN_6_N101,38.016891,-121.095875,44.40107
LITEHIPE_6_N001,33.88040091918611,-118.17506849549716,41.72141
LITEHIPE_6_N008,33.88058108071875,-118.17528550473195,41.72141
LIVERMRE_6_N001,37.68013099998621,-121.78059286544908,43.49427
LIVERMRE_6_N003,37.68013099998621,-121.78070713455092,43.49427
LIVNGSTN_6_N001,37.363379203022006,-120.760425,42.74969
LLAGAS_1_N001,37.006958040367174,-121.557391,44.1174
LLAGAS_1_N003,37.00687697980194,-121.55733239433584,44.1174
LLAGAS_1_N005,37.00687697980194,-121.55744960566416,44.1174
LMEC1_1_N001,38.030625,-121.896783,42.6045
LMEC1_1_N101,38.03062499994427,-121.89666830800388,42.6045
LMEC1_1_N601,38.0305346591732,-121.89666830814532,42.6045
LMEC1_1_N801,38.03047077865233,-121.89674940756281,42.6045
LMECCT1_7_N001,38.0304867914731,-121.89697004046927,42.60024
LMECCT2_7_N001,38.03063805852326,-121.89708599331652,42.60024
LMECST1_7_N001,38.03081089924409,-121.89703337694175,42.60024
LMPC-CTY_1_N001,34.6,-120.39,42.20946
LOCKHD1_1_N001,37.409054,-122.03213,45.2653
LOCKHD2_1_N001,37.416224,-122.030655,45.50371
LOGANCR_2_N001,39.53955399998549,-122.26277291112409,42.0096
LOGANCR_2_N010,39.53955399998549,-122.26288908887592,42.0096
LONESTAR_1_N001,37.511676999986356,-122.20756301431467,45.26105
LOSALTS_6_N004,37.3939352129738,-122.114735,44.54739
LOSALTS_6_N005,37.393853893498445,-122.11467590496156,44.54739
LOSALTS_6_N101,37.393853893498445,-122.11479409503845,44.54739
LOSCCHS_6_N001,32.85981772690813,-116.899263,42.62892
LOSCOCHS_6_N001,32.85973713653372,-116.89920760858072,23.66222
LOSCOCHS_6_N034,32.85973713653372,-116.89931839141927,23.66222
LOSGATS_6_N002,37.226423999986494,-121.97722832893687,47.13156
LOSGATS_6_N201,37.226423999986494,-121.97734167106313,47.13156
LOSOSTS_6_N001,36.293864,-121.20007,42.8205
LOVELAND_6_N001,32.796957,-116.792258,23.72608
LOWGAP_7_N001,40.4327289999849,-123.47220368717633,44.20748
LOYALTON_LNODETY,39.6680639999855,-120.24305624345052,42.23228
LOYOLA_6_N001,37.360660999986344,-122.09993417231678,44.24086
LOYOLA_6_N004,37.360660999986344,-122.10004782768323,44.24086
LPFLKBD_6_N001,40.90531287003298,-124.07263517372719,56.12559
LSGLLNS_1_N001,38.022339207228725,-122.537978,43.15638
LSGLLNS_1_N002,38.0222578963706,-122.53791840805536,43.15638
LSGLLNS_1_N003,38.0222578963706,-122.53803759194464,43.15638
LSPSTAS_2_N001,37.700982436898656,-121.73360569835381,43.64753
LSPSTAS_2_N002,37.70080156299109,-121.73360569863272,43.64753
LSPSTAS_2_N010,37.70080156299109,-121.7338343013673,43.64753
LSPSTAS_2_N011,37.700982436898656,-121.73383430164618,43.64753
LSTHLLS_6_N001,35.785755,-119.866138,41.7071
LUCERNE_1_N001,39.110189,-122.81298,43.82746
LUCERNE_1_N004,39.11,-122.81,43.82746
LUIS#3_1_N001,36.65,-120.73,42.02595
LUIS#5_1_N001,36.72,-120.75,42.0217
LVNGSTN_7_N002,37.36329789847426,-120.76036593987695,44.79162
LYOTH-SP_6_N001,37.721862,-121.390858,43.74119
LYTNVLLE_6_N001,39.684962,-123.476979,46.42441
MABURY_1_N001,37.36089599998639,-121.86395517205479,45.01412
MABURY_6_N001,37.36089599998639,-121.86406882794522,44.47502
MADISON_1_N002,38.67073989103906,-121.969138,42.38581
MADISON_1_N201,38.67065905446531,-121.9690782228888,42.38581
MAGUNDEN_1_N002,35.36215899998747,-118.92373215922743,41.60493
MAINE-PR_6_N001,38.385820999985995,-121.77582145519017,42.52204
MALAGA_1_N001,36.69415479048744,-119.72474601890697,44.55635
MALAGA_1_N004,36.69397520940774,-119.72474601916853,44.55635
MALAGA_1_N005,36.69397520940774,-119.72496998083147,44.55635
MALAGA_1_N206,36.69415479048744,-119.72496998109303,44.55635
MANCHSTR_1_N001,36.78803392229639,-119.787488,44.60744
MANCHSTR_1_N002,36.787953038837564,-119.78742968988867,44.60744
MANCHSTR_1_N005,36.787953038837564,-119.78754631011132,44.60744
MANDLY1G_7_N002,34.207498198093205,-119.249016,41.50746
MANDLY2G_7_N002,34.20741690094034,-119.2489592448821,41.50746
MANDLY3G_7_N001,34.20741690094034,-119.2490727551179,41.50746
MANTECA_1_N001,37.80151542742815,-121.22356755493873,43.98386
MANTECA_1_N002,37.80133457246114,-121.22356755521895,43.98386
MANTECA_1_N012,37.80133457246114,-121.22379644478104,43.98386
MANTECA_1_N013,37.80151542742815,-121.22379644506127,43.98386
MANVILLE_1_N001,34.53,-120.43,42.0562
MARGARTA_1_N001,33.55007578845692,-117.62798626281774,42.68108
MARGARTA_1_N002,33.54989621144975,-117.62798626304166,42.68108
MARGARTA_1_N008,33.54989621144975,-117.62820173695833,42.68108
MARGARTA_1_N009,33.55007578845692,-117.62820173718225,42.68108
MARICOPA_6_N001,35.107547,-119.398151,40.89396
MARIPOS2_6_N001,37.50445799998627,-120.00773602136582,48.36931
MARIPOS2_6_N003,37.50445799998627,-120.00784997863418,48.36931
MARPOS_LNODEKSA,37.63932432741219,-120.92006110878681,42.6793
MARPOS_LNODENOX,37.63935564925701,-120.92016824287315,42.6793
MARSHALL_LNODEDR1,37.43587720766,-121.132527674588,42.49623
MARSHALL_LNODEDR2,37.4358760484777,-121.13220043951,42.49198
MARSHALL_LNODEDR3,37.4358798082574,-121.132682875263,42.49623
MARSHALL_LNODEDR4,37.4358789493306,-121.132046059332,42.49198
MARSHALL_LNODEDR5,37.4358787251639,-121.131895544498,42.49198
MARSHALL_LNODER8C,37.435876146414,-121.132374308977,42.49623
MARTELL_6_N001,38.369191999986,-120.79669245138386,44.54425
MARTINEZ_1_N001,38.02,-122.16,41.9764
MCARTHR_6_N001,41.05270199998445,-121.40878106361407,40.41424
MCCALL_1_N026,36.61141783540495,-119.639697,44.04973
MCCALL_1_N030,36.61133708228342,-119.63963891745578,44.04973
MCC_LNODEMCC,38.63008971070796,-121.51320976638306,42.3302
MCDISLE_6_N001,37.93693288402067,-121.52832945017714,44.84809
MCFRLND_6_N001,35.688444,-119.276835,41.63473
MCKEE_1_N001,37.366407204044364,-121.843789,44.80552
MCKEE_1_N005,37.36632589796316,-121.84372993637959,44.80552
MCKEE_1_N101,37.36632589796316,-121.84384806362041,44.80552
MCMULLN1_2_N001,36.592775,-119.989065,43.35423
MCY_LNODE101,38.563116666666666,-121.464371944444,42.37277
MCY_LNODE102,38.563116666610455,-121.4642569555954,42.37277
MCY_LNODE103,38.56302675430868,-121.46425695573926,42.37277
MCY_LNODE104,38.562963176761876,-121.46433826506194,42.37277
MCY_LNODE105,38.562947972391605,-121.46445159764659,42.37277
MCY_LNODE106,38.5629791136348,-121.46455946901716,42.37277
MCY_LNODE107,38.56304468834792,-121.46463814131086,42.37277
MCY_LNODE108,38.56312966325024,-121.46467572198618,42.37277
MDLRIVR_6_N001,37.93693288402067,-121.52844854982285,44.09029
MDWYPS_6_N001,35.402824999987416,-119.45497183549746,41.24732
MECCTG1_7_N100,37.239909741275135,-121.77988662517618,43.18931
MECCTG2_7_N100,37.2400902586168,-121.78011337509535,43.18931
MEDWLNE_1_N001,37.963141225082815,-122.052361,42.07702
MEDWLNE_1_N002,37.963059887443606,-122.05230143651556,42.07702
MEDWLNE_1_N006,37.963059887443606,-122.05242056348443,42.07702
MELROSE_6_N001,33.206560573300976,-117.25285494469412,43.05382
MELROSE_6_N004,33.20638142660739,-117.25285494491321,43.05382
MELROSE_6_N005,33.20638142660739,-117.25306905508678,43.05382
MELROSE_6_N009,33.206560573300976,-117.25306905530589,43.05382
MENLO_6_N001,37.4330313740754,-122.20260718789906,45.64846
MENLO_6_N002,37.43285062581547,-122.2026071881739,45.64846
MENLO_6_N003,37.43285062581547,-122.2028348118261,45.64846
MENLO_6_N004,37.4330313740754,-122.20283481210093,45.64846
MERCEDFL_7_N001,37.27292328168154,-120.48675154649395,45.44455
MERCED_1_N001,37.27274271821013,-120.48697845323395,44.49361
MERCED_1_N002,37.27292328168154,-120.48697845350604,44.49787
MERIDIAN_6_N101,37.225299,-121.744182,43.62311
MESACAL_6_N001,34.037454,-118.109265,41.18882
MESAHGTS_6_N001,32.829628731503114,-117.157263,51.8201
MESAHGTS_6_N007,32.82954813423625,-117.15720762268285,51.8201
MESARIM_6_N001,32.90498753633711,-117.17294735480384,60.33453
MESARIM_6_N007,32.90480846357245,-117.1729473550195,60.33453
MESARIM_6_N008,32.90480846357245,-117.1731606449805,60.33453
MESARIM_6_N012,32.90498753633711,-117.17316064519616,60.33453
METCALF_1_N018,37.22435199998651,-121.74197733145253,43.35535
METTLER_6_N001,38.078067,-121.2867,43.10103
MEYERS_LNODE31,38.877195,-119.986125,40.62728
MEYERS_LNODE32,38.87719499994345,-119.98600982501117,40.62728
MEYERS_LNODE33,38.87710533707398,-119.986125,40.62728
MEYERS_LNODE34,38.87719499994345,-119.98624017498884,40.62728
MEYERS_LNODE35,38.87728466292607,-119.986125,40.62728
MI-WUK_1_N001,38.052745,-120.217268,42.21709
MIDDLTWN_6_N002,38.7527889999859,-122.60852945612646,45.88956
MIDDLTWN_6_N101,38.7527889999859,-122.60864454387354,45.88956
MILLBRAE_1_N001,37.605189,-122.391045,45.35896
MILLBRAE_1_N004,37.60518899994505,-122.39093085578821,45.35896
MILLBRAE_1_N201,37.60518899994505,-122.3911591442118,45.35896
MILLBRAE_6_N001,37.6052794289691,-122.391045,45.48668
MILLER_1_N001,37.81,-121.1,43.29418
MILPITAS_1_N001,37.415395,-121.888564,44.92046
MILPITAS_1_N003,37.41539499994551,-121.8884502251851,44.92046
MILPITAS_1_N005,37.41530463419468,-121.888564,44.92046
MILPITAS_1_N006,37.41539499994551,-121.88867777481491,44.92046
MINNIER_LNODEJFF,37.71289,-120.93858,42.66652
MIRABEL_6_N001,38.489406,-122.894261,43.57359
MIRALOMA_6_N001,34.004371186293284,-117.56506721001799,41.11687
MIRAMAR_6_N001,32.89408253805123,-117.13552936589245,60.23661
MIRAMAR_6_N004,32.89390346185827,-117.135529366108,60.23661
MIRAMAR_6_N017,32.89390346185827,-117.135742633892,60.23661
MISSION_6_N001,32.784191999954906,-117.13741946348074,51.78389
MISSION_6_N031,32.78411443272647,-117.13747273178681,51.78389
MISSION_6_N040,32.78411443272647,-117.13757926821319,51.78389
MISSION_6_N049,32.784191999954906,-117.13763253651926,51.78389
MKT_SUB_LNODEONA,34.0434902173762,-118.24599112234871,40.41016
MKT_SUB_LNODEONB,34.04330978252786,-118.24599112258036,40.41016
MKT_SUB_LNODEONC,34.04330978252786,-118.24620887741963,40.41016
MKT_SUB_LNODEOND,34.0434902173762,-118.24620887765128,40.41016
MNDCTP_6_N001,39.251247,-123.196582,44.64486
MOFTFLD_1_N002,37.41,-122.04,45.24402
MOLINO_6_N002,38.42527299998595,-122.83215753598292,44.0717
MOLINO_6_N101,38.42527299998595,-122.83227246401708,44.0717
MONOLITH_6_N029,34.92999999998754,-118.4199449189089,40.51551
MONOLITH_6_N101,34.92999999998754,-118.4200550810911,40.51551
MONROE_1_N001,38.45321800700051,-122.743668,43.19895
MONROE_1_N002,38.45313699648462,-122.74360827529611,43.21598
MONROE_1_N101,38.45313699648462,-122.74372772470389,43.21598
MONSRATE_6_N001,33.32908099998846,-117.23541536188321,43.69152
MONSRATE_6_N007,33.32908099998846,-117.23552263811678,43.69152
MONTAGUE_1_N001,37.40375521599691,-121.905675,45.43559
MONTAGUE_1_N006,37.403673891986756,-121.90561589392182,45.43559
MONTAGUE_1_N007,37.403673891986756,-121.90573410607819,45.43559
MONTCLLO_1_N008,38.48,-122.32,43.00737
MONTEREY_6_N001,36.599917,-121.890341,43.50166
MONTERO_6_N001,38.47145299998595,-123.01207452586034,44.6592
MONTERO_6_N004,38.47145299998595,-123.01218947413966,44.6592
MONTGMRY_6_N001,32.631633999988686,-117.09951777952129,42.82774
MONTGMRY_6_N002,32.631633999988686,-117.0996242204787,42.82774
MONTPELR_LNODEDR3,37.5513950204046,-120.771210942368,42.34723
MONTPELR_LNODEDR4,37.5513208784333,-120.77132554154,42.34723
MONTPELR_LNODEDR5,37.5513203022304,-120.771217224249,42.34723
MONTPELR_LNODEDR7,37.551320342333,-120.771557696814,42.34297
MONTPELR_LNODEDR8,37.5513195014288,-120.771445581179,42.34297
MOORPARK_6_N001,34.28245799998789,-118.90073231455499,40.94818
MORAGA_1_N001,37.848008,-122.160732,40.69733
MORGAN_1_N001,37.12745917114046,-121.65871690356438,41.01742
MORMON_6_N001,37.968746,-121.185898,43.49427
MOROHILL_6_N001,33.252187,-117.300305,43.36729
MORROBY_1_N001,35.373004,-120.855187,41.93274
MOSSLD_1_N001,36.804150842399494,-121.78373687034716,42.88436
MOSSLND6_7_ND001,36.80399515757413,-121.78384912953872,42.68427
MOSSLND7_7_ND001,36.804150842399494,-121.78384912965284,42.68427
MPLECRK_6_N001,40.767881,-123.87365,56.1937
MREIS-Q_1_N001,38.12,-122.33,42.38581
MRGNHIL_1_N001,37.12727882875214,-121.65871690383386,43.95563
MRGNHIL_1_N004,37.12727882875214,-121.65894309616613,43.95563
MRGNHIL_1_N007,37.12745917114046,-121.65894309643562,43.95563
MRTSVAL_LNODE32,39.329538,-120.170031,42.12159
MRYSVLLE_6_N001,39.13944599998575,-121.58327227419691,43.1873
MRYSVLLE_6_N003,39.13944599998575,-121.58338772580308,43.1873
MSHR60V_6_N001,38.02150699998609,-121.28089465794243,43.86309
MSHR60V_6_N006,38.02150699998609,-121.28100934205757,43.86309
MTEDEN_1_N001,37.63264525976642,-122.10124,49.48836
MTEDEN_1_N005,37.632563870101905,-122.10118066447778,49.48836
MTEDEN_1_N009,37.632563870101905,-122.10129933552223,49.48836
MTNHOUSE_LNODE1KV,37.79428,-121.55964,42.3302
MTNPASS_1_N001,35.508179,-115.53125,39.82296
MTNQUAR_6_N001,38.914515,-121.015694,43.17722
MTVIEW_1_N001,34.07927114678052,-117.240376,43.98968
MTVIEW_1_N004,34.079189926596804,-117.24031938460595,43.98968
MTVIEW_1_N005,34.079189926596804,-117.24043261539406,43.98968
MURRAY_6_N001,32.79087756459772,-117.0229334582287,77.2806
MURRAY_6_N004,32.790698435312095,-117.02293345844329,77.2806
MURRAY_6_N005,32.790698435312095,-117.02314654155671,77.2806
MURRAY_6_N015,32.79087756459772,-117.0231465417713,77.2806
MUSLSLGH_6_N001,36.264507,-119.907357,42.7358
NARROWS1_7_N001,33.13712344927391,-116.2943780565384,42.15704
NARROWS_6_N010,33.137302550634665,-116.29459194367982,37.17207
NATNLCTY_6_N001,32.67305199998863,-117.10726576866911,42.97708
NATNLCTY_6_N005,32.67305199998863,-117.10737223133088,42.97708
NAT_LNODENE1,38.65097779957077,-121.48672359559271,42.3302
NAT_LNODENE2,38.65089999994365,-121.48666608019934,42.3302
NAT_LNODENE3,38.650822200401045,-121.48672359571763,42.3302
NAT_LNODENE4,38.650822200401045,-121.48683862650437,42.32594
NAT_LNODENE5,38.65089999994365,-121.48689614202266,42.32594
NAT_LNODENE6,38.65097779957077,-121.4868386266293,42.32594
NAVSTMTR_6_N001,32.67041199998878,-117.11463876940559,43.02981
NAVSTMTR_6_N011,32.67041199998878,-117.11474523059441,43.02981
NAVY35R_1_N001,35.29,-119.45,40.77901
NBRANCH_6_N001,38.199837,-120.719506,42.51779
NCMETER_1_N001,33.089572,-117.203236,42.81892
NCPA1GY1_7_N001,38.329999999986036,-122.63005744213352,42.33472
NCPA1GY2_7_N001,38.33999999998601,-122.64005744453604,42.35601
NCPA2GY1_7_N001,38.34999999998599,-122.65005744690819,42.56887
NCPA2GY2_7_N001,38.329999999986036,-122.68005744213352,42.54759
NDUBLIN_2_N002,37.86,-121.88,44.54582
NEWARKD_1_N001,37.50049924095103,-121.987091,44.7076
NEWARKD_1_N012,37.500417879509776,-121.98703179018516,44.7076
NEWBURG_6_N001,40.59455299998477,-124.13512748525541,56.03618
NEWBURG_6_N003,40.59455299998477,-124.13524651474458,56.03618
NEWELL_LNODEWELL,41.888139999984205,-121.37832971620207,39.47356
NEWHALL_1_N001,36.86718099998678,-120.32825478878492,43.67352
NEWHALL_1_N002,36.86718099998678,-120.32836721121508,43.67352
NEWMAN_6_B2,37.31543099998646,-121.01505122358405,44.94175
NEWMAN_6_N001,37.31543099998646,-121.01516477641594,44.94175
NOISLMTR_6_N004,32.70244776093939,-117.182166,43.09401
NOISLMTR_6_N009,32.702367119518385,-117.18211067144682,43.09401
NORCO_1_N001,35.28535,-119.308893,41.17068
NORD1_1_N001,39.759998999985385,-121.90689363690683,41.34659
NORD1_1_N003,39.759998999985385,-121.90701036309318,41.34659
NORTECH_1_N001,37.46,-121.76,45.31213
NORTHOAK_6_N003,35.96338313356797,-119.45673850749412,40.79066
NORTHOAK_6_N004,35.96338313356797,-119.45685349250587,40.79066
NORTHOAK_6_N005,37.36329789847426,-120.76048406012305,40.79066
NOVATO_6_N001,38.10860199998601,-122.56828762317217,42.99034
NOVATO_6_N002,38.10860199998601,-122.56840237682783,42.99034
NRTHTWR_1_N001,38.066061192073654,-122.195674,42.15639
NRTHTWR_1_N002,38.06597990394814,-122.1956143891305,42.15639
NRTHTWR_1_N004,38.06597990394814,-122.19573361086951,42.15639
NR_SUB_LNODEONA,34.22909034238915,-118.54339073176756,40.40591
NR_SUB_LNODEONB,34.228909657513995,-118.54339073200198,40.40591
NR_SUB_LNODEONC,34.228909657513995,-118.54360926799801,40.40591
NR_SUB_LNODEOND,34.22909034238915,-118.54360926823244,40.40591
NUMITAP_1_N003,37.5,-122.04,45.02264
NVYSCHL_6_N001,36.59909,-121.877082,43.45483
NWKDIST_2_N001,37.47999999998637,-121.97994304564625,44.52879
NWKDIST_2_N004,37.47999999998637,-121.98005695435374,44.52879
OAKC12_7_N002,37.79751331310943,-122.28096478011268,41.34134
OAKDAL_LNODEMTS,37.66746999998627,-120.95814287556452,42.66652
OAKDAL_LNODENDN,37.66746999998627,-120.95825712443548,42.66652
OAKHURST_1_N001,37.32379499998641,-119.63394921398016,45.32961
OAKHURST_1_N002,37.32379499998641,-119.63406278601984,45.32961
OAKLAND_1_N001,37.79743499994459,-122.28090756034669,41.31579
OAKLAND_1_N006,37.797356686862834,-122.280964780234,41.31579
OAKLAND_1_N033,37.797356686862834,-122.28107921976599,41.31579
OCEANO_1_N001,35.10177099998753,-120.58099587832989,42.99706
OCEANO_1_N004,35.10177099998753,-120.5811061216701,42.99706
OCEANSDE_6_N001,33.19681799998853,-117.381743480479,43.18469
OCEANSDE_6_N002,33.19681799998853,-117.381850519521,43.18469
OIGLASS_1_N001,37.75,-121.31,43.37081
OILDALE_1_N001,35.42,-118.98,41.5283
OILFLDS_6_N001,35.95646873409211,-120.85121,41.79875
OILFLDS_6_N007,35.95638813294024,-120.8511525112428,41.79875
OLDRIVR_6_N001,35.208404,-119.100252,41.9966
OLDTOWN_6_N001,32.766092,-117.192529,43.60903
OLEMA_6_N001,38.042497,-122.786541,43.63319
OLETA_6_N001,38.48064499998599,-120.84462852385393,42.94195
OLETA_6_N003,38.48064499998599,-120.84474347614606,42.94195
OLINDA_6_N001,33.94616008273055,-117.922244,41.38934
OLIVHRST_1_N001,39.0918869999858,-121.54288430472884,42.59554
OLIVHRST_1_N002,39.0918869999858,-121.54299969527116,42.59554
OLY_SUB_LNODEONA,34.03409021003063,-118.45989114327803,40.41016
OLY_SUB_LNODEONB,34.03390978987338,-118.45989114350952,40.41016
OLY_SUB_LNODEONC,34.03390978987338,-118.46010885649046,40.41016
OLY_SUB_LNODEOND,34.03409021003063,-118.46010885672197,40.41016
OMAR_2_N001,35.475983864148716,-118.98698399999999,40.92846
OMWD_6_N001,33.068479,-117.141404,42.58941
ONEILPMP_7_LN001,37.098611,-121.0475,42.11961
OREGNTRL_1_N001,40.61902099998471,-122.32226045686366,41.72549
OREGNTRL_6_N001,40.61902099998471,-122.32237954313634,41.90429
OREGON_LNODENK1,37.63168999998624,-120.9742429051075,42.6793
OREGON_LNODENK2,37.63168999998624,-120.9743570948925,42.6793
ORICK_6_N001,41.294542,-124.056522,57.62415
ORLANDB_6_N001,39.725068,-122.178873,42.26773
OROLOMA_6_N001,36.886866,-120.655928,45.79208
OROSI_6_N006,36.544759,-119.251776,44.79476
OROVILLE_6_N001,39.50524442035656,-121.5593758990519,41.12678
OROVILLE_6_N005,39.50524442035656,-121.5596081009481,41.12678
OROVILLE_6_N102,39.50542357952801,-121.55960810124742,41.12678
ORV_LNODENE1,38.68455,-121.267326944444,42.33871
ORV_LNODENE2,38.68454999994364,-121.26721189591703,42.33871
ORV_LNODENE3,38.68446019318104,-121.26721189606141,42.33871
ORV_LNODENE4,38.68439669026182,-121.26729324758281,42.33871
ORV_LNODENE5,38.68438150373832,-121.26740663898543,42.34297
ORV_LNODENE6,38.6844126084275,-121.26751456633991,42.34297
ORV_LNODENE7,38.6844781061685,-121.26759327946426,42.34297
ORV_LNODENE8,38.68456298132683,-121.2676308796447,42.34297
OTAY_6_N001,32.595376662064226,-117.05752057560969,42.96886
OTAY_6_N014,32.59519733784581,-117.05752057582266,42.96886
OTTER_6_N001,36.47781599998705,-121.7270037380447,45.11518
OVES_SUB_LNODEBKB,37.43792099998635,-118.55704491120122,35.97833
OVES_SUB_LNODEBKC,36.443,-118.0438,37.66847
OVES_SUB_LNODEBKD,37.342,-118.441,36.02516
OXFORD_1_N001,36.7,-120.68,42.00892
PACFCBCH_6_N001,32.799218999988646,-117.24014772581532,45.49342
PACFCBCH_6_N004,32.799218999988646,-117.24025427418468,45.49342
PACIFICA_6_N001,37.59458399998625,-122.48892793722666,46.09547
PACIFICA_6_N003,37.59458399998625,-122.48904206277334,46.09547
PADUA_6_N001,34.120216,-117.639076,41.0378
PALMR_1_N001,34.825223,-120.298953,42.44787
PALOMAR_1_N001,33.12281772819047,-117.287925,42.78063
PALOMAR_1_N004,33.1227371358924,-117.28786944194597,42.78063
PALOMAR_1_N013,33.1227371358924,-117.28798055805403,42.78063
PANAMA_6_N001,35.29556801570901,-119.021525,41.89017
PANAMA_LNODECOUERCRK1,35.29548699213203,-119.02146768568419,40.47402
PANAMA_LNODECOUERCRK2,35.29548699213203,-119.02158231431581,40.47402
PANRAMA_1_N001,40.434409,-122.2679,41.32104
PARADISE_1_N001,39.7615578392488,-121.618634,41.24867
PARADISE_LNODEDISE,39.76147708035982,-121.61857334522642,39.47356
PARADISX_6_N001,39.76147708035982,-121.61869465477358,42.81039
PARADS_LNODEFEG,37.69056,-121.02061,42.65801
PARADS_LNODEKHB,37.690559999944874,-121.02049571450051,42.65801
PARKWAY_2_N001,38.17,-122.25,41.68727
PAR_LNODEAPM,37.668079999986205,-120.9174128750731,42.65375
PAR_LNODEFVM,37.668079999986205,-120.9175271249269,42.65375
PAULSWT_1_N001,36.99234705413821,-121.98202825128297,45.36636
PAULSWT_1_N004,36.9921669457552,-121.98202825154998,45.36636
PAULSWT_1_N101,36.99234705413821,-121.98225374871703,45.36636
PEABODY_2_N002,38.28558699998594,-121.97025256896055,42.39858
PEABODY_2_N006,38.28558699998594,-121.97036743103946,42.39858
PEACHTON_6_N001,39.3784769999856,-121.68494608007006,50.09
PEACHTON_6_N004,39.3784769999856,-121.68506191992994,50.09
PEARBMAP_7_B1,34.508883999950896,-117.91829825412502,41.01406
PEARBMAP_7_B3,34.50879356514072,-117.9182982542441,41.01406
PEARBMAP_7_B4,34.50872961811796,-117.91837585623696,41.01406
PEARBMBP_7_B1,34.50871432539329,-117.91848402139897,41.01406
PEARBMBP_7_B3,34.50874564762435,-117.91858697434263,41.01406
PEARBMBP_7_B4,34.5088116034329,-117.91866205952238,41.01406
PEARBMCP_7_B1,34.50889707216307,-117.91869792664747,41.01831
PEARBMCP_7_B3,34.50898737191128,-117.91869193094361,41.01831
PEARBMDP_7_B1,34.50907009278566,-117.91864757930026,41.01406
PEASE_1_N001,39.17010299998576,-121.66113925312504,42.67217
PEASE_1_N009,39.17010299998576,-121.66125474687495,42.67217
PENDLETN_6_N001,33.30925299998849,-117.3349783807102,43.426
PENDLETN_6_N004,33.30925299998849,-117.3350856192898,43.426
PENNGRVE_1_N001,38.315547,-122.681119,43.2543
PENRYN_6_N001,38.8444299999859,-121.16613942513398,43.16871
PENRYN_6_N004,38.8444299999859,-121.16625457486602,43.16871
PERMNNTE_6_N002,34.355793,-116.855947,43.76831
PERRY_6_N008,35.570805,-121.055868,43.50793
PETLMAA_6_N001,38.234002,-122.636285,42.83708
PETLMAC_6_N002,38.2390641182539,-122.636804,43.63319
PETLMAC_6_N003,38.23898294085798,-122.63674432895719,43.63319
PETLMAC_6_N004,38.23898294085798,-122.6368636710428,43.63319
PGG_LNODESS1,38.531716666610464,-121.39934830807131,42.36
PGG_LNODESS2,38.531794557439916,-121.39929082076439,42.36
PHILLIPS_1_N001,37.34,-122.03,43.68316
PHILO_6_N001,39.063719,-123.437524,46.00294
PICO_1_N001,33.45676299998844,-117.58919323286267,42.58899
PICO_1_N004,33.45676299998844,-117.58930076713733,42.58899
PIERCY_1_N201,37.28,-121.83,44.04929
PIKECTY_6_N001,39.438734,-120.997847,42.32733
PIONEER_LNODEBUS,37.39756017328021,-120.7270641608972,42.3004
PIONEER_LNODEDR1,37.39756017322573,-120.72695042442128,42.31317
PIONEER_LNODEDR2,37.3974698163648,-120.7269504245584,42.31317
PIONEER_LNODEDR3,37.3974059244655,-120.72703084832322,42.31317
PIONEER_LNODEDR4,37.39739064492007,-120.72714294658331,42.31317
PIONEER_LNODEDR5,37.39742194014138,-120.72724964310564,42.31743
PIONEER_LNODEDR6,37.397487839085414,-120.72732745855615,42.31743
PIONEER_LNODEDR7,37.39757323413797,-120.72736462991926,42.31317
PIONEER_LNODEDR8,37.397663456054794,-120.72735841623376,42.31317
PIONEER_LNODEDR9,37.39774610563929,-120.72731245188831,42.31317
PIONEER_LNODER15,37.397811856418734,-120.72723443776906,42.31743
PIT1_6_N001,38.030670659249246,-121.86908630802888,40.12049
PIT3_7_N001,38.030606778782065,-121.8691674075287,39.78685
PIT5_7_B1,38.030591501969816,-121.86928044765509,39.78685
PITSBURG_1_N001,38.03101263810665,-121.86937270758541,42.63856
PITTSBRG_6_N101,38.031055408073875,-121.8692716827705,42.86419
PLACERVL_1_N001,38.73027886166341,-120.788047,42.75888
PLACER_1_N001,38.901310999985846,-121.08802340262966,42.92604
PLACER_7_N009,38.901310999985846,-121.08813859737035,42.96436
PLAINFLD_6_N001,38.61887,-121.793976,45.13288
PLANETRN_LNODEANET,34.16127269818337,-114.38177086876138,39.60979
PLOALTO_1_N001,33.356029648193925,-117.1119886715524,45.51223
PLOALTO_1_N007,33.35585035171371,-117.11198867177347,45.51223
PLOALTO_1_N013,33.35585035171371,-117.11220332822651,45.51223
PLUMAS_6_N001,39.026121,-121.54308,43.21285
PNEDLE_1_N001,36.829999999986725,-119.82994383698444,44.46538
PNEDLE_1_N002,36.829999999986725,-119.83005616301556,44.48666
PNEGRVE_6_N001,38.41271199998601,-120.6602245387678,42.80728
PNEGRVE_6_N002,38.41271199998601,-120.6603394612322,42.80728
PNTARNA_6_N001,38.912571,-123.679495,47.0034
POC_LNODENE2,38.490383333333334,-121.470263055556,42.40683
POC_LNODENE3,38.49038333327713,-121.4701480990094,42.40683
POC_LNODENE4,38.490293355392375,-121.470263055556,42.40683
POC_LNODENE7,38.49038333327713,-121.47037801210259,42.40257
POC_LNODENE8,38.49047331127424,-121.470263055556,42.40257
POINTLMA_6_N013,32.74152175021991,-117.233364,43.80912
POINTLMA_6_N014,32.74144112487782,-117.23330865823404,43.80912
POLPASPP_6_N002,38.57552299994369,-121.49770299452835,41.63473
POMERADO_6_N001,32.941482719314884,-117.032882,42.75635
POMERADO_6_N004,32.9414021403303,-117.03282656531631,42.75635
POMERADO_6_N008,32.9414021403303,-117.03293743468369,42.75635
PORTOLA_LNODE31,39.803943999985336,-120.46453157749829,42.23228
PORTOLA_LNODE32,39.803943999985336,-120.46464842250171,42.23228
POSOMT_1_N001,35.559194,-118.957501,41.69433
POST_1_N001,39.11,-121.64,43.21867
POTRERO_1_N001,37.46005423161257,-122.4,45.78895
POTRERO_1_N013,37.45997288417899,-122.39994083241324,45.78895
POTRERO_1_N016,37.45997288417899,-122.40005916758676,45.78895
POUST_LNODEIGQ,37.69046956305469,-121.02049571463989,42.66652
POUST_LNODELD2,37.6904056145667,-121.02057652662188,42.66652
POWAY_6_N001,32.978722999988655,-117.03130363648788,42.8843
POWAY_6_N010,32.978722999988655,-117.03141036351212,42.8843
PP1_LNODEOAD,34.59026131985074,-118.4546210726575,40.34205
PP1_PP2_LNODELMW,34.59026131985074,-118.4547309273425,40.34205
PP2_LNODEAUX,34.53433699995089,-118.52522278142764,40.33779
PP2_LNODEOAD,34.534427436468654,-118.525113,40.33779
PPSTLTAP_1_N001,38.01999999998606,-122.36994265860079,41.72099
PPSTLTAP_1_N104,38.01999999998606,-122.3700573413992,41.72099
PRAXAIR_1_B1,37.99999999998611,-121.80994266753221,42.80885
PRCTRVLY_1_N001,32.665044,-116.986801,42.27211
PRSCOT_LNODEAEJ,37.6903903214879,-121.02068916599474,42.67504
PRSCOT_LNODETKD,37.69042164442615,-121.02079637755577,42.67504
PRUNEDLE_1_N001,36.785518920972784,-121.671051,43.36117
PRUNEDLE_1_N002,36.785438039499425,-121.67099269323379,43.36117
PSARBLS_6_N001,35.61564884893555,-120.67989,42.06046
PSARBLS_6_N005,35.61556807551859,-120.67983263488163,42.06046
PSARBLS_6_N007,35.61556807551859,-120.67994736511837,42.06046
PTMRTTI_6_N001,37.030856,-122.187639,44.38561
PTR_PP_LNODEROM,35.24801901925079,-118.1756473615291,39.85672
PUEBLOPG_1_N001,38.345348999986,-122.29956355419145,43.56082
PUEBLOPG_1_N010,38.345348999986,-122.29967844580855,43.56082
PURISIMA_1_N001,34.700622,-120.435261,42.17115
QUEBEC_1_N001,36.07,-119.56,41.34523
RADUM_6_N001,37.67264599998626,-121.85946487140774,43.3921
RADUM_6_N004,37.67264599998626,-121.85957912859226,43.3921
RAINBOW_1_N001,36.709983,-119.538157,44.30517
RANCHRS_1_N001,36.700797999986875,-119.75437400116115,44.58189
RANDSBRG_1_N001,35.375699,-117.655868,42.27224
RAWSON_6_N001,40.145295999985066,-122.21242808907787,43.62849
RAWSON_6_N002,40.145295999985066,-122.21254591092213,43.62849
RCARMEL_6_N001,32.99378371822819,-117.077745,42.94324
RCARMEL_6_N004,32.9937031408736,-117.07768953360795,42.94324
RCARMEL_6_N011,32.9937031408736,-117.07780046639205,42.94324
RECTOR_6_N001,36.29851,-119.242336,41.6522
REDBLFF_6_N001,40.1825869024183,-122.244610070096,42.93455
REDBLFF_6_N004,40.1825869024183,-122.24484592990399,42.93455
REDBLFF_6_N005,40.18276709746204,-122.24484593021722,42.93455
REDBUD_1_N001,39.02788699998577,-122.66224734180834,43.4927
REDBUD_1_N004,39.02788699998577,-122.66236265819167,43.4927
REDWOOD_6_N001,37.490252,-122.213021,45.7038
REDWOOD_6_N002,37.49025199994532,-122.2129070707913,45.7038
REDWOOD_6_N005,37.49016160208324,-122.213021,45.7038
REDWOOD_6_N006,37.49025199994532,-122.21313492920869,45.7038
REDWOOD_6_N007,37.49034239791678,-122.213021,45.7038
REEDLEY_1_N001,36.605116999986976,-119.3758071174397,44.4414
REEDLEY_6_N001,36.605116999986976,-119.3759188825603,44.47972
REINWY_LNODEGME,37.63942160426353,-120.92024637744797,42.66227
REINWY_LNODEQAC,37.6395070719657,-120.92028370125492,42.66227
RENFRO_1_N001,35.409999999987434,-119.16994483454441,41.20474
RENFRO_1_N010,35.409999999987434,-119.1700551654556,41.24306
RESERVR_LNODEFFW,37.651919999986276,-120.67483288823061,42.65801
RESERVR_LNODEPMW,37.651919999986276,-120.67494711176938,42.65801
RICE_6_N002,39.402805999985674,-122.01287205646442,42.44228
RICE_6_N101,39.402805999985674,-122.01298794353558,42.44228
RICHMOND_1_B1,37.92597623462323,-122.369629,41.78059
RICHMOND_1_N001,37.92589488267337,-122.36956945615904,41.78059
RINCON_1_N001,33.285967608914305,-116.9585228047856,42.91371
RINCON_1_N003,33.28578839099371,-116.95852280500573,42.91371
RINCON_6_N001,33.28578839099371,-116.95873719499427,42.31902
RINCON_6_N008,33.285967608914305,-116.9587371952144,42.31902
RIN_SUB_LNODEONA,34.28105422156671,-118.479,40.42719
RIN_SUB_LNODEONB,34.28097288920359,-118.47894317065887,40.42719
RIN_SUB_LNODEONC,34.28097288920359,-118.47905682934115,40.42719
RIOBRVO_1_N001,35.44252289360183,-119.26010566010629,41.21326
RIOBRVO_1_N006,35.44234310629778,-119.26010566035274,41.21326
RIOBRVTM_1_N001,35.44252289360183,-119.26032633989371,41.02168
RIODELL_6_N001,40.495382,-124.099276,55.64608
RIOHONDO_6_N001,34.10610615849042,-117.97947,41.15857
RIOHONDO_LNODEONDO,34.1060249207417,-117.97952664559254,39.46505
RIPON_1_N001,37.72,-121.13,44.30316
RIVERROC_6_N001,36.902618,-119.771768,45.44881
RIVRBANK_1_N001,37.76895425952452,-120.908163,42.6641
RIVRSIDE_6_N001,34.021990939807104,-117.33196554960466,40.92398
ROADWAY_1_N001,34.590373,-117.431752,40.37995
ROBROY_1_N001,36.979885,-121.867457,44.90657
ROCKET_1_N001,34.933939,-117.692217,42.11953
ROCKLIN_6_N001,38.788043999985874,-121.23171544490323,42.65671
ROCKLIN_6_N003,38.788043999985874,-121.23183055509676,42.65671
ROEDING_LNODEDR1,37.587341764588,-120.935901626126,42.26634
ROEDING_LNODEDR2,37.5872777703549,-120.935976143427,42.24505
ROEDING_LNODEDR3,37.5871231822836,-120.935612409,42.24505
ROEDING_LNODEDR5,37.5870085148256,-120.935981028585,42.26634
ROEDING_LNODEDR6,37.5871259671814,-120.935792411292,42.26634
ROEDING_LNODEDR7,37.5871257817397,-120.935692486018,42.24505
ROGERS_LNODEDR1,37.4749114287345,-121.178218328626,42.51326
ROGERS_LNODEDR2,37.4751811958932,-121.178206809282,42.509
ROGERS_LNODEDR3,37.4750639771164,-121.17821700138,42.509
ROGERS_LNODEDR5,37.4748414013345,-121.178225065561,42.51326
ROGERS_LNODEDR7,37.4749721097043,-121.178220428168,42.51326
ROGH-RDY_6_N001,37.95526599998612,-121.33253531114549,42.55767
ROSECYN_6_N001,32.84459772910598,-117.236988,51.28219
ROSECYN_6_N017,32.84451713543481,-117.23693261581597,51.28219
ROSEDAL_1_N001,35.37703397144563,-119.077971,41.24732
ROSELE_LNODEHMV,37.68013999998623,-120.94014286544196,42.67078
ROSELE_LNODERLV,37.68013999998623,-120.94025713455804,42.67078
ROSEMR_LNODEAEI,37.64253,-121.0423,42.65375
ROSE_6_N001,32.84451713543481,-117.23704338418403,42.1754
ROSSMOOR_2_N001,37.86470199998613,-122.08030973806707,41.7411
ROSSMOOR_2_N101,37.86470199998613,-122.08042426193292,41.7411
RSC_LNODE8LD,38.761389,-121.264722,42.31317
RSM_SUB_LNODEONB,34.244054210355124,-118.392,40.42719
RSM_SUB_LNODEONC,34.24397289480934,-118.39194320739797,40.42719
RSM_SUB_LNODEOND,34.24397289480934,-118.39205679260202,40.42719
RSNTAFE_6_N009,33.014261,-117.198557,42.51819
RSVTNRD_6_N001,36.624374,-121.68835,44.864
RTRACK_1_N001,37.979737,-120.414515,42.39163
RUSSRCH_6_N001,40.819848,-123.826638,57.23248
RVRBANK_1_N001,37.76887287022286,-120.90810355553742,42.65828
RVRBANK_1_N005,37.76887287022286,-120.90822244446258,42.65828
SAFEWAY_1_N001,37.71,-121.4,43.13666
SALINAS_1_N001,36.683239999986945,-121.65120502290527,43.70176
SALINAS_1_N024,36.683239999986945,-121.65131697709472,43.70176
SANARDO_6_N001,36.073766,-120.936804,42.17765
SANCRLS_6_N001,37.49972924078839,-122.243974,45.7336
SANCRLS_6_N002,37.499647879591045,-122.24391479097326,45.7336
SANCRLS_6_N004,37.499647879591045,-122.24403320902674,45.7336
SANDCRK_6_N001,36.64502999998689,-119.15920293037858,44.77773
SANGER_1_N001,36.70707499998684,-119.6108700066517,44.27963
SANJOQN_6_N001,36.62101099998692,-120.17805409852517,43.07056
SANJOQN_6_N006,36.62101099998692,-120.17816590147483,43.07056
SANLUSRY_6_N013,36.77962699998679,-120.72995490173179,42.7007
SANLUSRY_6_N014,36.77962699998679,-120.73006709826822,42.7007
SANLUSRY_6_N101,33.211532999988535,-117.33442746812834,42.7007
SANLUSRY_6_N201,33.211532999988535,-117.33453453187165,42.7007
SANMATEO_1_N001,37.58333525489619,-122.319035,42.62305
SANMATEO_1_N001A,37.58325387253711,-122.31897570912398,45.7924
SANMATEO_1_N009,33.409472,-117.590641,42.62305
SANMATO_6_N001,37.58325387253711,-122.31909429087602,44.8864
SANMIGL_6_N001,35.75192,-120.684163,42.56125
SANMRCOS_6_N001,33.12885155124498,-117.19722253462301,42.92247
SANMRCOS_6_N007,33.12877399995433,-117.19716906934049,42.92247
SANMRCOS_6_N011,33.12869644873215,-117.19722253471747,42.92247
SANPBLO_1_N001,37.984803,-122.336618,41.75504
SANRAFL_1_N001,37.970858222937125,-122.527065,43.2543
SANRAFL_1_N006,37.97077688851645,-122.52700543261207,43.2543
SANRAFL_1_N007,37.97077688851645,-122.52712456738792,43.2543
SANRAMON_2_N001,37.745125434987564,-121.93600563263105,42.17494
SANRAMON_2_N004,37.74494456490202,-121.93600563291054,42.17494
SANRAMON_2_N023,37.74494456490202,-121.93623436708945,42.17494
SANRAMON_2_N024,37.745125434987564,-121.93623436736895,42.17494
SANTAFE_LNODEPLNT,38.77997308074166,-122.67005981025191,39.45227
SANTARO_1_N001,33.78461699446498,-116.41025972078828,39.89593
SANTARO_1_N014,33.78443700544048,-116.41025972101585,39.89593
SANTARO_1_N017,33.78443700544048,-116.41047627898415,39.89593
SANTARO_1_N021,33.78461699446498,-116.41047627921172,39.89593
SANTEE_1_N001,32.85452999998873,-116.96829070198787,36.19642
SANTEE_1_N004,32.85452999998873,-116.96839729801214,36.19642
SANYSDRO_6_N001,32.562237999988916,-117.02641779453799,43.76729
SANYSDRO_6_N004,32.562237999988916,-117.02652420546201,43.76729
SARATOGA_2_N001,37.28099617234283,-122.014883,43.61504
SARATOGA_2_N006,37.28091491381397,-122.0148240379766,43.61504
SARATOGA_2_N011,37.28091491381397,-122.0149419620234,43.61504
SAUGUS_6_N001,34.4222099999511,-118.5721663854507,40.74383
SAUSALTO_6_N001,37.86340599998612,-122.49836873883264,45.10622
SAUSALTO_6_N002,37.86340599998612,-122.49848326116737,45.10622
SCA_GS_LNODE1AUX,33.91807886040714,-118.42789938920775,40.41016
SCA_GS_LNODE2AUX,33.91816402577284,-118.42793487934084,40.41016
SCA_GS_LNODE4AUX,33.91825400500674,-118.42792894664778,40.41016
SCA_GS_LNODE5AUX,33.91833643226557,-118.42788506116258,40.41016
SCA_GS_LNODE6AUX,33.91840200617013,-118.42781057548723,40.41016
SCA_GS_LNODE7AUX,33.91844466871178,-118.42771492357166,40.41016
SCA_LA_LNODE3SS,33.91846141326686,-118.42760822199088,40.41016
SCA_SUB_LNODEONA,33.918451884282646,-118.42750023805854,40.41016
SCA_SUB_LNODEONB,33.91841787609632,-118.42739967533626,40.41016
SCHINDLR_1_N005,36.402237,-120.138272,42.22605
SCHMLBCH_1_N001,38.3,-121.87,43.36924
SCLARA_6_N001,34.3007956214976,-119.18563240503143,41.50746
SCRIPPS_6_N001,32.91119872129761,-117.112589,59.99708
SCRIPPS_6_N008,32.91111813933897,-117.11253358224198,59.99708
SCRIPPS_6_N013,32.91111813933897,-117.112644417758,59.99708
SCWAX_1_N001,36.700797999986875,-119.75448599883885,44.57338
SCY_LNODE102,38.508556628165735,-121.46418309094265,42.38554
SCY_LNODE103,38.50837670505527,-121.4641830912299,42.38554
SCY_LNODE105,38.50837670505527,-121.4644130198821,42.38554
SCY_LNODE106,38.508556628165735,-121.46441302016935,42.38554
SEARLES_7_N001,35.75666699998737,-117.38050076336167,39.38986
SEMITRPC_1_N001,35.600398,-119.437498,41.06851
SERRMNTE_1_N011,37.69171986891291,-122.4557633854276,45.86984
SFIA-MA_1_N001,37.63904926020716,-122.385896,45.44411
SFIA_1_N001,37.63896786988162,-122.38583665888167,45.40579
SFIA_1_N007,37.63896786988162,-122.38595534111833,45.40579
SHADOWR_1_N001,33.141540731105856,-117.238793,42.81333
SHADOWR_1_N006,33.141460134434745,-117.23873742707973,42.81333
SHADOWR_1_N008,33.141460134434745,-117.23884857292028,42.81333
SHADYGLN_6_N001,39.115058,-120.95331,42.69682
SHAFTER_7_N022,39.77608299994151,-122.10394676937125,41.15366
SHARON_1_N001,37.097275,-120.156454,44.74636
SHAWROAD_1_N001,37.55,-122.42,45.22273
SHLLCHM_6_N001,38.031607,-121.945728,42.85994
SHNGLESR_1_N001,38.65969989665331,-120.946938,42.72057
SHNGLESR_1_N004,38.659619051658225,-120.94687822587784,42.72057
SHNGLESR_1_N103,38.659619051658225,-120.94699777412217,42.72057
SHREDDER_1_N001,37.511676999986356,-122.20767698568532,45.26105
SIERABRK_LNODE19,39.646142,-120.217943,42.23654
SILVERDO_1_N001,38.49950299998593,-122.45908751973128,42.99886
SILVERDO_1_N002,38.49950299998593,-122.45920248026871,42.99886
SISK_LNODEKZH,37.69048760173528,-121.02087456863451,42.69633
SISK_LNODEYUP,37.69057307242136,-121.0209119194331,42.69633
SISQUOC_1_N001,34.87826099998756,-120.33120693531723,42.33718
SISQUOC_1_N020,34.87826099998756,-120.33131706468278,42.33718
SLMNCRK_6_N001,38.343592,-123.044809,44.98275
SMRTVLTP_6_N101,39.207939,-121.301476,42.02506
SMTRPCWS_1_N001,35.59,-119.44,41.06851
SNANDRES_6_N001,37.603294,-122.420424,45.65272
SNBRNRD_6_N001,35.092421,-118.878241,41.90719
SNJOSEB_1_N001,37.34102432531631,-121.9009493888098,45.58034
SNJOSEB_1_N005,37.34084367457506,-121.9009493890831,45.58034
SNJOSEB_1_N009,37.34084367457506,-121.9011766109169,45.58034
SNJOSEB_1_N013,37.34102432531631,-121.9011766111902,45.58034
SNJSEA_1_N001,37.328246190599145,-121.902531,45.52074
SNJSEA_1_N005,37.32816490468582,-121.90247198103432,45.52074
SNJSEA_1_N101,37.32816490468582,-121.90259001896567,45.52074
SNLNDRO_1_N001,37.711237436769906,-122.14880668270004,64.85426
SNLNDRO_1_N014,37.71105656311971,-122.14880668297907,64.85426
SNLNDRO_1_N017,37.71105656311971,-122.14903531702092,64.85
SNLNDRO_1_N027,37.711237436769906,-122.14903531729996,64.85426
SNROSA_LNODEMEA,37.5099999999863,-121.22994301594794,42.6793
SNROSA_LNODEYWX,37.5099999999863,-121.23005698405206,42.6793
SNTAMRA_1_N001,33.12877399995433,-117.19738293065951,42.34144
SNTAMRA_1_N005,33.12885155124498,-117.19732946537698,42.34144
SNTANLA_6_N001,37.085979,-121.013273,42.23882
SNTARSA_1_N001,38.43691201584367,-122.71331,43.33518
SNTARSA_1_N002,38.43683099206306,-122.71325027901105,43.33518
SNTARSA_1_N006,38.43683099206306,-122.71336972098895,43.33518
SNTARTA_6_N001,37.055061,-120.634086,46.48602
SNTAYNZ_1_N001,34.625273999987726,-120.11813905143147,42.65648
SNTAYNZ_1_N002,34.625273999987726,-120.11824894856854,42.65648
SNTHLNE_6_N001,37.6223639999863,-122.44717791303894,45.92093
SNTHLNE_6_N002,37.6223639999863,-122.44729208696106,45.92093
SOBRANTE_1_N001,37.90594,-122.208144,41.35486
SOLEDAD_6_N001,36.429513,-121.331901,44.23392
SONOFRE_2_N067,33.3697279999884,-117.55438367777961,42.39853
SOUTHBAS_1_N001,34.881503,-117.892023,42.92416
SOUTHBY_6_N001,38.575612901218726,-121.497588,42.62579
SOUTH_LNODE108,40.39538221,-121.8791458,39.36287
SOUTH_LNODE204,40.39538220993951,-121.87902727370097,39.36713
SOUTH_LNODEC542,40.39529194143137,-121.87902727385986,39.36713
SOUTH_LNODEC544,40.39522811201244,-121.87911108453021,39.36713
SOUTH_LNODEC546,40.39521284740522,-121.87922790359386,39.36713
SOUTH_LNODEC547,40.39524411201219,-121.8793390934442,39.36713
SOUTH_LNODEC548,40.39530994650243,-121.87942018597366,39.36713
SOUTH_LNODEC549,40.395395258043976,-121.87945892278287,39.36713
SOUTH_LNODEC550,40.3954853917418,-121.8794524474595,39.36713
SOUTH_LNODEC552,40.39556796052161,-121.87940454742642,39.36713
SPANSHCK_6_N001,40.026139,-120.961748,39.38823
SPENCE_6_N001,36.613591,-121.566779,44.52767
SPICAMIN_1_N001,38.73992576174639,-120.67723108004192,42.69928
SPRINGVL_6_N001,36.10586253074472,-118.93516918490357,41.33291
SPRNGVLY_6_N001,32.73903399998875,-117.00264674817954,43.00853
SPRNGVLY_6_N010,32.73903399998875,-117.00275325182045,43.00853
SQAWVLY_LNODE01,39.20568653401713,-120.20123845453338,42.14288
SQAWVLY_LNODE81,39.20550746586879,-120.20123845482796,42.14288
SQAWVLY_LNODE82,39.20550746586879,-120.20146954517205,42.14288
SQAWVLY_LNODE83,39.20568653401713,-120.20146954546662,42.14288
STAFFORD_6_N002,38.12003299998604,-122.61362861905879,43.04143
STAFFORD_6_N101,38.12003299998604,-122.6137433809412,43.04143
STAGG_2_N001,37.99164936143144,-121.34848834268168,43.03292
STAGG_2_N014,37.99146863845723,-121.34848834296415,43.03292
STAGG_6_N001,37.99146863845723,-121.34871765703586,43.06698
STAGG_6_N003,37.99164936143144,-121.34871765731833,43.06698
STAMPEDE_LNODE19,39.46748199998557,-120.10518300964912,42.25357
STATELN_LNODE01,38.95238461856907,-119.94181675988908,40.62728
STATELN_LNODE22,38.952205381317675,-119.94181676018052,40.62728
STATELN_LNODE23,38.952205381317675,-119.94204723981947,40.62728
STATELN_LNODELY,38.95238461856907,-119.94204724011091,40.62728
STATIN-L_7_N001,37.81024899998616,-122.271385771776,41.35875
STATIND_1_N001,37.837585251800924,-122.263503,41.35526
STATIND_1_N010,37.83750387408463,-122.26344350874284,41.35526
STATIND_1_N013,37.83750387408463,-122.26356249125715,41.35526
STATINJ_1_N001,37.76334825993251,-122.214444,55.32681
STATINJ_1_N012,37.763266870018874,-122.21438455959633,55.32681
STATINJ_1_N027,37.763266870018874,-122.21450344040367,55.32681
STATINL_1_N001,37.81024899998616,-122.271500228224,41.34598
STATINX_1_N001,37.80554442667025,-122.23091354965457,41.21323
STATINX_1_N012,37.805363573219,-122.23091354993484,41.21323
STATINX_1_N014,37.805363573219,-122.23114245006515,41.21323
STATINX_1_N024,37.80554442667025,-122.23114245034543,41.21323
STB_LNODE201,38.57233333333333,-121.483291944444,42.36851
STB_LNODE202,38.57233333327705,-121.48317695138249,42.36851
STB_LNODE203,38.57224342921349,-121.48317695152639,42.36851
STB_LNODE204,38.57217985749196,-121.48325826382802,42.36851
STB_LNODE205,38.572164654514715,-121.48337160056485,42.36851
STB_LNODE206,38.57219579290459,-121.48347947588752,42.36851
STB_LNODE207,38.5722613616095,-121.48355815106362,42.36851
STB_LNODE208,38.57234632872595,-121.48359573311588,42.36851
STB_LNODE209,38.57243609852223,-121.48358945079376,42.36851
STB_LNODE210,38.57251833393617,-121.48354297863219,42.36851
STB_LNODE211,38.572583755229644,-121.4834641025941,42.36851
STB_LNODE212,38.57262631848412,-121.48336281268834,42.36851
STCKTNAR_6_N001,37.963279,-121.323476,43.06854
STCRUZ_LNODECXA,37.627559999986325,-120.97504290860819,42.76018
STCRUZ_LNODEWLS,37.627559999986325,-120.97515709139182,42.76018
STDDRD_LNODECEA,37.704079999986206,-121.06864284680097,42.69633
STDDRD_LNODEWZO,37.704079999986206,-121.06875715319903,42.69633
STDOIL_1_N009,37.94,-122.38,41.76782
STD_LNODENE1,38.57225,-121.500568888889,42.37703
STD_LNODENE2,38.572249999943736,-121.50045389586575,42.37703
STD_LNODENE4,38.57217214071853,-121.50051139243968,42.37703
STD_LNODENE5,38.57217214071853,-121.50062638533832,42.37703
STD_LNODENE6,38.572249999943736,-121.50068388191225,42.37703
STD_LNODENE7,38.57232785925329,-121.50062638546294,42.37703
STD_LNODENE8,38.57232785925329,-121.50051139231506,42.37703
STELLING_1_N001,37.3360521934471,-122.042805,43.90028
STELLING_1_N004,37.33597090326187,-122.04274597179945,43.90028
STELLING_1_N007,37.33597090326187,-122.04286402820055,43.90028
STE_SM_LNODE301,38.58631666666667,-121.472838888889,42.37277
STE_SM_LNODE302,38.586316666610415,-121.47272388936047,42.37277
STE_SM_LNODE303,38.58622677499287,-121.47272388950444,42.37277
STE_SM_LNODE304,38.58616321207191,-121.47280520637891,42.37277
STE_SM_LNODE305,38.58614801119931,-121.4729185494895,42.37277
STE_SM_LNODE306,38.58617914527848,-121.47302643087885,42.37277
STE_SM_LNODE307,38.58624470490619,-121.47310511047952,42.37277
STE_SM_LNODE308,38.586329660260105,-121.47314269464546,42.37277
STE_SM_LNODE309,38.58641941762905,-121.47313641197016,42.37277
STF_LNODEDAX,37.69055999998624,-121.02097285725026,42.7091
STF_LNODEIPN,37.69055999998624,-121.02108714274974,42.7091
STJ_SUB_LNODEONB,34.067054141297895,-118.226,40.41016
STJ_SUB_LNODEONC,34.06697292933807,-118.22594339850212,40.41016
STJ_SUB_LNODEOND,34.06697292933807,-118.22605660149787,40.41016
STKTONA_1_N001,37.94722338217881,-121.28911838573319,42.96906
STKTONA_1_N003,37.947042617710025,-121.28911838601516,42.96906
STKTONA_6_N001,37.947042617710025,-121.28934761398483,42.81736
STKTONA_6_N004,37.94722338217881,-121.2893476142668,42.81736
STLLWATR_6_N001,40.677845,-122.34971,41.99369
STOCKDLE_1_N001,35.316584007161445,-119.06818269302951,41.38781
STOCKDL_2_N001,35.31640399273835,-119.06818269327503,41.22603
STOCKDL_2_N002,35.31640399273835,-119.06840330672496,41.22603
STOCKDL_2_N101,35.316584007161445,-119.0684033069705,41.22603
STOCKM_LNODEVZF,37.62761110994497,-120.9752808828705,42.70058
STOCKM_LNODEXFA,37.62770154232185,-120.9751667,42.70058
STONCRRL_6_N001,36.472251999987044,-119.18811326795893,45.08425
STONCRRL_6_N003,36.472251999987044,-119.18822473204106,45.08425
STONE_1_N001,37.303708999986505,-121.86757223713448,44.25789
STONE_1_N005,37.303708999986505,-121.8676857628655,44.25789
STONYPT_1_N001,38.42,-122.78,43.41607
STOREY1_2_N001,36.98288702744317,-120.033746,44.23974
STOREY2_2_N001,36.98280598626407,-120.03380457310557,44.26103
STREAMVW_6_N001,32.745604999988714,-117.07864474591278,43.22755
STREAMVW_6_N007,32.745604999988714,-117.07875125408721,43.22755
STROUD_6_N001,36.530868,-120.104386,43.1855
STUART_6_N001,33.256701,-117.416547,43.15961
STURLOCK_LNODEDR3,37.4835881458663,-120.846727672541,42.39406
STURLOCK_LNODEDR4,37.4835360336794,-120.846797393384,42.39406
STURLOCK_LNODEDR7,37.4834830942642,-120.846867453726,42.39406
STURLOCK_LNODER13,37.483522165007,-120.846657059231,42.39406
SUISUN_1_N001,38.24526219208727,-122.04122215940386,43.38627
SUISUN_1_N008,38.24508180780079,-122.04122215968883,43.38627
SUISUN_1_N009,38.24508180780079,-122.04145184031117,43.38627
SUMMIT_6_N001,39.319203,-120.378897,42.5644
SUNOL_6_N001,37.586891,-121.869379,44.08178
SURF_1_N009,34.61,-120.22,42.4351
SWEETWTR_6_N017,32.65811799998879,-117.0916867727539,42.90823
SWEETWTR_6_N018,32.65811799998879,-117.0917932272461,42.90823
SWIFT_1_N001,37.3225281884819,-121.796729,44.46068
SWIFT_1_N003,37.322446905744414,-121.79666998783091,44.46068
SWIFT_1_N006,37.322446905744414,-121.79678801216909,44.46068
SYCAMORE_1_N101,39.76991684305054,-121.824218,41.32956
SYCAMORE_1_N201,39.76983607845885,-121.82415733357864,41.32956
SYCAMORE_1_N301,39.76983607845885,-121.82427866642136,41.33381
SYLVANCM_LNODECPR,37.688469999986225,-120.97663285888366,42.68355
SYLVANCM_LNODEHGR,37.688469999986225,-120.97674714111633,42.68355
TAFT1_1_N001,35.14999999998751,-119.47994486994581,40.99188
TAFT1_1_N004,35.14999999998751,-119.48005513005418,40.99188
TAHDONR_LNODE07,39.337309,-120.221277,42.36426
TAHOCTY_LNODE01,39.165971540038264,-120.14445351203682,42.16842
TAHOCTY_LNODE71,39.16579245984778,-120.14445351233086,42.16842
TAHOCTY_LNODE72,39.16579245984778,-120.14468448766914,42.16842
TAHOCTY_LNODE73,39.165971540038264,-120.14468448796318,42.16842
TAMARACK_6_N001,39.313743,-120.496804,42.69369
TAMARISK_1_N001,33.817316,-116.454898,39.82782
TAP710_1_N004,32.595376662064226,-117.0577334243903,-16.0
TAP801_1_N001,34.109614,-116.411837,40.49636
TAP807_1_N001,34.0,-116.5,40.03231
TAR_SUB_LNODEONA,34.17905418777958,-118.544,40.41442
TAR_SUB_LNODEONB,34.1789729060972,-118.54394327481864,40.41442
TAR_SUB_LNODEONC,34.1789729060972,-118.54405672518136,40.41442
TASSAJAR_2_N001,37.79959499998613,-121.9077887787453,43.62625
TASSAJAR_2_N002,37.79959499998613,-121.9079032212547,43.62625
TAYLOR_LNODEDR1,37.5369331958297,-120.809398426319,42.29614
TAYLOR_LNODEDR5,37.5369383829719,-120.809348192848,42.29614
TAYLOR_LNODEDR7,37.536937531095,-120.809217269976,42.29188
TAYLOR_LNODEDR8,37.5369366699963,-120.809289591436,42.29614
TECUYA_6_N001,35.018589,-118.979536,41.92422
TEICHERT_1_N001,37.79,-121.36,42.97488
TEJON_6_N001,35.019534,-118.954779,41.94125
TELECYN_1_N001,32.6379177816674,-117.01607,42.32006
TELECYN_1_N006,32.63783710915427,-117.01601469007429,42.32006
TELECYN_1_N014,32.63783710915427,-117.01612530992571,42.32006
TEMBLOR_1_N003,35.382795999987465,-119.69634883811833,41.31117
TEMPLETN_2_N008,35.554496,-120.679996,41.86462
TERMNOUS_6_N001,38.116464,-121.422007,43.3437
TESSUB_2_N001,37.73,-121.93,44.53731
TEVIS_1_N001,35.319191999987495,-119.12859784623319,41.40058
TEVIS_1_N003,35.319191999987495,-119.12870815376681,41.36652
TEXSUN1G_7_N001,35.36999999998748,-119.4800551602316,40.52358
TEXSUN2G_7_N001,35.3599999999875,-119.48005515895167,40.51932
THORNHIL_1_N001,33.833699,-116.524642,40.29201
TIDEWATR_2_N001,38.01989465330933,-122.06150068264388,42.92805
TIDEWATR_2_N014,38.02007534657929,-122.06150068292666,42.92805
TLRELKE_6_N001,36.003703,-119.948802,42.29887
TOCALOMA_6_N001,38.05521,-122.760914,43.29261
TOL_SUB_LNODEONA,34.175740310821865,-118.36069083905292,40.42719
TOL_SUB_LNODEONB,34.1755596890815,-118.36069083928658,40.42719
TOL_SUB_LNODEONC,34.1755596890815,-118.36090916071342,40.42719
TOL_SUB_LNODEOND,34.175740310821865,-118.36090916094707,40.42719
TOREYPNS_6_N001,32.89877953728695,-117.23987836114813,41.12018
TOREYPNS_6_N007,32.89860046262259,-117.23987836136372,41.12018
TOREYPNS_6_N008,32.89860046262259,-117.24009163863627,41.12018
TOREYPNS_6_N009,32.89877953728695,-117.24009163885188,41.12018
TORTILLA_1_N007,34.874547,-117.064691,48.09676
TRABUCO_1_N001,33.5630767991568,-117.67324523376014,42.66405
TRABUCO_1_N005,33.562897200749894,-117.67324523398426,42.66405
TRABUCO_1_N009,33.562897200749894,-117.67346076601574,42.66405
TRABUCO_1_N013,33.5630767991568,-117.67346076623986,42.66405
TRACY_1_N001,37.748395999944734,-121.41564562794372,43.51556
TRACY_1_N002,37.748305565247314,-121.41576,43.51556
TRACY_1_N007,37.748395999944734,-121.41587437205628,43.51556
TRACY_1_N101,37.74848643475262,-121.41576,43.51556
TRESVIS_6_N001,39.486707,-121.687993,68.95
TRIMBLE_1_N004,37.42009036798162,-121.72988621524279,45.41431
TRIMBLE_1_N010,37.41990963190925,-121.72988621551741,45.41431
TRIMBLE_1_N016,37.41990963190925,-121.7301137844826,45.41431
TRIMBLE_1_N020,37.42009036798162,-121.73011378475721,45.41431
TRINIDAD_6_N001,41.064242,-124.128367,57.45386
TRUCKEE_LNODE02,39.330431720184855,-120.181195,42.26634
TRUCKEE_LNODE03,39.33035113989209,-120.18113485420918,42.26634
TRUCKEE_LNODE49,39.33035113989209,-120.18125514579083,42.26208
TUDOR_6_N001,38.982071,-121.635205,42.89781
TULUCAY_6_N001,38.247946,-122.268228,42.65828
TUPMAN_1_N101,35.354039,-119.270638,41.13663
TVYVLLY_6_N001,36.770622,-119.393233,44.98634
TXROSDL_1_N001,35.37695301426363,-119.07791367489159,41.24732
TXROSDL_1_N002,35.37695301426363,-119.0780283251084,41.24732
TYLER_6_N001,40.138392982499205,-122.20848578836895,43.67106
TYLER_6_N002,40.138392982499205,-122.20860821163106,43.67106
UCM_6_N001,32.88368472395273,-117.222424,41.1883
UCM_6_N002,32.88360413801135,-117.22236859671557,41.1883
UCM_6_N006,32.88360413801135,-117.22247940328444,41.1883
UKIAH_1_N001,39.142823455087914,-123.19204845611492,44.58526
UKIAH_1_N005,39.14300254479826,-123.19204845640866,44.58526
UPPRLKE_6_N001,39.145906,-122.916845,44.9003
URBAN_6_N001,32.71330799998875,-117.15140275665348,43.06578
URBAN_6_N005,32.71330799998875,-117.15150924334651,43.06578
URICH_6_N001,38.029918,-122.103005,42.11768
VACA-DIX_1_N001,38.401616982566644,-121.91986928712716,42.32621
VACAVIL_1_N001,38.356520058867716,-121.97951,42.37304
VACAVIL_1_N101,38.35643897055109,-121.97945029786577,42.45818
VACAVIL_1_N102,38.35643897055109,-121.97956970213424,42.45818
VALCNTR_6_N001,33.230683,-117.018401,42.02012
VALLEYSC_1_N001,33.738397971600605,-117.156432,40.53076
VALLEYSC_1_N107,33.738317014186954,-117.15648820699798,40.53501
VALLYHM_1_N001,37.85575599998615,-120.94408374338772,43.82634
VALLYVW_1_N001,37.96607299998612,-122.27841868352904,41.89205
VALLYVW_1_N003,37.96607299998612,-122.27853331647096,41.89205
VAL_GS_LNODE5AUX,34.24482148241572,-118.3914027121072,40.42719
VAL_GS_LNODE6AUX,34.24485277566131,-118.39150524618782,40.42719
VAL_GS_LNODE7AUX,34.24491867043375,-118.39158002588233,40.42719
VAL_GS_LNODE8AUX,34.245004060069334,-118.391615747079,40.42719
VAL_LNODELSS,34.24509427625119,-118.39160977576542,40.42719
VASCO_6_N001,37.71132099998621,-121.71587984128799,43.46021
VASCO_6_N003,37.71132099998621,-121.71599415871201,43.46021
VASONA_2_N001,37.26,-121.9,43.56396
VEDDER_1_N001,35.61,-118.96,41.69433
VEL_SUB_LNODEONA,34.01555411723447,-118.204,40.40591
VEL_SUB_LNODEONB,34.01547294136984,-118.20394345800285,40.40591
VEL_SUB_LNODEONC,34.01547294136984,-118.20405654199715,40.40591
VESTAL_6_N001,35.85713659527842,-119.08872645400277,41.43934
VICTOR_1_N001,38.145651267656454,-121.17732422029407,40.67796
VICTOR_6_N001,38.145470732231836,-121.17755377942188,42.67956
VICTOR_6_N002,38.145651267656454,-121.17755377970593,42.67956
VIEJOSC_2_N001,36.578772821150025,-121.908968,41.86183
VIEJOSC_2_N004,33.667334,-117.642727,41.86183
VIEJO_6_N001,36.578692089410936,-121.90890995739635,43.62513
VIEJO_6_N003,36.578692089410936,-121.90902604260364,43.62513
VIERRA_1_N001,37.85,-121.24,43.90723
VINA_6_N001,39.941614,-122.041739,43.488
VINEYARD_2_N001,37.66967326170019,-121.85436,44.50751
VINEYARD_2_N002,37.66959186913507,-121.85430063276966,44.50751
VINEYARD_6_N001,37.66959186913507,-121.85441936723034,43.3921
VN_SUB_LNODEONA,34.18009031354033,-118.44489083013903,40.42719
VN_SUB_LNODEONB,34.17990968636295,-118.44489083037274,40.42719
VN_SUB_LNODEONC,34.17990968636295,-118.44510916962726,40.42719
VN_SUB_LNODEOND,34.18009031354033,-118.44510916986097,40.42719
VSTA_1_N001,34.04125299995202,-117.32061812723687,40.80051
VSTA_6_N001,34.04125299995202,-117.32083587276313,40.8218
WAHTOKE_1_N001,36.61618299998699,-119.452409104289,44.2924
WAHTOKE_1_N002,36.61618299998699,-119.45252089571099,44.2924
WALNUT_6_N001,34.00840381020035,-117.94966020073771,41.38934
WARENCYN_6_N001,33.01545499998868,-117.00226861385794,42.9141
WARENCYN_6_N002,33.01545499998868,-117.00237538614206,42.9141
WARNERS_6_N001,33.247186,-116.675942,37.17207
WARNER_LNODERV1,41.50091505739131,-120.533072,40.58471
WARNER_LNODERV3,41.50083397128745,-120.53300949206302,40.58471
WARNER_LNODESC1,41.50083397128745,-120.53313450793698,40.58471
WASCO_7_N008,39.77617274317707,-122.10383,41.40058
WASHNGT_LNODEDR1,37.4893772928244,-120.903967825898,42.43663
WASHNGT_LNODEDR2,37.4895172164325,-120.904092990936,42.43663
WASHNGT_LNODEDR3,37.4894692627508,-120.903968029781,42.43663
WASHNGT_LNODEDR4,37.489297130992,-120.993988447763,42.43663
WASHNGT_LNODEDR5,37.4894207521695,-120.904091725093,42.43663
WASHNGT_LNODEDR6,37.4892474344412,-120.904090188054,42.43663
WASHNGT_LNODEDR7,37.4892029595549,-120.903964429204,42.43663
WASHNGT_LNODER15,37.4893341220127,-120.90409199878,42.43663
WATRSHED_6_N001,37.487815,-122.310237,45.74638
WEBER_6_N001,37.919828,-121.240232,42.85568
WEC_SY_LNODEUX1,37.4878752249074,-120.89565231921667,42.39832
WEC_SY_LNODEUX2,37.4878752249074,-120.89576624369113,42.38554
WELFLDPM_LNODELPMP,34.16127269818337,-114.38198913123861,39.55871
WELFLDPM_LNODERALS,34.16145330172,-114.38198913147205,39.55871
WEMRSWS_6_N001,39.035984,-120.987909,42.77345
WESTLANE_6_N001,37.990674,-121.282373,43.39904
WESTLNDS_1_N001,36.3999999999871,-120.31994434326373,42.20902
WESTLNDS_1_N019,36.3999999999871,-120.32005565673627,42.20902
WESTPARK_1_N001,35.374163973003284,-119.039839,41.35375
WESTPARK_1_N005,35.374083013484764,-119.03978167527592,41.35375
WESTPARK_1_N009,35.374083013484764,-119.03989632472408,41.35375
WESTPLAT_1_N001,35.42,-119.3,41.06851
WESTPORT_LNODEDR1,37.5225825838401,-120.993998352649,42.32594
WESTPORT_LNODEDR3,37.5223769944682,-120.993990429526,42.32168
WESTPORT_LNODEDR5,37.5225172095941,-120.993995815213,42.32594
WESTPORT_LNODEDR7,37.5224455031416,-120.903973009416,42.32168
WHEATLND_6_N001,39.013055,-121.418524,42.43376
WHEELER_6_N001,35.089761,-118.976591,41.76245
WHISMAN_1_N001,37.40491321634772,-122.068856,44.01097
WHISMAN_1_N004,37.404831891811426,-122.06879689262591,44.01097
WHISMAN_1_N009,37.404831891811426,-122.06891510737408,44.01097
WHITMORE_6_N001,40.628753,-121.915711,45.1526
WILDWOOD_1_N001,40.387138,-123.045061,43.18573
WILKINS_6_N001,39.00552,-121.867233,43.32085
WILLIAMS_6_N002,39.15758,-122.14762,42.51622
WILLITS_6_N001,39.405666,-123.327366,45.73898
WILLOWS_6_N001,39.531805,-122.185874,42.51891
WIL_SUB_LNODEONB,33.797999999988214,-118.25794584458627,40.38036
WIL_SUB_LNODEONC,33.797999999988214,-118.25805415541372,40.38036
WINTERS_6_N001,38.517708,-121.951331,45.14565
WOHLER_6_N001,38.512048,-122.880906,44.00784
WOLFE_1_N001,37.335142193117605,-122.020824,43.9088
WOLFE_1_N002,37.335060903426545,-122.02076497287341,43.9088
WOLFE_1_N007,37.335060903426545,-122.02088302712659,43.9088
WOODACRE_6_N001,38.012118,-122.65455,43.33093
WOODLD_1_N001,38.67823188725648,-121.760143,43.0681
WOODLD_1_N005,38.67815105635662,-121.76008322082818,43.0681
WOODLD_1_N012,38.67815105635662,-121.76020277917182,43.0681
WOODSIDE_6_N003,37.43624399998641,-122.2420270905538,45.36322
WOODSIDE_6_N004,37.43624399998641,-122.24214090944619,45.36322
WOODWARD_1_N005,36.8966369999867,-119.74995475043866,44.55635
WOODWARD_1_N006,36.8966369999867,-119.75006724956134,44.55635
WPBART_1_N001,38.01999999998606,-121.97994265860079,42.02593
WPBART_1_N004,38.01999999998606,-121.9800573413992,42.02593
WSCOPRSN_1_N001,35.61,-119.37,41.1494
WSCRMNO_1_N004,38.58939293336201,-121.545027,43.19738
WSCRMNO_1_N013,38.58931203330379,-121.54496724378153,43.19738
WSCRMNO_1_N201,38.58931203330379,-121.54508675621847,43.19738
WSTFRSO_1_N001,36.71841899998688,-119.81853697917856,44.35626
WSTFRSO_1_N004,36.71841899998688,-119.81864902082144,44.35626
WSTLD1RA_1_N001,36.72,-120.72,42.00041
WYANDTTE_1_N001,39.491682744465926,-121.541161,41.19489
WYANDTTE_1_N003,39.49160212775149,-121.54110068770393,41.19489
WYANDTTE_1_N102,39.49160212775149,-121.54122131229607,41.19489
ZACA_1_N001,34.696829,-120.151374,42.64796
ZANKER_1_N001,37.469999999986335,-121.8099430557453,45.27382
ZANKER_1_N003,37.469999999986335,-121.8100569442547,45.27382
AGER_LNODE35,41.8675,-122.46414,0.0
ALTURAS_LNODE17,41.49972,-120.53306,0.0
BIGSPRIN_LNODELD1,41.616776,-122.39929,0.0
CAMERON_LNODEKM,32.65324599998863,-116.48817922595589,0.0
CASTELLA_LNODE,41.146254,-122.319747,0.0
CEDARVIL_LNODED1,41.53156,-120.18194,0.0
CLEARLAO_LNODE44,41.704981,-121.276741,0.0
COPCO2_LNODE21,41.97667,-122.36167,0.0
DAVISCR_LNODED1,41.73,-120.37,0.0
DELNORTE_LNODE50,41.86761799998422,-124.13905472462552,0.0
DELNORTE_LNODE51,41.86761799998422,-124.13917527537447,0.0
DOGCREEK_LNODE,40.94013311,-122.431008,0.0
DORRIS_LNODE06,41.96694,-121.91333,0.0
EAGLEMTN_LNODEHI,33.8199729920039,-115.44005630685402,0.0
FLINT_LNODE_LDT1,38.88530299998586,-121.06681059075832,0.0
GASQUET_LNODE42,41.84833,-123.96667,0.0
INTERNAT_LNODELD,41.432568,-122.38296,0.0
LITTLESH_LNODELD1,41.70174123,-122.3696599,0.0
LUCERNE_LNODELD,41.60361,-122.5225,0.0
MACDOEL_LNODE20,41.83166999998427,-122.00465973878569,0.0
MACDOEL_LNODE45,41.83166999998427,-122.00478026121432,0.0
MADISON_LNODE1,38.67065905446531,-121.9691977771112,0.0
MOTT_LNODE,41.262727,-122.270475,0.0
NDUNSMUI_LNODE7,41.2207989999844,-122.27643096616978,0.0
NDUNSMUI_LNODE9,41.2207989999844,-122.27655103383022,0.0
NEWELL_LNODE90,41.888139999984205,-121.37845028379793,0.0
NUTGLADE_LNODE,41.178254,-122.290711,0.0
PATRICKS_LNODE49,41.88139,-123.86472,0.0
PEREZ_LNODED1,41.63306,-121.22639,0.0
PRAXAIR_LNODEPM,37.99999999998611,-121.81005733246779,0.0
REDWOODU_LNODED2,41.76083,-124.16347,0.0
SDUNSMUI_LNODE,41.201244,-122.2764098,0.0
SHASTINA_LNODELD1,41.548666,-122.364174,0.0
SHOTGUNC_LNODE,41.053889,-122.381667,0.0
TULELAKE_LNODE35,41.95333,-121.47111,0.0
TUNNEL_LNODE33,41.925559999984245,-121.56576970013403,0.0
TUNNEL_LNODE40,41.925559999984245,-121.56589029986597,0.0
WEED_LNODER1,41.43139,-122.38944,0.0
YREKA_LNODE76,41.72897989068449,-122.63154955171838,0.0
YREKA_LNODED1,41.72880010918983,-122.63154955205546,0.0
YREKA_LNODED2,41.72880010918983,-122.63179044794454,0.0
YREKA_LNODED3,41.72897989068449,-122.63179044828162,0.0
