node_id,lat,lon,price_dp
0096WD_7_N002,35.440039999987434,-119.13131516955063,32.64875
3EMIDIO_6_N001,35.02051774,-119.0626791,32.81278
3EMIDIO_6_N002,35.02051773995017,-119.06256889029795,32.81278
3EMIDIO_6_N003,35.020427484140036,-119.0626791,32.81278
4C744C12_7_N002,35.24735999994994,-118.86084971115429,32.74717
4C744C32_7_N002,35.24735999994994,-118.86107028884571,32.75045
8TH_ST_LNODEBXG,37.64197726998626,-121.00603849646912,33.30869
8TH_ST_LNODELZF,37.64197726998626,-121.00615270353089,33.30869
A100US_1_B1,37.62510247,-122.1166769,33.37855
ACTONSC_6_N001,34.510158,-118.199383,33.21344
ADLNTO_LNODEDC1BURB,34.55,-117.44,32.9577
ADLNTO_LNODEDC1GLEN,34.54999999995084,-117.43989019738174,32.9577
ADLNTO_LNODEDC1LADWP,34.549909563045524,-117.43989019750109,32.9577
ADLNTO_LNODEDC2BURB,34.54984561454145,-117.43996783961737,32.9577
ADLNTO_LNODEDC2GLEN,34.54983032146246,-117.44007606070501,32.9577
ADLNTO_LNODEDC2LADWP,34.549861644418996,-117.44017906687948,32.9577
ADLNTO_NDC1,34.549927601755336,-117.44025419088157,32.9577
ADLNTO_NDC2,34.550013072465426,-117.4402900765519,32.9577
AEC300_1_N001,37.74,-121.48,32.45418
AERA12_7_N001,35.952012,-120.860226,31.03728
AGER_LNODE35,41.8675,-122.46414,18.92073
AGNEW_1_N003,37.51,-121.84,33.58895
AGNEW_6_N001,37.39141282968642,-121.96760028543572,33.35275
AGNEW_6_N002,37.39141282968642,-121.96771400856429,33.35275
AIRPROD_1_N001,36.65,-119.54,31.44382
AIRWAYS_1_N001,36.77840245723695,-119.6739507,31.31243
AIRWAYS_1_N004,36.77832158136724,-119.67389240268693,31.41177
AIRWAYS_1_N018,36.77832158136724,-119.67400899731307,31.41177
ALAMITOS_2_N001,33.771584,-118.100596,33.27696
ALAMITOS_2_N040,33.77,-118.1,33.27696
ALAMT1G_7_N002,33.77143038978412,-118.10056429476926,33.27696
ALAMT2G_7_N002,33.77144633917227,-118.10077253262283,33.27696
ALAMT3G_7_N002,33.771511965310076,-118.10084659342048,33.27696
ALAMT4G_7_N002,33.771597006833865,-118.1008819712055,33.27696
ALAMT5G_7_N002,33.771686855225234,-118.1008760572907,33.27696
ALAMT6G_7_N002,33.77183464117273,-118.10075806084072,33.27696
ALHAMBRA_1_N001,37.99408499998608,-122.13031167024367,33.09225
ALHAMBRA_1_N002,37.99408499998608,-122.13042632975633,33.09225
ALLEGHNY_6_N001,39.46489299998558,-120.84488799308969,32.74608
ALMADEN_6_N001,37.26026999998649,-121.89002528823042,33.7567
ALMADEN_6_N009,37.26026999998649,-121.89013871176958,33.7567
ALPAUGH_1_N004,35.9634105,-119.4567964,32.8681
ALPAUGH_7_N002,35.9633209452724,-119.4567964,32.8681
ALPINE_6_N001,32.82778299998866,-116.78987271391081,30.31705
ALPINE_6_N005,32.82778299998866,-116.78997928608918,30.31705
ALTO_6_N001,37.89825299998615,-122.52430271885964,33.65411
ALTO_6_N101,37.89825299998615,-122.52441728114036,33.65411
ALTURAS_LNODE17,41.49972,-120.53306,18.99816
AMERIGAS_1_N001,38.43,-121.79,32.15134
AMESBS_1_N004,37.41751022008469,-122.066192,33.23465
AMESBS_1_N101,37.41742888994297,-122.06613287861066,33.23465
AMESDST_1_N001,37.41742888994297,-122.06625112138934,33.23465
AMFORST_6_N001,38.369191999986,-120.79657754861613,32.73392
ANAHEIM_6_N001,33.8531627,-117.857995,33.17899
ANAVERDE_6_N001,34.568588,-118.149401,33.29545
ANDERSON_6_N001,40.449838,-122.305068,30.93441
ANGIOLA_6_N001,35.992007,-119.57137,32.08184
ANITA_6_N001,39.81104699998532,-121.91970256777769,32.77468
ANITA_6_N006,39.81104699998532,-121.91981943222231,32.77468
ANNAPOLS_6_N001,38.680315,-123.311782,44.63227
ANTELOPE_6_N001,35.65811699998739,-119.99595979071039,32.5575
ANTLER_6_N001,40.893581,-122.379244,31.59916
APPLEHL_1_N001,38.73983594994359,-120.67700082010276,32.51208
APPLEHL_1_N002,38.73974618819719,-120.6771159,32.51208
APPMAT_1_N001,37.359999999986435,-121.97994317305394,33.33963
APPMAT_1_N010,37.359999999986435,-121.98005682694607,33.33963
ARBUCKLE_6_LN001,39.01762490998577,-122.06151734734088,26.21394
ARBUCKLE_6_N001,39.01762490998577,-122.06163265265913,26.21394
ARBURUA_6_N001,36.94007738,-120.9238172,31.96552
ARCATA_6_LN001,40.86722276626079,-124.08816631128593,28.81201
ARCATA_6_N001,40.86704189361579,-124.08816631161257,28.81201
ARVINED_1_N001,35.15044599998752,-118.87870286987292,32.72749
ARVIN_6_N001,35.15044599998752,-118.87881313012709,32.74061
ASHLAN_2_N001,36.79263892472445,-119.82749,30.88024
ASHLAN_2_N007,36.7925580376235,-119.82743168375806,30.88024
ASHLAN_2_N008,36.7925580376235,-119.82754831624194,30.88024
ASH_6_N001,33.1365697302963,-117.070292,33.50076
ASH_6_N005,33.13648913483958,-117.0702364310647,33.50076
ASH_6_N101,33.13648913483958,-117.07034756893529,33.50076
ASPEN_LNODESPEN,37.69337956,-122.069288,23.56316
ATASCDRO_6_N001,35.465309,-120.671582,32.92492
ATWATER_1_B2,37.35999599998639,-120.6146481730584,33.06794
ATWATER_1_N001,37.35999599998639,-120.6147618269416,33.06794
AUBERRY_6_N001,37.06806099998665,-119.495719527536,33.71854
AUBERRY_6_N003,37.06806099998665,-119.495832472464,33.71854
AUBURN_6_N001,38.903397,-121.069921,32.85981
AVENA_1_N001,37.842208,-121.054122,32.55921
AVENGEN_7_B1,35.9776884492561,-120.11683334055562,32.6504
AVOCADO_6_N001,33.38472079977583,-117.236977,34.10812
AVOCADO_6_N002,33.384640100099574,-117.23692120092345,34.10812
AVOCADO_6_N009,33.384640100099574,-117.23703279907656,34.10812
AVSOLAR_7_N007,34.789500999987624,-118.43132596892313,32.3948
BAFOOD1_6_N001,36.33,-121.16,31.63762
BAHIA_2_N001,38.08095331088854,-122.13739126700075,32.64848
BAHIA_2_N011,38.08077268899996,-122.13739126728416,32.64848
BAILYJ1_1_N010,34.776039999987624,-118.77498497466301,32.60196
BAILYJ1_1_N011,34.776039999987624,-118.77509502533698,32.60196
BAIR_1_LN001,37.49764234,-122.2140549,33.5557
BAIR_1_N001,37.496937,-122.214157,33.5557
BAKER_1_N001,35.284771,-116.064256,33.78617
BALCH1_7_N001,36.908933,-119.087736,30.40914
BALFOUR_6_N001,37.92596,-121.678546,32.32505
BANGOR_6_N001,39.388063999985675,-121.40287907085172,32.3004
BANNING_1_N001,33.92234307044413,-116.87283,32.89582
BANNING_1_N004,33.92226196476511,-116.87277356877394,32.89582
BANNING_1_N010,33.92226196476511,-116.87288643122605,32.89582
BANTA_6_N001,37.7528989999862,-121.35057581075783,32.79207
BARRETT_6_N001,32.667194,-116.700208,29.34602
BARRE_6_N001,33.80900298319592,-117.98332966316445,33.29053
BARRE_6_N002,33.80900298319592,-117.98354633683554,33.29053
BARRE_6_N003,33.80918301670945,-117.9835463370635,33.28725
BARRY_6_N001,39.069323,-121.690208,32.85762
BARTLP_1_N003,37.36083333,-121.8638889,33.47413
BARTON_1_N001,36.76408490976673,-119.735935,31.23119
BARTON_1_N007,36.76400404510246,-119.73587672164825,31.23119
BARTON_1_N008,36.76400404510246,-119.73599327835174,31.23119
BAR_LA_LNODESS1,35.23999999998752,-118.05994485657591,34.34808
BAR_LA_LNODESS2,35.23999999998752,-118.0600551434241,34.34808
BASALT_6_N002,38.26328599998595,-122.26916657483297,32.55335
BASALT_6_N101,38.26328599998595,-122.26928142516702,32.55335
BASILONE_6_N004,33.387598,-117.58248,33.7829
BATAVIA_6_N001,38.385820999985995,-121.77570654480984,32.34817
BATIQTOS_1_N001,33.1011727252775,-117.250399,33.61649
BATIQTOS_1_N008,33.101092137348985,-117.25034345864424,33.61649
BATIQTOS_1_N015,33.101092137348985,-117.25045454135577,33.61649
BAYMDWS_1_N001,37.55162541726735,-122.29307795256243,33.48352
BAYMDWS_1_N004,37.551444582623034,-122.29307795283914,33.48352
BAYMDWS_1_N008,37.551444582623034,-122.29330604716085,33.48352
BAYMDWS_1_N012,37.55162541726735,-122.29330604743757,33.48352
BAYSHOR1_1_N001,37.74603599998622,-122.40302381566526,33.70332
BAYSHOR2_1_N001,37.74603599998622,-122.40313818433472,33.70332
BAYWOOD_6_N001,35.360177,-120.811564,33.46293
BCHIPMIL_6_N001,40.87204771,-123.9749277,28.89731
BCKSCRK_7_N001,39.9104901899853,-121.32745377121508,32.06777
BDGRHLL_6_N001,35.83494799998733,-119.94256773586105,32.61983
BDGRHLL_6_N004,35.83494799998733,-119.94267826413895,32.61983
BDLARKSP_6_N004,32.56759260819039,-116.9424413,45.83665
BEALE1_6_N001,39.11366999998575,-121.33304229106656,31.57821
BEALE2_6_N001,39.11366999998575,-121.33315770893344,31.57821
BEARTAP_1_N001,35.38,-119.0,32.72421
BELLEF_7_CN10,39.776083,-122.10383,31.98518
BELLEF_7_CN11,39.77608299994151,-122.10371323062876,31.99502
BELLPGE_1_N001,38.947418999985814,-121.0911283822858,32.6761
BELLPGE_1_N005,38.947418999985814,-121.0912436177142,32.6761
BELLVUE_1_N001,38.379084046922976,-122.712022,38.66412
BELLVUE_1_N003,38.37900297652332,-122.711962292445,38.66412
BELLVUE_1_N005,38.37900297652332,-122.712081707555,38.66412
BELMONT_1_N001,37.52332024549896,-122.264967,33.59506
BELMONT_1_N006,37.52323887723573,-122.26490776711239,33.59506
BELMONT_1_N008,37.52323887723573,-122.26502623288762,33.59506
BELRIDGE_1_N001,35.45572199998739,-119.63184782823049,32.43835
BELRIDGE_1_N002,35.45572199998739,-119.63195817176951,32.43835
BERESFRD_6_N001,37.565013999986284,-122.31923796388803,33.38884
BERESFRD_6_N002,37.565013999986284,-122.31935203611197,33.38884
BERNARDO_6_N001,33.021575,-117.096228,33.25473
BERNARDO_6_N002,33.021574999954524,-117.09612121988424,33.25473
BERNARDO_6_N009,33.02148546856512,-117.096228,33.25473
BERNARDO_6_N013,33.021574999954524,-117.09633478011577,33.25473
BERNARDO_6_N014,33.0216645314348,-117.096228,33.25473
BERVLLY_6_N001,37.586478,-120.125088,22.08457
BESSGEN_7_N004,33.12537170257462,-117.11682528223366,33.43843
BIGBAR_6_N001,40.74431787,-123.2062128,32.00879
BIGBASN_6_N001,37.129545,-122.172132,33.41836
BIGCRK1_7_N001,37.20203293082091,-119.24090286336467,28.92102
BIGGS_6_N001,39.40889559,-121.6915434,32.46363
BIGLAGN_6_N001,41.16264397,-124.1019717,29.1335
BIGMDWS_6_N001,40.171215,-121.085128,30.87214
BIGRIVR_6_N001,39.311461,-123.786522,-0.09395
BIGSPRIN_LNODELD1,41.616776,-122.39929,18.96225
BIOLA_6_N001,36.792525,-120.114116,32.14837
BIXLER_6_N001,37.9370142319286,-121.528389,32.79565
BKR111_7_N003,35.388208667768176,-119.00435227492993,32.46833
BKRSFLD_2_N001,35.388208667768176,-119.00457292507006,32.45848
BKRSFLD_2_N101,35.38838855213151,-119.00457292531611,32.45848
BLACKWLL_7_N003,35.6141993352003,-119.85363133518518,32.31802
BLLEHVN_6_N001,37.4772652825887,-122.16793304841748,33.81158
BLLEHVN_6_N002,37.477186999945324,-122.16787609695427,33.81158
BLLEHVN_6_N004,37.477108717384,-122.1679330485368,33.81158
BLLEHVN_6_N006,37.477108717384,-122.1680469514632,33.81158
BLLEHVN_6_N007,37.477186999945324,-122.16810390304572,33.81158
BLUELKE_6_N001,40.880139999984536,-123.98052419448959,28.90059
BLUELKE_6_N010,40.880139999984536,-123.98064380551041,28.90059
BLUSTNPP_6_N003,38.575523,-121.497588,32.31474
BLYTHESC_1_N005,33.61495699998827,-114.68288105808304,31.86378
BNAVSTA_6_N001,36.653344,-121.62946,32.42182
BNAVSTA_6_N002,36.65334399994771,-121.62934811906177,32.42182
BNTACRB_6_N001,37.7528989999862,-121.35069018924217,33.05452
BOGARD_6_N001,40.586552,-121.093959,30.09653
BOGUE_1_N001,39.09616655735555,-121.6236556041389,32.18447
BOGUE_1_N015,39.095987442530685,-121.62365560443203,32.18447
BOGUE_1_N201,39.095987442530685,-121.62388639556798,32.18447
BOLINAS_6_N001,37.941119,-122.707332,33.83454
BOLLMAN_1_N003,38.04,-121.98,32.99055
BOLTHSE_1_N009,35.362159,-118.923677,32.84887
BONITA_6_N001,36.967863,-120.20266,33.78539
BONNIEN_7_N001,39.214314999985774,-120.80917722077704,15.54905
BORDEN_2_N007,36.92227399998671,-119.98422371699712,33.01
BORDER_6_N001,32.566281,-116.944389,45.83665
BORDER_6_N0018,32.56628099995522,-116.94428258752973,45.83665
BORDER_6_N008,32.56620333382154,-116.94433579381094,45.83665
BORDER_6_N013,32.56620333382154,-116.94444220618907,45.83665
BORONDA_6_N001,36.689983,-121.679239,32.22827
BOSWELL_6_N001,36.085115,-119.552823,32.08184
BOTTLEG_7_N001,33.923052,-116.901227,32.22092
BOULEVRD_7_CN1,32.662175999989024,-116.27217177166342,32.06717
BOWERSJ_6_N001,37.37057750378637,-121.97553596930213,33.83499
BOWERSJ_6_N002,37.37057750378637,-121.97564964669786,33.83499
BOWLES_6_N001,36.605651,-119.773312,31.76127
BP21Z_6_N001,35.242132145992656,-119.62433411266893,32.23496
BPFFD_1_N001,35.242132145992656,-119.62455468733106,32.23168
BRDGVLT_7_N001,40.479622194160655,-123.780401,26.65538
BRDGVLT_7_N003,40.479540902903295,-123.78046270284797,26.65538
BRDWAY_7_N004,34.125226999951806,-118.15210094450055,32.88852
BREEZE_6_N001,35.12397117557631,-118.37398174859348,32.21482
BREEZE_LNODEYT1,35.12379082432393,-118.37420225116239,23.77856
BREEZE_LNODEYT2,35.12397117557631,-118.37420225140652,23.77856
BREGGEN_7_N001,33.270864089541455,-116.34805881401336,33.02769
BREGGEN_7_N002,33.270864089541455,-116.34817018598665,33.02769
BRENTWOD_2_N001,37.91959423612686,-121.676423,32.27107
BRENTWOD_2_N006,37.91951288192155,-121.67636345967551,32.27107
BRENTWOD_2_N011,37.91951288192155,-121.67648254032449,32.27107
BRGSMR_LNODEGZB,37.66621999998627,-120.97704287657282,33.30649
BRGSMR_LNODETHU,37.66621999998627,-120.97715712342718,33.30649
BRIGTANO_6_N001,36.88169521,-121.6033017,32.7794
BRIONES_6_N001,37.88551256,-121.8145525,32.45955
BRITTN_1_N001,37.37433620668406,-122.015575,33.33635
BRITTN_1_N005,37.37425489664326,-122.01551592726007,33.33635
BRITTN_1_N006,37.37425489664326,-122.01563407273993,33.33635
BRKRSLG_1_N005,38.57552299994369,-121.49747300547165,33.05661
BROKAW_6_N001,37.35614030048636,-121.93994208836567,33.6808
BROKAW_6_N002,37.35614030048636,-121.94005573363432,33.6808
BRRNDAA_6_N001,35.65811699998739,-119.99607020928961,32.49845
BRRNDAC_6_N001,35.658183,-120.040362,32.55094
BRUNSWCK_1_N003,39.23119771901711,-121.034946,31.34052
BRUNSWCK_1_N008,39.23111714047599,-121.03488594065819,31.34052
BRUNSWCK_1_N101,39.23111714047599,-121.03500605934181,31.32412
BRWNSVY_6_N001,39.226226,-121.422634,32.93835
BRYPTLM_6_N001,35.09326574,-119.443811,32.21528
BSCLPLD_6_N001,35.08218043,-119.304274,32.53349
BUELLTON_1_N001,34.625261999987686,-120.18631205143852,33.99765
BUELLTON_1_N003,34.625261999987686,-120.18642194856149,33.99765
BUENAVS1_7_B1,36.653254242119594,-121.62934811919219,32.3207
BUENAVS1_7_B3,36.65319077379855,-121.6294272308971,32.3207
BUENAVS1_7_B4,36.653175595551595,-121.62953750035395,32.3207
BUENAVS1_7_B5,36.65320668330105,-121.62964245619625,32.3207
BUENAVS1_7_B6,36.653272145363964,-121.6297190021347,32.3207
BUENAVS1_7_B7,36.65335697428145,-121.62975556706088,32.3207
BUENAVS2_7_B1,36.65344659805961,-121.62974945473616,32.31086
BUENAVS2_7_B3,36.653528699704175,-121.62970424026268,32.31086
BUENAVS2_7_B4,36.653594014575496,-121.62962749889522,32.31086
BUENAVS2_7_B5,36.653636508590544,-121.62952895027708,32.31086
BULLARD_1_N001,36.824388,-119.769224,31.1129
BULLARD_1_N004,36.824387999947184,-119.76911168846675,31.1129
BULLARD_1_N005,36.824298097276774,-119.769224,31.1129
BULLARD_1_N006,36.824387999947184,-119.76933631153325,31.1129
BURLNGME_1_N001,37.589627,-122.363434,33.42447
BURNEY_6_N002,40.88795613096115,-121.6707669,29.69303
BURNEY_7_N002,40.887874739502756,-121.67082905855457,29.69303
BURNSJ1_6_N003,37.09524,-122.14417,33.51022
BUTTE_1_N010,39.7118129999855,-121.81325170045862,31.96783
BUTTE_1_N101,39.7118129999855,-121.81336829954137,31.96783
B_6_N001,32.714377595830264,-117.16944251257752,33.56966
B_6_N003,32.714198404079745,-117.16944251279143,33.56966
B_6_N005,32.714198404079745,-117.16965548720856,33.56966
B_6_N007,32.714377595830264,-117.16965548742249,33.56966
C4931_6_N003,32.73843399998874,-115.99415574838443,32.14591
C590M1_7_N005,32.80453799998867,-115.54641072366262,32.1131
CABRILLO_1_N001,32.707505595112,-117.2449797584557,33.82706
CABRILLO_6_N001,32.70742799995502,-117.24492651700402,33.6976
CABRILLO_6_N004,32.70735040486553,-117.24497975854831,33.6976
CADET_6_N001,35.09081798998752,-119.40696638038531,32.34322
CALAVE_1_N001,36.71900181109094,-119.76554095699167,31.41338
CALAVE_1_N002,36.718822188804005,-119.76554095725366,31.41338
CALAVE_1_N004,36.718822188804005,-119.76576504274634,31.41338
CALCEDA_6_N001,37.94482769,-121.3105701,32.37337
CALCMENT_7_N4,37.37,-120.64,32.30996
CALCMNT_6_N001,35.030055,-118.310776,32.64207
CALEVRAS_1_N001,37.586852,-121.869766,33.04483
CALFLAX_6_N001,36.28403534998721,-120.12217745300707,32.11567
CALFLAX_6_N024,36.28403534998721,-120.12228854699293,32.11567
CALISTGA_6_N001,38.5926639999859,-122.57856249875155,45.27197
CALLENDR_1_N001,35.04,-120.6,33.5679
CALMAT60_6_N001,37.67387666,-121.8355963,32.80445
CALPELLA_1_N001,39.197538,-123.192135,0.85173
CALVO_6_N001,37.74730133,-121.3267185,32.75271
CAMANCPP_2_N001,38.2134438,-121.0247365,32.32701
CAMDEN_6_N001,36.446312771281995,-119.799098,32.77403
CAMDEN_6_N002,36.446232114345065,-119.79904011033697,32.77403
CAMERON_6_N001,32.65329977639838,-116.488126,28.94907
CAMINO_2_N001,34.83,-114.99,31.97532
CAMPHORA_6_N001,36.46829799998704,-121.39017127220814,32.50055
CAMPHORA_6_N003,36.46829799998704,-121.39028272779186,32.50055
CAMPUS_1_LN001,38.54527777998592,-121.73383140960435,33.12652
CAMPUS_1_N003,38.54527777998592,-121.73394639039566,33.17245
CANAL_6_N001,37.066423071736246,-120.835478,32.18532
CANAL_6_N006,37.06634196411742,-120.83541931437668,32.18532
CANANDGA_6_N001,36.92817,-120.1070821,33.57215
CANBY_BP_LNODEACW,41.444925999984385,-120.88087787131334,22.89869
CANBY_BP_LNODEVEC,41.444925999984385,-120.88099812868666,22.89869
CANNON_1_N025,33.13751869069269,-117.33264215598749,33.59024
CANNON_1_N026,33.13733958921585,-117.33264215620572,33.59024
CANNON_1_N027,33.13733958921585,-117.33285604379427,33.59024
CANNON_1_N028,33.13751869069269,-117.3328560440125,33.59024
CANTGEN_7_N001,36.42933,-120.34215,32.09108
CANYONP2_7_N001,33.85316269995253,-117.85788655941667,33.17899
CANYONP2_7_N002,33.853072643571636,-117.857995,33.17899
CANYONP3_7_N001,33.85316269995253,-117.85810344058333,33.17899
CANYONP3_7_N002,33.85325275642836,-117.857995,33.17899
CAPAY_6_N001,39.775993256822886,-122.10383,31.5412
CAPEHORN_6_N001,39.11994846,-120.9435307,15.52937
CARBONA_6_N003,37.69218399998622,-121.41818185598439,32.78551
CARBONA_6_N101,37.69218399998622,-121.4182961440156,32.78551
CARGILL_6_N001,37.90883295,-121.2712152,32.66862
CARLOTTA_6_N001,40.541122999984744,-124.06382054930958,27.33817
CARLOTTA_6_N003,40.541122999984744,-124.06393945069041,27.33817
CARLTNHS_1_N001,32.85503754591703,-117.01185140348343,33.12022
CARLTNHS_1_N004,32.85485845399255,-117.01185140369861,33.12022
CARNATIO_6_N001,35.311332,-119.083574,33.23925
CARNERAS_6_N001,35.541055,-119.805238,32.51157
CARODEAN_1_N001,34.14914429366959,-116.12379789416093,33.67092
CARODEAN_1_N017,34.148963706233765,-116.12401610560582,33.67092
CARODEAN_1_N019,34.14914429366959,-116.12401610583908,33.67092
CAROLNDS_6_N001,37.55291899998627,-122.37633097506193,33.38556
CAROLNDS_6_N002,37.55291899998627,-122.37644502493806,33.38556
CARQUINZ_1_N001,38.09103799998602,-122.24848662968667,33.2014
CARQUINZ_1_N002,38.09103799998602,-122.24860137031332,33.2014
CARRIZO_1_N001,35.3805629695311,-120.040252,32.74583
CARTWRT_1_N001,37.78999999998617,-122.24994278512781,180.8564
CARTWRT_1_N010,37.78999999998617,-122.25005721487219,180.8564
CARUTHRS_6_LN001,36.53218998,-119.8817036,31.09204
CARUTHRS_6_N001,36.531554,-119.882758,31.09204
CASSIDY_6_N004,36.92362589,-119.8127207,33.14258
CASTAC_6_N001,34.91864164,-118.9261908,32.74389
CASTELLA_LNODE,41.146254,-122.319747,19.50982
CASTROVL_2_N001,37.69127699998625,-122.06100285669102,33.01724
CASTROVL_2_N003,37.69127699998625,-122.06111714330898,33.01724
CASTROVL_2_N006,36.76278384840137,-121.73625384648868,33.01724
CAS_LA_LNODESMW,34.587237,-118.656638,32.88986
CAS_PP_LNODESS3,34.587236999950775,-118.65652814911085,32.88986
CATALYST_7_N001,37.33647699998642,-121.87909619952335,33.42492
CATLETT_6_N001,38.808811,-121.516115,32.70015
CATLETT_6_N005,38.80881208,-121.5164185,32.70015
CAWELOB_6_N001,35.57097799998741,-119.11546380934058,32.93416
CAWELOC_1_N001,35.57097799998741,-119.11557419065942,33.00917
CAYETANO_2_N001,37.738441719986184,-121.77096762115637,32.60106
CAYUCOS_6_N001,35.44865399998744,-120.8703058292383,33.56462
CAYUCOS_6_N006,35.44865399998744,-120.8704161707617,33.56462
CCOSTA_2_N001,37.998693,-121.783314,32.25333
CCSUB_1_N001,38.03,-121.75,32.18071
CCSUB_2_N001,38.01999999998606,-121.75994265860079,32.17087
CCSUB_2_N010,38.01999999998606,-121.7600573413992,32.17087
CCSUB_2_N025,37.99928,-121.78269,32.17087
CEDARVIL_LNODED1,41.53156,-120.18194,19.05576
CEDRCRK_6_N101,40.791141869564385,-121.93782993223053,33.57792
CELERON_6_N001,35.47518447998747,-119.76041242538307,33.1043
CELERON_6_N002,35.47518447998747,-119.76052277461693,33.1043
CENTERS_6_N001,33.928884073837764,-118.105463,33.20434
CENTERS_6_N200,33.9288029630683,-118.10551943910147,33.20434
CENTRAL_6_N001,37.381735384886426,-121.97835956300948,33.92356
CENTRAL_6_N002,37.381735384886426,-121.97847326499053,33.92356
CERTTEED_1_N001,37.059999999986665,-120.07994353791257,33.34639
CERTTEED_1_N002,37.059999999986665,-120.08005646208743,33.34639
CHALLNGE_6_N001,39.48543,-121.220509,31.52572
CHANNEL_6_N001,37.95526599998612,-121.33242068885451,32.31432
CHARKA_1_LN001,35.60801139375494,-119.32546543654307,32.76641
CHARKA_1_N001,35.60801139375494,-119.32558016345693,32.76641
CHCARITA_1_N001,32.9600895309367,-117.08989329478639,33.21864
CHCARITA_1_N004,32.95991046897258,-117.08989329500262,33.21864
CHCARITA_1_N008,32.95991046897258,-117.09010670499737,33.21864
CHEROKEE_6_N001,38.005513,-121.237769,32.6883
CHESTER_6_N001,40.304405,-121.224282,31.49216
CHEVLHLS_6_N001,35.60555844317911,-119.70826753707485,32.68872
CHEVMAIN_6_N001,33.90361099998812,-118.41411272071318,33.4298
CHEVPIPE_6_N001,37.0873093,-121.0171895,31.86338
CHEVPLIN_6_N001,35.99686801,-119.9613332,32.67992
CHICOA_6_N001,39.71879299998543,-121.82096169136352,31.97768
CHICOA_6_N010,39.71879299998543,-121.82107830863647,31.97768
CHICOB_1_N001,39.725493999985424,-121.84718768259572,31.771
CHICOB_1_N002,39.725493999985424,-121.84730431740428,31.771
CHINO_6_N007,33.998301818402325,-117.67886922357054,32.95964
CHINO_6_N008,33.998301818402325,-117.67908677642946,32.95964
CHLDHOSP_1_N001,36.87,-119.81,31.05099
CHOLAME_6_N001,35.686521849987386,-120.33605028358014,33.27593
CHOLAME_6_N002,35.686521849987386,-120.33616071641987,33.27593
CHOLLAS_6_N001,32.744058749573895,-117.046316,34.00432
CHOLLAS_6_N008,32.743978125200904,-117.04626065732346,34.00432
CHOLLAS_6_N009,32.743978125200904,-117.04637134267654,34.00432
CHSTN_1_N001,38.09,-120.3,29.87981
CHWCHLLA_1_N001,37.12075999994629,-120.25049792043754,33.20861
CHWCHLLA_1_N002,37.12066983427897,-120.250611,33.20861
CIMA_2_N101,35.2691,-115.49292,32.19839
CISCOTAP_6_N001,39.30944786,-120.5485424,15.09962
CITYUKH_1_B1,39.14300254479826,-123.19181754359136,-0.0827
CLAIRMNT_6_N008,32.825943,-117.184096,33.9912
CLAMMNA_1_N001,37.807826,-121.276142,32.68382
CLARKRD_7_N001,39.6546447946953,-121.635292,31.38091
CLARMNT_1_N001,32.825942999954904,-117.18398942940657,33.23003
CLAUS_LNODEKSN,37.639389999986214,-120.91954289863075,33.30649
CLAUS_LNODESME,37.639389999986214,-120.91965710136925,33.30649
CLAYTN_1_N001,38.34245511038229,-120.93484110965764,32.70515
CLAYTN_1_N004,37.943825,-121.969415,32.70515
CLAYTN_1_N029,38.3422748895056,-120.93484110994348,32.70515
CLAYTN_1_N030,38.3422748895056,-120.93507089005652,32.70515
CLAY_6_N001,38.34245511038229,-120.93507089034236,32.98652
CLAY_6_N005,38.34236525,-120.9349563,32.98652
CLEARCT_7_N002,33.889805,-117.58836,32.90715
CLEARGEN_6_N001,33.889714911001306,-117.58836,32.90715
CLEARLAO_LNODE44,41.704981,-121.276741,18.63307
CLERLKE_6_N001,39.007954999985856,-122.89377935245265,-7.22444
CLERLKE_6_N012,39.007954999985856,-122.89389464754734,-7.22444
CLMBAHL_6_N001,39.331874,-121.101368,31.91282
CLMBAST_1_LN001,38.02588,-121.86295,32.68218
CLOVIS_1_N001,36.826043942491545,-119.681281,31.35196
CLOVIS_1_N004,36.825963028740034,-119.68122263908639,31.32057
CLOVIS_1_N101,36.825963028740034,-119.68133936091361,31.35196
CLOVRDLE_1_N001,38.795757,-123.011412,0.02466
CLRKSVLE_1_N001,38.655559898770534,-121.060175,32.64658
CLRKSVLE_1_N003,38.655479050599546,-121.06011522698469,32.64658
CLRKSVLE_1_N004,38.655479050599546,-121.0602347730153,32.64658
CLRMNT_7_N002,32.8260325535329,-117.184096,33.9912
CLSAJCT_6_N001,39.190857,-121.990506,26.27627
CLWTER_2_N003,35.39850993300358,-118.93957167203409,33.34246
CMPEVRS_1_N001,37.041635999986624,-122.02530956161661,32.79252
CMPEVRS_1_N002,37.041635999986624,-122.02542243838339,32.79252
CNTRVL12_7_N001,39.78960159,-121.6583176,31.01021
CNTRYCB_6_N001,37.97966036733168,-121.31639835392943,32.68328
CNTRYCB_6_N002,37.979479632557,-121.31639835421177,32.68328
CNTRYCB_6_N004,37.979479632557,-121.31662764578823,32.68328
CNTRYCB_6_N006,37.97966036733168,-121.31662764607057,32.68328
COLHAT_6_N001,40.40092562,-122.141032,30.61858
COLLINS_7_N001,40.30244242,-121.2270199,31.4856
COLNGA1_6_N001,36.13602399998719,-120.34444457141348,32.25346
COLNGA1_6_N002,36.13602399998719,-120.34455542858652,32.25346
COLNGA2_6_N001,36.236577,-120.315114,32.21409
COLONY_6_N001,38.190132,-121.181632,32.91321
COLUMBUS_1_N001,35.398330066896115,-118.93957167228022,32.73733
COLUMBUS_1_N003,35.398330066896115,-118.93979232771979,32.73733
COLUMBUS_1_N005,35.39850993300358,-118.9397923279659,32.73733
COLUSAG1_2_LN001,39.21361111,-122.003018,31.46683
COLUSAG2_2_LN001,39.2136111099429,-122.0029024426207,31.46683
COLUSA_6_N001,39.2135335719588,-122.00296022137415,27.27683
COLUSA_6_N004,39.2135335719588,-122.00307577862586,27.27683
COLWATER_1_LN001,34.860151999950354,-116.85307688319033,35.23387
COLWATER_1_N001,34.86007374913347,-116.85313194164753,35.23387
COLWATER_1_N002,34.86007374913347,-116.85324205835246,35.23387
COLWATER_2_LN001,34.86023025084167,-116.85324205845721,32.46655
CON25_1_N001,38.04814999998604,-122.25918164663241,33.27596
CON25_1_N002,38.04814999998604,-122.25929635336759,33.27596
CONCHO_1_N002,33.785845,-116.342689,32.87419
CONTADNA_1_N001,36.29,-119.71,31.52179
CONTROLX_1_N001,37.342839,-118.471988,-19.46
CONTROL_7_N001,37.34291722503321,-118.47193119226046,-21.0
CONTROL_7_N022,37.33542299994568,-118.48073640143991,-18.83342
CONTROL_7_N023,37.33533267793508,-118.48085,-18.14123
CONTROL_7_N024,37.33542299994568,-118.48096359856008,-17.49824
CONTROL_7_N025,37.33551332206491,-118.48085,-17.01662
COPCO2_LNODE21,41.97667,-122.36167,18.75268
COPPRMNE_6_N001,36.895862,-119.664596,32.9509
COPUS_6_LN001,35.09329,-119.2788,32.53349
COPUS_6_N001,35.093593,-119.278466,32.53349
CORCORAN_1_N001,36.10957699998725,-119.55797958991954,31.89813
CORCORAN_1_N005,36.10957699998725,-119.55809041008045,31.89813
CORDELIA_1_N186,38.21606564998596,-122.11202498806371,32.46955
CORDELIA_6_N001,38.21606564998596,-122.11213981193629,32.53366
CORDPMP_6_N003,38.575433098781254,-121.497588,32.56975
CORNING_6_N004,39.93198099998522,-122.18732639815484,32.19074
CORNING_6_N006,39.93198099998522,-122.18744360184516,32.19074
CORONADO_6_N001,32.698823762005226,-117.173249,33.59262
CORONADO_6_N002,32.69874311898509,-117.17319367259638,33.59262
CORONA_1_N001,32.69874311898509,-117.17330432740361,36.78297
CORRAL_6_N001,38.1014979999861,-120.92635462577833,32.59942
CORRAL_6_N003,38.1014979999861,-120.92646937422167,32.59614
CORRECT_6_N001,35.1088,-118.5669,31.47342
CORSGOLD_1_N001,37.22751499998653,-119.69108432761332,31.71387
CORSGOLD_1_N003,37.22751499998653,-119.69119767238668,31.71387
CORTINA_1_N106,39.121407,-122.224176,24.16421
CORUM_6_N001,34.940591,-117.953023,32.27387
COTATI_6_N101,38.30970399998603,-122.73153156284509,44.2222
COTATI_6_N102,38.30970399998603,-122.73164643715491,44.2222
COTTLEA_2_N001,37.77271243200287,-120.82543059374856,32.22725
COTTLEA_2_N016,37.77253156788658,-120.82543059402842,32.22725
COTTLE_7_N001,37.77253156788658,-120.82565940597158,32.23053
COTWDPGE_1_N001,34.38040399998781,-116.87675022716886,30.55953
COTWDPGE_1_N030,40.39779,-122.26421,30.55953
COVELO6_6_N001,39.786283,-123.248563,8.80464
CPC-COLT_7_N001,34.057706,-117.340323,32.86212
CPLECEF_1_N001,37.25999999998651,-121.63994328855216,33.47741
CPLECEF_1_N005,37.25999999998651,-121.64005671144784,33.47741
CPMTAP_1_B1,38.65550583,-121.0601747,32.51208
CRANEVLY_6_N001,37.29143609998645,-119.52933235143264,33.93178
CRCANAL_6_N001,40.1384740349693,-122.208547,33.34142
CREELMAN_6_N001,33.018105,-116.853026,32.53196
CREELMAN_6_N004,33.01810499995454,-116.85291922433491,32.53196
CREELMAN_6_N014,33.018015468773,-116.853026,32.53196
CRESSEY_1_N001,37.42858222324868,-120.638747,33.17292
CRESTWD_6_N001,32.699023999988746,-116.35373376108788,28.65054
CRUSHER_6_N001,37.021645,-122.154383,33.59223
CRWSLDG_6_N001,37.377307,-121.085672,33.10372
CRYSTLSG_6_N001,37.528913,-122.361067,33.29698
CSCCCA_7_N001,37.3681996,-121.9415923,33.65784
CSTRVLLE_1_N001,36.762604151493385,-121.73625384675147,31.79524
CUMMINGS_6_N001,35.109723,-118.494722,31.78507
CURTIS1_7_N001,37.974949221777045,-120.320668,29.12856
CURTISS_1_N101,37.974867889096444,-120.32072756943327,29.07608
CUYAMA_6_N003,34.927414051712425,-119.62146116057818,31.75272
CUYAMA_6_N004,34.92759468818806,-119.62146116082072,33.02557
CYMRIC_1_N001,35.31,-119.63,32.18575
DAIRYLND_1_N001,37.055221,-120.317015,33.10315
DAIRYLND_1_N011,37.05416666998663,-120.31661024543277,33.10643
DALYCTY_1_N001,37.69183743685224,-122.45558971251009,33.82142
DALYCTY_1_N005,37.69165656303749,-122.45558971278885,33.82142
DANA_6_N001,37.91111681,-121.2558718,32.61613
DANISHCM_1_N001,36.71900181109094,-119.76576504300833,31.40681
DAVISCR_LNODED1,41.73,-120.37,19.12634
DAVIS_1_N001,39.06008956957949,-121.70988464738468,33.12652
DAVIS_1_N007,39.05991043030674,-121.70988464767737,33.12652
DAVIS_1_N012,39.05991043030674,-121.71011535232263,33.12652
DCJ_6_N001,37.3631074066298,-121.943867041,33.84155
DCJ_6_N002,37.36302610222031,-121.94380798119127,33.84155
DCJ_6_N003,37.36302610222031,-121.94392610080872,33.84155
DECPTSG_2_N001,38.05999999998602,-121.86994264179833,32.72811
DECPTSG_2_N018,38.05999999998602,-121.87005735820168,32.72811
DEEPWATR_1_N101,38.55162999998592,-121.56020750817653,33.05333
DEEPWATR_1_N104,38.55162999998592,-121.56032249182347,33.05333
DELAMO_2_LN001,33.848224999952514,-118.09705957100974,33.25966
DELAMO_2_N001,33.84836303124857,-118.096994,33.25966
DELAMO_2_N014,33.84828198436281,-118.09693765855927,33.25966
DELAMO_2_N022,33.84828198436281,-118.09705034144073,33.25966
DELEVAN_2_LN001,39.36814099998561,-122.26949508988623,31.46355
DELEVAN_2_LN002,39.36814099998561,-122.26961091011377,31.46355
DELMAR_6_N001,38.7988788301003,-121.220655,33.76321
DELMAR_6_N001A,38.798798084934575,-121.22059518327069,32.61679
DELMAR_6_N005,38.798798084934575,-121.22071481672931,32.61679
DELMAR_6_N008,38.79882504,-121.2206552,32.61679
DELMAR_6_N010,32.980789999988666,-117.25535963525417,33.76321
DELMAR_6_N011,32.980789999988666,-117.25546636474583,33.76321
DELMNTE_1_N010,36.599053999987,-121.8539621246086,32.08065
DELMNTE_1_N201,36.599053999987,-121.85407387539139,32.08065
DELNORTE_LNODE50,41.86761799998422,-124.13905472462552,19.76573
DELNORTE_LNODE51,41.86761799998422,-124.13917527537447,19.76573
DELSUR_6_N001,34.7179256993675,-118.2880699984913,32.54749
DELSUR_6_N009,34.71808230060774,-118.28806999859546,32.54749
DELTAA_7_B1,37.80083,-121.62083,32.17593
DELTAA_7_B3,37.80082999994463,-121.62071555586219,32.17593
DELTAA_7_B4,37.80073957235167,-121.6207155560023,32.17593
DELTAB_7_B1,37.800675630438086,-121.62079648015816,32.17593
DELTAB_7_B3,37.80066033893136,-121.62090927588339,32.17593
DELTAC_7_B1,37.800691658649015,-121.62101663626287,32.17593
DELTAC_7_B3,37.8007576091769,-121.62109493587805,32.17593
DELTAD_7_B1,37.80084307107598,-121.62113233852405,32.17593
DELTAD_7_B3,37.80093336361948,-121.62112608618283,32.17593
DELTAE_7_B1,37.801016077904386,-121.62107983585311,32.17593
DELTAE_7_B3,37.801081880156175,-121.62100133633376,32.17593
DESCANSO_6_N001,32.86524,-116.633752,29.3493
DESCHUTS_6_N001,40.55536797998476,-122.23969993196376,31.24546
DESCHUTS_6_N015,40.55536797998476,-122.23981886803625,31.24546
DEVERS_1_C72,33.938301,-116.577855,32.38167
DEVERS_1_CN3,33.93830099995232,-116.57774636096323,32.38167
DEVERS_2_N118,33.938391131210025,-116.577855,32.38167
DEVLDNPP_6_N003,35.774930999987355,-119.97393475743563,32.26881
DEVLSDN_6_N001,35.774930999987355,-119.97404524256437,32.37051
DFS_1_N001,36.72,-120.6,31.8854
DGLSCTY_6_N001,40.646465,-122.9467947,31.2401
DIABLO1_7_LN001,35.21172399998751,-120.85484086052388,31.49968
DIABLO1_7_N001,35.215922999950024,-120.84743471985068,31.49968
DIABLO2_7_LN001,35.21172399998751,-120.85495113947611,31.50624
DIABLO2_7_N001,35.215922999950024,-120.84765528014933,31.50624
DIABLOCN_2_N001,35.21601309719158,-120.847545,32.84947
DINUBAE_7_N001,36.56893330486095,-119.41841731957626,31.72434
DINUBA_6_N001,36.56893330486095,-119.41864068042374,31.76371
DINUBA_6_N005,36.56911269503489,-119.41864068068313,31.76371
DIRYVLLE_6_N001,40.12799,-122.097838,32.49549
DISCOVRY_7_N001,35.43888889,-118.9986111,32.77013
DIST1500_6_N101,38.784633,-121.655532,32.38522
DIST2047_6_N201,38.85644499998589,-121.78597442060556,28.31676
DIST2047_6_N204,38.85644499998589,-121.78608957939444,28.31676
DIVIDE_6_N011,34.82805555998759,-120.43883385343877,33.68272
DIVISION_6_N001,32.6815959999886,-117.12003376624276,33.79793
DIVISION_6_N009,32.6815959999886,-117.12014023375725,33.79793
DIVVIDE_1_N021,34.82805555998759,-120.43894394656124,33.63351
DIXON-J1_6_N101,38.44545401121386,-121.826237,32.4597
DIXONLD_1_N001,37.45786138503085,-121.9212391363197,33.42492
DIXONLD_1_N002,37.457680614859875,-121.92123913659493,33.42492
DIXONLD_1_N008,37.457680614859875,-121.92146686340506,33.4282
DIXON_6_B1,38.445372994377905,-121.8261772770627,32.46299
DIXON_6_N002,38.445372994377905,-121.8262967229373,32.46299
DLYCTYP_1_N001,37.69165656303749,-122.45581828721114,33.82142
DMNDSPR_1_N001,38.69304699998593,-120.82566347343,32.55801
DMNDSPR_1_N003,38.69304699998593,-120.82577852656999,32.55801
DOBBINS_6_N001,39.339604,-121.197378,31.44371
DOGCREEK_LNODE,40.94013311,-122.431008,20.13728
DOLANRD_1_N001,36.8002959999868,-121.76906687525691,31.78212
DOLANRD_1_ND006,36.8002959999868,-121.76917912474309,31.78212
DOMTAR_1_N001,38.13,-121.65,32.18399
DONNER_LNODE07,39.327305,-120.281812,22.71199
DORRIS_LNODE06,41.96694,-121.91333,18.70853
DOSAMG1_7_B1,35.93569156428277,-120.84044369175919,31.76869
DOSAMG1_7_B3,35.935613999949254,-120.84038838362692,31.76869
DOSAMG1_7_B4,35.93553643569182,-120.84044369186773,31.76869
DOSAMG2_7_B1,35.93553643569182,-120.84055430813227,31.76869
DOSAMG2_7_B3,35.935613999949254,-120.84060961637307,31.76869
DOSAMG2_7_B4,35.93569156428277,-120.84055430824081,31.76869
DOSPALS_6_N001,36.97484,-120.635012,32.23164
DOUBLET_1_N001,32.90196007998871,-117.22702907896227,33.56309
DOUBLET_1_N002,32.90196007998871,-117.22713572103773,33.56309
DUANECT1_7_N001,37.37695501814395,-121.951408249,33.57255
DUANECT2_7_N001,37.3768737068133,-121.95134917326038,33.57583
DUANEST3_7_N001,37.3768737068133,-121.95146732473961,33.59879
DUKMOSS1_7_N001,36.85999999998676,-121.76005620188538,31.55248
DUKMOSS2_7_N001,36.84999999994714,-121.75988762218331,31.55248
DUKMOSS3_7_N001,36.84999999994714,-121.76011237781668,31.5492
DUKMOSS3_7_N002,36.85008992566386,-121.76,31.5492
DUKMOSS4_7_N001,36.84999999994714,-121.71988762218332,31.55248
DUKMOSS5_7_N001,36.83999999998681,-121.72005617595099,31.5492
DUKMOSS6_7_N001,36.84999999994714,-121.72011237781669,31.55248
DUKMOSS6_7_N002,36.85008992566386,-121.72,31.55248
DUMBARTN_1_N001,37.557155251259346,-122.057606,33.38183
DUMBARTN_1_N003,37.55707387435557,-122.05754673393427,33.38183
DUMBARTN_1_N011,37.55707387435557,-122.05766526606573,33.38183
DUNBAR_6_N001,38.38322299998598,-122.52777754540057,33.1091
DUNBAR_6_N002,38.38322299998598,-122.52789245459942,33.1091
DUNHILL_6_N001,32.901543,-117.229958,33.69432
DUNLAP_6_N001,36.64502999998689,-119.15909106962141,31.90149
DUNNIGAN_6_N001,38.924808,-121.989951,27.4671
DUNNSIDE_1_N001,35.03321,-116.467335,34.21111
DUPONT_6_N001,38.0113116,-121.7488298,32.18071
EAGLEMP1_7_B1,33.8114820113207,-115.453552,32.48708
EAGLEMP2_7_B1,33.81140099432683,-115.45349570363085,32.48052
EAGLEMTN_2_N001,33.81999999998812,-115.43994581868735,32.51333
EAGLEMTN_2_N002,33.81999999998812,-115.44005418131265,32.51333
EAGLROCK_2_N001,38.8293359999859,-122.81077743066047,32.72166
EAGLROCK_2_N012,38.8293359999859,-122.81089256933953,32.72166
EANDB_1_N001,35.49881,-119.04664,32.5733
EASTGATE_6_N101,32.88493613808494,-117.20083859603457,33.68447
EASTGATE_6_N201,32.88493613808494,-117.20094940396542,33.68447
EBMUDGRY_1_N001,37.93,-122.04,32.87573
ECO_2_ND501,32.627048999988915,-116.1214247806325,32.20168
ECO_2_ND502,32.627048999988915,-116.12153121936751,32.20168
EDENVALE_1_N001,37.24503626216962,-121.7958386130011,32.63148
EDENVALE_1_N004,37.24485573772219,-121.79583861327271,32.63148
EDENVALE_1_N006,37.24485573772219,-121.79606538672729,32.63148
EDENVALE_1_N008,37.24503626216962,-121.7960653869989,32.63148
EDES_1_N001,37.738841261316736,-122.193777,34.35525
EDES_1_N003,37.73875986932675,-122.19371757776352,34.35853
EDMON1AP_7_N001,34.986313,-118.738787,32.51036
EDMON2AP_7_N001,34.986312999950265,-118.73867680688261,32.51036
EDMON3AP_7_N001,34.98622271993701,-118.73867680700413,32.51036
EDMON3AP_7_N002,34.98615888237297,-118.73875472524391,32.51036
EDMON4AP_7_N001,34.98614361582445,-118.738863331203,32.51036
EDMON4AP_7_N002,34.98617488443967,-118.73896670370384,32.51036
EDMON5AP_7_N001,34.98624072734969,-118.73904209487607,32.51036
EDMON5AP_7_N002,34.986326049781965,-118.73907810817316,32.51036
EDMON6AP_7_N001,34.986416194964555,-118.73907208804029,32.51036
EDMON6AP_7_N002,34.98649877424742,-118.73902755565565,32.51036
EDMON7AP_7_N001,34.98656446909455,-118.73895197200041,32.51036
EDMON7AP_7_N002,34.98660721032227,-118.7388549100885,32.51036
EDMON8AP_7_N001,34.98662398575978,-118.738746635625,32.51036
EDMON8AP_7_N002,34.986614439197844,-118.738637059907,32.51036
EDUBLIN_6_N001,37.704050859986204,-121.90064584682328,32.82041
EDUBLIN_6_N101,37.704050859986204,-121.90076015317672,32.82041
EDWARDS_1_N001,34.991871,-117.890005,35.45407
EELRIVR_6_N001,40.6026579999847,-124.21013947578354,28.16322
EELRIVR_6_N005,40.6026579999847,-124.21025852421647,28.16322
EIGHTMI_2_N017,38.058077,-121.375292,32.54416
EIGHTMI_2_N020,38.05863929,-121.376889,32.54416
EISENHOW_1_N001,33.830599,-116.497612,32.67036
EISENHOW_1_N034,33.8305089637852,-116.49750361255143,32.67036
EISENHOW_1_N035,33.83044529864398,-116.49758025407495,32.67036
EISENHOW_1_N036,33.83043007333124,-116.49768708049523,32.67036
EISENHOW_1_N037,33.83046125749488,-116.4977887592061,32.67036
EISEN_6_N001,35.35714,-118.97131,32.76685
ELCAJNGT_7_N001,32.79537299995488,-116.97228745470751,38.45486
ELCAJNGT_7_N004,32.79528343687954,-116.97228745481482,38.53032
ELCAJNGT_7_N009,32.795220106262875,-116.97236279365998,38.53032
ELCAJNGT_7_N010,32.795204960951885,-116.97246780435368,38.53032
ELCAJON_6_N027,32.795557298984384,-116.9726265922731,38.36957
ELCAPTN_1_N001,37.33589232223926,-120.50511640044255,33.00781
ELCAPTN_1_N004,37.33571167765215,-120.50511640071575,33.00781
ELCAPTN_1_N005,37.365512,-120.578993,33.00781
ELCASCO_1_LN001,33.9669,-117.078,32.69899
ELCASCO_1_N014,33.96689999995221,-117.07789129518399,32.69899
ELCASCO_1_N018,33.966809844521414,-117.078,32.69899
ELCASCO_1_N020,33.96689999995221,-117.078108704816,32.69899
ELCRRTO_1_N001,37.916205,-122.303194,33.23659
ELCRRTO_1_N023,37.9162049999445,-122.30307941811893,33.23659
ELCRTLD1_1_N001,37.91611460517215,-122.303194,33.23987
ELCRTLD2_1_N001,37.9162049999445,-122.30330858188108,33.23987
ELCRTLD4_1_N001,37.91629539482788,-122.303194,33.23987
ELDORU1_7_N001,38.79369223998588,-120.61950224302755,32.43335
ELDORU2_7_N001,38.79369223998588,-120.61961735697244,32.43335
ELECTRAJ_6_N009,38.33091303,-120.6702083,32.67815
ELKCREEK_6_N001,39.12957472883464,-123.711777,32.5352
ELKHIL1G_7_N001,35.226128018725106,-119.3777288584471,32.10091
ELKHIL2G_7_N001,35.22604999995,-119.37767371700025,32.10091
ELKHILLS_7_N002,35.225971981249835,-119.37783914144686,33.20928
ELK_6_N001,39.1294941355673,-123.71183698354646,-1.52738
ELLIOTT_6_N001,32.81594955645943,-117.08834743785866,33.3433
ELLIOTT_6_N004,32.81577044345038,-117.08834743807347,33.3433
ELLIOTT_6_N014,32.81577044345038,-117.08856056192653,33.3433
ELLIS_6_N001,37.716505,-121.548766,33.6317
ELLIS_6_N105,33.685126,-117.943596,33.6317
ELLSGTY_1_N001,33.685294,-117.943088,32.3164
ELNIDO_1_N004,37.12061299998659,-120.47270746040512,32.72889
ELNIDO_2_N001,37.12061299998659,-120.47282053959488,33.4298
ELNIDO_2_N012,33.896298056801314,-118.372769,33.4298
ELNIDO_2_N029,33.89621697158651,-118.37271260024885,33.4298
ELNIDO_7_N001,33.89621697158651,-118.37282539975115,32.72889
ELPATIO_1_N001,37.29227329467893,-121.93579950098238,33.40569
ELPATIO_1_N006,37.2920927052127,-121.93579950125482,33.40569
ELPATIO_1_N015,37.2920927052127,-121.93602649874518,33.40569
ELPATIO_1_N029,37.29227329467893,-121.93602649901763,33.40569
ELPECO_6_N004,36.880750319986795,-120.16430997113376,34.14624
ELPECO_6_N005,36.880750319986795,-120.16442242886625,34.14624
ELSEGNDO_2_N020,33.90853206323449,-118.423099,33.4298
EMBRCDR_2_N001,37.780090430972514,-122.37988558363396,33.65411
EMBRCDR_2_N008,37.77990956891692,-122.37988558391392,33.65411
EMBRCDR_2_N101,37.77990956891692,-122.38011441608609,33.65411
EMBRCDR_2_N104,37.780090430972514,-122.38011441636604,33.65411
EMRLDLE_6_N001,37.462178,-122.277933,33.15592
EMRYSVE_1_N001,39.163430999985756,-121.56151425780503,32.1846
EMRYSVE_1_N003,39.163430999985756,-121.56162974219497,32.1846
ENCINAL_6_N001,39.247383,-121.637248,32.76044
ENCINA_1_N001,33.13699513479889,-117.33531843066032,33.58696
ENCINA_1_N049,33.13699513479889,-117.33542956933968,33.58696
ENCNITAS_6_N001,33.05068472041646,-117.285325,33.74352
ENCNITAS_6_N004,33.05060413977941,-117.28526949553299,33.74352
ENCNITAS_6_N011,33.05060413977941,-117.285380504467,33.74352
ENICOLS_1_N023,38.90976699,-121.542195,32.37538
ENSLEN_LNODEHKQ,37.65224426097517,-121.0013,33.30786
ENSLEN_LNODELOU,37.65216286949752,-121.00124064749899,33.30786
ENSLEN_LNODEWFN,37.65216286949752,-121.00135935250101,33.30786
ERTA_6_N001,36.930594,-121.763827,32.68098
ESCNDIDO_6_N001,33.12553751394818,-117.11713907638253,33.43843
ESCNDIDO_6_N046,33.12562692787242,-117.11713323473265,33.43843
ESCNDIDO_6_N053,33.125708837265464,-117.11709002278538,33.43843
ESCNDIDO_6_N070,33.125773999187075,-117.11701668029998,33.43843
ESCNDIDO_6_N071,33.125816393691274,-117.11692249643629,33.43843
ESCNDIDO_6_N072,33.12583303304557,-117.11681743249952,33.43843
ESCNDIDO_6_N073,33.12582356393166,-117.11671110589248,33.43843
ESCNDIDO_6_N074,33.12578976941293,-117.11661208659224,33.43843
ESCNDIDO_6_N075,33.125735041243566,-117.11652745409484,33.43843
ESCNDIDO_6_N076,33.12566386829419,-117.11646256452431,33.43843
ESCNDO_7_N003,33.12549288782574,-117.1164045327703,33.43843
ESCO_6_N001,33.115770727187964,-117.089119,33.47452
ESCO_6_N004,33.11569013639368,-117.08906344744015,33.47452
ESQUON_6_N001,39.60787599998552,-121.76838683094496,32.01704
ESTCKTN_6_N002,37.96284412998611,-121.26155298510835,32.61941
ESTCKTN_6_N101,37.96284412998611,-121.26166761489165,32.61941
ESTGRND_1_LN001,37.65398770504627,-122.40291657307135,33.75581
ESTGRND_1_N001,37.653806834843614,-122.40291657334959,33.75581
ESTGRND_1_N005,37.653806834843614,-122.40314502665042,33.75581
ESTGRND_1_N009,37.65398770504627,-122.40314502692864,33.75581
ESTPRTL_1_N001,37.876677,-122.186415,33.15786
ESTQNCY_6_N001,39.938128,-120.910322,29.30076
ETIWANDA_2_LN001,34.088145,-117.525582,32.81246
ETIWANDA_6_N001,34.0883812512724,-117.5255740237224,32.81246
ETIWANDA_6_N003,34.08805474873831,-117.52547302427173,32.81903
EUREKAA_6_N001,40.793883999984665,-124.18290627263764,28.70987
EUREKA_6_N001,40.793883999984665,-124.18302572736236,28.69675
EVRGREEN_1_N001,37.303338999986465,-121.8408102375639,33.31383
EVRGREEN_1_N019,37.303338999986465,-121.84092376243609,33.31383
EXXONBH_7_N001,38.08095331088854,-122.13762073299924,32.66489
FAIRHAVN_6_N001,40.80028,-124.195714,28.71688
FAIRVIEW_6_N001,37.3749292694793,-121.973097138,33.89404
FAIRVIEW_6_N002,37.3748479591456,-121.97303806458021,33.89404
FAIRVIEW_7_N005,37.3748479591456,-121.97315621141979,33.89404
FAIRWAY_1_N001,34.91059499998762,-120.44635292480474,33.52197
FAIRWAY_1_N002,34.91059499998762,-120.44646307519525,33.52197
FAMOSO_1_N001,35.60500099998741,-119.20248280260235,32.93371
FARREL_1_N001,33.85654399998807,-116.49686777574072,32.44072
FARREL_1_N002,33.85654399998807,-116.49697622425927,32.44072
FELICITA_6_N001,33.093263724336374,-117.073637,33.52045
FELICITA_6_N005,33.09318313781945,-117.07358146461416,33.52045
FELICITA_6_N009,33.09318313781945,-117.07369253538583,33.52045
FELLOWSG_7_N001,35.195188999987465,-119.58505586292793,32.27105
FIGARDN_2_LN001,36.8220849903732,-119.8585814,30.88024
FIGARDN_2_N001,36.8220040797992,-119.85852304439742,30.88024
FIGARDN_2_N101,36.8220040797992,-119.85863975560258,30.87696
FIREBAGH_6_N001,36.850688,-120.466577,32.76584
FLINT_1_N001,38.88530299998586,-121.06669540924167,32.72203
FLINT_LNODE_LDT1,38.88530299998586,-121.06681059075832,19.02413
FMC_1_N001,37.347699999986396,-121.92219018683774,33.52662
FMC_1_N003,37.347699999986396,-121.92230381316226,33.52662
FOOTHILL_1_N001,35.27,-120.7,32.95489
FORSTHL_6_N001,39.01927,-120.830271,33.0304
FORTORD_6_N001,36.643362999986934,-121.79208207163943,32.19546
FORTORD_6_N025,36.643362999986934,-121.79219392836056,32.19546
FORTRSS_6_N001,38.539559,-123.223713,44.32718
FOSTERW_7_N001,38.02007534657929,-122.06127131707333,32.82369
FRANKLIN_6_N003,38.012317,-122.264655,33.50559
FRANKLIN_6_N004,38.01218229,-122.264201,33.50559
FRAZPARK_6_N001,34.815086,-119.009915,33.44531
FRDCIR_6_N005,37.391069314986424,-121.96618971980963,33.35603
FRDCIR_6_N007,37.391069314986424,-121.96630344219037,33.35603
FREMNT_1_N001,37.54118124868743,-121.962063,33.26418
FREMNT_1_N007,37.54109987564155,-121.96200374944321,33.26418
FREMNT_1_N013,37.54109987564155,-121.96212225055679,33.26418
FRESNOWW_6_N001,36.70363064,-119.8811618,31.11828
FRIARS_1_N001,32.77904499998872,-117.15675673371696,33.35642
FRIARS_1_N009,32.77904499998872,-117.15686326628304,33.35642
FRITOLAY_7_N001,35.44055556,-119.2902778,32.40227
FRNCHCP_6_LN001,37.88213105998615,-121.29015842794291,32.75063
FRNCHCP_6_N001,37.88213105998615,-121.29027297205708,32.75063
FRNCHGLH_6_N001,40.68692,-122.641204,31.16494
FROGTOWN_7_N001,38.056504,-120.53381,30.46754
FRSHXPRS_6_B1,36.65083851,-121.6361776,32.41198
FRSTGLEN_1_N001,40.37805556,-123.3388889,31.67194
FRTSWRD_6_N001,40.21377199998503,-123.59658599020719,20.59467
FRUITLND_6_N001,40.28584,-123.837372,21.91887
FRUITVLE_6_N001,35.376774999987504,-119.0924868388967,32.59299
FRUITVLE_6_N101,35.376774999987504,-119.09259716110328,32.59299
FTBRGD1_7_N003,39.434647359985576,-123.79940482451937,1.12551
FTBRGD2_7_N003,39.434647359985576,-123.79952077548063,1.12879
FTCHMTN_6_N001,38.60608399998592,-122.85282549557644,57.71561
FTCHMTN_6_N003,38.60608399998592,-122.85294050442356,57.71561
FULTON_2_N010,38.49657200829278,-122.75943026543568,38.09905
FULTON_2_N049,38.49657200829278,-122.75954973456432,38.09905
F_6_N001,32.75497274686537,-117.126027,34.13636
F_6_N002,32.75489212655523,-117.12597165333155,34.13636
F_6_N005,32.75489212655523,-117.12608234666845,34.13636
GABILAN_6_N001,36.731511,-121.61325,32.5596
GALE_1_N001,34.859556356607754,-116.8653038835563,35.24699
GALLO_1_N009,37.36332475998635,-120.76036836934983,33.1926
GANSNER_6_N101,39.939187,-120.948157,31.21003
GANSO_1_N001,35.501697829987435,-119.44918757868986,32.31369
GARCIA_6_N001,38.88879,-123.550318,-1.35023
GARDNER_6_N001,35.15393575,-119.3363528,32.35962
GAREY_1_N002,34.98,-120.26,33.43012
GARFIELD_6_N001,32.795125,-116.996848,74.89
GARNET_7_N001,33.93858299995228,-116.57633536031197,32.35214
GASQUET_LNODE42,41.84833,-123.96667,19.68863
GATESBK4_7_N001,36.139798719987255,-120.12483566870624,31.78334
GATESBK4_7_N005,36.139798719987255,-120.12494653129376,31.909
GATEWAY2_7_N002,38.016869651727845,-121.757812,32.25333
GATEWAY3_7_N002,38.01705034827226,-121.757812,32.25005
GENESEE_6_N001,32.87974054062765,-117.2133823800825,33.76649
GENESEE_6_N005,32.87956145928191,-117.21338238029792,33.76649
GENESEE_6_N011,32.87956145928191,-117.21359561970208,33.76649
GENESEE_6_N015,32.87974054062765,-117.2135956199175,33.76649
GENE_2_N001,34.3,-114.23,31.74568
GENE_2_N010,34.29096,-114.171279,31.74568
GERBER_6_N101,40.064207,-122.156114,32.07842
GEYSR16_2_N006,38.76617,-122.70739,37.86941
GEYSR17_2_N005,38.82387,-122.78139,37.96454
GEYSR18_2_N002,38.76867,-122.74786,32.22663
GEYSR20_2_N002,38.77875,-122.7552,32.1643
GEYSR5-6_7_N001,38.777006613720275,-122.74238837921152,3.31859
GIFFEN_6_N001,36.54507599998703,-120.33446318723175,31.80971
GILLRAN_1_LN001,37.9868115699861,-122.04032207362229,32.38509
GILROYF_1_N001,37.14,-121.58,33.11044
GIRVAN_6_N001,40.51347,-122.378916,31.02716
GLASS_6_N001,36.92896532998674,-120.10284000826357,33.56887
GLASS_6_N008,36.92896532998674,-120.10295259173643,33.56887
GLDTGEN_7_N001,35.054148,-118.186137,32.26731
GLENCLIF_6_N001,32.798367,-116.498315,29.06061
GLENN_6_N024,39.77775522,-122.1426982,31.25579
GLENWOOD_6_N001,37.45733023092607,-122.186967,33.67379
GLENWOOD_6_N004,37.457248884522265,-122.18690783531744,33.67379
GLENWOOD_6_N005,37.457248884522265,-122.18702616468256,33.67379
GLRYCGG1_7_N001,37.12999999998655,-121.5600565514771,33.117
GNSOLAR_7_N002,37.29462742,-120.4068538,32.73225
GOLDTREE_1_N001,35.32012199998752,-120.69284284611503,32.98069
GOLDTREE_1_N002,35.32012199998752,-120.69295315388497,32.98069
GOLETA_2_LN001,34.46864,-119.882337,33.68479
GOLETA_6_N200,34.46880142976412,-119.88445868708224,33.68151
GONZALES_6_N001,36.50885299998702,-121.44685522795733,32.80236
GONZALES_6_N003,36.50885299998702,-121.44696677204267,32.80236
GORMAN_6_N001,34.8014,-118.818908,32.88762
GOSELKE_1_N001,35.601685759107795,-119.57954360648762,32.51381
GOSLKPV_7_N002,35.6015062407915,-119.57976439326474,32.51381
GOULD_2_N001,34.22145799998786,-118.18701737338756,32.74417
GOULD_2_N007,34.22145799998786,-118.18712662661244,32.74417
GRANDIS_1_N004,38.23108199998597,-121.59029758372996,32.70638
GRANDIS_1_N009,38.23108199998597,-121.59041241627003,32.70638
GRANITE_6_N001,32.804473,-116.92086,38.01795
GRANITE_6_N001A,38.991736,-122.932656,-9.70361
GRANITE_6_N007,32.804472999954854,-116.9207534473782,38.01795
GRANITE_6_N008,32.80438343993102,-116.92086,38.01795
GRANITE_6_N009,32.804472999954854,-116.92096655262179,38.02779
GRANTRK_6_N001,37.671029436181016,-122.16000174541144,32.85485
GRANT_1_N001,37.67084856370894,-122.16000174568991,33.40807
GRANT_1_N005,37.67084856370894,-122.1602302543101,33.40807
GRAPEVNE_6_N001,34.918551316390584,-118.9261908,32.74061
GRBRVLLE_6_N001,40.10263,-123.792873,18.53072
GRDNEAST_1_N101,36.47999999998696,-119.60994425959105,31.4609
GRDNEAST_1_N102,36.47999999998696,-119.61005574040897,31.4609
GRDNWEST_1_N001,36.59,-119.57,31.43137
GREATLKS_6_N001,34.837385,-118.155457,32.83618
GREENBRE_6_N001,37.93780399998614,-122.51415869769995,33.61146
GREENBRE_6_N003,37.93780399998614,-122.51427330230004,33.61146
GRIDLEY_6_N001,39.37056399998568,-121.68786108759652,32.69884
GRIMWAY_1_N001,35.27,-118.87,32.75373
GRIMWAY_1_N005,35.25186,-118.85304,32.75373
GRIZZLY_7_N001,39.88138889,-120.475,33.066
GRMWYSM_6_N001,35.2239,-118.88,33.14739
GRNTHLL_1_N001,32.80456256006898,-116.92086,33.2416
GRNTHLL_1_N004,32.71264846,-117.1308522,33.2416
GRNTVRNL_1_LN001,37.78999999998617,-121.35994278512781,32.46402
GRNVALY_1_N001,36.952139010813255,-121.76018,32.46447
GRNVALY_1_N011,36.95205799457908,-121.76012146857028,32.46447
GRONMYER_6_N001,37.83113721,-121.2650279,32.65101
GROUSCRK_6_N001,40.714128659984695,-123.52841395247704,32.06739
GROYPKR_1_N005,36.99972222,-121.5372222,33.11372
GRSSVLY_6_N101,39.209514,-121.061004,33.34033
GRYSFLT_6_N001,40.021612,-121.065532,31.07225
GUALALA_6_N001,38.78669899998589,-123.52271944534662,45.22604
GUALALA_6_N003,38.78669899998589,-123.52283455465339,45.22604
GUERSEY_7_B1,36.2263445,-119.6552318,32.26516
GUSTINE_6_N001,37.253223999986524,-121.01302629664288,33.75655
GUSTINE_6_N002,37.253223999986524,-121.01313970335713,33.75655
GYSR78TP_1_N005,38.8149,-122.80141,3.59453
GYSRVLLE_6_N001,38.70981887157317,-122.907957,57.84318
GYSRVLLE_6_N003,38.70973806419826,-122.90789721183104,57.84318
HAAS_7_N002,36.927364,-119.020827,30.00802
HALEJ1_1_LN001,38.236289999986035,-122.0968525822554,32.45314
HALEJ2_1_LN001,38.236289999986035,-122.09696741774461,32.43346
HALLSFLT_6_N001,40.74904096,-121.2802498,30.09653
HALSEYF_7_N001,38.90131699998584,-121.08772559737287,32.98447
HAMILBR_7_N001,40.26940801,-121.087813,30.74092
HAMILTON_6_N001,39.746242,-122.011361,32.20387
HAMLIN_1_N009,40.38719215759148,-123.045061,33.29515
HAMMER_6_N001,38.02138220754234,-121.320367,32.83419
HAMMER_6_N003,38.02130089621381,-121.32030740848892,32.83419
HAMMER_6_N004,38.02130089621381,-121.32042659151108,32.83419
HAMMONDS_1_N001,36.72011,-120.603287,31.60839
HARBORG_7_N101,33.770089981295506,-118.25010824500784,33.29858
HARDING_6_N001,37.96379937479765,-121.2904483692276,32.67518
HARDING_6_N004,37.96361862509118,-121.29044836950978,32.67518
HARDWICK_6_N001,36.40426099998707,-119.68618433896405,32.15401
HARRIS_6_N001,40.78104299998464,-124.13194328500423,28.56881
HARRIS_6_N003,40.78104299998464,-124.13206271499577,28.56881
HARTER_6_N001,39.14325399998575,-121.6480072716394,32.60374
HARTER_6_N003,39.14325399998575,-121.6481227283606,32.60374
HARTLEY_6_N001,39.07726799998581,-122.93226431359712,-5.52126
HARTLEY_6_N004,39.07726799998581,-122.93237968640288,-5.52126
HATCRK1_6_N001,40.92932834,-121.5442871,30.16542
HATTON_6_N001,36.55679,-121.897162,32.24139
HAYFORK_6_N001,40.5509943,-123.1636433,31.2401
HEADGATE_6_N001,39.789288,-122.051452,31.8266
HELDSBRG_6_N001,38.609849999985855,-122.85613249467578,57.62338
HELDSBRG_6_N009,38.609849999985855,-122.85624750532422,57.62338
HELIJET_6_N001,34.611921,-118.114817,33.69896
HENRITTA_6_LN001,36.242062000433485,-119.9028169053977,31.6517
HENRITTA_6_N101,36.24160599998715,-119.9029965105001,31.6517
HERDLYN_6_N001,37.816383,-121.586176,31.87382
HICKS_2_N001,37.234159254320986,-121.90015163922017,32.73318
HICKS_2_N002,37.23397874557105,-121.9001516394916,32.73318
HICKS_2_N007,37.23397874557105,-121.90037836050841,32.73318
HICKS_2_N013,37.23361368,-121.900946,32.73318
HIDEDCT1_7_N001,34.145342194461776,-116.18586145105628,33.06835
HIDEDCT2_7_N002,34.145263999951744,-116.18580690221354,33.06835
HIDEDCT3_7_N001,34.14518580551402,-116.18586145115727,33.06835
HIDEDST1_7_N001,34.14518580551402,-116.18597054884273,33.06835
HIDESERT_2_N001,34.145263999951744,-116.18602509778646,33.06835
HIDESERT_2_N018,34.145342194461776,-116.18597054894371,33.06835
HIGGINS_1_N001,39.043590575891166,-121.09071766620363,32.43006
HIGGINS_1_N002,39.04341142399536,-121.0907176664961,32.43006
HIGGINS_1_N004,39.04341142399536,-121.09094833350389,32.43006
HIGHLD_1_N001,38.93741777608508,-122.609034,10.78853
HIGHLD_1_N005,38.937337111942234,-122.60909387327588,10.78853
HIGHWAY_1_N001,38.166048151820924,-122.253616,33.66723
HIGHWAY_1_N002,38.16596692407439,-122.25355635179834,33.66723
HILLSDLE_6_N001,37.536271,-122.322394,33.42492
HILLSIDE_1_N001,37.879999999986126,-122.23994272916374,33.066
HILLSIDE_1_N004,37.879999999986126,-122.24005727083625,33.066
HINDSP1_7_B1,33.70558595384776,-115.62686,32.4674
HINDSP2_7_B1,33.70550502306335,-115.6268038329638,32.46084
HINSON_6_N001,33.8187063167147,-118.22244226216476,33.31543
HLFMNBY_6_N002,37.46874323375435,-122.43018,33.62831
HLFMNBY_6_N004,37.46866188310803,-122.43012082319957,33.62831
HLFMNBY_6_N101,37.46866188310803,-122.43023917680043,33.62831
HMBLTBY_6_N003,40.78280899998469,-124.11247771670773,28.53928
HNTRSPT_1_LN001,37.432819999986364,-122.20268309414536,33.71972
HNTRSPT_1_LN002,37.432819999986364,-122.20279690585465,33.71972
HOBARTTP_LNODE19,39.400047,-120.149888,22.71671
HOLLISTR_1_N001,36.86276493702428,-121.40575458914812,32.37261
HOLLISTR_1_N004,36.86258506286991,-121.40575458941272,32.37261
HOLLISTR_1_N101,36.86258506286991,-121.40597941058728,32.37261
HOMEGRND_1_N001,38.96,-122.84,9.923
HOMEPROC_1_N001,38.94,-122.85,9.9066
HOMESTEA_6_N001,37.339076114186454,-121.9785324215764,33.8153
HOMESTEA_6_N002,37.339076114186454,-121.9786460284236,33.8153
HONCUT_1_N001,39.320099,-121.595289,32.00773
HOOPA_6_N001,41.05656823719006,-123.682252,34.34557
HORSESHE_1_N001,38.744281999985915,-121.16156545871566,32.63018
HORSESHE_1_N002,38.744281999985915,-121.16168054128434,32.63018
HPLNDJT_6_N001,38.972898,-123.081134,-16.98493
HSK_LA_LNODEKSS,34.487,-118.514,32.88658
HUNT1G_7_N002,33.645950581890766,-117.97761038065147,33.6317
HUNT2G_7_N002,33.64596651133317,-117.97781805443613,33.6317
HUNT3G_7_N002,33.646116990569396,-117.97792719657157,33.6317
HUNT4G_7_N002,33.64628893105762,-117.97787767060932,33.6317
HURON_6_N001,36.185797,-120.104535,32.08615
HYATT_2_N212,39.54,-121.47,31.50856
HYMPOMJT_6_N005,40.714128659984695,-123.52853324752296,32.10676
IBM-CTLE_1_N001,37.33,-121.74,32.63476
IBM-HRRS_1_N001,37.339999999986375,-121.73994319553019,32.58883
IBM-HRRS_1_N101,37.339999999986375,-121.74005680446982,32.58883
IGNACIO_1_N102,38.07555099998604,-122.54000436436782,32.73556
IMHOFF_1_N001,38.001509,-122.066739,33.01023
IMPRLBCH_6_N001,32.583238980116946,-117.09732161915153,33.99292
IMPRLBCH_6_N004,32.58341831979319,-117.09732161936442,33.95027
IMPRLVLY_2_N070,32.717273591116836,-115.715481755367,32.0967
IMPRLVLY_2_N074,32.71719599995503,-115.71542851082661,32.0967
IMPRLVLY_2_N077,32.71711840886078,-115.71548175545963,32.0967
IMPRLVLY_2_NM01,32.71711840886078,-115.71558824454037,32.0967
IMPRLVLY_2_NM05,32.71719599995503,-115.71564148917338,32.0967
IMPRLVLY_5_N036,32.717273591116836,-115.71558824463301,32.08686
INDACRE_6_N001,36.66380742,-121.6285783,32.27748
INDIANW_1_N001,33.75822999998817,-116.36079489140164,32.90044
INDIANW_1_N005,33.75822999998817,-116.36090310859835,32.90044
INDNFLT_6_N001,37.66547,-119.841331,22.35357
INERGY_1_N004,38.277196,-120.91392,32.56301
INGRMC_1_N001,37.83,-121.17,32.53291
INTAKE_2_N029,37.874784,-119.96485,31.80036
INTERNAT_LNODELD,41.432568,-122.38296,19.23509
INYOKERN_1_N001,35.65261399998741,-117.79478579202693,33.5819
INYOKERN_1_N008,35.65261399998741,-117.79489620797307,33.5819
IRONMTN_2_N001,34.16,-115.12,32.37554
ISIS_7_N001,35.730738649654164,-119.8581481,32.37051
IUKA_6_N001,37.665987,-121.831011,32.82086
IVSOLARS_7_N009,32.671054,-115.586959,32.0967
JACALITO_6_N001,36.13088733,-120.2451912,32.15176
JACINTO_6_N001,39.582923,-122.010645,32.64346
JAMACHA_6_N001,32.744163749547276,-116.957239,36.77262
JAMACHA_6_N006,32.74408312521416,-116.95718365728564,36.77262
JAMACHA_6_N015,32.74408312521416,-116.95729434271436,36.77262
JAMESON_1_N001,38.205742999986015,-122.14748159111618,32.61061
JAMESON_1_N009,38.205742999986015,-122.14759640888383,32.61061
JANSCRK_6_N001,40.905394259900845,-124.072573,28.61518
JANSCRK_6_N003,40.90531287003298,-124.0725108262728,28.61518
JARVIS_1_N014,37.59572442721241,-122.01803387245575,33.47741
JARVIS_1_N016,37.595543572677634,-122.01803387273313,33.47741
JARVIS_1_N017,37.595543572677634,-122.01826212726687,33.47741
JARVIS_1_N101,37.59572442721241,-122.01826212754425,33.47741
JCBSCRNR_6_N001,36.22245499998718,-119.77977650530629,31.84853
JCBSCRNR_6_N003,36.22245499998718,-119.77988749469371,31.84853
JENNINGS_6_N001,37.334271,-121.85472,33.63532
JENNY_1_N001,37.769999999986226,-122.25994279875593,34.49303
JENNY_1_N008,37.769999999986226,-122.26005720124407,34.49303
JESSUP_1_N001,40.462102,-122.328061,30.6499
JHINDS_2_LN001,33.70550502306335,-115.6269161670362,32.48708
JMSCNPMP_1_N001,38.19,-122.47,33.09314
JM_6_N001,37.904891469986154,-121.2608287848027,32.71455
JOHANNA_2_N001,33.713623958185146,-117.852576,33.71372
JOHANNA_2_N007,33.713543020894754,-117.85251982319095,33.71372
JOHANNA_2_N018,33.715239,-117.85065,33.71372
JOLON_6_N001,36.013308,-121.167635,31.24068
JOLON_6_N002,36.01330796,-121.1676346,31.24068
JULIETTE_6_N001,37.38658075858639,-121.96739834670504,33.98589
JULIETTE_6_N002,37.38658075858639,-121.96751205929496,33.98589
KAMM_1_N001,36.58,-120.52,31.79911
KANAKA_1_N001,39.439999999985574,-121.38994201903363,31.27359
KANSASGN_7_N001,36.225745,-119.833214,31.78948
KCTYTAP_6_N005,36.216923999948776,-121.12668201958728,31.63762
KEARNEY_6_N001,36.704357999986875,-119.88278399673257,31.09204
KEARNEY_6_N099,36.704357999986875,-119.88289600326743,31.09204
KEARNEY_7_N001,32.832849999988746,-117.13199871171014,34.10444
KEARNEY_7_N003,32.832849999988746,-117.13210528828985,34.07819
KEARNY_6_N036,36.70565475,-119.882824,34.03883
KELLEY_6_N001,35.02051773995017,-119.06278930970205,32.93416
KELSO2_7_N002,37.79764337690692,-121.60153328004418,32.20814
KELSO3_7_N002,37.797721689944616,-121.60170494003297,32.20814
KELSO_2_N001,37.79780000306528,-121.60153327992285,32.20814
KENNETH_6_N001,37.37577868678644,-121.95416877755858,33.81202
KENNETH_6_N002,37.37577868678644,-121.95428246644141,33.81202
KERCK1G1_7_N001,37.09232,-119.55255,31.18798
KERMAN_6_N001,36.69205999998684,-120.05918901200307,32.06231
KERMAN_6_N002,36.69205999998684,-120.05930098799692,32.06231
KERNFRT_1_N001,35.55961,-118.9574,33.38687
KERNOIL_1_N001,35.440763937109985,-119.02067,32.80294
KERNOIL_1_N012,35.440683031431455,-119.02061266604316,32.80294
KERNOIL_1_N031,35.440683031431455,-119.02072733395684,32.80294
KERNPWR_1_N002,35.37980096994444,-119.097984,32.52081
KERNPWR_1_N201,35.37972001501422,-119.09792667452027,32.52081
KERNRDGE_1_N001,35.48320899998747,-119.76358482417542,32.62534
KERNRVR_6_N014,35.460194,-118.779714,28.14368
KERNRV_1_N001,35.37972001501422,-119.09804132547973,32.77013
KERNWATR_1_N001,35.400666,-119.035603,32.57658
KESWICK_6_N001,40.623725,-122.462027,31.10201
KETTLEMN_6_N001,36.044075,-120.112696,32.61103
KETTNER_6_N001,32.733172,-117.173774,33.55981
KIFER_1_N022,37.37651928180129,-121.950950484,33.65128
KIFER_6_N001,37.37643797068464,-121.95089140875906,33.65128
KIFER_6_N020,37.37643797068464,-121.95100955924093,33.65128
KINGCTY_6_N001,36.21683446257632,-121.126793,31.79837
KINGCTY_6_N002,36.216923999948776,-121.12690398041272,31.79837
KINGCTY_6_N005,36.21701353742374,-121.12679299999999,31.79837
KINGSBRG_1_N001,36.48869063297857,-119.58234525016937,31.55695
KINGSBRG_1_N008,36.48861299994815,-119.58228950045047,31.55695
KIRKER_1_N001,38.0212542075842,-121.905844,32.65266
KIRKER_1_N005,38.02117289619287,-121.90578440854696,32.65266
KIRKER_1_N006,38.02117289619287,-121.90590359145303,32.65266
KMPUD_7_N001,38.49628,-120.22056,32.18607
KNGHTSLD_1_N001,38.809281,-121.74515,32.70884
KONOCTI6_6_N001,38.9325,-122.741085,-2.74319
KONOCTI6_6_N0027,38.93235913,-122.741004,-2.74319
KRAMER_1_N001,34.989052,-117.542205,34.18122
KRAMER_1_N203,34.989051999950256,-117.54209480549595,34.18122
KYOCERA_6_N001,32.81977599998868,-117.14030871733348,34.04469
KYOHO_1_LN001,37.94059,-121.2209,32.37687
LACSD_7_N001,33.803711,-118.282036,33.38388
LAFRESA_6_N001,33.86979104273171,-118.33319,33.37731
LAFRESA_6_N007,33.869709978621295,-118.33324636755688,33.37731
LAFRESA_6_N008,33.869994999988144,-118.33211475997378,33.37731
LAGNANL_1_N001,33.49498074466377,-117.70295838393929,33.65824
LAGNANL_1_N002,33.494801255243225,-117.70295838416239,33.65824
LAGNANL_1_N005,33.494801255243225,-117.70317361583761,33.65824
LAGNANL_1_N006,33.49498074466377,-117.70317361606071,33.65824
LAGUBELL_6_N001,33.975996097823064,-118.14794,33.06238
LAGUBELL_6_N210,33.97591495107552,-118.14799649540468,33.06238
LAGUNATP_6_N001,36.748942999986895,-121.60530194075191,43.86462
LAGUNITS_6_N001,36.748942999986895,-121.60541405924809,32.56616
LAJOLLA_6_N001,32.840121999988746,-117.27517670850455,33.74352
LAJOLLA_6_N007,32.840121999988746,-117.27528329149546,33.74352
LAKEVIEW_6_N101,35.093678,-119.10139,32.62251
LAKEVIEW_7_N002,35.094169439987525,-119.10097282025002,32.62251
LAKEVLLE_1_N001,38.25150499998603,-122.58063457802776,32.59122
LAKEVLLE_1_N028,38.25150499998603,-122.58074942197224,32.59122
LAKEWOOD_1_N001,37.909008286572075,-122.05701271293042,32.88557
LAKEWOOD_1_N003,37.90892999994441,-122.05695542598274,32.88557
LAKEWOOD_1_N004,37.90885171340006,-122.05701271305232,32.88557
LAKEWOOD_1_N006,37.90885171340006,-122.05712728694768,32.88557
LAKEWOOD_1_N007,37.90892999994441,-122.05718457401727,32.88557
LAKEWOOD_1_N009,37.909008286572075,-122.05712728706959,32.88557
LAMBIE_2_N010,38.24129880476015,-121.85488516179335,31.75618
LAMMERS_1_N001,37.71301203998621,-121.47801334000889,32.57884
LAMMERS_1_N004,37.71301203998621,-121.47812765999112,32.57884
LAMONT_1_N001,35.296667999987505,-118.86162984910735,32.74717
LAMONT_1_N002,35.296667999987505,-118.86174015089266,32.74717
LANCSTR_6_N002,34.700364,-118.145694,33.10518
LANCSTR_6_N030,34.700363999950625,-118.14558402054884,33.10518
LANPRI_6_N001,34.6907,-118.2286,32.85258
LAPLMG1_7_N001,35.29516599994997,-119.59192469860037,32.01889
LAPLMG2_7_N001,35.2950123151544,-119.59200269352937,32.01889
LAPLMG3_7_N001,35.29502827228419,-119.59221488028864,32.01889
LAPLMG4_7_N001,35.29517901313358,-119.59232639423358,32.01889
LARKIN12_7_LN001,37.78374425828556,-122.41688,33.82142
LARKIN12_7_LN002,37.78366287084234,-122.41682054500156,33.82142
LARKIN12_7_LN003,37.78366287084234,-122.41693945499844,33.82142
LASPALMS_1_N001,36.8,-119.69,31.3908
LASPLGS_6_N001,33.31293877396291,-117.466996,33.55286
LASPLGS_6_N004,37.4629,-122.22787,33.55286
LASPULGS_6_N001,33.31285811300611,-117.46694027366007,33.97034
LASPULGS_6_N009,33.31285811300611,-117.46705172633993,33.97034
LASSEN_6_N001,40.29727611652984,-121.017222,29.43855
LASSEN_LNODE69LDT2,40.29719494171887,-121.01728344786935,19.83406
LAURELES_6_N001,36.47781599998705,-121.7268922619553,33.53392
LAWRENCE_1_N001,37.397207,-122.010126,33.30682
LAWRENCE_1_N003,37.39720699994556,-122.01001226428907,33.30682
LAWRENCE_1_N004,37.39711664332103,-122.010126,33.30682
LBEACH2G_7_N002,33.81887301302021,-118.22276026528898,33.31543
LCIENEGA_6_N001,34.000751,-118.378408,33.49213
LEBECCT1_7_N100,34.860298459987625,-118.87914364154324,32.50708
LEBECCT4_7_N001,34.860298459987625,-118.87925375845677,32.50708
LEBEC_6_N001,34.918641639950344,-118.92630095535362,32.72421
LEGRAND_1_N001,37.184411999986544,-120.27340638043835,33.17435
LEMOORE_6_N002,36.30998799998711,-119.79822042969916,32.01912
LEMOORE_6_N101,36.30998799998711,-119.79833157030085,32.01912
LEPRINO_1_N001,37.74847431877933,-121.41570281391134,32.70678
LEPRINO_6_N001,36.30394418,-119.7910893,32.01256
LEPRNOFD_1_N001,37.75612622998619,-121.41677160846817,31.68794
LERDO_1_N001,35.50010399998744,-119.15188082156193,32.944
LERDO_1_N004,35.50010399998744,-119.15199117843807,32.944
LEWISTON_7_N001,40.71097396998468,-122.8083782557821,31.21236
LIDSUB_6_N002,37.7929,-121.25468,32.69038
LILAC_6_N001,33.25331275588066,-117.085857,33.7468
LILAC_6_N010,33.25323212204728,-117.08580133044258,33.7468
LIMESTNE_6_N001,38.63377399998596,-120.97960448884528,32.61049
LINCLN_1_N001,38.900649968978726,-121.2943206,32.51479
LINCLN_1_N002,38.900569285495344,-121.29426074339143,32.51479
LINCLN_1_N003,38.900569285495344,-121.29438045660856,32.51479
LINDEN_6_N101,38.016891,-121.095875,33.78072
LIPTON_6_N001,37.96812171,-121.2686307,32.58661
LITEHIPE_6_N001,33.880337222508835,-118.17514521979062,33.24937
LITEHIPE_6_N008,33.8803531892646,-118.17535395009901,33.24937
LITTLERK_6_N001,34.61574431803345,-117.96799894292494,33.82362
LITTLESH_LNODELD1,41.70174123,-122.3696599,18.92073
LIVEOAK_7_N004,39.27706530086978,-121.66044040216873,32.75954
LIVEOAK_7_N005,39.27706530086978,-121.66056059783126,32.75954
LIVERMRE_6_N001,37.68013099998621,-121.78059286544908,32.75853
LIVERMRE_6_N003,37.68013099998621,-121.78070713455092,32.75853
LIVNGSTN_6_N001,37.363379203022006,-120.760425,31.99833
LKHODG1_7_N001,33.05882516998864,-117.1191503852145,33.3597
LKHODG2_7_N001,33.05882516998864,-117.1192572147855,33.36626
LLAGAS_1_N001,37.006958040367174,-121.557391,33.1006
LLAGAS_1_N003,37.00687697980194,-121.55733239433584,33.1006
LLAGAS_1_N005,37.00687697980194,-121.55744960566416,33.1006
LMBIGENT_2_N003,38.24129880476015,-121.85511483820666,31.75618
LMBIGENT_2_N004,38.241479195127894,-121.8551148384916,31.75618
LMEC1_1_LN001,38.02990999998608,-121.87238265430828,32.5772
LMEC1_1_LN002,38.02990999998608,-121.87249734569171,32.5772
LMEC1_1_N001,38.030625,-121.896783,32.5772
LMEC1_1_N101,38.03062499994427,-121.89666830800388,32.5772
LMEC1_1_N601,38.0305346591732,-121.89666830814532,32.5772
LMEC1_1_N801,38.03047077865233,-121.89674940756281,32.5772
LMECCT1_7_N001,38.0304867914731,-121.89697004046927,32.5772
LMECCT2_7_N001,38.03063805852326,-121.89708599331652,32.5772
LMECST1_7_N001,38.03081089924409,-121.89703337694175,32.5772
LMPC-CTY_1_N001,34.6,-120.39,34.03046
LNGBATGN_7_CN3,34.87463734866425,-117.06458087304199,35.71549
LOCKFORD_7_N001,38.11750173998603,-121.16091171996122,32.31454
LOCKFORD_7_N002,38.11750173998603,-121.16102648003877,32.31454
LOCKHD1_1_N001,37.409054,-122.03213,33.33307
LOCKHD1_1_N025,37.409444439986395,-122.03160981895633,33.33307
LOCKHD1_1_N026,37.409444439986395,-122.03172358104366,33.33307
LOCKHD2_1_N001,37.416224,-122.030655,33.35275
LOCKHD2_1_N004,37.416039999986346,-122.0307831119047,33.35275
LOCKHD2_1_N005,37.416039999986346,-122.0308968880953,33.35275
LODICITY_6_N001,38.14609999998607,-121.29970261003638,33.32328
LODICTG_7_N001,38.08821999998609,-121.38773263075427,32.53852
LODISTG_7_N001,38.08821999998609,-121.38784736924572,32.53852
LODI_6_N001,38.13725762,-121.2611817,33.28063
LOGANCR_2_N001,39.53955399998549,-122.26277291112409,31.35945
LOGANCR_2_N010,39.53955399998549,-122.26288908887592,31.35945
LONESTAR_1_N001,37.511676999986356,-122.20756301431467,33.54913
LONESTR_6_N001,37.01724322,-122.1997043,33.55614
LONETREE_2_N001,37.94596225998609,-121.7592030935301,32.33206
LONETREE_2_N014,37.94596225998609,-121.7593177064699,32.33206
LOR-BOR_6_N001,35.12346799998752,-118.3795938744299,32.04095
LOSALTS_6_N004,37.3939352129738,-122.114735,33.37571
LOSALTS_6_N005,37.393853893498445,-122.11467590496156,33.37571
LOSALTS_6_N101,37.393853893498445,-122.11479409503845,33.37571
LOSCCHS_6_N001,32.859853544801766,-116.89915639902401,31.77212
LOSCOCHS_6_N001,32.85967445510792,-116.89915639923925,30.32689
LOSCOCHS_6_N034,32.85967445510792,-116.89936960076076,30.32689
LOSCOCHS_6_N050,32.859853544801766,-116.89936960097599,30.32689
LOSGATS_6_N002,37.226423999986494,-121.97722832893687,33.53974
LOSGATS_6_N201,37.226423999986494,-121.97734167106313,33.53974
LOSOSTS_6_N001,36.29386399998714,-121.20001444426723,31.83445
LOSOSTS_6_N005,36.29386399998714,-121.20012555573277,31.83445
LOUISE_6_N001,37.80828999998619,-121.28789277304821,32.66085
LOUISE_6_N002,37.80828999998619,-121.28800722695179,32.66085
LOVELAND_6_N001,32.796957,-116.792258,30.24488
LOWGAP_7_N001,40.4327289999849,-123.47220368717633,31.78258
LOYALTON_LNODETY,39.6680639999855,-120.24305624345052,22.72144
LOYOLA_6_N001,37.360660999986344,-122.09993417231678,33.20185
LOYOLA_6_N004,37.360660999986344,-122.10004782768323,33.20185
LPFBSP_6_N001,40.805696069984606,-124.19312956142899,31.49777
LPFBSP_6_N003,40.805696069984606,-124.19324903857101,31.49777
LPFLKBD_6_N001,40.90531287003298,-124.07263517372719,28.6119
LPSAMOA_7_N001,40.81999999998456,-124.18466224807065,28.75952
LSGLLNS_1_N001,38.022339207228725,-122.537978,32.8635
LSGLLNS_1_N002,38.0222578963706,-122.53791840805536,32.8635
LSGLLNS_1_N003,38.0222578963706,-122.53803759194464,32.8635
LSMOLNO_6_N001,40.0343042,-122.0961261,32.58735
LSNAPCC_6_N001,39.48083299998553,-121.5622800238927,31.94282
LSPSTAS_2_N001,37.700982436898656,-121.73360569835381,32.74869
LSPSTAS_2_N002,37.70080156299109,-121.73360569863272,32.74869
LSPSTAS_2_N010,37.70080156299109,-121.7338343013673,32.74869
LSPSTAS_2_N011,37.700982436898656,-121.73383430164618,32.74869
LSTHLLS_6_N001,35.785755,-119.866138,32.30162
LTHRNECK_1_N001,34.244997,-116.097688,33.71356
LUCERNE_1_N001,39.110189,-122.81298,10.58
LUCERNE_1_N004,39.11,-122.81,10.58
LUCERNE_LNODELD,41.60361,-122.5225,19.22322
LUIS#3_1_N001,36.65,-120.73,31.55963
LUIS#5_1_N001,36.72,-120.75,31.56291
LVNGSTN_7_N002,37.36329789847426,-120.76036593987695,33.19916
LYOTH-SP_6_N001,37.721862,-121.390858,32.78551
LYTNVLLE_6_N001,39.684962,-123.476979,8.54876
MABURY_1_N001,37.36089599998639,-121.86395517205479,33.47085
MABURY_6_N001,37.36089599998639,-121.86406882794522,33.83872
MACDOEL_LNODE20,41.83166999998427,-122.00465973878569,18.92864
MACDOEL_LNODE45,41.83166999998427,-122.00478026121432,18.92864
MADERA_6_N001,36.92341899520925,-120.05546,33.43109
MADERA_6_N004,36.92333800238109,-120.0554015075286,33.43109
MADERA_6_N014,36.92333800238109,-120.05551849247139,33.43109
MADISON_1_N001,38.67077606834178,-121.96902265870808,32.16774
MADISON_1_N002,38.67059643154549,-121.96902265899675,32.16774
MADISON_1_N201,38.67059643154549,-121.96925274100325,32.16774
MADISON_LNODE1,38.67077606834178,-121.96925274129191,24.78498
MAGUNDEN_1_N002,35.362158999949884,-118.92356668154515,32.84887
MAGUNDN_7_N003,35.36224896582562,-118.923677,32.84887
MAINE-PR_6_N001,38.385820999985995,-121.77582145519017,32.34817
MALAGA_1_N001,36.69415479048744,-119.72474601890697,31.45494
MALAGA_1_N004,36.69397520940774,-119.72474601916853,31.45494
MALAGA_1_N005,36.69397520940774,-119.72496998083147,31.45494
MALAGA_1_N206,36.69415479048744,-119.72496998109303,31.45494
MANCHSTR_1_N001,36.78803392229639,-119.787488,31.38038
MANCHSTR_1_N002,36.787953038837564,-119.78742968988867,31.38038
MANCHSTR_1_N005,36.787953038837564,-119.78754631011132,31.38038
MANDLY1G_7_N002,34.207498198093205,-119.249016,33.20911
MANDLY2G_7_N002,34.20741690094034,-119.2489592448821,33.20911
MANDLY3G_7_N001,34.20741690094034,-119.2490727551179,33.20911
MANTECA_1_N001,37.80151542742815,-121.22356755493873,32.6871
MANTECA_1_N002,37.80133457246114,-121.22356755521895,32.6871
MANTECA_1_N012,37.80133457246114,-121.22379644478104,32.6871
MANTECA_1_N013,37.80151542742815,-121.22379644506127,32.6871
MANVILLE_1_N001,34.53,-120.43,33.96485
MARASCHI_1_N007,33.925822999988064,-116.98759669491432,32.81709
MARASCHI_1_N008,33.925822999988064,-116.98770530508568,32.81709
MARBLE_6_N001,39.756979,-120.370813,29.26796
MARGARTA_1_N001,33.55007578845692,-117.62798626281774,33.63528
MARGARTA_1_N002,33.54989621144975,-117.62798626304166,33.63528
MARGARTA_1_N008,33.54989621144975,-117.62820173695833,33.63528
MARGARTA_1_N009,33.55007578845692,-117.62820173718225,33.63528
MARICOPA_6_N001,35.107547,-119.398151,32.35634
MARIPOS2_6_N001,37.50445799998627,-120.00773602136582,21.8943
MARIPOS2_6_N003,37.50445799998627,-120.00784997863418,21.8943
MARTELL_6_N001,38.369191999986,-120.79669245138386,32.70768
MARTINC_1_LN001,37.70315322,-122.4100259,33.6902
MARTINC_1_N715,37.70315321994476,-122.40991159502157,33.6902
MARTINEZ_1_N001,38.02,-122.16,33.09881
MATHEW_6_N001,37.36308950618645,-121.94580757661163,33.9006
MATHEW_6_N002,37.36308950618645,-121.94592123738838,33.9006
MAXWELL_6_N001,39.276849999985735,-122.15338217101461,26.80115
MAXWELL_6_N002,39.276849999985735,-122.15349782898538,26.80115
MCARTHR_6_N001,41.05270199998445,-121.40878106361407,30.70015
MCCALL_1_N026,36.61141783540495,-119.639697,31.27627
MCCALL_1_N030,36.61133708228342,-119.63963891745578,31.27627
MCDISLE_6_N001,37.93693288402067,-121.52832945017714,34.89519
MCFRLND_6_N001,35.688444,-119.276835,32.97025
MCFRLND_6_N005,35.688562,-119.2768536,32.97025
MCKEE_1_N001,37.366407204044364,-121.843789,33.37899
MCKEE_1_N005,37.36632589796316,-121.84372993637959,33.37899
MCKEE_1_N101,37.36632589796316,-121.84384806362041,33.37899
MCKTTRCK_6_N002,35.29667268,-119.6264732,32.72048
MCMULLN1_2_N001,36.592774999986986,-119.98900913200528,31.15407
MCSP_6_B1,38.37381143,-120.9575949,33.18335
MDLRIVR_6_N001,37.93693288402067,-121.52844854982285,34.14723
MDWYPS_6_N001,35.402824999987416,-119.45497183549746,32.70736
MECCTG1_7_N100,37.239909741275135,-121.77988662517618,32.51338
MECCTG2_7_N100,37.2400902586168,-121.78011337509535,32.51338
MEDWLNE_1_N001,37.963141225082815,-122.052361,32.87245
MEDWLNE_1_N002,37.963059887443606,-122.05230143651556,32.87245
MEDWLNE_1_N006,37.963059887443606,-122.05242056348443,32.87245
MELROSE_6_N001,33.206548572782346,-117.25290847235439,33.79647
MELROSE_6_N004,33.206470999954156,-117.25285494480366,33.79647
MELROSE_6_N005,33.20639342719472,-117.25290847244926,33.79647
MELROSE_6_N009,33.20639342719472,-117.25301552755073,33.79647
MENLO_6_N001,37.4330313740754,-122.20260718789906,33.71972
MENLO_6_N002,37.43285062581547,-122.2026071881739,33.71972
MENLO_6_N003,37.43285062581547,-122.2028348118261,33.71972
MENLO_6_N004,37.4330313740754,-122.20283481210093,33.71972
MERCEDFL_7_N001,37.27291118626306,-120.48680827325609,22.32985
MERCED_1_N001,37.27275481370981,-120.48680827337391,32.64821
MERCED_1_N002,37.27275481370981,-120.48692172662608,32.64821
MERIDIAN_6_N101,37.225299,-121.744182,26.68633
MESACAL_6_N001,34.03750812767229,-118.109265,32.92132
MESAHGTS_6_LN001,32.82957476998875,-117.1572094131357,34.07352
MESAHGTS_6_N001,32.829628731503114,-117.157263,34.05384
MESAHGTS_6_N007,32.82954813423625,-117.15720762268285,34.05384
MESAPGE_2_LN001,35.008542999987604,-120.45319710203701,33.19064
MESARIM_6_N001,32.90489828995473,-117.17294705491136,33.69432
MESARIM_6_N007,32.90480875361772,-117.1730537,33.69432
MESARIM_6_N008,32.90489828995473,-117.17316034508863,33.69432
MESARIM_6_N012,32.904987826382325,-117.1730537,33.69432
METCALF_1_N018,37.22435199998651,-121.74197733145253,32.58883
METTLER_6_N001,38.078067,-121.2867,33.09692
MI-WUK_1_N001,38.052745,-120.217268,13.82524
MIDDLTWN_6_N002,38.7527889999859,-122.60852945612646,-1.94602
MIDDLTWN_6_N101,38.7527889999859,-122.60864454387354,-1.94602
MIDWAY_1_N085,35.40411,-119.4531,32.14967
MILLBRAE_1_N001,37.605189,-122.391045,33.55898
MILLBRAE_1_N004,37.60518899994505,-122.39093085578821,33.55898
MILLBRAE_1_N201,37.60518899994505,-122.3911591442118,33.55898
MILLBRAE_6_N001,37.6052794289691,-122.391045,33.61803
MILLER_1_N001,37.81,-121.1,32.56244
MILPITAS_1_N001,37.415395,-121.888564,33.34947
MILPITAS_1_N003,37.41539499994551,-121.8884502251851,33.34947
MILPITAS_1_N005,37.41530463419468,-121.888564,33.34947
MILPITAS_1_N006,37.41539499994551,-121.88867777481491,33.34947
MIRABEL_6_N001,38.489406,-122.894261,43.1954
MIRALOMA_6_N001,34.00428099995215,-117.5650672101335,32.90387
MIRAMAR_6_N001,32.893993,-117.135636,33.67463
MIRAMAR_6_N004,32.89399299995472,-117.13552936600023,33.67463
MIRAMAR_6_N017,32.89390346190348,-117.135636,33.67463
MIRASNTO_6_N001,32.89263799998867,-117.20585868367998,33.73368
MIRASNTO_6_N002,32.89263799998867,-117.20596531632002,33.73368
MISSION_6_N001,32.784191999954906,-117.13741946348074,34.06419
MISSION_6_N002,37.395067928926814,-121.980225789,33.9334
MISSION_6_N003,37.39498660892182,-121.98016669268357,33.9334
MISSION_6_N004,37.39498660892182,-121.98028488531642,33.9334
MISSION_6_N031,32.784102432995425,-117.137419463588,34.06419
MISSION_6_N040,32.78403909963224,-117.13749479622959,34.06419
MISSION_6_N049,32.78402395366435,-117.13759979827648,34.06419
MISSION_6_N050,32.78405497532175,-117.13769974052362,34.06419
MISSION_6_N051,32.784120298199866,-117.13777262994303,34.06419
MISSION_6_N052,32.78420494674158,-117.13780744816847,34.06419
MISSION_6_N053,32.78429437993416,-117.13780162777863,34.06419
MISSION_6_N054,32.78437630697717,-117.13775857312064,34.06419
MISSION_6_N055,32.78444148293951,-117.1376854976022,34.06419
MISSION_6_N056,32.78448388657849,-117.13759165657059,34.06419
MISSION_6_N057,32.78450052951836,-117.1374869750709,34.06419
MISSIX_7_N006,37.777445158841985,-122.4138888,33.75581
MISSIX_7_N007,37.77736377056407,-122.41382934945827,33.75581
MISSIX_7_N008,37.77736377056407,-122.41394825054174,33.75581
MNDCTP_6_N001,39.251247,-123.196582,0.14209
MOCCASIN_1_N009,37.80945,-120.2992944,30.93813
MOCO_6_N001,35.09081798998752,-119.40707661961468,32.34322
MOFTFLD_1_N002,37.41,-122.04,33.31666
MOLINO_6_N002,38.42527299998595,-122.83215753598292,43.57266
MOLINO_6_N101,38.42527299998595,-122.83227246401708,43.57266
MONARCH_6_N001,37.96936628,-121.2802524,32.64894
MONDAVI_6_N001,38.15265177,-121.2454453,33.29376
MONOLITH_6_N029,34.92999999998754,-118.4199449189089,32.19842
MONOLITH_6_N101,34.92999999998754,-118.4200550810911,32.19842
MONROE_1_N001,38.45321800700051,-122.743668,39.60219
MONROE_1_N002,38.45313699648462,-122.74360827529611,39.61203
MONROE_1_N101,38.45313699648462,-122.74372772470389,39.61203
MONSRATE_6_N001,33.32908099998846,-117.23541536188321,34.04251
MONSRATE_6_N007,33.32908099998846,-117.23552263811678,34.04251
MONTAGUE_1_N001,37.40375521599691,-121.905675,33.61519
MONTAGUE_1_N006,37.403673891986756,-121.90561589392182,33.61519
MONTAGUE_1_N007,37.403673891986756,-121.90573410607819,33.61519
MONTCLLO_1_N008,38.48,-122.32,39.20106
MONTEREY_6_N001,36.59997083032819,-121.890341,32.22171
MONTEREY_6_N004,36.599890084821844,-121.8902829315514,32.22171
MONTEREY_6_NLD2,36.599890084821844,-121.8903990684486,32.22171
MONTERO_6_N001,38.47145299998595,-123.01207452586034,43.88431
MONTERO_6_N004,38.47145299998595,-123.01218947413966,43.88431
MONTGMRY_6_N001,32.631633999988686,-117.09951777952129,33.43552
MONTGMRY_6_N002,32.631633999988686,-117.0996242204787,33.43552
MOORPARK_2_LN001,34.28090422152374,-118.9034,32.81873
MOORPARK_6_N001,34.28245799998789,-118.90073231455499,32.82201
MOORPARK_6_N008,34.280822889225014,-118.90345682919472,32.82201
MORAGA_1_N001,37.848008,-122.160732,32.94134
MORGAN_1_N001,37.12745917114046,-121.65871690356438,32.27433
MORMON_6_N001,37.968746,-121.185898,33.43298
MOROHILL_6_N001,33.252187,-117.300305,33.94081
MORROBY_1_N001,35.373004,-120.855187,32.74121
MOSSLD_1_N001,36.804150842399494,-121.78373687034716,31.73619
MOSSLND6_7_ND001,36.80399515757413,-121.78384912953872,32.03188
MOSSLND7_7_ND001,36.804150842399494,-121.78384912965284,32.03188
MOTT_LNODE,41.262727,-122.270475,19.72928
MPLECRK_6_N001,40.767881,-123.87365,32.61017
MREIS-Q_1_N001,38.12,-122.33,33.79517
MREISQ_1_N007,38.08527778,-122.2572222,33.79517
MRGNHIL_1_N001,37.12727882875214,-121.65871690383386,32.96609
MRGNHIL_1_N004,37.12727882875214,-121.65894309616613,32.96609
MRGNHIL_1_N007,37.12745917114046,-121.65894309643562,32.96609
MRTSVAL_LNODE32,39.329538,-120.170031,22.71435
MRYSVLLE_6_N001,39.13944599998575,-121.58327227419691,32.93835
MRYSVLLE_6_N003,39.13944599998575,-121.58338772580308,32.93835
MSHR60V_6_N001,38.02156120748372,-121.280952,33.16224
MSHR60V_6_N006,38.021479896243086,-121.28089240840777,33.16224
MSHR60V_6_N014,38.021479896243086,-121.28101159159225,33.16224
MSSION_6_N069,32.78445725656559,-117.13728237663,34.06419
MTEDEN_1_N001,37.63264525976642,-122.10124,33.39167
MTEDEN_1_N005,37.632563870101905,-122.10118066447778,33.39167
MTEDEN_1_N009,37.632563870101905,-122.10129933552223,33.39167
MTNGATE_6_N001,40.73707229,-122.3226353,31.15957
MTNHOUSE_LNODE1KV,37.79428,-121.55964,33.08105
MTNPASS_1_N001,35.508179,-115.53125,31.79161
MTNQUAR_6_N001,38.914515,-121.015694,32.93199
MTVIEW_1_N001,34.07927114678052,-117.240376,33.16576
MTVIEW_1_N004,34.079189926596804,-117.24031938460595,33.16576
MTVIEW_1_N005,34.079189926596804,-117.24043261539406,33.16576
MURRAY_6_N001,32.79087756459772,-117.0229334582287,36.43137
MURRAY_6_N004,32.790698435312095,-117.02293345844329,36.43137
MURRAY_6_N005,32.790698435312095,-117.02314654155671,36.43137
MURRAY_6_N015,32.79087756459772,-117.0231465417713,36.43137
MUSLSLGH_6_N001,36.264507,-119.907357,31.67138
MUSTANG_6_N001,36.233512,-119.916993,33.20704
NAJ_6_N003,37.3852798303,-121.956589844,33.41508
NAPA_6_N002,38.295440220696214,-122.27852173277134,32.62552
NAPA_6_N004,38.29525991919176,-122.27875146694323,32.62552
NAPA_6_N005,38.295440220696214,-122.27875146722866,32.62552
NARROWS1_7_N001,33.13712344927391,-116.2943780565384,31.31249
NARROWS_6_N010,33.137302550634665,-116.29459194367982,33.02769
NATNLCTY_6_N001,32.67305199998863,-117.10726576866911,33.82876
NATNLCTY_6_N005,32.67305199998863,-117.10737223133088,33.82876
NAVSTMTR_6_N001,32.67041199998878,-117.11463876940559,33.84648
NAVSTMTR_6_N011,32.67041199998878,-117.11474523059441,33.84648
NAVY35R_1_N001,35.29,-119.45,32.12715
NAVYLAB_6_N101,36.58956249,-121.8638052,32.12985
NBRANCH_6_N001,38.199837,-120.719506,32.56005
NCMETER_1_N001,33.089572,-117.203236,33.53357
NCPA1GY1_7_N001,38.329999999986036,-122.63005744213352,32.25944
NCPA1GY2_7_N001,38.33999999998601,-122.64005744453604,32.25616
NCPA2GY1_7_N001,38.34999999998599,-122.65005744690819,37.88253
NCPA2GY2_7_N001,38.329999999986036,-122.68005744213352,37.88253
NDUBLIN_2_N002,37.86,-121.88,32.65355
NDUNSMUI_LNODE7,41.2207989999844,-122.27643096616978,19.61856
NDUNSMUI_LNODE9,41.2207989999844,-122.27655103383022,19.61856
NEENACH_6_N001,34.312325230055876,-118.481634,32.70913
NEWARKD_1_N001,37.50049924095103,-121.987091,33.21825
NEWARKD_1_N012,37.500417879509776,-121.98703179018516,33.21825
NEWBURG_6_N001,40.59455299998477,-124.13512748525541,27.85075
NEWBURG_6_N003,40.59455299998477,-124.13524651474458,27.85075
NEWELL_LNODE90,41.888139999984205,-121.37832971620207,18.63307
NEWHALL_1_N001,36.86718099998678,-120.32825478878492,32.7713
NEWHALL_1_N002,36.86718099998678,-120.32836721121508,32.7713
NEWHOPE_6_N001,38.22560899,-121.4738136,33.45778
NEWMAN_6_B2,37.31543099998646,-121.01505122358405,33.67454
NEWMAN_6_N001,37.31543099998646,-121.01516477641594,33.67454
NOISLMTR_6_N004,32.70244776093939,-117.182166,33.59918
NOISLMTR_6_N009,32.702367119518385,-117.18211067144682,33.59918
NORCO_1_N001,35.28535,-119.308893,32.56301
NORD1_1_N001,39.759998999985385,-121.90689363690683,32.05641
NORD1_1_N003,39.759998999985385,-121.90701036309318,32.05641
NORTECH_1_N001,37.46,-121.76,33.50365
NORTECH_1_N008,37.42059067,-121.9599814,33.50365
NORTHCTY_6_N004,32.958672179988696,-117.22057304820974,33.74024
NORTHCTY_6_N010,32.958672179988696,-117.22067975179026,33.74024
NORTHOAK_6_N003,35.96341049994922,-119.4569070444173,32.90775
NORTHOAK_6_N004,35.96350005472762,-119.4567964,32.90775
NORTHOAK_6_N005,37.36329789847426,-120.76048406012305,32.90775
NORTHSTR_LNODEXF2,39.280743,-120.112596,22.71199
NORTHWES_6_N001,37.402627146454066,-121.965268597,33.90716
NORTHWES_6_N002,37.40254582295827,-121.96520949218542,33.90716
NORTHWES_7_N005,37.40254582295827,-121.96532770181457,33.90716
NOTRDAME_1_N001,39.73042313,-121.7959489,31.98424
NOVATO_6_N001,38.10860199998601,-122.56828762317217,32.76837
NOVATO_6_N002,38.10860199998601,-122.56840237682783,32.76837
NRRW2TP1_6_N002,39.23513,-121.26873,31.43059
NRTHGRUM_6_N001,37.3798095,-122.0221402,33.60162
NRTHTWR_1_N001,38.06609732006694,-122.19555927864403,33.44326
NRTHTWR_1_N002,38.06591667982153,-122.19555927892729,33.44326
NRTHTWR_1_N004,38.06591667982153,-122.19578872107272,33.44326
NRTHTWR_1_N010,38.06609732006694,-122.19578872135597,33.44326
NTPTRL_6_N001,35.60555844317911,-119.70838226292514,32.6592
NUMITAP_1_N003,37.5,-122.04,33.4118
NUTGLADE_LNODE,41.178254,-122.290711,19.50982
NVYSCHL_6_N001,36.59909,-121.877082,32.17906
NWKDIST_2_N001,37.47999999998637,-121.97994304564625,33.20796
NWKDIST_2_N004,37.47999999998637,-121.98005695435374,33.20796
NWKDIST_2_N017,37.96361862509118,-121.29067763049022,33.20796
OAKC12_7_N002,37.79751331310943,-122.28096478011268,180.86952
OAKC12_7_N008,37.79792,-122.28214,180.86952
OAKC12_7_N009,37.79791999994464,-122.28202555970451,180.86952
OAKC12_7_N010,37.79782957188064,-122.28214,180.86952
OAKHURST_1_N001,37.32379499998641,-119.63394921398016,31.89758
OAKHURST_1_N002,37.32379499998641,-119.63406278601984,31.89758
OAKLAND_1_N001,37.79743499994459,-122.28090756034669,180.86296
OAKLAND_1_N006,37.797356686862834,-122.280964780234,180.86296
OAKLAND_1_N033,37.797356686862834,-122.28107921976599,180.86296
OAKLND3_7_N002,37.79801042811939,-122.28214,180.86296
OAKPARK_6_N001,37.9804348,-121.2985813,32.83091
OASISSC_6_N201,34.64702307142311,-118.09484039241912,33.32826
OCEANO_1_N001,35.10177099998753,-120.58099587832989,33.64007
OCEANO_1_N004,35.10177099998753,-120.5811061216701,33.64007
OCEANSDE_6_N001,33.19681799998853,-117.381743480479,33.93097
OCEANSDE_6_N002,33.19681799998853,-117.381850519521,33.93097
OIGLASS_1_N001,37.75,-121.31,32.59524
OILDALE_1_N001,35.42,-118.98,32.76029
OILFLDS_6_N001,35.95646873409211,-120.85121,30.95199
OILFLDS_6_N007,35.95638813294024,-120.8511525112428,30.95199
OLDRIVR_6_N001,35.20849410372945,-119.1001417218785,33.28518
OLDRIVR_7_N014,35.208313896170594,-119.10014172212325,33.28518
OLDTOWN_6_N001,32.7660027462676,-117.19242257725324,33.43843
OLDTOWN_6_N002,32.7660027462676,-117.19263562274676,33.43843
OLDTOWN_6_N003,32.766181893642255,-117.19263562296113,33.43843
OLEMA_6_N001,38.042497,-122.786541,33.4376
OLETA_6_N001,38.48064499998599,-120.84462852385393,33.05993
OLETA_6_N003,38.48064499998599,-120.84474347614606,33.05993
OLINDA_6_N001,33.94616008273055,-117.922244,33.11949
OLIVHRST_1_N001,39.0918869999858,-121.54288430472884,32.60482
OLIVHRST_1_N002,39.0918869999858,-121.54299969527116,32.60482
OMAR1G_7_LN001,35.45209688511312,-118.98525465740043,32.12937
OMAR2G_7_LN001,35.4519171147865,-118.98525465764695,32.12937
OMAR3G_7_LN001,35.4519171147865,-118.98547534235306,32.12937
OMAR4G_7_LN001,35.45209688511312,-118.98547534259957,32.12937
OMAR_2_N001,35.475983864148716,-118.98698399999999,32.12937
OMWD_6_N001,33.06847863998861,-117.14145762144337,33.40563
ONEILPMP_7_LN001,37.098611,-121.0475,31.83385
ORACLE60_6_N001,37.53059,-122.26675,33.62131
OREGNTRL_1_N001,40.61902099998471,-122.32226045686366,30.87371
OREGNTRL_6_N001,40.61902099998471,-122.32237954313634,30.88594
ORICK_6_N001,41.294542,-124.056522,29.19911
ORLANDB_6_N001,39.725157705247604,-122.17875636615656,31.56416
ORLNDB_7_N002,39.725157705247604,-122.17898963384343,31.56416
ORMONAUX_6_B1,34.12977206841636,-119.16894,32.82201
OROLOMA_1_N005,36.886701431129765,-120.6549823,32.0642
OROLOMA_6_N001,36.886866,-120.655928,32.08677
OROSI_6_N006,36.54475899998702,-119.25172018759284,31.92117
OROSI_7_N002,36.54475899998702,-119.25183181240716,31.92117
OROVILLE_6_N001,39.50524442035656,-121.5593758990519,31.92642
OROVILLE_6_N005,39.50524442035656,-121.5596081009481,31.92642
OROVILLE_6_N102,39.50542357952801,-121.55960810124742,31.92642
ORTIGAGN_7_N002,36.98327542373002,-120.81940487471157,32.11971
OSOAP_7_N001,34.810278,-118.72,32.73016
OSOAP_7_N002,34.81027799995045,-118.71988992080949,32.73016
OSOAP_7_N003,34.81018761978131,-118.71988992093021,32.73016
OSOAP_7_N004,34.81012371139613,-118.71996775861193,32.73016
OSOBP_7_N001,34.81010842791115,-118.72007625228628,32.73016
OSOBP_7_N002,34.81013973121604,-118.72017951791273,32.73016
OSOBP_7_N003,34.810205647172396,-118.72025483113883,32.73016
OSOBP_7_N004,34.81029106426119,-118.72029080720088,32.73016
OTAYMGT1_7_N001,32.5739058,-116.9135773,32.86434
OTAYMGT2_7_N001,32.57381612394513,-116.9135773,32.86434
OTAY_6_N001,32.595287,-117.057627,33.58214
OTAY_6_N014,32.595286999955015,-117.05752057571618,33.58214
OTTER_6_N001,36.47781599998705,-121.7270037380447,33.53392
OXFORD_1_N001,36.7,-120.68,31.56291
P0504GT1_7_CN1,37.96379937479765,-121.2906776307724,31.5137
P0504GT1_7_N001,37.05268767219292,-121.0218314945833,31.5137
P0504GT2_7_N001,37.05286788770013,-121.02205730568483,31.5137
PA99MWQ1_7_LN001,33.019524468639815,-116.83804277748884,33.83628
PA99MWQ2_7_LN001,33.019703531269194,-116.83804277770571,33.83628
PACFCBCH_6_N001,32.799218999988646,-117.24014772581532,33.62871
PACFCBCH_6_N004,32.799218999988646,-117.24025427418468,33.62871
PACIFICA_6_N001,37.59458399998625,-122.48892793722666,33.93296
PACIFICA_6_N003,37.59458399998625,-122.48904206277334,33.93296
PACIPIP_6_N001,34.91873196360952,-118.9261908,32.73405
PACLUMB_7_N001,40.481388999984816,-124.10438462405541,26.22607
PADUA_6_N001,34.120216,-117.639076,32.9334
PALA_7_N002,33.355939989953846,-117.11198857166295,33.83956
PALMDALE_6_N001,34.566078,-118.059876,33.75801
PALMRCT1_7_N001,33.1209591099544,-117.11668368116077,33.38267
PALMRCT2_7_N001,33.1209591099544,-117.11689751883924,33.38267
PALMR_1_N001,34.825223,-120.298953,33.53182
PALM_6_N001,37.39449633988632,-121.957516242084,33.49709
PALM_6_N002,37.39449633988632,-121.957629971916,33.49709
PALOMAR_1_N001,33.12281772819047,-117.287925,33.60993
PALOMAR_1_N004,33.1227371358924,-117.28786944194597,33.60993
PALOMAR_1_N013,33.1227371358924,-117.28798055805403,33.60993
PANAMA_6_N001,35.29556801570901,-119.021525,33.30158
PANOBS2_7_N002,36.85865211527268,-120.45867279982099,31.47762
PANOBS3_7_N002,36.85872999994707,-120.45884140047256,31.47762
PANOCHE_1_N024,36.65353226724663,-120.58162405926382,31.51042
PANOCHE_2_N055,36.65353226724663,-120.58173594073618,31.50058
PANOCHE_7_N001,36.65360999994769,-120.58179188158532,31.50058
PANRAMA_1_N001,40.434409,-122.2679,30.51033
PARADISE_1_N001,39.761504,-121.618634,31.95471
PARADISE_1_N004,39.76064152,-121.6188711,31.95471
PARADISE_LNODEDISE,39.76150399994158,-121.6185172697882,23.56316
PARADISX_6_N001,39.761414267918745,-121.618634,33.67408
PARDSE_7_N002,39.76159373208136,-121.618634,33.67408
PARKR_6_N009,37.363350019212106,-121.947534931,33.90716
PARKR_6_N010,37.3632687146792,-121.9474758709107,33.90716
PARKR_6_N011,37.3632687146792,-121.9475939910893,33.90716
PARKWAY_2_N001,38.17,-122.25,32.45776
PARLIER1_1_N001,36.6076452,-119.5211598,31.50166
PAR_LNODEAPM,37.668079999986205,-120.9174128750731,33.28969
PAR_LNODEFVM,37.668079999986205,-120.9175271249269,33.28969
PATRICKS_LNODE49,41.88139,-123.86472,19.63722
PAULSWT_1_N001,36.99234705413821,-121.98202825128297,32.88109
PAULSWT_1_N004,36.9921669457552,-121.98202825154998,32.88109
PAULSWT_1_N101,36.99234705413821,-121.98225374871703,32.88109
PCHCOPP_6_N001,37.06225,-121.18039,31.83385
PEABODY_2_N002,38.285677158894416,-121.97019513777842,31.95212
PEABODY_2_N006,38.28549684099352,-121.97019513806376,31.95212
PEACHTON_6_N001,39.3784769999856,-121.68494608007006,32.64125
PEACHTON_6_N004,39.3784769999856,-121.68506191992994,32.64125
PEARBMAP_7_B1,34.508883999950896,-117.91829825412502,32.56762
PEARBMAP_7_B3,34.50879356514072,-117.9182982542441,32.56762
PEARBMAP_7_B4,34.50872961811796,-117.91837585623696,32.56762
PEARBMBP_7_B1,34.50871432539329,-117.91848402139897,32.56762
PEARBMBP_7_B3,34.50874564762435,-117.91858697434263,32.56762
PEARBMBP_7_B4,34.5088116034329,-117.91866205952238,32.56762
PEARBMCP_7_B1,34.50889707216307,-117.91869792664747,32.56762
PEARBMCP_7_B3,34.50898737191128,-117.91869193094361,32.56762
PEARBMDP_7_B1,34.50907009278566,-117.91864757930026,32.56762
PEASE_1_N001,39.1701925392649,-121.66108150610306,32.61539
PEASE_1_N009,39.17001346062112,-121.66108150639715,32.61539
PEASE_7_N002,39.1701925392649,-121.66131249389694,32.61539
PENDLETN_6_N001,33.30925299998849,-117.3349783807102,33.96706
PENDLETN_6_N004,33.30925299998849,-117.3350856192898,33.96706
PENNGRVE_1_N001,38.315547,-122.681119,37.8416
PENRYN_6_N001,38.8444299999859,-121.16613942513398,32.99432
PENRYN_6_N004,38.8444299999859,-121.16625457486602,32.99432
PEORIA_7_N001,37.90361110998615,-120.49744271590015,30.04383
PEORIA_7_N002,37.90361110998615,-120.49755728409986,30.04383
PEREZ_LNODED1,41.63306,-121.22639,18.63307
PERMNNTE_6_N002,34.355793,-116.855947,32.95253
PERRY_6_N001,35.57080511,-121.0558675,33.88283
PERRY_6_N008,35.570805,-121.055868,33.88283
PETLMAA_6_N001,38.234002,-122.636285,32.61702
PETLMAC_6_N002,38.2390641182539,-122.636804,33.10254
PETLMAC_6_N003,38.23898294085798,-122.63674432895719,33.10254
PETLMAC_6_N004,38.23898294085798,-122.6368636710428,33.10254
PFARMS_6_LN001,35.662673,-119.88478,32.27209
PHILLIPS_1_N001,37.34,-122.03,33.2609
PHILO_6_N001,39.063719,-123.437524,-3.4139
PICO_1_N001,33.45676299998844,-117.58919323286267,33.56967
PICO_1_N004,33.45676299998844,-117.58930076713733,33.56967
PIERCY_1_N201,37.28,-121.83,32.96609
PIKECTY_6_N001,39.438734,-120.997847,32.42131
PIT1_6_N001,38.030670659249246,-121.86908630802888,30.29008
PIT3_7_N001,38.030606778782065,-121.8691674075287,28.6712
PIT5_7_B1,38.030591501969816,-121.86928044765509,28.79914
PITSBRG_2_N058,38.03798999998602,-121.89493265087242,32.72811
PITSBURG_1_N001,38.03101263810665,-121.86937270758541,32.60345
PITTES1_2_N007,38.03798999998602,-121.89504734912758,32.60345
PITTSBRG_6_N101,38.031055408073875,-121.8692716827705,32.18071
PIUTE_6_N001,34.691137,-117.968753,33.50869
PLACERVL_1_N001,38.73027886166341,-120.788047,32.55472
PLACER_1_N001,38.901310999985846,-121.08802340262966,32.73187
PLACER_7_N009,38.901310999985846,-121.08813859737035,32.70891
PLAINFLD_6_N001,38.61887,-121.793976,36.28808
PLAINFLD_6_N003,38.61934234,-121.7942525,36.28808
PLOALTO_1_N001,33.35586235233513,-117.11204223587934,33.64099
PLOALTO_1_N007,33.35586235233513,-117.11214956412066,33.64099
PLOALTO_1_N013,33.355939989953846,-117.11220322833705,33.64099
PLSNTGR_1_N001,38.82227075999728,-121.306575,32.53671
PLSNTGR_1_N005,38.82219002998611,-121.30651517485526,32.53671
PLSNTGR_1_N009,38.82219002998611,-121.30663482514473,32.53671
PLSNTVLY_6_N001,36.307531,-120.251631,32.52082
PLUMAS_6_LN001,39.02629828,-121.5430647,33.17255
PLUMAS_6_N001,39.026121,-121.54308,33.17255
PMTFMPP_1_N001,37.9868115699861,-122.0404367263777,32.36869
PNEDLE_1_N001,36.829999999986725,-119.82994383698444,31.05713
PNEDLE_1_N002,36.829999999986725,-119.83005616301556,31.07353
PNEDLE_1_N009,38.65444444,-121.4483333,31.07353
PNEGRVE_6_N001,38.41271199998601,-120.6602245387678,32.66175
PNEGRVE_6_N002,38.41271199998601,-120.6603394612322,32.66175
PNTARNA_6_N001,38.912571,-123.679495,-1.49786
POINTLMA_6_N013,32.741557583654846,-117.23325749458253,33.5795
POINTLMA_6_N014,32.74137841625509,-117.23325749479669,33.5795
POINTLMA_6_N027,32.741557583654846,-117.23347050541746,33.5795
POLPASPP_6_N002,38.57552299994369,-121.49770299452835,32.37379
POMERADO_6_N001,32.941482719314884,-117.032882,32.93651
POMERADO_6_N004,32.9414021403303,-117.03282656531631,32.93651
POMERADO_6_N008,32.9414021403303,-117.03293743468369,32.93651
PORTOLA_LNODE31,39.803943999985336,-120.46453157749829,22.71908
PORTOLA_LNODE32,39.803943999985336,-120.46464842250171,22.71908
POSOMT_1_N001,35.55919399998747,-118.95744581153178,32.87839
POSOMT_1_N005,35.55919399998747,-118.95755618846822,32.87839
POST_1_N001,39.11,-121.64,33.02772
POTRERO_1_N001,37.46,-122.4,33.70988
POTRERO_1_N013,37.459999999945396,-122.3998861318849,33.70988
POTRERO_1_N016,37.45990961397913,-122.4,33.70988
POTRERO_1_N049,37.459999999945396,-122.4001138681151,33.70988
POTTRVLY_7_N001,39.36158213274746,-123.1289081,0.72528
POWAY_6_N001,32.978722999988655,-117.03130363648788,33.12022
POWAY_6_N010,32.978722999988655,-117.03141036351212,33.12022
PPSTLTAP_1_N001,38.01999999998606,-122.36994265860079,33.36453
PPSTLTAP_1_N104,38.01999999998606,-122.3700573413992,33.36453
PRAXAIR_1_B1,37.99999999998611,-121.80994266753221,32.68546
PRAXAIR_LNODEPM,37.99999999998611,-121.81005733246779,23.66236
PRCTRV1_7_N002,32.66504374998879,-116.98674797088407,32.92667
PRCTRVLY_1_N001,32.66504374998879,-116.98685442911594,32.92667
PRTCSTA_6_N001,38.03725907,-122.1780218,33.37109
PRUNEDLE_1_N001,36.785518920972784,-121.671051,32.00191
PRUNEDLE_1_N002,36.785438039499425,-121.67099269323379,32.00191
PSARBLS_6_N001,35.61564884893555,-120.67989,32.86214
PSARBLS_6_N005,35.61556807551859,-120.67983263488163,32.86214
PSARBLS_6_N007,35.61556807551859,-120.67994736511837,32.86214
PSEUDO1B_1_N002,37.70306278305818,-122.4100259,33.70332
PSEUDO1_1_N001,37.70315321994476,-122.41014020497842,33.70332
PSEUDO4_1_N001,37.7032436569418,-122.4100259,33.69348
PSP33A_7_N102,34.07740789995194,-117.20168394753776,32.79979
PSP33B_7_N102,34.07725384506231,-117.20176098862068,32.79979
PSP44A_7_N102,34.077335656756425,-117.20204512279159,32.79979
PSP44B_7_N102,34.077511052999995,-117.20207477824573,32.79979
PSQUINCY_6_N001,39.93480997744781,-120.88417999495674,29.28108
PSTCKTN_6_LN001,37.949994,-121.346315,32.3012
PTHLGEN_7_N001,38.28549684099352,-121.97042486193625,31.95212
PTMRTTI_6_N001,37.030856,-122.187639,33.58567
PTRRO230_2_LD1CN,37.46009038602093,-122.4,33.66723
PTTRVLY_6_N001,39.36150154861083,-123.12896827547551,0.72528
PUEBLOPG_1_N001,38.345348999986,-122.29956355419145,40.82001
PUEBLOPG_1_N010,38.345348999986,-122.29967844580855,40.82001
PUEBLOPG_1_NLD3,38.34472222,-122.2994444,40.82001
PURIFY_6_LN001,34.7881,-118.1665,33.54149
PURISIMA_1_N001,34.700622,-120.435261,33.90252
PUTCR_7_N001,38.52308412835564,-121.99439442898434,32.16118
PUTHCRK_1_N011,38.52290423153208,-121.99462437072829,32.17758
Q045CTG1_7_N001,37.63564731751685,-122.13369490177641,33.34574
Q045CTG2_7_N001,37.63549068245554,-122.13369490189677,33.34902
Q067STG1_7_N001,37.635568999944944,-122.1338661963268,33.34246
Q159AC1_7_N002,32.72142912222234,-116.26214933481018,31.5062
Q442GEN_7_N011,32.681235,-115.646258,32.09342
Q477_7_ND002,39.60787599998552,-121.76850316905504,31.24969
Q510_7_N010,32.66449999998866,-115.6739532289676,32.0967
Q643G_6_N002,40.124410019985106,-122.19622121940881,30.6569
Q643X_2_NM01,36.59011053998702,-120.40289386486458,31.29409
QUARTZHL_6_N001,34.659714,-118.228267,32.72136
QUEBEC_1_N001,36.07,-119.56,33.05837
RADUM_6_N001,37.67264599998626,-121.85946487140774,32.82086
RADUM_6_N004,37.67264599998626,-121.85957912859226,32.82086
RAINBOW_1_N001,36.709983,-119.538157,31.31204
RALSTON_6_N001,37.51135212317967,-122.3402601,33.29698
RALSTON_6_N002,37.51127075839538,-122.3402008791436,33.29698
RANCHRS_1_N001,36.700797999986875,-119.75437400116115,31.47134
RANDSBRG_1_N001,35.37567201391602,-117.65592532493676,34.46405
RAWSON_6_N001,40.145295999985066,-122.21242808907787,33.29878
RAWSON_6_N002,40.145295999985066,-122.21254591092213,33.29878
RAYCHEM_6_N001,37.48020651,-122.1650806,33.60818
RCARMEL_6_N001,32.99378371822819,-117.077745,33.2416
RCARMEL_6_N004,32.9937031408736,-117.07768953360795,33.2416
RCARMEL_6_N011,32.9937031408736,-117.07780046639205,33.2416
RDBLFPP_6_N001,40.145204,-122.199414,33.30206
RECTOR_6_N001,36.29851,-119.242336,31.3322
RECTOR_7_ND002,36.30463455962947,-119.24455043458264,31.34533
REDBLFF_6_N001,40.1825869024183,-122.244610070096,31.76065
REDBLFF_6_N004,40.1825869024183,-122.24484592990399,31.76065
REDBLFF_6_N005,40.18276709746204,-122.24484593021722,31.76065
REDBUD_1_N001,39.02788699998577,-122.66224734180834,2.74413
REDBUD_1_N004,39.02788699998577,-122.66236265819167,2.74413
REDMAN_6_N001,34.76259623959073,-117.96856,33.48901
REDWOOD_6_N001,37.490252,-122.213021,33.77221
REDWOOD_6_N002,37.49025199994532,-122.2129070707913,33.77221
REDWOOD_6_N005,37.49016160208324,-122.213021,33.77221
REDWOOD_6_N006,37.49025199994532,-122.21313492920869,33.77221
REDWOOD_6_N007,37.49034239791678,-122.213021,33.77221
REEDLEY_1_N001,36.605116999986976,-119.3758071174397,31.5779
REEDLEY_6_N001,36.605116999986976,-119.3759188825603,31.65217
RENFRO_1_N001,35.409999999987434,-119.16994483454441,32.52693
RENFRO_1_N010,35.409999999987434,-119.1700551654556,32.57942
RICE_6_N002,39.402805999985674,-122.01287205646442,27.28339
RICE_6_N101,39.402805999985674,-122.01298794353558,27.28339
RICHGEN_7_N001,37.937868166151496,-122.390718695286,33.36453
RICHMOND_1_B1,37.92597623462323,-122.369629,33.36453
RICHMOND_1_N001,37.92589488267337,-122.36956945615904,33.36453
RINCON_1_N001,33.285967608914305,-116.9585228047856,39.48468
RINCON_1_N003,33.28578839099371,-116.95852280500573,39.48468
RINCON_6_N001,33.28578839099371,-116.95873719499427,33.85178
RINCON_6_N008,33.285967608914305,-116.9587371952144,33.85178
RIOBRVO_1_N001,35.44252289360183,-119.26010566010629,32.64503
RIOBRVO_1_N006,35.44234310629778,-119.26010566035274,32.64503
RIOBRVTM_1_N001,35.44252289360183,-119.26032633989371,32.33994
RIODELL_6_N001,40.49543619975173,-124.099276,26.65582
RIODELL_6_N005,40.495354900107756,-124.09921427624421,26.65582
RIODELL_6_N009,40.495354900107756,-124.09933772375578,26.65582
RIOHONDO_6_N001,34.10610615849042,-117.97947,32.8745
RIPON_1_N001,37.719972869016964,-121.12994059215839,32.59852
RIPON_1_N008,37.719972869016964,-121.1300594078416,32.59852
RITEAID_6_N001,34.721,-118.1788,32.87227
RITTER_6_N001,34.702244,-118.17505,33.07894
RIVERROC_6_N001,36.902618,-119.771768,33.14258
RIVERVEW_1_N003,38.01478999998606,-121.7904786608926,32.18071
RIVRBANK_1_N001,37.76895425952452,-120.908163,32.30564
RIVRSIDE_6_N001,34.021864017940324,-117.33187712454752,32.92117
RMSNVJO_1_LN001,33.526249299988294,-117.59875905776511,33.61559
RMSNVJO_1_LN002,33.526249299988294,-117.5988667422349,33.61559
ROADWAY_1_N001,34.590373,-117.431752,33.33452
ROADWAY_1_N010,34.590368215933175,-117.4315568451805,33.33452
ROBROY_1_N001,36.979885,-121.867457,32.68754
ROCKAIR_6_N001,34.610248,-118.073278,33.79409
ROCKET_1_N001,34.933939,-117.692217,34.20418
ROCKLIN_6_N001,38.788043999985874,-121.23171544490323,32.60038
ROCKLIN_6_N003,38.788043999985874,-121.23183055509676,32.60038
ROGH-RDY_6_N001,37.95526599998612,-121.33253531114549,32.29792
ROSAMOND_6_N001,34.864472999987555,-118.23726994007113,32.77385
ROSECYN_6_N001,32.84459772910598,-117.236988,33.714
ROSECYN_6_N017,32.84451713543481,-117.23693261581597,33.714
ROSEDAL_1_N001,35.37703397144563,-119.077971,32.53066
ROSEMR_LNODEAEI,37.64253,-121.0423,33.30557
ROSE_6_N001,32.84451713543481,-117.23704338418403,32.56018
ROSSMOOR_2_N001,37.86470199998613,-122.08030973806707,32.77732
ROSSMOOR_2_N101,37.86470199998613,-122.08042426193292,32.77732
RSNTAFE_6_N009,33.014260999988664,-117.19850361461707,33.56309
RSNTAFE_6_N016,33.014260999988664,-117.19861038538293,33.56309
RSVTNRD_6_N001,36.624374,-121.68835,33.09761
RTRACK_1_N001,37.979737,-120.414515,30.32596
RUSSRCH_6_N001,40.819848,-123.826638,33.11209
RVRBANK_1_N001,37.76887287022286,-120.90810355553742,31.87219
RVRBANK_1_N005,37.76887287022286,-120.90822244446258,31.87219
SAFEWAY_1_N001,37.71,-121.4,32.50011
SALINAS_1_N001,36.683239999986945,-121.65120502290527,32.22827
SALINAS_1_N024,36.683239999986945,-121.65131697709472,32.22827
SALTCREK_6_N002,32.61928199998905,-116.94927678247507,45.72928
SALTCREK_6_N006,32.61928199998905,-116.94938321752493,45.72928
SALTSPRG_7_N001,38.49793437,-120.2179285,31.96628
SAMPSON_7_N006,32.694340118329364,-117.14239467397606,33.52701
SAMPSON_7_N007,32.694340118329364,-117.14250532602394,33.52701
SANARDO_6_N001,36.073766,-120.936804,31.31613
SANBRDNO_6_N001,34.07767515953707,-117.20154375190678,32.79979
SANBRDNO_6_N008,34.07746514073634,-117.20134902490193,32.79979
SANCRLS_6_N001,37.49972924078839,-122.243974,33.79189
SANCRLS_6_N002,37.499647879591045,-122.24391479097326,33.79189
SANCRLS_6_N004,37.499647879591045,-122.24403320902674,33.79189
SANDCRK_6_N001,36.64502999998689,-119.15920293037858,31.90149
SANDLOT_2_N023,34.93533299998761,-118.14485891734107,32.46327
SANDLOT_2_N025,34.93533299998761,-118.14496908265893,32.46327
SANGER_1_N001,36.707048059604304,-119.61075579620064,31.32113
SANGER_1_N009,36.707048059604304,-119.61087220379937,31.32113
SANJOQN_6_N001,36.62106483974649,-120.17811,31.52102
SANJOQN_6_N006,36.620984080112606,-120.17805190550351,31.52758
SANLUIS2_7_N001,37.06907687796754,-121.07683105236173,31.71575
SANLUIS2_7_N002,37.06901315215404,-121.07691091843046,31.71575
SANLUIS4_7_N001,37.069094853841584,-121.07720547182996,31.71575
SANLUIS4_7_N002,37.06918002691161,-121.07724238542458,31.71575
SANLUIS6_7_N001,37.06941802889171,-121.07711309608193,31.71575
SANLUIS6_7_N002,37.06946069530844,-121.0770136077536,31.71575
SANLUIS8_7_N001,37.06943390023774,-121.07668571549864,31.71575
SANLUIS8_7_N002,37.06937882103536,-121.0765963165007,31.71575
SANLUSRY_6_N013,36.77962699998679,-120.72995490173179,33.57996
SANLUSRY_6_N014,36.77962699998679,-120.73006709826822,33.57996
SANLUSRY_6_N043,33.211532759954174,-117.3343739362571,33.57996
SANLUSRY_6_N044,33.21144318463678,-117.33437393636667,33.57996
SANLUSRY_6_N045,33.21137984536439,-117.33444964181051,33.57996
SANLUSRY_6_N046,33.2113646979829,-117.33455516348411,33.57996
SANLUSRY_6_N047,33.21139572253334,-117.3346556003193,33.57996
SANLUSRY_6_N048,33.21146105150503,-117.33472885045208,33.57996
SANLUSRY_6_N049,33.21154570794446,-117.33476384098854,33.57996
SANLUSRY_6_N050,33.21163514948262,-117.33475799179958,33.57996
SANLUSRY_6_N101,33.2117170841721,-117.33471472407717,33.57996
SANLUSRY_6_N201,33.211782266218165,-117.33464128692498,33.57996
SANMATEO_1_N001,37.58333525489619,-122.319035,33.59591
SANMATEO_1_N001A,37.58325387253711,-122.31897570912398,33.34246
SANMATEO_1_N009,33.409472,-117.590641,33.59591
SANMATO_6_N001,37.58325387253711,-122.31909429087602,33.37527
SANMIGL_6_N001,35.75191999998732,-120.68410776485527,33.20004
SANMIG_6_N016,35.75191999998732,-120.68421823514473,33.20004
SANMRCOS_6_N001,33.128774149954396,-117.19716886934026,33.67882
SANMRCOS_6_N007,33.12868460147681,-117.19716886944933,33.67882
SANMRCOS_6_N011,33.128621281182845,-117.19724448078941,33.67882
SANMRCOS_6_N013,33.128637153594866,-117.19745018328726,33.67882
SANPBLO_1_N001,37.984803,-122.336618,33.39078
SANRAFL_1_N001,37.970858222937125,-122.527065,32.91271
SANRAFL_1_N006,37.97077688851645,-122.52700543261207,32.91271
SANRAFL_1_N007,37.97077688851645,-122.52712456738792,32.91271
SANRAMON_2_N001,37.745125434987564,-121.93600563263105,32.91838
SANRAMON_2_N004,37.74494456490202,-121.93600563291054,32.91838
SANRAMON_2_N023,37.74494456490202,-121.93623436708945,32.91838
SANRAMON_2_N024,37.745125434987564,-121.93623436736895,32.91838
SANTARO_1_N001,33.78461699446498,-116.41025972078828,32.86107
SANTARO_1_N014,33.78443700544048,-116.41025972101585,32.86107
SANTARO_1_N017,33.78443700544048,-116.41047627898415,32.86107
SANTARO_1_N021,33.78461699446498,-116.41047627921172,32.86107
SANTEE_1_N001,32.85461954601577,-116.96823740386814,32.13576
SANTEE_1_N004,32.854440453893844,-116.96823740408333,32.13576
SANTEE_7_N001,32.854440453893844,-116.96845059591668,32.13576
SANTIAGO_6_LN001,33.66518193221154,-117.767521,33.82197
SANTIAGO_6_LN002,33.665101033881534,-117.76746488187135,33.82197
SANTYSBL_6_1N001,33.11049298,-116.6711035,32.92934
SANYSDRO_6_N001,32.562237999988916,-117.02641779453799,42.0
SANYSDRO_6_N004,32.562237999988916,-117.02652420546201,42.0
SARATOGA_2_N001,37.28099617234283,-122.014883,32.82831
SARATOGA_2_N006,37.28091491381397,-122.0148240379766,32.82831
SARATOGA_2_N011,37.28091491381397,-122.0149419620234,32.82831
SAUGUS_6_N001,34.4222099999511,-118.5721663854507,32.65515
SAUSALTO_6_N001,37.86340599998612,-122.49836873883264,34.00841
SAUSALTO_6_N002,37.86340599998612,-122.49848326116737,34.00841
SAXONCRK_6_N001,37.59363146,-119.9857789,22.08457
SCHINDLR_1_N005,36.40229075794473,-120.138272,32.2551
SCHLNDLR_7_N001,36.40221012101372,-120.1383298425005,32.29447
SCHMLBCH_1_N001,38.3,-121.87,32.64341
SCLARA_2_LN001,34.3007956214976,-119.18541359496857,33.2288
SCLARA_6_N001,34.30071643113003,-119.18559878537813,33.23208
SCRIPPS_6_N001,32.91119872129761,-117.112589,33.50733
SCRIPPS_6_N008,32.91111813933897,-117.11253358224198,33.50733
SCRIPPS_6_N013,32.91111813933897,-117.112644417758,33.50733
SCWAX_1_N001,36.700797999986875,-119.75448599883885,31.46478
SDUNES_LNODED1,41.20124399998437,-122.2763497761522,18.80857
SDUNSMUI_LNODE,41.20124399998437,-122.27646982384779,19.57111
SEARLES_7_N001,35.756720789835555,-117.380556,34.19864
SEBASTIA_6_N001,38.13829665,-121.3878033,32.6964
SEFTAP_6_N003,36.41712,-121.31671,32.48743
SEMITRPC_1_N001,35.600398,-119.437498,32.48428
SERRA_6_N001,37.327215618586415,-121.99615626906825,33.79234
SERRA_7_N004,37.327215618586415,-121.99626984893175,33.79234
SERRMNTE_1_N011,37.69183743685224,-122.4558182874899,33.79517
SESWTF_1_N001,36.7779,-119.67419,31.30259
SFIA-MA_1_N001,37.63904926020716,-122.385896,33.65739
SFIA_1_N001,37.63896786988162,-122.38583665888167,33.60162
SFIA_1_N007,37.63896786988162,-122.38595534111833,33.60162
SFPPCNC_6_N001,38.03243728,-122.0736663,33.48591
SHADOWR_1_N001,33.14157655179735,-117.23868604972319,33.55325
SHADOWR_1_N006,33.14139744811125,-117.23868604994146,33.55325
SHADOWR_1_N008,33.14139744811125,-117.23889995005852,33.55325
SHADYGLN_6_N001,39.115058,-120.95331,32.89262
SHAFTER_1_N010,37.492384999986285,-122.13839203327613,32.62206
SHAFTER_7_N022,39.77608299994151,-122.10394676937125,32.62206
SHARON_1_N001,37.097275,-120.156454,32.97224
SHASTINA_LNODELD1,41.548666,-122.364174,18.98202
SHAWROAD_1_N001,37.55,-122.42,33.49337
SHELL1_7_N001,38.031697320166,-121.94561320702243,33.10209
SHELL2_7_N001,38.031516639722625,-121.94561320730533,33.09881
SHELL3_7_N001,38.031516639722625,-121.94584259269467,33.10537
SHEPHERD_1_N003,36.82684,-119.61,31.18129
SHLLCHM_6_N001,38.031697320166,-121.94584259297757,32.18071
SHNGLESR_1_N001,38.65969989665331,-120.946938,32.54488
SHNGLESR_1_N004,38.659619051658225,-120.94687822587784,32.54488
SHNGLESR_1_N103,38.659619051658225,-120.94699777412217,32.54488
SHOTGUNC_LNODE,41.053889,-122.381667,19.50982
SHREDDER_1_N001,37.511676999986356,-122.20767698568532,33.54913
SHUTTLE_6_N001,34.643495430225066,-118.1634220817816,33.01661
SIERABRK_LNODE19,39.646142,-120.217943,22.72144
SIERAPC_6_N001,40.86435367,-124.1554555,28.64799
SILVERDO_1_N001,38.49950299998593,-122.45908751973128,39.32244
SILVERDO_1_N002,38.49950299998593,-122.45920248026871,39.32244
SISK_LNODEKZH,37.69056,-121.02061,33.32885
SISK_LNODEYUP,37.690559999944874,-121.02049571450051,33.32885
SISQUOC_1_N001,34.87826099998756,-120.33120693531723,33.42028
SISQUOC_1_N020,34.87826099998756,-120.33131706468278,33.42028
SJNO2_6_N001,37.29143609998645,-119.52944584856736,33.83664
SLA_2_N001,37.41603416601835,-122.20510952387725,33.11372
SLA_2_N004,37.41585343387257,-122.20510952415181,33.11372
SLA_6_N001,37.41585343387257,-122.20533707584819,33.71972
SLA_6_N005,37.41603416601835,-122.20533707612275,33.71972
SLMNCRK_6_N001,38.343592,-123.044809,44.1041
SMRTVLTP_6_N101,39.207939,-121.301476,31.43387
SMTRPCWS_1_N001,35.59,-119.44,32.48428
SMUDGEO1_2_N006,38.75226,-122.71969,32.16759
SMYRGEN_7_B1,35.717831584724635,-119.4552778,32.65815
SMYRNA1_1_N005,35.717750877624105,-119.45522040856834,32.65815
SNANDRES_6_N001,37.603294,-122.420424,33.69676
SNBENITO_1_N001,36.86783,-121.56391,32.26107
SNBRNOT_6_N001,37.62095504,-122.4250948,33.77221
SNBRNRD_6_N001,35.09242099998756,-118.87818588008072,32.54378
SNBRNRD_6_NLD2,35.09242099998756,-118.87829611991928,32.54378
SNJOSEB_1_N001,37.34102432531631,-121.9009493888098,33.49381
SNJOSEB_1_N005,37.34084367457506,-121.9009493890831,33.49381
SNJOSEB_1_N009,37.34084367457506,-121.9011766109169,33.49381
SNJOSEB_1_N013,37.34102432531631,-121.9011766111902,33.49381
SNJSEA_1_N001,37.328246190599145,-121.902531,33.47741
SNJSEA_1_N005,37.32816490468582,-121.90247198103432,33.47741
SNJSEA_1_N101,37.32816490468582,-121.90259001896567,33.47741
SNLNDRO_1_N001,37.711237436769906,-122.14880668270004,33.90582
SNLNDRO_1_N014,37.71105656311971,-122.14880668297907,33.90582
SNLNDRO_1_N017,37.71105656311971,-122.14903531702092,33.9091
SNLNDRO_1_N027,37.711237436769906,-122.14903531729996,33.90582
SNLSOB_7_N001,35.261832749987526,-120.63480195364221,33.05659
SNLSOB_7_N002,35.261832749987526,-120.63491224635779,33.05659
SNLSPP_2_N023,37.06930719158489,-121.07652777238619,31.79121
SNTAMRA_1_N001,33.1287024629922,-117.19752334236787,33.43012
SNTAMRA_1_N005,33.12878709406593,-117.1975582894093,33.43012
SNTANLA_6_N001,37.08597899998663,-121.01321650454071,31.86994
SNTANLA_6_N004,37.08597899998663,-121.01332949545929,31.86994
SNTARSA_1_N001,38.43676811353789,-122.71319526700344,39.50952
SNTARSA_1_N002,38.43676811353789,-122.71342513299655,39.50952
SNTARSA_1_N006,38.43694816634972,-122.7134251332832,39.50952
SNTARTA_6_N001,37.055061,-120.634086,32.4042
SNTAYNZ_1_N001,34.625273999987726,-120.11813905143147,34.00749
SNTAYNZ_1_N002,34.625273999987726,-120.11824894856854,34.00749
SNTHLNE_6_N001,37.6223639999863,-122.44717791303894,33.82798
SNTHLNE_6_N002,37.6223639999863,-122.44729208696106,33.82798
SOBRANTE_1_N001,37.90594,-122.208144,33.0332
SOLBGEN_7_N002,36.720745456174654,-120.4579000215881,31.74617
SOLEDAD_1_LN001,36.42956722600307,-121.331901,32.46775
SOLEDAD_1_N018,36.42948657698447,-121.33184312850868,32.46775
SOLEDAD_6_N001,36.42948657698447,-121.33195887149131,32.48743
SONGSL_7_N001,33.371418,-117.557337,33.46141
SONOFRE_2_N067,33.369728,-117.55433,33.46141
SONOMA_1_N002,38.276388889985974,-122.46188697135591,32.66339
SONOMA_1_N007,38.276388889985974,-122.46200182864409,32.66339
SOUTHBAS_1_N001,34.881503,-117.892023,35.60825
SOUTHBY_6_N001,38.575612901218726,-121.497588,32.23826
SPANSHCK_6_N001,40.026139,-120.961748,31.07225
SPAUL1-2_7_N001,39.32438938,-120.644793,15.15867
SPENCE_6_N001,36.613590999986975,-121.56672310737689,32.43494
SPENCE_6_N009,36.613590999986975,-121.5668348926231,32.43494
SPI-QUCY_7_N001,39.94083299998525,-120.8754973854901,29.26468
SPICAMIN_1_N001,38.739925711802805,-120.6771159,32.51208
SPILINCF_7_N001,38.903332999985885,-121.30883140177836,32.50495
SPRINGVL_6_N001,36.10586253074472,-118.93516918490357,31.85709
SPRNGVLY_6_N001,32.73903399998875,-117.00264674817954,34.04419
SPRNGVLY_6_N010,32.73903399998875,-117.00275325182045,34.04419
SRI_6_N001,37.45534597,-122.1782535,33.62787
SRRCSUB_2_N001,37.78238218,-121.9676923,33.2178
STAFFORD_6_N002,38.12003299998604,-122.61362861905879,32.80774
STAFFORD_6_N101,38.12003299998604,-122.6137433809412,32.80774
STAGG_2_N001,37.99164936143144,-121.34848834268168,32.58159
STAGG_2_N014,37.99146863845723,-121.34848834296415,32.58159
STAGG_6_N001,37.99146863845723,-121.34871765703586,32.60127
STAGG_6_N003,37.99164936143144,-121.34871765731833,32.60127
STAMPEDE_LNODE19,39.46748199998557,-120.10518300964912,22.71671
STANFRD_6_N013,37.42736589,-122.1750729,33.53318
STANFRD_6_N015,37.427365889945456,-122.17495909977812,33.53318
STANFRD_6_N016,37.427275518463446,-122.1750729,33.53318
STANFRD_6_N025,37.427365889945456,-122.17518670022189,33.53318
STANFRD_6_N026,37.427456261536555,-122.1750729,33.53318
STANISLS_1_N001,38.14,-120.37,29.97363
STATIN-L_7_N001,37.8103032554717,-122.271443,180.84
STATIND_1_N001,37.837585251800924,-122.263503,33.2858
STATIND_1_N010,37.83750387408463,-122.26344350874284,33.2858
STATIND_1_N013,37.83750387408463,-122.26356249125715,33.2858
STATIND_1_N033,37.83751,-122.26355,33.2858
STATINJ_1_N001,37.76334825993251,-122.214444,34.46023
STATINJ_1_N012,37.763266870018874,-122.21438455959633,34.46023
STATINJ_1_N027,37.763266870018874,-122.21450344040367,34.46023
STATINL_1_N001,37.81022187224923,-122.27138352670688,180.83672
STATINX_1_N001,37.80554442667025,-122.23091354965457,180.79735
STATINX_1_N012,37.805363573219,-122.23091354993484,180.79735
STATINX_1_N014,37.805363573219,-122.23114245006515,180.79735
STATINX_1_N024,37.80554442667025,-122.23114245034543,180.79735
STCKTNAR_6_N001,37.963279,-121.323476,32.32088
STCRUZ_LNODECXA,37.62755999998621,-120.97504290860819,33.38236
STCRUZ_LNODEWLS,37.62755999998621,-120.97515709139182,33.38236
STDOIL_1_N009,37.94,-122.38,33.41374
STELLING_1_N001,37.3360521934471,-122.042805,33.0247
STELLING_1_N004,37.33597090326187,-122.04274597179945,33.0247
STELLING_1_N007,37.33597090326187,-122.04286402820055,33.0247
STF_LNODEDAX,37.69055999998624,-121.02097285725026,33.33725
STF_LNODEIPN,37.69055999998624,-121.02108714274974,33.33725
STKTNWW_6_N001,37.9376445,-121.3283805,32.3176
STKTONA_1_LN001,37.94726,-121.28881,32.41623
STKTONA_1_N001,37.94722338217881,-121.28911838573319,32.472
STKTONA_1_N003,37.947042617710025,-121.28911838601516,32.472
STKTONA_6_N001,37.947042617710025,-121.28934761398483,32.50788
STKTONA_6_N004,37.94722338217881,-121.2893476142668,32.50788
STLLWATR_6_N001,40.677845,-122.34971,30.96885
STOCKDLE_1_N001,35.316494,-119.068293,32.68812
STOCKDLE_1_N010,35.316493999949955,-119.06818269315228,32.68812
STOCKDL_2_N001,35.31640399278849,-119.068293,32.51425
STOCKDL_2_N002,35.316493999949955,-119.06840330684773,32.51425
STOCKDL_2_N101,35.31658400721152,-119.068293,32.51425
STONCRRL_6_N001,36.472251999987044,-119.18811326795893,32.2033
STONCRRL_6_N003,36.472251999987044,-119.18822473204106,32.2033
STONE_1_N001,37.303708999986505,-121.86757223713448,33.39584
STONE_1_N005,37.303708999986505,-121.8676857628655,33.39584
STONYPT_1_N001,38.42,-122.78,39.01588
STOREY1_2_N001,36.98288702744317,-120.033746,32.9789
STOREY1_2_N011,36.98322057595251,-120.03373952494303,32.9789
STOREY2_2_N001,36.98280598626407,-120.03380457310557,32.99438
STREAMVW_6_N001,32.745604999988714,-117.07864474591278,33.97101
STREAMVW_6_N007,32.745604999988714,-117.07875125408721,33.97101
STROUD_6_N001,36.53084093919961,-120.10432801442617,31.74082
STUART_6_N001,33.256701,-117.416547,33.99002
SUISUN_1_N001,38.24526219208727,-122.04122215940386,32.6631
SUISUN_1_N008,38.24508180780079,-122.04122215968883,32.6631
SUISUN_1_N009,38.24508180780079,-122.04145184031117,32.6631
SUMIDEN_6_N001,37.97842034,-121.2761124,32.5538
SUMMIT_6_N001,39.319203,-120.378897,15.10618
SUNOL_6_N001,37.586891,-121.869379,33.02753
SUNRSE3S_7_N002,35.210181,-119.582697,31.89423
SUNYSIDE_6_N0016,32.65801507,-117.0302879,33.83215
SURF_1_N009,34.61,-120.22,33.79098
SUTTRHM1_6_N001,39.052565,-121.691874,32.68328
SWEETWTR_6_N017,32.65811799998879,-117.0916867727539,33.4786
SWEETWTR_6_N018,32.65811799998879,-117.0917932272461,33.4786
SWIFT_1_N001,37.3225281884819,-121.796729,33.12684
SWIFT_1_N003,37.322446905744414,-121.79666998783091,33.12684
SWIFT_1_N006,37.322446905744414,-121.79678801216909,33.12684
SYCAMORE_1_N101,39.76991684305054,-121.824218,32.05313
SYCAMORE_1_N201,39.76983607845885,-121.82415733357864,32.05313
SYCAMORE_1_N301,39.76983607845885,-121.82427866642136,32.05313
SYLMAR_LNODEDC1,34.31,-118.5,32.95174
SYLMAR_LNODEDC1BURB,34.30999999995138,-118.49989057813684,32.95174
SYLMAR_LNODEDC1GLEN,34.30990961750026,-118.49989057825464,32.95174
SYLMAR_LNODEDC1LADWP,34.30984570750071,-118.49996795113718,32.95174
SYLMAR_LNODEDC2,34.309830423630196,-118.50007579695593,32.94518
SYLMAR_LNODEDC2BURB,34.30986172772742,-118.50017844594423,32.94518
SYLMAR_LNODEDC2GLEN,34.30992764535058,-118.50025330944317,32.94518
SYLMAR_LNODEDC2LADWP,34.31001306459742,-118.50028907067266,32.94518
SYLVANCM_LNODECPR,37.688469999986225,-120.97663285888366,33.30786
SYLVANCM_LNODEHGR,37.688469999986225,-120.97674714111633,33.30786
T320_2_N001,38.01528999998606,-121.76202266067159,32.25333
T320_2_N002,38.01528999998606,-121.7621373393284,32.25333
TAFT1_1_N001,35.14999999998751,-119.47994486994581,32.31041
TAFT1_1_N004,35.14999999998751,-119.48005513005418,32.31041
TAHDONR_LNODE07,39.337309,-120.221277,22.71199
TAMARACK_6_N001,39.313743,-120.496804,15.10618
TAMARISK_1_N001,33.817316,-116.454898,32.66752
TAMARISK_1_N003,33.791934,-116.449747,32.66752
TAP710_1_N004,32.595364649653405,-117.05757378781198,-28.0
TAP801_1_N001,34.10961399998795,-116.41178248891224,33.11651
TAP807_1_N001,34.0,-116.5,32.40135
TASSAJAR_2_N001,37.79959499998613,-121.9077887787453,33.23092
TASSAJAR_2_N002,37.79959499998613,-121.9079032212547,33.23092
TASSAJAR_2_N016,37.80001701,-121.9076781,33.23092
TAYLOR_6_N001,38.78044,-121.247,32.58398
TECUYA_6_N001,35.018589,-118.979536,32.53722
TEICHERT_1_N001,37.78999999998617,-121.36005721487219,32.47058
TEJON_6_N001,35.01953399998751,-118.95472389537663,32.54378
TEJON_6_N014,35.01953399998751,-118.95483410462336,32.54378
TELECYN_1_N001,32.63795363606789,-117.01596355585968,32.96932
TELECYN_1_N006,32.63777436384253,-117.01596355607299,32.96932
TELECYN_1_N014,32.63777436384253,-117.01617644392701,32.96932
TELECYN_1_N025,32.63795363606789,-117.01617644414031,32.96932
TEMBLOR_1_N003,35.382795999987465,-119.69634883811833,32.57614
TEMPLE21_7_N001,35.55503,-120.6803,32.62594
TEMPLETN_2_N008,35.554496,-120.679996,32.62594
TERMNOUS_6_N001,38.116464,-121.422007,32.79482
TESLAMTR_1_N003,37.80682,-121.29178,32.68382
TESORO_2_N014,38.01816652998603,-122.06128255940455,32.79417
TESORO_2_N020,38.01816652998603,-122.06139724059545,32.79417
TESSUB_2_N001,37.73,-121.93,33.26045
TEVIS_1_N001,35.319191999987495,-119.12859784623319,32.71765
TEVIS_1_N003,35.319191999987495,-119.12870815376681,32.66516
TEXACO_6_N019,35.95614499,-120.864333,30.8667
TEXSUN1G_7_N001,35.36999999998748,-119.4800551602316,31.88439
TEXSUN2G_7_N001,35.3599999999875,-119.48005515895167,31.88439
THERMLTO_2_N109,39.514145,-121.632458,31.6529
THORNHIL_1_N001,33.833699,-116.524642,32.6802
TIDEWATR_2_N001,38.01989465330933,-122.06150068264388,32.81385
TIDEWATR_2_N014,38.02007534657929,-122.06150068292666,32.81385
TLRELKE_6_N001,36.00375672659094,-119.948802,33.63023
TLRELKE_7_N016,36.00367613669082,-119.9487444848154,33.63023
TOADTWN_7_N001,39.8711407,-121.6099556,30.69856
TOCALOMA_6_N001,38.05521,-122.760914,33.06362
TOMATAK_6_N001,36.836069,-120.44959,31.89708
TOREYPNS_6_N001,32.89877953728695,-117.23987836114813,33.72056
TOREYPNS_6_N007,32.89860046262259,-117.23987836136372,33.72056
TOREYPNS_6_N008,32.89860046262259,-117.24009163863627,33.72056
TOREYPNS_6_N009,32.89877953728695,-117.24009163885188,33.72056
TORTILLA_1_LN001,34.87445665123645,-117.06480112671595,35.71549
TORTILLA_1_N007,34.87463734866425,-117.064801126958,35.71549
TORTOISE_6_N001,34.640736,-118.065841,33.36106
TOSCO-PP_6_N001,37.7831868,-121.6320725,31.52936
TOT032_2_N001,33.93661299998811,-116.5732326824313,32.38167
TOT032_2_N002,33.93661299998811,-116.5733413175687,32.38167
TOT135_2_N001,34.00679810536202,-117.94324639773743,33.11577
TOT135_2_N002,34.00679810536202,-117.94313760226258,33.11577
TOT180_7_N001,35.555452796415516,-115.45909962433502,31.22408
TOT210S1_7_N001,35.55527320348384,-115.45909962458231,31.22736
TOT223L1_7_N001,33.65931297998823,-114.98271600702792,31.74568
TOT223L2_7_N002,33.65931297998823,-114.98282399297209,31.74568
TOT242GN_7_N001,35.555452796415516,-115.45932037566497,31.24048
TRABUCO_1_N001,33.5630767991568,-117.67324523376014,33.61888
TRABUCO_1_N005,33.562897200749894,-117.67324523398426,33.61888
TRABUCO_1_N009,33.562897200749894,-117.67346076601574,33.61888
TRABUCO_1_N013,33.5630767991568,-117.67346076623986,33.61888
TRACY_1_N001,37.748395999944734,-121.41564562794372,32.72318
TRACY_1_N002,37.74831768119299,-121.41570281403237,32.72318
TRACY_1_N007,37.74831768119299,-121.41581718596763,32.72318
TRACY_1_N101,37.748395999944734,-121.41587437205628,32.72318
TRAVIS_6_B1,38.271536729986,-121.93327897263443,33.2864
TRESVIS_6_N001,39.486707,-121.687993,32.10993
TRIMBLE_1_N004,37.42009036798162,-121.72988621524279,33.5627
TRIMBLE_1_N010,37.41990963190925,-121.72988621551741,33.5627
TRIMBLE_1_N016,37.41990963190925,-121.7301137844826,33.5627
TRIMBLE_1_N020,37.42009036798162,-121.73011378475721,33.5627
TRINIDAD_6_N001,41.064242,-124.128367,29.08758
TRUCKEE_LNODE49,39.330431720184855,-120.181195,22.71435
TRVSHPT_6_B1,38.271536729986,-121.93339382736556,33.25687
TUDOR_6_N001,38.982071,-121.635205,32.67719
TULELAKE_LNODE35,41.95333,-121.47111,18.63307
TULUCAY_6_N001,38.247946,-122.268228,32.42213
TUNNEL_LNODE33,41.925559999984245,-121.56576970013403,18.71248
TUNNEL_LNODE40,41.925559999984245,-121.56589029986597,18.71248
TUPMAN_1_LN001,35.355,-119.2702778,32.50724
TUPMAN_1_N101,35.354039,-119.270638,32.50724
TVYVLLY_6_N001,36.77062199998685,-119.39317691322037,32.27657
TXBVHL_6_N001,35.226128018725106,-119.3778391415529,32.97636
TXROSDL_1_N001,35.37695301426363,-119.07791367489159,32.53066
TXROSDL_1_N002,35.37695301426363,-119.0780283251084,32.53066
TYLER_6_N001,40.138392982499205,-122.20848578836895,33.3447
TYLER_6_N002,40.138392982499205,-122.20860821163106,33.3447
UCM_6_N001,32.88368472395273,-117.222424,33.75993
UCM_6_N002,32.88360413801135,-117.22236859671557,33.75993
UCM_6_N006,32.88360413801135,-117.22247940328444,33.75993
UKIAH_1_N001,39.142823455087914,-123.19204845611492,-0.08926
UKIAH_1_N005,39.14300254479826,-123.19204845640866,-0.08926
UNOCAL_7_N001,38.04805556,-122.255,33.27596
UOP_6_N001,37.97945391,-121.3121994,32.7817
UPPRLKE_6_N001,39.145906,-122.916845,-4.23508
URANIUM_6_N001,37.3711189164195,-121.976163786,33.84155
URANIUM_6_N002,37.37103760797558,-121.97610471695367,33.84155
URANIUM_6_N003,37.37103760797558,-121.97622285504633,33.84155
URBAN_6_N001,32.71336175780155,-117.151456,33.58606
URBAN_6_N005,32.71328112108711,-117.15140066790788,33.58606
URBAN_6_N009,32.71328112108711,-117.15151133209213,33.58606
URICH_6_N001,38.029918,-122.103005,33.45311
USNSSPT1_6_N001,32.70742799995502,-117.24513948299598,33.6976
USNSSPT2_6_N001,32.707505595112,-117.2450862415443,33.6976
VACA-DIX_1_N001,38.401643999943936,-121.91981408247966,32.11853
VACA-DIX_1_N083,38.401566007417685,-121.91998645869818,32.11853
VACADIX_1_N015,38.401643999943936,-121.92004391752033,32.11853
VACADIX_1_N300,38.40172199255435,-121.91987154117784,32.11853
VACAVIL_1_N001,38.356520058867716,-121.97951,32.16118
VACAVIL_1_N101,38.35643897055109,-121.97945029786577,32.2071
VACAVIL_1_N102,38.35643897055109,-121.97956970213424,32.2071
VALCNTR_6_N001,33.23068299998848,-117.01834745172809,33.77961
VALLECTS_6_B1,37.60921546,-121.8425892,32.95536
VALLEYSC_1_N001,33.738397971600605,-117.156432,32.64694
VALLEYSC_1_N023,33.74191,-117.156589,32.64694
VALLEYSC_1_N026,33.7419099999529,-117.15648082117153,32.64694
VALLEYSC_1_N027,33.741820044059125,-117.15648082128499,32.64694
VALLEYSC_1_N030,33.74174122394152,-117.1566639359048,32.64694
VALLEYSC_1_N031,33.741772380302784,-117.156765418802,32.64694
VALLEYSC_1_N107,33.738317014186954,-117.15648820699798,32.64694
VALLEYSC_1_N216,33.74201282449463,-117.15686887672038,32.64694
VALLEYSC_1_N217,33.742095107300145,-117.15682515836211,32.64694
VALLEYSC_1_N218,33.74216056628639,-117.15675095634964,32.64694
VALLEYSC_1_N219,33.7422031540618,-117.15665566870578,32.64694
VALLEYSC_1_N220,33.74221986927216,-117.15654937347803,32.64694
VALLEYSC_1_N221,33.74221035698812,-117.1564418007823,32.64694
VALLEYSC_5_N047,33.742049933312074,-117.15619034666781,32.64366
VALLYHM_1_N001,37.85581024891345,-120.944141,32.29113
VALLYHM_1_N005,37.85572887552832,-120.94420050279503,32.29113
VALLYVW_1_N001,37.96607299998612,-122.27841868352904,33.27924
VALLYVW_1_N003,37.96607299998612,-122.27853331647096,33.27924
VALPREDO_6_N001,35.02060799586001,-119.0626791,32.74061
VASCO_6_N001,37.71132099998621,-121.71587984128799,32.59122
VASCO_6_N003,37.71132099998621,-121.71599415871201,32.59122
VASONA_2_N001,37.25999999998651,-121.89994328855217,32.78895
VASONA_2_N010,37.25999999998651,-121.90005671144785,32.78895
VEDDER_1_N001,35.61,-118.96,32.87839
VERNON_6_N001,33.998720181696164,-118.22077977719938,33.07223
VESTAL_6_N001,35.85713659527842,-119.08872645400277,31.87349
VICTOR_1_N001,38.145651267656454,-121.17732422029407,33.2525
VICTOR_1_N134,34.505936,-117.38768,33.2525
VICTOR_1_N137,34.505935999950886,-117.3875702583319,33.2525
VICTOR_1_N594,34.50584556540856,-117.38757025845098,33.2525
VICTOR_1_N595,34.50578161857523,-117.38764785746913,33.2525
VICTOR_1_N596,34.50576632589583,-117.38775601848484,33.2525
VICTOR_1_N597,34.50579764803412,-117.38785896748202,33.2525
VICTOR_1_N598,34.50586360364735,-117.38793404978351,33.2525
VICTOR_1_N603,34.50594907212439,-117.38796991553367,33.2525
VICTOR_1_N606,34.50603937160514,-117.38796392005962,33.2525
VICTOR_1_N619,34.50612209223446,-117.38791957011638,33.2525
VICTOR_1_N620,34.50618789952731,-117.38784429611982,33.2525
VICTOR_1_N625,34.50623071391217,-117.3877476318643,33.2525
VICTOR_6_N001,38.145470732231836,-121.17755377942188,32.81152
VICTOR_6_N002,38.145651267656454,-121.17755377970593,32.81152
VICTOR_7_N001,34.506203825932694,-117.38742904716817,33.2525
VIEJOSC_2_N001,36.578772821150025,-121.908968,33.31245
VIEJOSC_2_N004,33.667334,-117.642727,33.31245
VIEJO_6_N001,36.578692089410936,-121.90890995739635,32.28076
VIEJO_6_N003,36.578692089410936,-121.90902604260364,32.28076
VIERRA_1_N001,37.85,-121.24,32.68382
VIERRA_1_N009,37.7978,-121.27418,32.68382
VILLAPK_6_LN001,33.81564699317584,-117.83444769843688,33.09086
VILLAPK_6_LN002,33.81564699317584,-117.83456030156313,33.09086
VINA_6_N001,39.941614,-122.041739,32.57423
VINESUB_6_N006,32.73878475092385,-117.17888,33.54997
VINESUB_6_N007,32.73870412452592,-117.17882465920908,33.54997
VINESUB_6_N014,32.73870412452592,-117.17893534079091,33.54997
VINEYARD_2_N001,37.66967326170019,-121.85436,32.88319
VINEYARD_2_N002,37.66959186913507,-121.85430063276966,32.88319
VINEYARD_6_N001,37.66959186913507,-121.85441936723034,32.82086
VLLYSPS_6_CN6,38.21648188,-120.7638501,32.44195
VOLTA2_7_N009,40.451832613439954,-121.8620339242648,30.9025
VSTA_1_N001,34.04125299995202,-117.32061812723687,32.83259
VSTA_1_N019,34.04128993524605,-117.3188974279969,32.83259
VSTA_1_N028,34.04128993524605,-117.3190105720031,32.83259
VSTA_6_N001,34.04125299995202,-117.32083587276313,32.83587
WABASH_6_N001,32.73022052,-117.110597,33.59262
WAHTOKE_1_N001,36.61618299998699,-119.452409104289,31.48765
WAHTOKE_1_N002,36.61618299998699,-119.45252089571099,31.48765
WALNUT_6_N001,34.00840381020035,-117.94966020073771,33.11905
WALSH_6_N001,37.36925702368643,-121.95645763176401,33.73657
WALSH_6_N002,37.36925702368643,-121.95657130623599,33.73657
WARENCYN_6_N001,33.01545499998868,-117.00226861385794,33.18583
WARENCYN_6_N002,33.01545499998868,-117.00237538614206,33.18583
WARNERS_6_N001,33.247186,-116.675942,33.17203
WARNER_LNODERV1,41.50091505739131,-120.533072,23.05552
WARNER_LNODERV3,41.50083397128745,-120.53300949206302,23.05552
WARNER_LNODESC1,41.50083397128745,-120.53313450793698,23.05552
WASCO_7_N008,39.77617274317707,-122.10383,32.72376
WATERLOO_6_N001,38.05178292,-121.2097983,32.72111
WATRSHED_6_N001,37.487815,-122.310237,33.28058
WDT273_7_N001,34.133619,-117.907563,32.65515
WDWRGEN_7_N001,36.89672741773442,-119.74989840074353,31.13946
WEBER1_6_N003,37.91982787,-121.2402319,32.56692
WEBERGEN_7_N002,37.919827869944456,-121.24011731424282,32.52428
WEBER_2_N021,37.919749586976614,-121.2401746071824,32.52428
WEBER_6_N001,37.919749586976614,-121.24028919281761,32.56692
WEBER_6_N041,37.919827869944456,-121.24034648575717,32.56036
WEEDPTCH_6_N001,35.22380990982567,-118.88,32.81606
WEED_LNODER1,41.43139,-122.38944,19.23311
WELLFILD_6_N001,35.22389999995005,-118.88011028239877,33.16708
WELLFILD_6_N002,35.22399009017441,-118.88,33.16708
WEMRSWS_6_N001,39.035984,-120.987909,32.98119
WESIX_6_N001,36.661091309986915,-120.33431525009004,31.78347
WESTLAND_6_N001,36.661091309986915,-120.33442714990996,31.77034
WESTLANE_6_N001,37.990674,-121.282373,32.83091
WESTLEY_6_N001,37.57958111998634,-121.2056848506367,34.39953
WESTLEY_6_N004,37.57958111998634,-121.2057989493633,34.39953
WESTLNDS_1_N001,36.3999999999871,-120.31994434326373,32.14356
WESTLNDS_1_N019,36.3999999999871,-120.32005565673627,32.14356
WESTPAC_6_N001,34.819566,-118.750985,33.47439
WESTPARK_1_N001,35.374163973003284,-119.039839,32.63235
WESTPARK_1_N005,35.374083013484764,-119.03978167527592,32.63235
WESTPARK_1_N009,35.374083013484764,-119.03989632472408,32.63235
WESTPLAT_1_N001,35.42,-119.3,32.40227
WESTPNT_6_N001,38.44471398077145,-120.516861,32.59614
WESTPNT_7_N001,38.44489401922852,-120.516861,32.54693
WESTSDE_6_N001,37.77660932,-121.5175127,32.01816
WHEATLND_6_N001,39.013055,-121.418524,32.08997
WHEATLND_6_N005,39.01311707,-121.4186482,32.08997
WHEELER_6_N001,35.089761,-118.976591,32.45848
WHISMAN_1_N001,37.40491321634772,-122.068856,33.20185
WHISMAN_1_N004,37.404831891811426,-122.06879689262591,33.20185
WHISMAN_1_N009,37.404831891811426,-122.06891510737408,33.20185
WHITMORE_6_N001,40.628753,-121.915711,33.87972
WHLRRD1_7_B1,35.088838,-118.976556,32.45848
WHLRRD1_7_B3,35.08883799995014,-118.97644576152675,32.45848
WHLRRD1_7_B4,35.088747796027285,-118.97644576164866,32.45848
WHLRRD1_7_B5,35.088684012267365,-118.97652371195969,32.45848
WHLRRD1_7_B6,35.088668758585875,-118.97663236262073,32.45848
WHLRRD2_7_B1,35.08870000084669,-118.9767357776696,32.4552
WHLRRD2_7_B3,35.088765788262144,-118.97681119987332,32.4552
WHLRRD2_7_B4,35.08885103878225,-118.97684722799443,32.4552
WHLRRD2_7_B5,35.08894110798812,-118.97684120538457,32.4552
WILDWOOD_1_N001,40.38711092118795,-123.04499942348713,31.46049
WILDWOOD_1_N005,40.38711092118795,-123.04512257651287,31.46049
WILKINS_6_N001,39.00552,-121.867233,27.96574
WILLIAMS_6_N002,39.15757999998577,-122.14756226186596,25.78091
WILLIAMS_7_N002,39.15757999998577,-122.14767773813404,25.78091
WILLITS_6_N001,39.405666,-123.327366,1.97851
WILLOWS_6_N001,39.531805,-122.185874,31.5248
WILLWCRK_6_N001,41.056486881388146,-123.68218970968636,33.43358
WILSONA_6_N001,34.579517,-117.719954,34.1812
WINDGAP1_7_B1,35.01,-118.99,32.45848
WINDGAP1_7_B3,35.00999999995021,-118.98988979523116,32.45848
WINDGAP1_7_B4,35.00990973652225,-118.98988979535277,32.45848
WINDGAP2_7_B1,35.0098459106858,-118.98996772183133,32.46176
WINDGAP2_7_B3,35.009830646941914,-118.99007633927391,32.46176
WINDGAP3_7_B1,35.00986190981265,-118.9901797227049,32.45848
WINDGAP3_7_B3,35.009927740626615,-118.99025512184879,32.45848
WINDGAP4_7_B1,35.010013047384426,-118.99029113895399,32.45848
WINDGAP4_7_B3,35.01010317600642,-118.99028511818479,32.45848
WINDSOR_6_N001,38.60704,-122.85222,52.83383
WINTERS_6_N001,38.517708,-121.951331,33.35529
WIRLWIND_2_NM01,34.85790599998759,-118.43694794239384,32.39152
WIRLWIND_2_NM02,34.85790599998759,-118.43705805760615,32.39152
WLFSKIL1_1_N004,38.22801,-122.07571,32.38753
WLLWPSS_6_N001,38.02467113,-121.9610129,33.48591
WNTUPMS_6_N001,40.592794,-122.369634,31.01538
WOHLER_6_N001,38.512048,-122.880906,43.46768
WOLFE_1_N001,37.335142193117605,-122.020824,33.03126
WOLFE_1_N002,37.335060903426545,-122.02076497287341,33.03126
WOLFE_1_N007,37.335060903426545,-122.02088302712659,33.03126
WOODACRE_6_N001,38.012118,-122.65455,32.93568
WOODLD_1_N001,38.67823188725648,-121.760143,32.90793
WOODLD_1_N005,38.67815105635662,-121.76008322082818,32.90793
WOODLD_1_N012,38.67815105635662,-121.76020277917182,32.90793
WOODRW_LNODECEU,37.66469443998625,-121.04449847780575,33.32885
WOODRW_LNODELD2,37.66469443998625,-121.04461272219426,33.32885
WOODSIDE_6_N003,37.43624399998641,-122.2420270905538,33.46757
WOODSIDE_6_N004,37.43624399998641,-122.24214090944619,33.46757
WOODSIDE_6_N006,37.43704943,-122.2421734,33.46757
WOODWARD_1_N005,36.89654748215955,-119.75012339899124,31.13946
WOODWARD_1_N006,36.89672741773442,-119.75012339925647,31.13946
WPBART_1_N001,38.02005420797604,-121.98,32.81668
WPBART_1_N004,38.01997289599686,-121.97994040909197,32.81668
WPBART_1_N026,38.01997289599686,-121.98005959090804,32.81668
WRGHTPP_6_N001,37.013289999986696,-120.94462359835565,31.8765
WSCOPRSN_1_N001,35.61,-119.37,32.57942
WSCRMNO_1_N004,38.58939293336201,-121.545027,33.01131
WSCRMNO_1_N013,38.58931203330379,-121.54496724378153,33.01131
WSCRMNO_1_N201,38.58931203330379,-121.54508675621847,33.01131
WSTFRSO_1_N001,36.71841899998688,-119.81853697917856,31.41366
WSTFRSO_1_N004,36.71841899998688,-119.81864902082144,31.41366
WSTFRSO_1_N015,36.71821682,-119.8190857,31.41366
WSTLD1RA_1_N001,36.72,-120.72,31.55635
WTSNVLLE_6_N001,36.902758999986744,-121.75595974245704,32.78924
WTSNVLLE_6_N003,36.902758999986744,-121.75607225754297,32.78924
WYANDTTE_1_N001,39.491682744465926,-121.541161,31.91002
WYANDTTE_1_N003,39.49160212775149,-121.54110068770393,31.91002
WYANDTTE_1_N102,39.49160212775149,-121.54122131229607,31.91002
YOSEMITE_6_N001,37.72952929,-122.3968597,22.48151
YREKA_LNODE76,41.72897989068449,-122.63154955171838,19.15798
YREKA_LNODED1,41.72880010918983,-122.63154955205546,19.16984
YREKA_LNODED2,41.72880010918983,-122.63179044794454,19.16984
YREKA_LNODED3,41.72897989068449,-122.63179044828162,19.16984
YUBACITY_6_N010,39.1373209999858,-121.64396072438323,32.55125
YUBAGOLD_6_N001,39.203272,-121.415014,32.93835
ZACA_1_N001,34.696829,-120.151374,33.86971
ZAMORA_1_LN001,38.775555559985854,-121.85827574897266,32.77773
ZAMORA_1_N001,38.775555559985854,-121.85839085102734,32.77773
ZANKER_1_N001,37.469999999986335,-121.8099430557453,33.53974
ZANKER_1_N003,37.469999999986335,-121.8100569442547,33.53974
ZENO_6_N001,37.37696677208641,-121.99793169424989,33.8842
ZENO_6_N002,37.37696677208641,-121.99804538575012,33.8842
12TH_S_LNODENMZ,37.63715677998629,-120.99316020050249,0.0
12TH_S_LNODEXWQ,37.63715677998629,-120.99327439949751,0.0
AIR_SUB_LNODENAA,33.96205409081493,-118.376,0.0
AIR_SUB_LNODENAB,33.961972954579615,-118.37594352117388,0.0
AIR_SUB_LNODEONC,33.961972954579615,-118.37605647882611,0.0
ALMOND_LNODEAUX,37.574202045609525,-120.98511610244,0.0
ALTTA_BP_LNODEPRT,41.51205899998436,-120.5236838478691,0.0
ALTTA_BP_LNODETON,41.51205899998436,-120.5238041521309,0.0
ATW_SUB_LNODEONB,34.1096541600031,-118.254,0.0
ATW_SUB_LNODEONC,34.10957291998536,-118.25394335044959,0.0
ATW_SUB_LNODEOND,34.10957291998536,-118.2540566495504,0.0
AUGUST_LNODEDR1,37.4182520696912,-120.831252690486,0.0
AUGUST_LNODEDR3,37.4182452743243,-120.831131410372,0.0
AUGUST_LNODEDR4,37.4182458785436,-120.830989786937,0.0
AUGUST_LNODEDR5,37.4182557186304,-120.831363604619,0.0
AUGUST_LNODEDR6,37.41894,-120.84899,0.0
BANGS_LNODEKGC,37.70469,-121.0418,0.0
BCN_PP_LNODESS1,35.25680070871138,-118.02736892630813,0.0
BCN_PP_LNODESS2,35.256766720360744,-118.02726679027704,0.0
BERNARDO_LNODEARDO,33.02157451,-117.0962277,0.0
BROCKWAY_LNODE01,39.243063530935196,-120.02634939696748,0.0
BROCKWAY_LNODE02,39.242884468950564,-120.02634939726258,0.0
BROCKWAY_LNODE51,39.242884468950564,-120.02658060273741,0.0
BROCKWAY_LNODE52,39.243063530935196,-120.02658060303253,0.0
BWILLIAM_LNODEILLW,34.16145330172,-114.38177086852794,0.0
CALSUB_LNODEET,39.521219,-120.008761,0.0
CAN_SUB_LNODEONA,34.18955419166312,-118.592,0.0
CAN_SUB_LNODEONB,34.189472904155366,-118.59194326369176,0.0
CAN_SUB_LNODEONC,34.189472904155366,-118.59205673630824,0.0
CARRIZO_LNODEHILL,35.38048201522088,-120.04019467441788,0.0
CARRIZO_LNODEZOT1,35.38048201522088,-120.04030932558213,0.0
CAR_SM_LNODENE1,38.642773175556165,-121.3294330286556,0.0
CAR_SM_LNODENE2,38.64259349099788,-121.32943302894401,0.0
CAR_SM_LNODENE3,38.64259349099788,-121.329663082168,0.0
CAR_SM_LNODENE4,38.642773175556165,-121.3296630824564,0.0
CASTLE_LNODEDR1,37.36195490350885,-120.56264978595905,0.0
CASTLE_LNODEDR2,37.36187666885442,-120.5625929569803,0.0
CASTLE_LNODEDR3,37.36179843428164,-120.56264978607754,0.0
CASTLE_LNODEDR4,37.36179843428164,-120.56276344403506,0.0
CASTLE_LNODEDR5,37.36187666885442,-120.5628202731323,0.0
CASTLE_LNODEDR6,37.36195490350885,-120.56276344415355,0.0
CAS_PP_LNODE1AUX,34.58742309555189,-118.65687780855163,0.0
CAS_PP_LNODE2AUX,34.587488904018386,-118.65680245963806,0.0
CAS_PP_LNODE3AUX,34.58753171916694,-118.65670569917606,0.0
CAS_PP_LNODE4AUX,34.58754852361777,-118.65659776098718,0.0
CAS_PP_LNODE5AUX,34.58753896054594,-118.65648852558515,0.0
CAS_PP_LNODE6AUX,34.587504830707275,-118.65638679740337,0.0
CEN_SUB_LNODEONB,33.948054083699034,-118.255,0.0
CEN_SUB_LNODEONC,33.94797295813763,-118.25494353789466,0.0
CEN_SUB_LNODEOND,33.94797295813763,-118.25505646210534,0.0
CERES_LNODEDR1,37.6088562120824,-120.956729570412,0.0
CERES_LNODEDR3,37.6089710504,-120.956595705015,0.0
CERES_LNODEDR4,37.6089019185376,-120.956592000755,0.0
CERES_LNODEDR5,37.6087606610128,-120.956712881849,0.0
CERES_LNODEDR7,37.6089324750351,-120.956712057352,0.0
CERES_LNODEDR8,37.6090011903052,-120.956714357349,0.0
CHC_LNODE31A,38.95999999998579,-120.89994237638588,0.0
CHC_LNODE33A,38.95999999998579,-120.90005762361412,0.0
CIG_SM_LNODESS,38.44522299433728,-121.46160277845912,0.0
CLARIBEL_LNODEGFP,37.71028,-120.9688,0.0
CLOUGH_LNODEIYF,37.62761111,-120.9751667,0.0
CLOUGH_LNODEYBR,37.62761110994497,-120.97505251712948,0.0
COLLEG_LNODEDR1,37.6091056801805,-120.992876143573,0.0
COLLEG_LNODEDR2,37.6091096218649,-120.992789582042,0.0
COLLEG_LNODEDR5,37.6090266914486,-120.992698116343,0.0
COLLEG_LNODER15,37.6090419641747,-120.993034819943,0.0
COMMONS_LNODEDR1,37.6091045275098,-120.992962913259,0.0
COMMONS_LNODEDR3,37.5166183000533,-120.867554724081,0.0
COMMONS_LNODEDR4,37.516699044633,-120.867555122205,0.0
COMMONS_LNODEDR5,37.5164895041446,-120.867550987033,0.0
COMMONS_LNODEDR7,37.5165532160667,-120.867553025577,0.0
COMMONS_LNODEDR8,37.5008689404211,-120.913270146673,0.0
COOPER_LNODEDR1,37.3189566034476,-120.5119493179366,0.0
COOPER_LNODEDR2,37.31895660339336,-120.51183575699493,0.0
COOPER_LNODEDR3,37.318866291449055,-120.51183575713138,0.0
COOPER_LNODEDR4,37.318802431310424,-120.51191605677509,0.0
COOPER_LNODEDR5,37.318787159360575,-120.51202798203006,0.0
COOPER_LNODEDR6,37.31881843902539,-120.51213451388375,0.0
COOPER_LNODEDR7,37.318884305211256,-120.51221220923813,0.0
COOPER_LNODEDR8,37.318969657813994,-120.51224932323211,0.0
COOPER_LNODEDR9,37.31905983488123,-120.51224311913526,0.0
COOPER_LNODER14,37.31914244338007,-120.5121972257278,0.0
COOPER_LNODER15,37.31920816147405,-120.51211933201114,0.0
COOPER_LNODER16,37.31925091782716,-120.51201930357878,0.0
COOPER_LNODER17,37.31926769919903,-120.51190771989396,0.0
CORTEZ_LNODEDR1,37.5005587104299,-120.913235680039,0.0
CORTEZ_LNODEDR3,37.5007571927422,-120.913267914805,0.0
CORTEZ_LNODEDR5,37.5006522266335,-120.913263660994,0.0
CORTEZ_LNODEDR6,37.5008124927682,-120.913424010622,0.0
CORTEZ_LNODEDR7,37.5007095209272,-120.913352769965,0.0
COR_LNODENE1,38.55393333331922,-121.20798139654603,0.0
COR_LNODENE3,38.55393333331922,-121.20809638123197,0.0
CPP_LNODESS1,38.3383555554995,-121.12458988828622,0.0
CPP_LNODESS2,38.33844566948052,-121.124475,0.0
CRABTREE_LNODENK1,37.64506,-120.60683,0.0
CROWLNDG_LNODEDR1,37.4627004272953,-120.740076630976,0.0
CROWLNDG_LNODEDR3,37.462786962981,-120.740080933369,0.0
CROWLNDG_LNODEDR4,37.462613876709,-120.740078364387,0.0
CROWLNDG_LNODEDR5,37.4625421344261,-120.740074305354,0.0
CROWLNDG_LNODEDR7,37.4627827502437,-120.740270351347,0.0
CSG_LNODESS,38.51068967879612,-121.47509029333828,0.0
DONPEDRO_LNODENSS,37.6962503274167,-120.4206077500803,0.0
ECY_LNODE101,38.55445658675582,-121.43093112608555,0.0
ECY_LNODE102,38.55427674646514,-121.4309311263732,0.0
ECY_LNODE103,38.55427674646514,-121.43116109584881,0.0
ECY_LNODE104,38.55445658675582,-121.43116109613645,0.0
ELK_SM_LNODENE2,38.37273738362873,-121.354256944444,0.0
ELK_SM_LNODENE7,38.37265630817043,-121.35419723840097,0.0
ELK_SM_LNODENE8,38.37265630817043,-121.35431665048702,0.0
ELV_LNODENE1,38.71426666661026,-121.47683299057677,0.0
ELV_LNODENE2,38.71418891290697,-121.47689052312896,0.0
ELV_LNODENE3,38.71418891290697,-121.47700558798303,0.0
ELV_LNODENE4,38.71426666661026,-121.47706312053523,0.0
ELV_LNODENE5,38.71434442039811,-121.4770055881082,0.0
ELV_LNODENE6,38.71434442039811,-121.4768905230038,0.0
FAIRGRND_LNODEDR1,37.5006945896515,-120.867048786933,0.0
FAIRGRND_LNODEDR3,37.5005735349484,-120.866718665766,0.0
FAIRGRND_LNODEDR4,37.5005721589657,-120.866803820595,0.0
FAIRGRND_LNODEDR5,37.5005181954718,-120.867051337755,0.0
FAIRGRND_LNODEDR7,37.5005718981617,-120.866887330714,0.0
FAIRGRND_LNODEDR8,37.5005716373084,-120.866970837622,0.0
FAR_SUB_LNODEONA,34.03809021316632,-118.37089113436087,0.0
FAR_SUB_LNODEONB,34.0379097867377,-118.37089113459244,0.0
FAR_SUB_LNODEONC,34.0379097867377,-118.37110886540755,0.0
FAR_SUB_LNODEOND,34.03809021316632,-118.37110886563912,0.0
FINNEY_LNODESNV,37.627520677678156,-120.9751667,0.0
FIREHOUS_LNODEBUSH,34.8569,-114.6245,0.0
FIY_LNODE0LD,38.762778,-121.356944,0.0
FRA_SM_LNODENE1,38.38101134187077,-121.4768906014164,0.0
FRA_SM_LNODENE2,38.380933333277234,-121.47683314740071,0.0
FRA_SM_LNODENE3,38.38085532476781,-121.47689060154032,0.0
FRA_SM_LNODENE4,38.38085532476781,-121.47700550957168,0.0
FRA_SM_LNODENE5,38.380933333277234,-121.47706296371129,0.0
FRA_SM_LNODENE6,38.38101134187077,-121.4770055096956,0.0
FREDONIA_LNODELD,34.1733,-114.574,0.0
FSTREET_LNODEDR1,37.4895796064313,-120.838424090027,0.0
FSTREET_LNODEDR3,37.4896984214952,-120.838270217479,0.0
FSTREET_LNODEDR4,37.4896152090171,-120.838173674241,0.0
FSTREET_LNODEDR5,37.4894938869083,-120.83833925837,0.0
FTL_LNODENE1,38.69308721315885,-121.348651111111,0.0
FTL_LNODENE2,38.693006393405355,-121.34859132777218,0.0
FTL_LNODENE3,38.693006393405355,-121.34871089444981,0.0
GEER_LNODEDR1,37.52250334748,-120.843709746797,0.0
GEER_LNODEDR2,37.5224993081714,-120.843588348711,0.0
GEER_LNODEDR3,37.5224318250334,-120.843496861832,0.0
GEER_LNODEDR4,37.5224297824039,-120.843426269924,0.0
GEER_LNODEDR5,37.5224263420376,-120.843557323915,0.0
GEER_LNODEDR7,37.5224225565731,-120.843630755159,0.0
GEER_LNODEDR8,37.522425898329,-120.843709042834,0.0
GILSTRAP_LNODEDR1,37.5800948624588,-120.975549487551,0.0
GILSTRAP_LNODEDR3,37.5801662132492,-120.9757670064,0.0
GILSTRAP_LNODEDR5,37.5799830759229,-120.975550499689,0.0
GILSTRAP_LNODEDR7,37.58017229934,-120.975552395649,0.0
GILSTRAP_LNODEDR8,37.5801700030066,-120.975645212521,0.0
GILSTRAP_LNODER17,37.5801611951015,-120.976018315921,0.0
GLENSHIR_LNODERE,39.352238,-120.08626,0.0
HAL_SUB_LNODEON1,33.84769999998815,-118.30334578612137,0.0
HAL_SUB_LNODEONA,33.84769999998815,-118.30345421387864,0.0
HAR_GS_LNODE10AUX,33.77070285420546,-118.26588005129787,0.0
HAR_GS_LNODE11AUX,33.770785160786886,-118.2658363056699,0.0
HAR_GS_LNODE12AUX,33.77085063868779,-118.26576205737284,0.0
HAR_GS_LNODE13AUX,33.770893238769126,-118.26566671029164,0.0
HAR_GS_LNODE14AUX,33.77090995880947,-118.26556034876025,0.0
HAR_GS_LNODE1AUX,33.770900443776654,-118.26545270896402,0.0
HAR_GS_LNODE2AUX,33.770866485380765,-118.26535246672638,0.0
HAR_GS_LNODE5AUX,33.77081149182394,-118.26526678898045,0.0
HAR_SUB_LNODEONA,33.77073997374512,-118.26520109800133,0.0
HAR_SUB_LNODEONB,33.77065707494083,-118.26515900180253,0.0
HAR_SUB_LNODEONC,33.77056816417163,-118.26514234955444,0.0
HAWKINS_LNODEDR1,37.5799617816957,-120.645598336747,0.0
HAWKINS_LNODEDR3,37.5799481743814,-120.645311774451,0.0
HAWKINS_LNODEDR5,37.5798175544824,-120.645562968772,0.0
HAWKINS_LNODEDR7,37.5799502934699,-120.645479899093,0.0
HAY_GS_LNODE10AUX,33.765034221459466,-118.09919670179296,0.0
HAY_GS_LNODE12AUX,33.76505094051277,-118.09909035381168,0.0
HAY_GS_LNODE14AUX,33.765041426041684,-118.09898272772843,0.0
HAY_GS_LNODE15AUX,33.7650074696504,-118.0988824982613,0.0
HAY_GS_LNODE9AUX,33.7649524793399,-118.09879683143038,0.0
HAY_LNODESS1,33.76488096548275,-118.09873114881994,0.0
HAY_LNODESS2,33.76479807157197,-118.09868905798392,0.0
HED_LNODENE1,38.50998333327719,-121.35563197930773,0.0
HED_LNODENE2,38.50989337309517,-121.35563197945136,0.0
HED_LNODENE3,38.50982976169183,-121.355713272007,0.0
HED_LNODENE4,38.50981454922492,-121.35582658122124,0.0
HED_LNODENE5,38.509845707051696,-121.35593443034743,0.0
HED_LNODENE6,38.509911316684935,-121.35601308641768,0.0
HED_LNODENE7,38.50999633683837,-121.3560506593429,0.0
HED_LNODENE8,38.51008616266924,-121.35604437854579,0.0
HERSHEY_LNODESLL,37.75083,-120.8453,0.0
HERSHEY_LNODEXF1,37.7508299999447,-120.8451856244636,0.0
HERSHEY_LNODEXF2,37.75073956547022,-120.8453,0.0
HERSHEY_LNODEXF3,37.7508299999447,-120.84541437553641,0.0
HERSHEY_LNODEXF4,37.750920434529704,-120.8453,0.0
HILMAR_LNODEDR1,37.4189785637285,-120.849304571346,0.0
HILMAR_LNODEDR2,37.4188603223578,-120.849075716434,0.0
HILMAR_LNODEDR4,37.4189333711687,-120.849077780203,0.0
HILMAR_LNODEDR5,37.4188652133943,-120.849148221032,0.0
HILMAR_LNODEDR7,37.4188555229834,-120.849223847561,0.0
HILMAR_LNODEDR8,37.418956,-120.848996,0.0
HILMAR_LNODER17,37.4189123657556,-120.849307362712,0.0
HUGHSON_LNODEDR1,37.5949433309328,-120.846755674049,0.0
HUGHSON_LNODEDR2,37.5949478453779,-120.846639431615,0.0
HUGHSON_LNODEDR3,37.5948895849844,-120.846669736494,0.0
HUGHSON_LNODEDR4,37.5949564824944,-120.846831604577,0.0
HUGHSON_LNODEDR5,37.594883530932,-120.846800432358,0.0
HUGHSON_LNODEDR8,37.5948895004896,-120.84669840193,0.0
HURLEY_LNODE12LD3,38.587283,-121.418244,0.0
HUR_LNODENE1,38.58818333333333,-121.418666944444,0.0
HUR_LNODENE2,38.58818333327699,-121.41855194404475,0.0
HUR_LNODENE3,38.58810548632912,-121.41860944430671,0.0
HUR_LNODENE4,38.58810548632912,-121.41872444458129,0.0
HUR_LNODENE5,38.58818333327699,-121.41878194484326,0.0
HUR_LNODENE7,38.58826118030932,-121.41872444470597,0.0
HUR_LNODENE8,38.58826118030932,-121.41860944418204,0.0
HWD_SUB_LNODEONA,34.088090251059334,-118.34689102435425,0.0
HWD_SUB_LNODEONB,34.0879097488445,-118.34689102458658,0.0
HWD_SUB_LNODEONC,34.0879097488445,-118.34710897541342,0.0
HWD_SUB_LNODEOND,34.088090251059334,-118.34710897564575,0.0
INDUSTRL_LNODEDR1,37.4786063003132,-120.866935168966,0.0
INDUSTRL_LNODEDR2,37.4784258031614,-120.866836967643,0.0
INDUSTRL_LNODEDR3,37.4784244272802,-120.866662034426,0.0
INDUSTRL_LNODEDR5,37.4785292936467,-120.866935824384,0.0
INDUSTRL_LNODEDR7,37.4784403782944,-120.866928290638,0.0
INDUSTRL_LNODEDR8,37.4784247171011,-120.866748607625,0.0
KIERNAN_LNODETUB,37.71047,-121.0139,0.0
KNA_LNODENA2,40.654722,-122.389167,0.0
LADDCM_LNODEARD,37.73258,-121.01392,0.0
LAGRANG_LNODEOAD,37.6697612035926,-120.443808701526,0.0
LAK_SM_LNODENE2,38.658077794318025,-121.13012359377534,0.0
LAK_SM_LNODENE3,38.65799999994368,-121.13006607656462,0.0
LAK_SM_LNODENE4,38.657922205653776,-121.13012359390028,0.0
LAK_SM_LNODENE6,38.657922205653776,-121.13023862832172,0.0
LAK_SM_LNODENE7,38.65799999994368,-121.13029614565738,0.0
LAK_SM_LNODENE8,38.658077794318025,-121.13023862844666,0.0
LAPHAM_LNODEQBZ,37.639494,-120.919982,0.0
LAPHAM_LNODEXBC,37.63949399994495,-120.91986779708742,0.0
LAWRENCE_LNODEENCE,37.397297356679005,-122.010126,0.0
LINCON_LNODECRZ,37.63940356621228,-120.91986779722644,0.0
LINCON_LNODEFCN,37.639339619957,-120.91994855081084,0.0
MARPOS_LNODEKSA,37.63932432741219,-120.92006110878681,0.0
MARPOS_LNODENOX,37.63935564925701,-120.92016824287315,0.0
MARSHALL_LNODEDR1,37.43587720766,-121.132527674588,0.0
MARSHALL_LNODEDR2,37.4358760484777,-121.13220043951,0.0
MARSHALL_LNODEDR3,37.4358798082574,-121.132682875263,0.0
MARSHALL_LNODEDR4,37.4358789493306,-121.132046059332,0.0
MARSHALL_LNODEDR5,37.4358787251639,-121.131895544498,0.0
MARSHALL_LNODER8C,37.435876146414,-121.132374308977,0.0
MCC_LNODEMCC,38.63008971070796,-121.51320976638306,0.0
MCY_LNODE101,38.563116666666666,-121.464371944444,0.0
MCY_LNODE102,38.563116666610455,-121.4642569555954,0.0
MCY_LNODE103,38.56302675430868,-121.46425695573926,0.0
MCY_LNODE104,38.562963176761876,-121.46433826506194,0.0
MCY_LNODE105,38.562947972391605,-121.46445159764659,0.0
MCY_LNODE106,38.5629791136348,-121.46455946901716,0.0
MCY_LNODE107,38.56304468834792,-121.46463814131086,0.0
MCY_LNODE108,38.56312966325024,-121.46467572198618,0.0
MEYERS_LNODE31,38.877195,-119.986125,0.0
MEYERS_LNODE32,38.87719499994345,-119.98600982501117,0.0
MEYERS_LNODE33,38.87710533707398,-119.986125,0.0
MEYERS_LNODE34,38.87719499994345,-119.98624017498884,0.0
MEYERS_LNODE35,38.87728466292607,-119.986125,0.0
MINNIER_LNODEJFF,37.71289,-120.93858,0.0
MKT_SUB_LNODEONA,34.0434902173762,-118.24599112234871,0.0
MKT_SUB_LNODEONB,34.04330978252786,-118.24599112258036,0.0
MKT_SUB_LNODEONC,34.04330978252786,-118.24620887741963,0.0
MKT_SUB_LNODEOND,34.0434902173762,-118.24620887765128,0.0
MONTPELR_LNODEDR3,37.5513950204046,-120.771210942368,0.0
MONTPELR_LNODEDR4,37.5513208784333,-120.77132554154,0.0
MONTPELR_LNODEDR5,37.5513203022304,-120.771217224249,0.0
MONTPELR_LNODEDR7,37.551320342333,-120.771557696814,0.0
MONTPELR_LNODEDR8,37.5513195014288,-120.771445581179,0.0
NAT_LNODENE1,38.65097779957077,-121.48672359559271,0.0
NAT_LNODENE2,38.65089999994365,-121.48666608019934,0.0
NAT_LNODENE3,38.650822200401045,-121.48672359571763,0.0
NAT_LNODENE4,38.650822200401045,-121.48683862650437,0.0
NAT_LNODENE5,38.65089999994365,-121.48689614202266,0.0
NAT_LNODENE6,38.65097779957077,-121.4868386266293,0.0
NEWELL_LNODEWELL,41.888139999984205,-121.37845028379793,0.0
NR_SUB_LNODEONA,34.22909034238915,-118.54339073176756,0.0
NR_SUB_LNODEONB,34.228909657513995,-118.54339073200198,0.0
NR_SUB_LNODEONC,34.228909657513995,-118.54360926799801,0.0
NR_SUB_LNODEOND,34.22909034238915,-118.54360926823244,0.0
OAKDAL_LNODEMTS,37.66746999998627,-120.95814287556452,0.0
OAKDAL_LNODENDN,37.66746999998627,-120.95825712443548,0.0
OLY_SUB_LNODEONA,34.03409021003063,-118.45989114327803,0.0
OLY_SUB_LNODEONB,34.03390978987338,-118.45989114350952,0.0
OLY_SUB_LNODEONC,34.03390978987338,-118.46010885649046,0.0
OLY_SUB_LNODEOND,34.03409021003063,-118.46010885672197,0.0
OREGON_LNODENK1,37.63168999998624,-120.9742429051075,0.0
OREGON_LNODENK2,37.63168999998624,-120.9743570948925,0.0
ORV_LNODENE1,38.68455,-121.267326944444,0.0
ORV_LNODENE2,38.68454999994364,-121.26721189591703,0.0
ORV_LNODENE3,38.68446019318104,-121.26721189606141,0.0
ORV_LNODENE4,38.68439669026182,-121.26729324758281,0.0
ORV_LNODENE5,38.68438150373832,-121.26740663898543,0.0
ORV_LNODENE6,38.6844126084275,-121.26751456633991,0.0
ORV_LNODENE7,38.6844781061685,-121.26759327946426,0.0
ORV_LNODENE8,38.68456298132683,-121.2676308796447,0.0
OVES_SUB_LNODEBKB,37.43792099998635,-118.55704491120122,0.0
OVES_SUB_LNODEBKC,36.443,-118.0438,0.0
OVES_SUB_LNODEBKD,37.342,-118.441,0.0
PANAMA_LNODECOUERCRK1,35.29548699213203,-119.02146768568419,0.0
PANAMA_LNODECOUERCRK2,35.29548699213203,-119.02158231431581,0.0
PARADS_LNODEFEG,37.69046956305469,-121.02049571463989,0.0
PARADS_LNODEKHB,37.6904056145667,-121.02057652662188,0.0
PGG_LNODESS1,38.531716666610464,-121.39934830807131,0.0
PGG_LNODESS2,38.531794557439916,-121.39929082076439,0.0
PIONEER_LNODEBUS,37.39756017328021,-120.7270641608972,0.0
PIONEER_LNODEDR1,37.39756017322573,-120.72695042442128,0.0
PIONEER_LNODEDR2,37.3974698163648,-120.7269504245584,0.0
PIONEER_LNODEDR3,37.3974059244655,-120.72703084832322,0.0
PIONEER_LNODEDR4,37.39739064492007,-120.72714294658331,0.0
PIONEER_LNODEDR5,37.39742194014138,-120.72724964310564,0.0
PIONEER_LNODEDR6,37.397487839085414,-120.72732745855615,0.0
PIONEER_LNODEDR7,37.39757323413797,-120.72736462991926,0.0
PIONEER_LNODEDR8,37.397663456054794,-120.72735841623376,0.0
PIONEER_LNODEDR9,37.39774610563929,-120.72731245188831,0.0
PIONEER_LNODER15,37.397811856418734,-120.72723443776906,0.0
PLANETRN_LNODEANET,34.16127269818337,-114.38177086876138,0.0
POC_LNODENE2,38.490383333333334,-121.470263055556,0.0
POC_LNODENE3,38.49038333327713,-121.4701480990094,0.0
POC_LNODENE4,38.490293355392375,-121.470263055556,0.0
POC_LNODENE7,38.49038333327713,-121.47037801210259,0.0
POC_LNODENE8,38.49047331127424,-121.470263055556,0.0
POUST_LNODEIGQ,37.6903903214879,-121.02068916599474,0.0
POUST_LNODELD2,37.69042164442615,-121.02079637755577,0.0
PP1_LNODEOAD,34.59026131985074,-118.4546210726575,0.0
PP1_PP2_LNODELMW,34.59026131985074,-118.4547309273425,0.0
PP2_LNODEAUX,34.53433699995089,-118.52522278142764,0.0
PP2_LNODEOAD,34.534427436468654,-118.525113,0.0
PRSCOT_LNODEAEJ,37.69048760173528,-121.02087456863451,0.0
PRSCOT_LNODETKD,37.69057307242136,-121.0209119194331,0.0
PTR_PP_LNODEROM,35.24801901925079,-118.1756473615291,0.0
REINWY_LNODEGME,37.63942160426353,-120.92024637744797,0.0
REINWY_LNODEQAC,37.6395070719657,-120.92028370125492,0.0
RESERVR_LNODEFFW,37.651919999986276,-120.67483288823061,0.0
RESERVR_LNODEPMW,37.651919999986276,-120.67494711176938,0.0
RIN_SUB_LNODEONA,34.28105422156671,-118.479,0.0
RIN_SUB_LNODEONB,34.28097288920359,-118.47894317065887,0.0
RIN_SUB_LNODEONC,34.28097288920359,-118.47905682934115,0.0
RIOHONDO_LNODEONDO,34.1060249207417,-117.97952664559254,0.0
ROEDING_LNODEDR1,37.587341764588,-120.935901626126,0.0
ROEDING_LNODEDR2,37.5872777703549,-120.935976143427,0.0
ROEDING_LNODEDR3,37.5871231822836,-120.935612409,0.0
ROEDING_LNODEDR5,37.5870085148256,-120.935981028585,0.0
ROEDING_LNODEDR6,37.5871259671814,-120.935792411292,0.0
ROEDING_LNODEDR7,37.5871257817397,-120.935692486018,0.0
ROGERS_LNODEDR1,37.4749114287345,-121.178218328626,0.0
ROGERS_LNODEDR2,37.4751811958932,-121.178206809282,0.0
ROGERS_LNODEDR3,37.4750639771164,-121.17821700138,0.0
ROGERS_LNODEDR5,37.4748414013345,-121.178225065561,0.0
ROGERS_LNODEDR7,37.4749721097043,-121.178220428168,0.0
ROSELE_LNODEHMV,37.68013999998623,-120.94014286544196,0.0
ROSELE_LNODERLV,37.68013999998623,-120.94025713455804,0.0
RSM_SUB_LNODEONB,34.244054210355124,-118.392,0.0
RSM_SUB_LNODEONC,34.24397289480934,-118.39194320739797,0.0
RSM_SUB_LNODEOND,34.24397289480934,-118.39205679260202,0.0
SANTAFE_LNODEPLNT,38.77997308074166,-122.67005981025191,0.0
SCA_GS_LNODE1AUX,33.91807886040714,-118.42789938920775,0.0
SCA_GS_LNODE2AUX,33.91816402577284,-118.42793487934084,0.0
SCA_GS_LNODE4AUX,33.91825400500674,-118.42792894664778,0.0
SCA_GS_LNODE5AUX,33.91833643226557,-118.42788506116258,0.0
SCA_GS_LNODE6AUX,33.91840200617013,-118.42781057548723,0.0
SCA_GS_LNODE7AUX,33.91844466871178,-118.42771492357166,0.0
SCA_LA_LNODE3SS,33.91846141326686,-118.42760822199088,0.0
SCA_SUB_LNODEONA,33.918451884282646,-118.42750023805854,0.0
SCA_SUB_LNODEONB,33.91841787609632,-118.42739967533626,0.0
SCY_LNODE102,38.508556628165735,-121.46418309094265,0.0
SCY_LNODE103,38.50837670505527,-121.4641830912299,0.0
SCY_LNODE105,38.50837670505527,-121.4644130198821,0.0
SCY_LNODE106,38.508556628165735,-121.46441302016935,0.0
SNROSA_LNODEMEA,37.5099999999863,-121.22994301594794,0.0
SNROSA_LNODEYWX,37.5099999999863,-121.23005698405206,0.0
SOUTH_LNODE108,40.39538221,-121.8791458,0.0
SOUTH_LNODE204,40.39538220993951,-121.87902727370097,0.0
SOUTH_LNODEC542,40.39529194143137,-121.87902727385986,0.0
SOUTH_LNODEC544,40.39522811201244,-121.87911108453021,0.0
SOUTH_LNODEC546,40.39521284740522,-121.87922790359386,0.0
SOUTH_LNODEC547,40.39524411201219,-121.8793390934442,0.0
SOUTH_LNODEC548,40.39530994650243,-121.87942018597366,0.0
SOUTH_LNODEC549,40.395395258043976,-121.87945892278287,0.0
SOUTH_LNODEC550,40.3954853917418,-121.8794524474595,0.0
SOUTH_LNODEC552,40.39556796052161,-121.87940454742642,0.0
SQAWVLY_LNODE01,39.20568653401713,-120.20123845453338,0.0
SQAWVLY_LNODE81,39.20550746586879,-120.20123845482796,0.0
SQAWVLY_LNODE82,39.20550746586879,-120.20146954517205,0.0
SQAWVLY_LNODE83,39.20568653401713,-120.20146954546662,0.0
STATELN_LNODE01,38.95238461856907,-119.94181675988908,0.0
STATELN_LNODE22,38.952205381317675,-119.94181676018052,0.0
STATELN_LNODE23,38.952205381317675,-119.94204723981947,0.0
STATELN_LNODELY,38.95238461856907,-119.94204724011091,0.0
STB_LNODE201,38.57233333333333,-121.483291944444,0.0
STB_LNODE202,38.57233333327705,-121.48317695138249,0.0
STB_LNODE203,38.57224342921349,-121.48317695152639,0.0
STB_LNODE204,38.57217985749196,-121.48325826382802,0.0
STB_LNODE205,38.572164654514715,-121.48337160056485,0.0
STB_LNODE206,38.57219579290459,-121.48347947588752,0.0
STB_LNODE207,38.5722613616095,-121.48355815106362,0.0
STB_LNODE208,38.57234632872595,-121.48359573311588,0.0
STB_LNODE209,38.57243609852223,-121.48358945079376,0.0
STB_LNODE210,38.57251833393617,-121.48354297863219,0.0
STB_LNODE211,38.572583755229644,-121.4834641025941,0.0
STB_LNODE212,38.57262631848412,-121.48336281268834,0.0
STDDRD_LNODECEA,37.704079999986206,-121.06864284680097,0.0
STDDRD_LNODEWZO,37.704079999986206,-121.06875715319903,0.0
STD_LNODENE1,38.57225,-121.500568888889,0.0
STD_LNODENE2,38.572249999943736,-121.50045389586575,0.0
STD_LNODENE4,38.57217214071853,-121.50051139243968,0.0
STD_LNODENE5,38.57217214071853,-121.50062638533832,0.0
STD_LNODENE6,38.572249999943736,-121.50068388191225,0.0
STD_LNODENE7,38.57232785925329,-121.50062638546294,0.0
STD_LNODENE8,38.57232785925329,-121.50051139231506,0.0
STE_SM_LNODE301,38.58631666666667,-121.472838888889,0.0
STE_SM_LNODE302,38.586316666610415,-121.47272388936047,0.0
STE_SM_LNODE303,38.58622677499287,-121.47272388950444,0.0
STE_SM_LNODE304,38.58616321207191,-121.47280520637891,0.0
STE_SM_LNODE305,38.58614801119931,-121.4729185494895,0.0
STE_SM_LNODE306,38.58617914527848,-121.47302643087885,0.0
STE_SM_LNODE307,38.58624470490619,-121.47310511047952,0.0
STE_SM_LNODE308,38.586329660260105,-121.47314269464546,0.0
STE_SM_LNODE309,38.58641941762905,-121.47313641197016,0.0
STJ_SUB_LNODEONB,34.067054141297895,-118.226,0.0
STJ_SUB_LNODEONC,34.06697292933807,-118.22594339850212,0.0
STJ_SUB_LNODEOND,34.06697292933807,-118.22605660149787,0.0
STOCKM_LNODEVZF,37.62761110994497,-120.9752808828705,0.0
STOCKM_LNODEXFA,37.62770154232185,-120.9751667,0.0
STURLOCK_LNODEDR3,37.4835881458663,-120.846727672541,0.0
STURLOCK_LNODEDR4,37.4835360336794,-120.846797393384,0.0
STURLOCK_LNODEDR7,37.4834830942642,-120.846867453726,0.0
STURLOCK_LNODER13,37.483522165007,-120.846657059231,0.0
TAHOCTY_LNODE01,39.165971540038264,-120.14445351203682,0.0
TAHOCTY_LNODE71,39.16579245984778,-120.14445351233086,0.0
TAHOCTY_LNODE72,39.16579245984778,-120.14468448766914,0.0
TAHOCTY_LNODE73,39.165971540038264,-120.14468448796318,0.0
TAR_SUB_LNODEONA,34.17905418777958,-118.544,0.0
TAR_SUB_LNODEONB,34.1789729060972,-118.54394327481864,0.0
TAR_SUB_LNODEONC,34.1789729060972,-118.54405672518136,0.0
TAYLOR_LNODEDR1,37.5369331958297,-120.809398426319,0.0
TAYLOR_LNODEDR5,37.5369383829719,-120.809348192848,0.0
TAYLOR_LNODEDR7,37.536937531095,-120.809217269976,0.0
TAYLOR_LNODEDR8,37.5369366699963,-120.809289591436,0.0
TOL_SUB_LNODEONA,34.175740310821865,-118.36069083905292,0.0
TOL_SUB_LNODEONB,34.1755596890815,-118.36069083928658,0.0
TOL_SUB_LNODEONC,34.1755596890815,-118.36090916071342,0.0
TOL_SUB_LNODEOND,34.175740310821865,-118.36090916094707,0.0
TRUCKEE_LNODE02,39.33035113989209,-120.18113485420918,0.0
TRUCKEE_LNODE03,39.33035113989209,-120.18125514579083,0.0
UCD_LNODEUCD,38.5504,-121.449568888889,0.0
VAL_GS_LNODE5AUX,34.24482148241572,-118.3914027121072,0.0
VAL_GS_LNODE6AUX,34.24485277566131,-118.39150524618782,0.0
VAL_GS_LNODE7AUX,34.24491867043375,-118.39158002588233,0.0
VAL_GS_LNODE8AUX,34.245004060069334,-118.391615747079,0.0
VAL_LNODELSS,34.24509427625119,-118.39160977576542,0.0
VEL_SUB_LNODEONA,34.01555411723447,-118.204,0.0
VEL_SUB_LNODEONB,34.01547294136984,-118.20394345800285,0.0
VEL_SUB_LNODEONC,34.01547294136984,-118.20405654199715,0.0
VN_SUB_LNODEONA,34.18009031354033,-118.44489083013903,0.0
VN_SUB_LNODEONB,34.17990968636295,-118.44489083037274,0.0
VN_SUB_LNODEONC,34.17990968636295,-118.44510916962726,0.0
VN_SUB_LNODEOND,34.18009031354033,-118.44510916986097,0.0
WASHNGT_LNODEDR1,37.4893772928244,-120.903967825898,0.0
WASHNGT_LNODEDR2,37.4895172164325,-120.904092990936,0.0
WASHNGT_LNODEDR3,37.4894692627508,-120.903968029781,0.0
WASHNGT_LNODEDR4,37.489297130992,-120.993988447763,0.0
WASHNGT_LNODEDR5,37.4894207521695,-120.904091725093,0.0
WASHNGT_LNODEDR6,37.4892474344412,-120.904090188054,0.0
WASHNGT_LNODEDR7,37.4892029595549,-120.903964429204,0.0
WASHNGT_LNODER15,37.4893341220127,-120.90409199878,0.0
WEC_SY_LNODEUX1,37.4878752249074,-120.89565231921667,0.0
WEC_SY_LNODEUX2,37.4878752249074,-120.89576624369113,0.0
WELFLDPM_LNODELPMP,34.16127269818337,-114.38198913123861,0.0
WELFLDPM_LNODERALS,34.16145330172,-114.38198913147205,0.0
WESTPORT_LNODEDR1,37.5225825838401,-120.993998352649,0.0
WESTPORT_LNODEDR3,37.5223769944682,-120.993990429526,0.0
WESTPORT_LNODEDR5,37.5225172095941,-120.993995815213,0.0
WESTPORT_LNODEDR7,37.5224455031416,-120.903973009416,0.0
WIL_SUB_LNODEONB,33.797999999988214,-118.25794584458627,0.0
WIL_SUB_LNODEONC,33.797999999988214,-118.25805415541372,0.0
