node_id,lat,lon,price_dp
12TH_S_LNODENMZ,37.63715677998629,-120.99316020050249,-5.24331
12TH_S_LNODEXWQ,37.63715677998629,-120.99327439949751,-5.24331
8TH_ST_LNODEBXG,37.64197726998626,-121.00603849646912,-5.24331
8TH_ST_LNODELZF,37.64197726998626,-121.00615270353089,-5.24331
AEC300_1_N001,37.74,-121.48,0.97866
AGNEW_1_N003,37.51,-121.84,2.59416
AIRPROD_1_N001,36.65,-119.54,-7.77232
AIR_SUB_LNODENAA,33.96205409081493,-118.376,-4.78552
AIR_SUB_LNODENAB,33.961972954579615,-118.37594352117388,-4.78603
AIR_SUB_LNODEONC,33.961972954579615,-118.37605647882611,-4.78552
ALAMITOS_2_N001,33.771584,-118.100596,-8.34938
ALAMITOS_2_N040,33.77,-118.1,-8.34938
ALAMT1G_7_N002,33.77149401717401,-118.1004877514908,-8.34938
ALAMT2G_7_N002,33.771415173499584,-118.10067098425147,-8.34938
ALAMT3G_7_N002,33.77144633917227,-118.10077253262283,-8.34938
ALAMT4G_7_N002,33.771511965310076,-118.10084659342048,-8.34938
ALAMT5G_7_N002,33.771597006833865,-118.1008819712055,-8.34938
ALAMT6G_7_N002,33.77176916262267,-118.10083231072662,-8.34938
ALHAMBRA_1_N001,37.99408499998608,-122.13031167024367,1.01084
ALHAMBRA_1_N002,37.99408499998608,-122.13042632975633,1.01084
ALLEGHNY_6_N001,39.464893,-120.844946,-0.07036
ALMADEN_6_N001,37.26027,-121.890082,3.51503
ALMOND_LNODEAUX,37.574202045609525,-120.98511610244,-5.19002
ALPAUGH_7_N002,35.963463732836644,-119.456796,-6.15493
ALPINE_6_N001,32.82778299998866,-116.78987271391081,-8.07029
ALPINE_6_N005,32.82778299998866,-116.78997928608918,-8.07029
ALTO_6_N001,37.89825299998615,-122.52430271885964,0.72645
ALTO_6_N101,37.89825299998615,-122.52441728114036,0.72645
ALTTA_BP_LNODEPRT,41.51205899998436,-120.5236838478691,-5.09867
ALTTA_BP_LNODETON,41.51205899998436,-120.5238041521309,-5.09867
AMERIGAS_1_N001,38.43,-121.79,0.5347
AMESBS_1_N004,37.41751022008469,-122.066192,2.70701
AMESBS_1_N101,37.41742888994297,-122.06613287861066,2.70701
AMESDST_1_N001,37.41742888994297,-122.06625112138934,2.70701
AMFORST_6_N001,38.369191999986,-120.79657754861613,0.66477
ANDERSON_6_N001,40.449838,-122.305068,0.0603
ANGIOLA_6_N001,35.992007,-119.57137,-11.08273
ANITA_6_N001,39.811047,-121.919761,0.15389
ANNAPOLS_6_N001,38.680315,-123.311782,11.38999
ANTELOPE_6_N001,35.658117,-119.996015,-6.13019
ANTLER_6_N001,40.893581,-122.379244,0.00932
APPLEHL_1_N001,38.73992576174639,-120.67700091995808,0.09374
APPLEHL_1_N002,38.73974623814083,-120.67700092024737,0.09374
APPMAT_1_N001,37.359999999986435,-121.97994317305394,2.53419
APPMAT_1_N010,37.359999999986435,-121.98005682694607,2.53419
ARBUCKLE_6_N001,39.017625,-122.061575,-14.34935
ARCATA_6_N001,40.867132,-124.088286,-6.25146
ARVINED_1_N001,35.15044599998752,-118.87870286987292,-6.25679
ARVIN_6_N001,35.15044599998752,-118.87881313012709,-6.17558
ASHLAN_2_N001,36.79263892472445,-119.82749,-7.51179
ASHLAN_2_N007,36.7925580376235,-119.82743168375806,-7.51179
ASHLAN_2_N008,36.7925580376235,-119.82754831624194,-7.51179
ASH_6_N001,33.1365697302963,-117.070292,-8.18681
ASH_6_N005,33.13648913483958,-117.0702364310647,-8.18681
ASH_6_N101,33.13648913483958,-117.07034756893529,-8.18681
ASPEN_LNODESPEN,37.69337956,-122.069288,-4.73933
ATASCDRO_6_N001,35.465309,-120.671582,-6.59326
ATWATER_1_B2,37.35999599998639,-120.6146481730584,-7.09
ATWATER_1_N001,37.35999599998639,-120.6147618269416,-7.09
ATW_SUB_LNODEONB,34.1096541600031,-118.254,-4.78704
ATW_SUB_LNODEONC,34.10957291998536,-118.25394335044959,-4.78704
ATW_SUB_LNODEOND,34.10957291998536,-118.2540566495504,-4.78704
AUBERRY_6_N001,37.06806099998665,-119.495719527536,-7.81394
AUBERRY_6_N003,37.06806099998665,-119.495832472464,-7.81394
AUBURN_6_N001,38.903397,-121.069921,-0.26068
AUGUST_LNODEDR1,37.4182520696912,-120.831252690486,-5.20525
AUGUST_LNODEDR3,37.4182452743243,-120.831131410372,-5.20525
AUGUST_LNODEDR4,37.4182458785436,-120.830989786937,-5.20474
AUGUST_LNODEDR5,37.4182557186304,-120.831363604619,-5.20525
AVENA_1_N001,37.842208,-121.054122,0.87774
AVOCADO_6_N001,33.38466699998843,-117.23692330729693,-8.36655
AVOCADO_6_N002,33.38466699998843,-117.23703069270306,-8.36655
BAFOOD1_6_N001,36.33,-121.16,-5.04593
BAHIA_2_N001,38.08095331088854,-122.13739126700075,0.82451
BAHIA_2_N011,38.08077268899996,-122.13739126728416,0.82451
BAILYJ1_1_N010,34.77604,-118.77504,3.09621
BAIR_1_N001,37.496937,-122.214157,2.24667
BAKER_1_N001,35.284771,-116.064256,-8.44746
BALFOUR_6_N001,37.92596,-121.678546,0.99504
BANGOR_6_N001,39.388064,-121.402937,-0.20435
BANGS_LNODEKGC,37.70469,-121.0418,-5.24534
BANNING_1_N001,33.922289,-116.87283,-8.27801
BANTA_6_N001,37.7528989999862,-121.35057581075783,0.94832
BARRETT_6_N001,32.667194,-116.700208,-7.93731
BARRE_6_N001,33.80900298319592,-117.98332966316445,-8.33353
BARRE_6_N002,33.80900298319592,-117.98354633683554,-8.33353
BARRE_6_N003,33.80918301670945,-117.9835463370635,-8.33353
BARRY_6_N001,39.069323,-121.690208,-0.93437
BARTON_1_N001,36.76408490976673,-119.735935,-7.71942
BARTON_1_N007,36.76400404510246,-119.73587672164825,-7.71942
BARTON_1_N008,36.76400404510246,-119.73599327835174,-7.71942
BASALT_6_N002,38.26328599998595,-122.26916657483297,0.50906
BASALT_6_N101,38.26328599998595,-122.26928142516702,0.50906
BATAVIA_6_N001,38.385820999985995,-121.77570654480984,0.52252
BATIQTOS_1_N001,33.1011727252775,-117.250399,-8.2101
BATIQTOS_1_N008,33.101092137348985,-117.25034345864424,-8.2101
BATIQTOS_1_N015,33.101092137348985,-117.25045454135577,-8.2101
BAYMDWS_1_N001,37.55162541726735,-122.29307795256243,2.18957
BAYMDWS_1_N004,37.551444582623034,-122.29307795283914,2.18957
BAYMDWS_1_N008,37.551444582623034,-122.29330604716085,2.18957
BAYMDWS_1_N012,37.55162541726735,-122.29330604743757,2.18957
BAYSHOR1_1_N001,37.74603599998622,-122.40302381566526,2.31645
BAYSHOR2_1_N001,37.74603599998622,-122.40313818433472,2.31899
BAYWOOD_6_N001,35.360177,-120.811564,-6.65398
BCN_PP_LNODESS1,35.25680070871138,-118.02736892630813,-4.72867
BCN_PP_LNODESS2,35.256766720360744,-118.02726679027704,-4.72867
BEARTAP_1_N001,35.38,-119.0,-6.31718
BELLEF_7_CN10,39.776083,-122.10383,-8.88121
BELLEF_7_CN11,39.77608299994151,-122.10371323062876,-8.87918
BELLPGE_1_N001,38.947418999985814,-121.0911283822858,-0.33882
BELLPGE_1_N005,38.947418999985814,-121.0912436177142,-0.33882
BELLVUE_1_N001,38.379084046922976,-122.712022,7.04024
BELLVUE_1_N003,38.37900297652332,-122.711962292445,7.04024
BELLVUE_1_N005,38.37900297652332,-122.712081707555,7.04024
BELMONT_1_N001,37.52332024549896,-122.264967,2.22007
BELMONT_1_N006,37.52323887723573,-122.26490776711239,2.22007
BELMONT_1_N008,37.52323887723573,-122.26502623288762,2.22007
BELRIDGE_1_N001,35.455722,-119.631903,-6.04369
BERESFRD_6_N001,37.565013999986284,-122.31923796388803,2.19921
BERESFRD_6_N002,37.565013999986284,-122.31935203611197,2.19921
BERNARDO_6_N001,33.021575,-117.096228,-8.14761
BERNARDO_6_N002,33.021574999954524,-117.09612121988424,-8.14761
BERNARDO_6_N009,33.02148546856512,-117.096228,-8.14761
BERNARDO_6_N013,33.021574999954524,-117.09633478011577,-8.14761
BERNARDO_6_N014,33.0216645314348,-117.096228,-8.14761
BERNARDO_LNODEARDO,33.02157451,-117.0962277,-4.73476
BERVLLY_6_N001,37.586478,-120.125088,-6.79362
BIGBASN_6_N001,37.129545,-122.172132,3.3812
BIGCRK1_7_N001,37.20203293082091,-119.24090286336467,-8.651
BIGMDWS_6_N001,40.171215,-121.085128,0.07744
BIGRIVR_6_N001,39.311461,-123.786522,-50.34244
BIOLA_6_N001,36.792525,-120.114116,-8.30238
BIXLER_6_N001,37.9370142319286,-121.528389,1.10282
BKRSFLD_2_N001,35.388298999987455,-119.0044078374034,-6.30551
BKRSFLD_2_N101,35.388298999987455,-119.0045181625966,-6.30551
BLLEHVN_6_N001,37.4772652825887,-122.16793304841748,2.21751
BLLEHVN_6_N002,37.477186999945324,-122.16787609695427,2.21751
BLLEHVN_6_N004,37.477108717384,-122.1679330485368,2.21751
BLLEHVN_6_N006,37.477108717384,-122.1680469514632,2.21751
BLLEHVN_6_N007,37.477186999945324,-122.16810390304572,2.21751
BLUELKE_6_N001,40.88014,-123.980584,-6.29257
BLUSTNPP_6_N003,38.575523,-121.497588,-6.15049
BLYTHESC_1_N005,33.614957,-114.682935,-7.87479
BNAVSTA_6_N001,36.653344,-121.62946,1.60646
BNAVSTA_6_N002,36.65334399994771,-121.62934811906177,1.60646
BNTACRB_6_N001,37.7528989999862,-121.35069018924217,0.80959
BOGARD_6_N001,40.586552,-121.093959,0.10825
BOGUE_1_N001,39.09613073444745,-121.623771,-0.234
BOGUE_1_N201,39.096050132760894,-121.62371103865068,-0.234
BOLINAS_6_N001,37.941119,-122.707332,0.77517
BOLLMAN_1_N003,38.04,-121.98,1.0501
BOLTHSE_1_N009,35.36215899998747,-118.92362184077258,-6.3248
BONITA_6_N001,36.967863,-120.20266,-7.39672
BONNIEN_7_N001,39.214314999985774,-120.80917722077704,8.85
BORDEN_2_N007,36.92227399998671,-119.98422371699712,-7.36271
BORDER_6_N001,32.56633480869927,-116.944389,-8.14286
BORDER_6_N008,32.566254095638485,-116.94433370647506,-8.14286
BORONDA_6_N001,36.689983,-121.679239,1.65468
BOSWELL_6_N001,36.085115,-119.552823,-11.08273
BOWLES_6_N001,36.605651,-119.773312,-8.31507
BRDGVLT_7_N001,40.47956799998481,-123.78034162638289,-7.28393
BREEZE_LNODEYT1,35.123880999987534,-118.37403687435777,-4.72411
BREEZE_LNODEYT2,35.123880999987534,-118.37414712564222,-4.72411
BRENTWOD_2_N001,37.91959423612686,-121.676423,1.055
BRENTWOD_2_N006,37.91951288192155,-121.67636345967551,1.055
BRENTWOD_2_N011,37.91951288192155,-121.67648254032449,1.055
BRGSMR_LNODEGZB,37.66621999998627,-120.97704287657282,-5.24331
BRGSMR_LNODETHU,37.66621999998627,-120.97715712342718,-5.24331
BRITTN_1_N001,37.37433620668406,-122.015575,3.36445
BRITTN_1_N005,37.37425489664326,-122.01551592726007,3.36445
BRITTN_1_N006,37.37425489664326,-122.01563407273993,3.36445
BRKRSLG_1_N005,38.57552299994369,-121.49747300547165,-0.02782
BROCKWAY_LNODE01,39.243063530935196,-120.02634939696748,-5.42856
BROCKWAY_LNODE02,39.242884468950564,-120.02634939726258,-5.42856
BROCKWAY_LNODE51,39.242884468950564,-120.02658060273741,-5.42856
BROCKWAY_LNODE52,39.243063530935196,-120.02658060303253,-5.42856
BRRNDAC_6_N001,35.658183,-120.040362,-6.1312
BRUNSWCK_1_N003,39.23119771901711,-121.034946,-3.87585
BRUNSWCK_1_N008,39.23111714047599,-121.03488594065819,-3.87585
BRUNSWCK_1_N101,39.23111714047599,-121.03500605934181,-3.87585
BRWNSVY_6_N001,39.226226,-121.422634,39.17
BUELLTON_1_N001,34.625261999987686,-120.18631205143852,-6.75337
BUELLTON_1_N003,34.625261999987686,-120.18642194856149,-6.75337
BUENAVS1_7_B1,36.653254242119594,-121.62934811919219,-6.30044
BUENAVS1_7_B3,36.65319077379855,-121.6294272308971,-6.30044
BUENAVS1_7_B4,36.653175595551595,-121.62953750035395,-6.30044
BUENAVS1_7_B5,36.65320668330105,-121.62964245619625,-6.30044
BUENAVS1_7_B6,36.653272145363964,-121.6297190021347,-6.30044
BUENAVS1_7_B7,36.65335697428145,-121.62975556706088,-6.30044
BUENAVS2_7_B1,36.65344659805961,-121.62974945473616,-6.29029
BUENAVS2_7_B3,36.653528699704175,-121.62970424026268,-6.29029
BUENAVS2_7_B4,36.653594014575496,-121.62962749889522,-6.29029
BUENAVS2_7_B5,36.653636508590544,-121.62952895027708,-6.29029
BULLARD_1_N001,36.824388,-119.769224,-7.59808
BULLARD_1_N004,36.824387999947184,-119.76911168846675,-7.59808
BULLARD_1_N005,36.824298097276774,-119.769224,-7.59808
BULLARD_1_N006,36.824387999947184,-119.76933631153325,-7.59808
BURLNGME_1_N001,37.589627,-122.363434,2.24844
BUTTE_1_N010,39.7118129999855,-121.81325170045862,-0.03428
BUTTE_1_N101,39.7118129999855,-121.81336829954137,-0.03428
BWILLIAM_LNODEILLW,34.16145330172,-114.38177086852794,-4.67082
B_6_N001,32.714377595830264,-117.16944251257752,-8.18296
B_6_N003,32.714198404079745,-117.16944251279143,-8.18296
B_6_N005,32.714198404079745,-117.16965548720856,-8.18296
B_6_N007,32.714377595830264,-117.16965548742249,-8.18296
CABRILLO_1_N001,32.70751759908557,-117.24492651689708,-6.74677
CABRILLO_6_N001,32.70733840082447,-117.24492651711095,-8.20293
CABRILLO_6_N004,32.70733840082447,-117.24513948288904,-8.20293
CALAVE_1_N001,36.71900181109094,-119.76554095699167,-7.76369
CALAVE_1_N002,36.718822188804005,-119.76554095725366,-7.76369
CALAVE_1_N004,36.718822188804005,-119.76576504274634,-7.76369
CALCMENT_7_N4,37.37,-120.64,-8.79848
CALISTGA_6_N001,38.592664,-122.57862,11.51282
CALLENDR_1_N001,35.04,-120.6,-6.74255
CALPELLA_1_N001,39.197538,-123.192135,-39.54311
CALSUB_LNODEET,39.521219,-120.008761,-5.15094
CAMDEN_6_N001,36.446258999987045,-119.79904229562648,-7.60101
CAMDEN_6_N002,36.446258999987045,-119.79915370437352,-7.60101
CAMERON_6_N001,32.65324599998863,-116.48807277404411,-7.88656
CAMINO_2_N001,34.83,-114.99,-7.83324
CAMPHORA_6_N001,36.46829799998704,-121.39017127220814,1.57906
CAMPHORA_6_N003,36.46829799998704,-121.39028272779186,1.57906
CANAL_6_N001,37.066368999986636,-120.8354215297125,-1.82976
CANAL_6_N006,37.066368999986636,-120.8355344702875,2.39
CANBY_BP_LNODEACW,41.444925999984385,-120.88087787131334,-5.1144
CANBY_BP_LNODEVEC,41.444925999984385,-120.88099812868666,-5.1144
CAN_SUB_LNODEONA,34.18955419166312,-118.592,-8.30555
CAN_SUB_LNODEONB,34.189472904155366,-118.59194326369176,-4.79059
CAN_SUB_LNODEONC,34.189472904155366,-118.59205673630824,-4.79059
CAPAY_6_N001,39.775993256822886,-122.10383,0.19957
CARBONA_6_N003,37.69218399998622,-121.41818185598439,0.93664
CARBONA_6_N101,37.69218399998622,-121.4182961440156,0.93664
CARLOTTA_6_N001,40.541122999984744,-124.06382054930958,-6.9536
CARLOTTA_6_N003,40.541122999984744,-124.06393945069041,-6.9536
CARLTNHS_1_N001,32.85503754591703,-117.01185140348343,-8.1251
CARLTNHS_1_N004,32.85485845399255,-117.01185140369861,-8.1251
CARNATIO_6_N001,35.311332,-119.083574,-6.27252
CARNERAS_6_N001,35.541055,-119.805238,-6.16115
CAROLNDS_6_N001,37.55291899998627,-122.37633097506193,2.15962
CAROLNDS_6_N002,37.55291899998627,-122.37644502493806,2.15962
CARQUINZ_1_N001,38.09103799998602,-122.24848662968667,0.76249
CARQUINZ_1_N002,38.09103799998602,-122.24860137031332,0.76249
CARRIZO_1_N001,35.3805629695311,-120.040252,-6.96595
CARRIZO_LNODEHILL,35.38048201522088,-120.04019467441788,-4.79922
CARRIZO_LNODEZOT1,35.38048201522088,-120.04030932558213,-4.71193
CARTWRT_1_N001,37.78999999998617,-122.24994278512781,1.0108
CARTWRT_1_N010,37.78999999998617,-122.25005721487219,1.0108
CARUTHRS_6_N001,36.531554,-119.882758,-8.29071
CAR_SM_LNODENE1,38.642773175556165,-121.3294330286556,-5.30422
CAR_SM_LNODENE2,38.64259349099788,-121.32943302894401,-5.30422
CAR_SM_LNODENE3,38.64259349099788,-121.329663082168,-5.30422
CAR_SM_LNODENE4,38.642773175556165,-121.3296630824564,-5.30422
CASTLE_LNODEDR1,37.36195490350885,-120.56264978595905,-5.19713
CASTLE_LNODEDR2,37.36187666885442,-120.5625929569803,-5.19713
CASTLE_LNODEDR3,37.36179843428164,-120.56264978607754,-5.19662
CASTLE_LNODEDR4,37.36179843428164,-120.56276344403506,-5.19662
CASTLE_LNODEDR5,37.36187666885442,-120.5628202731323,-5.19713
CASTLE_LNODEDR6,37.36195490350885,-120.56276344415355,-5.19713
CASTROVL_2_N001,37.69127699998625,-122.06100285669102,1.39575
CASTROVL_2_N003,37.69127699998625,-122.06111714330898,1.39575
CASTROVL_2_N006,36.76278384840137,-121.73625384648868,1.39575
CAS_LA_LNODESMW,34.587237,-118.656638,-4.78603
CAS_PP_LNODE1AUX,34.58734037344726,-118.65692220263387,-4.78603
CAS_PP_LNODE2AUX,34.58742309555189,-118.65687780855163,-4.78603
CAS_PP_LNODE3AUX,34.587488904018386,-118.65680245963806,-4.78603
CAS_PP_LNODE4AUX,34.58753171916694,-118.65670569917606,-4.78653
CAS_PP_LNODE5AUX,34.58754852361777,-118.65659776098718,-4.78603
CAS_PP_LNODE6AUX,34.58753896054594,-118.65648852558515,-4.78603
CATALYST_7_N001,37.33647699998642,-121.87909619952335,3.32101
CATLETT_6_N001,38.808811,-121.516115,-0.9024
CAWELOB_6_N001,35.57097799998741,-119.11546380934058,-6.29874
CAWELOC_1_N001,35.57097799998741,-119.11557419065942,-6.29569
CAYUCOS_6_N001,35.44865399998744,-120.8703058292383,-6.65915
CAYUCOS_6_N006,35.44865399998744,-120.8704161707617,-6.65915
CCOSTA_2_N001,37.998693,-121.783314,1.02194
CCSUB_1_N001,38.03,-121.75,1.00367
CCSUB_2_N001,38.01999999998606,-121.75994265860079,1.00468
CCSUB_2_N010,38.01999999998606,-121.7600573413992,1.00468
CEDRCRK_6_N101,40.79116899998464,-121.93795172476342,0.47393
CENTERS_6_N001,33.928884073837764,-118.105463,-8.3674
CENTERS_6_N200,33.9288029630683,-118.10551943910147,-8.3674
CEN_SUB_LNODEONB,33.948054083699034,-118.255,-4.78298
CEN_SUB_LNODEONC,33.94797295813763,-118.25494353789466,-4.784
CEN_SUB_LNODEOND,33.94797295813763,-118.25505646210534,-4.78298
CERES_LNODEDR1,37.6088562120824,-120.956729570412,-5.19256
CERES_LNODEDR3,37.6089710504,-120.956595705015,-5.19256
CERES_LNODEDR4,37.6089019185376,-120.956592000755,-5.19256
CERES_LNODEDR5,37.6087606610128,-120.956712881849,-5.19256
CERES_LNODEDR7,37.6089324750351,-120.956712057352,-5.19256
CERES_LNODEDR8,37.6090011903052,-120.956714357349,-5.19256
CERTTEED_1_N001,37.059999999986665,-120.07994353791257,-6.91931
CERTTEED_1_N002,37.059999999986665,-120.08005646208743,-6.91931
CHALLNGE_6_N001,39.48543,-121.220509,-44.45
CHANNEL_6_N001,37.95526599998612,-121.33242068885451,0.97927
CHARKA_1_N001,35.608038,-119.325523,-6.25847
CHCARITA_1_N001,32.9600895309367,-117.08989329478639,-8.1317
CHCARITA_1_N004,32.95991046897258,-117.08989329500262,-8.1317
CHCARITA_1_N008,32.95991046897258,-117.09010670499737,-8.1317
CHC_LNODE31A,38.95999999998579,-120.89994237638588,-4.70736
CHC_LNODE33A,38.95999999998579,-120.90005762361412,-4.70736
CHEROKEE_6_N001,38.005513,-121.237769,0.98942
CHESTER_6_N001,40.304405,-121.224282,0.01349
CHICOA_6_N001,39.71879299998543,-121.82096169136352,-0.0353
CHICOA_6_N010,39.71879299998543,-121.82107830863647,-0.0353
CHICOB_1_N001,39.725493999985424,-121.84718768259572,-0.02565
CHICOB_1_N002,39.725493999985424,-121.84730431740428,-0.02565
CHINO_6_N007,33.998301818402325,-117.67886922357054,-8.2892
CHINO_6_N008,33.998301818402325,-117.67908677642946,-8.2892
CHLDHOSP_1_N001,36.87,-119.81,-7.6171
CHOLLAS_6_N001,32.744058749573895,-117.046316,-8.1322
CHOLLAS_6_N008,32.743978125200904,-117.04626065732346,-8.1322
CHOLLAS_6_N009,32.743978125200904,-117.04637134267654,-8.1322
CHSTN_1_N001,38.09,-120.3,0.94101
CHWCHLLA_1_N001,37.12073295026913,-120.25055224215674,-6.90104
CHWCHLLA_1_N002,37.12073295026913,-120.25066975784326,-6.90104
CIG_SM_LNODESS,38.44525,-121.461543055556,-5.31893
CIMA_2_N101,35.2691,-115.49292,-7.92651
CITYUKH_1_B1,39.14300254479826,-123.19181754359136,-41.43481
CLAIRMNT_6_N008,32.825996732119705,-117.184096,-8.1877
CLAMMNA_1_N001,37.807826,-121.276142,0.95136
CLARIBEL_LNODEGFP,37.71028,-120.9688,-5.2428
CLARKRD_7_N001,39.6546447946953,-121.635292,0.04146
CLARMNT_1_N001,32.82591613392796,-117.18404062431202,0.98676
CLAUS_LNODEKSN,37.639389999986214,-120.91954289863075,-5.24331
CLAUS_LNODESME,37.639389999986214,-120.91965710136925,-5.24331
CLAYTN_1_N001,38.34245511038229,-120.93484110965764,1.09251
CLAYTN_1_N004,37.943825,-121.969415,1.09251
CLAYTN_1_N029,38.3422748895056,-120.93484110994348,1.09251
CLAYTN_1_N030,38.3422748895056,-120.93507089005652,1.09251
CLAY_6_N001,38.34245511038229,-120.93507089034236,0.50134
CLERLKE_6_N001,39.007954999985856,-122.89377935245265,-88.0
CLERLKE_6_N012,39.007954999985856,-122.89389464754734,-88.0
CLMBAHL_6_N001,39.331874,-121.101368,-0.17694
CLOUGH_LNODEIYF,37.62761111,-120.9751667,-5.24433
CLOUGH_LNODEYBR,37.62761110994497,-120.97505251712948,-5.24433
CLOVIS_1_N001,36.826043942491545,-119.681281,-7.66406
CLOVIS_1_N004,36.825963028740034,-119.68122263908639,-7.68132
CLOVIS_1_N101,36.825963028740034,-119.68133936091361,-7.66406
CLOVRDLE_1_N001,38.795757,-123.011412,-41.48112
CLRKSVLE_1_N001,38.655559898770534,-121.060175,0.13079
CLRKSVLE_1_N003,38.655479050599546,-121.06011522698469,0.13079
CLRKSVLE_1_N004,38.655479050599546,-121.0602347730153,0.13079
CLSAJCT_6_N001,39.190857,-121.990506,-14.34225
CLWTER_2_N003,35.39850993300358,-118.93957167203409,2.00407
CMPEVRS_1_N001,37.041635999986624,-122.02530956161661,1.58362
CMPEVRS_1_N002,37.041635999986624,-122.02542243838339,1.58362
CNTRYCB_6_N001,37.97966036733168,-121.31639835392943,1.30542
CNTRYCB_6_N002,37.979479632557,-121.31639835421177,1.30542
CNTRYCB_6_N004,37.979479632557,-121.31662764578823,1.30542
CNTRYCB_6_N006,37.97966036733168,-121.31662764607057,1.30542
COLLEG_LNODEDR1,37.6091056801805,-120.992876143573,-5.21032
COLLEG_LNODEDR2,37.6091096218649,-120.992789582042,-5.21032
COLLEG_LNODEDR5,37.6090266914486,-120.992698116343,-5.21032
COLLEG_LNODER15,37.6090419641747,-120.993034819943,-5.21032
COLNGA1_6_N001,36.13602399998719,-120.34444457141348,-6.57836
COLNGA1_6_N002,36.13602399998719,-120.34455542858652,-6.57836
COLNGA2_6_N001,36.236577,-120.315114,-6.9272
COLONY_6_N001,38.190132,-121.181632,0.33657
COLUMBUS_1_N001,35.398330066896115,-118.93957167228022,-6.31769
COLUMBUS_1_N003,35.398330066896115,-118.93979232771979,-6.31769
COLUMBUS_1_N005,35.39850993300358,-118.9397923279659,-6.31769
COLUSA_6_N001,39.213610999985775,-122.00296022131043,-14.34834
COLUSA_6_N004,39.213610999985775,-122.00307577868956,-14.34834
COLWATER_1_N001,34.86012489309556,-116.85312978164612,-8.11155
COLWATER_1_N002,34.86012489309556,-116.85324421835388,-8.11155
COMMONS_LNODEDR1,37.6091045275098,-120.992962913259,-5.2154
COMMONS_LNODEDR3,37.5166183000533,-120.867554724081,-5.21641
COMMONS_LNODEDR4,37.516699044633,-120.867555122205,-5.2154
COMMONS_LNODEDR5,37.5164895041446,-120.867550987033,-5.21641
COMMONS_LNODEDR7,37.5165532160667,-120.867553025577,-5.21641
COMMONS_LNODEDR8,37.5008689404211,-120.913270146673,-5.2154
CONCHO_1_N002,33.785845,-116.342689,-8.12179
CONTADNA_1_N001,36.29,-119.71,-6.96681
CONTROLX_1_N001,37.342839,-118.471988,-149.71835
CONTROL_7_N001,37.34291722503321,-118.47193119226046,-149.04948
COOPER_LNODEDR1,37.3189566034476,-120.5119493179366,-5.19662
COOPER_LNODEDR2,37.31895660339336,-120.51183575699493,-5.19763
COOPER_LNODEDR3,37.318866291449055,-120.51183575713138,-5.19611
COOPER_LNODEDR4,37.318802431310424,-120.51191605677509,-5.19763
COOPER_LNODEDR5,37.318787159360575,-120.51202798203006,-5.19611
COOPER_LNODEDR6,37.31881843902539,-120.51213451388375,-5.19763
COOPER_LNODEDR7,37.318884305211256,-120.51221220923813,-5.19763
COOPER_LNODEDR8,37.318969657813994,-120.51224932323211,-5.19865
COOPER_LNODEDR9,37.31905983488123,-120.51224311913526,-5.19865
COOPER_LNODER14,37.31914244338007,-120.5121972257278,-5.19662
COOPER_LNODER15,37.31920816147405,-120.51211933201114,-5.19662
COOPER_LNODER16,37.31925091782716,-120.51201930357878,-5.19662
COOPER_LNODER17,37.31926769919903,-120.51190771989396,-5.19662
COPUS_6_N001,35.093593,-119.278466,-5.56147
CORCORAN_1_N001,36.10957699998725,-119.55797958991954,-11.08933
CORCORAN_1_N005,36.10957699998725,-119.55809041008045,-11.08933
CORDELIA_6_N001,38.216066,-122.112082,0.4913
CORDPMP_6_N003,38.575433098781254,-121.497588,0.4918
CORNING_6_N004,39.93198099998522,-122.18732639815484,0.15186
CORNING_6_N006,39.93198099998522,-122.18744360184516,0.15186
CORONADO_6_N001,32.698823762005226,-117.173249,-8.18397
CORONADO_6_N002,32.69874311898509,-117.17319367259638,-8.18397
CORONA_1_N001,32.69874311898509,-117.17330432740361,5.37768
CORRAL_6_N001,38.1014979999861,-120.92635462577833,0.74597
CORRAL_6_N003,38.1014979999861,-120.92646937422167,0.74597
CORSGOLD_1_N001,37.22751499998653,-119.69108432761332,-7.37517
CORSGOLD_1_N003,37.22751499998653,-119.69119767238668,-7.37517
CORTEZ_LNODEDR1,37.5005587104299,-120.913235680039,-5.20068
CORTEZ_LNODEDR3,37.5007571927422,-120.913267914805,-5.20017
CORTEZ_LNODEDR5,37.5006522266335,-120.913263660994,-5.20068
CORTEZ_LNODEDR6,37.5008124927682,-120.913424010622,-5.20068
CORTEZ_LNODEDR7,37.5007095209272,-120.913352769965,-5.20017
CORTINA_1_N106,39.121407,-122.224176,-14.32296
COR_LNODENE1,38.55393333331922,-121.20798139654603,-5.31284
COR_LNODENE3,38.55393333331922,-121.20809638123197,-5.31284
COTATI_6_N101,38.30970399998603,-122.73153156284509,11.54885
COTATI_6_N102,38.30970399998603,-122.73164643715491,11.54885
COTTLEA_2_N001,37.772676259234935,-120.825545,-1.19553
COTTLE_7_N001,37.77259487036768,-120.82548555286246,-1.19604
COTWDPGE_1_N001,34.38040399998781,-116.87675022716886,0.08037
COVELO6_6_N001,39.78628299998532,-123.24850460152904,-32.04495
CPLECEF_1_N001,37.25999999998651,-121.63994328855216,2.61548
CPLECEF_1_N005,37.25999999998651,-121.64005671144784,2.61548
CPP_LNODESS1,38.3383555554995,-121.12458988828622,-5.33467
CPP_LNODESS2,38.33844566948052,-121.124475,-5.33467
CRABTREE_LNODENK1,37.64506,-120.60683,-5.24027
CRCANAL_6_N001,40.1384740349693,-122.208547,-0.11988
CREELMAN_6_N001,33.01815871873613,-116.853026,-8.11038
CREELMAN_6_N004,33.01807814061963,-116.85297051775382,-8.11038
CREELMAN_6_N014,33.01807814061963,-116.85308148224618,-8.11038
CRESSEY_1_N001,37.42852799998634,-120.6386900986629,-5.35403
CRESTWD_6_N001,32.699023999988746,-116.35373376108788,-7.8419
CROWLNDG_LNODEDR1,37.4627004272953,-120.740076630976,-5.19357
CROWLNDG_LNODEDR3,37.462786962981,-120.740080933369,-5.19307
CROWLNDG_LNODEDR4,37.462613876709,-120.740078364387,-5.19307
CROWLNDG_LNODEDR5,37.4625421344261,-120.740074305354,-5.19307
CROWLNDG_LNODEDR7,37.4627827502437,-120.740270351347,-5.19357
CRUSHER_6_N001,37.021645,-122.154383,3.37105
CRWSLDG_6_N001,37.377307,-121.085672,0.94567
CRYSTLSG_6_N001,37.528913,-122.361067,3.28382
CSG_LNODESS,38.51068967879612,-121.47509029333828,-5.3164
CSTRVLLE_1_N001,36.762604151493385,-121.73625384675147,1.72117
CURTIS1_7_N001,37.974949221777045,-120.320668,1.06028
CURTISS_1_N101,37.974867889096444,-120.32072756943327,1.06586
CYMRIC_1_N001,35.31,-119.63,-6.26811
DAIRYLND_1_N001,37.055221,-120.317015,-11.4454
DALYCTY_1_N001,37.69180126214444,-122.455704,2.28927
DALYCTY_1_N005,37.69171986891291,-122.45564461457239,2.28927
DANISHCM_1_N001,36.71900181109094,-119.76576504300833,-7.76268
DAVIS_1_N001,39.06008956957949,-121.70988464738468,-0.08579
DAVIS_1_N007,39.05991043030674,-121.70988464767737,-0.08579
DAVIS_1_N012,39.05991043030674,-121.71011535232263,-0.08579
DECPTSG_2_N001,38.05999999998602,-121.86994264179833,1.14676
DECPTSG_2_N018,38.05999999998602,-121.87005735820168,1.14676
DEEPWATR_1_N101,38.55162999998592,-121.56020750817653,-0.0263
DEEPWATR_1_N104,38.55162999998592,-121.56032249182347,-0.0263
DELAMO_2_N001,33.84836303124857,-118.096994,-8.37749
DELAMO_2_N014,33.84828198436281,-118.09693765855927,-8.37749
DELAMO_2_N022,33.84828198436281,-118.09705034144073,-8.37749
DELMAR_6_N001,38.7988788301003,-121.220655,-8.2115
DELMAR_6_N001A,38.798798084934575,-121.22059518327069,0.03787
DELMAR_6_N005,38.798798084934575,-121.22071481672931,0.03787
DELMAR_6_N010,32.980789999988666,-117.25535963525417,-8.2115
DELMAR_6_N011,32.980789999988666,-117.25546636474583,-8.2115
DELMNTE_1_N010,36.599053999987,-121.8539621246086,1.67701
DELMNTE_1_N201,36.599053999987,-121.85407387539139,1.67701
DESCANSO_6_N001,32.86524,-116.633752,-7.93884
DEVLDNPP_6_N003,35.774930999987355,-119.97393475743563,-6.14541
DEVLSDN_6_N001,35.774930999987355,-119.97404524256437,-6.14085
DFS_1_N001,36.72,-120.6,-8.45469
DIABLO1_7_N001,35.215922999950024,-120.84743471985068,-5.52641
DIABLO2_7_N001,35.215922999950024,-120.84765528014933,-5.52844
DIABLOCN_2_N001,35.21601309719158,-120.847545,-6.69766
DINUBAE_7_N001,36.56893330486095,-119.41841731957626,-7.76522
DINUBA_6_N001,36.56893330486095,-119.41864068042374,-7.76775
DINUBA_6_N005,36.56911269503489,-119.41864068068313,-7.76775
DIRYVLLE_6_N001,40.12799,-122.097838,0.02477
DIVISION_6_N001,32.6815959999886,-117.12003376624276,-8.17179
DIVISION_6_N009,32.6815959999886,-117.12014023375725,-8.17179
DIXON-J1_6_N101,38.44545401121386,-121.826237,0.5149
DIXONLD_1_N001,37.457825231051295,-121.921353,2.82682
DIXONLD_1_N002,37.457743884459624,-121.92129383478914,2.82682
DIXONLD_1_N008,37.457743884459624,-121.92141216521087,2.82632
DIXON_6_B1,38.445372994377905,-121.8261772770627,0.5149
DIXON_6_N002,38.445372994377905,-121.8262967229373,0.5149
DMNDSPR_1_N001,38.69304699998593,-120.82566347343,0.10541
DMNDSPR_1_N003,38.69304699998593,-120.82577852656999,0.10541
DOBBINS_6_N001,39.339604,-121.197378,-14.84136
DOLANRD_1_N001,36.800296,-121.769123,1.72472
DOMTAR_1_N001,38.13,-121.65,1.00316
DONNER_LNODE07,39.327305,-120.281812,-5.48084
DONPEDRO_LNODENSS,37.6962503274167,-120.4206077500803,-5.19002
DOSPALS_6_N001,36.97484,-120.635012,-5.52025
DUKMOSS1_7_N001,36.85999999998676,-121.76005620188538,1.73081
DUKMOSS2_7_N001,36.84999999994714,-121.75988762218331,1.73081
DUKMOSS3_7_N001,36.84999999994714,-121.76011237781668,1.73081
DUKMOSS3_7_N002,36.85008992566386,-121.76,1.73081
DUKMOSS4_7_N001,36.84999999994714,-121.71988762218332,1.73385
DUKMOSS5_7_N001,36.83999999998681,-121.72005617595099,1.73385
DUKMOSS6_7_N001,36.84999999994714,-121.72011237781669,1.73335
DUKMOSS6_7_N002,36.85008992566386,-121.72,1.73335
DUMBARTN_1_N001,37.557155251259346,-122.057606,2.17675
DUMBARTN_1_N003,37.55707387435557,-122.05754673393427,2.17675
DUMBARTN_1_N011,37.55707387435557,-122.05766526606573,2.17675
DUNBAR_6_N001,38.38322299998598,-122.52777754540057,0.74066
DUNBAR_6_N002,38.38322299998598,-122.52789245459942,0.74066
DUNHILL_6_N001,32.901543,-117.229958,-8.21759
DUNLAP_6_N001,36.64502999998689,-119.15909106962141,-7.76725
DUNNIGAN_6_N001,38.924808,-121.989951,-14.42041
DUNNSIDE_1_N001,35.03321,-116.467335,-12.56242
EAGLEMTN_2_N001,33.82005401596653,-115.44,-8.00103
EAGLEMTN_2_N002,33.8199729920039,-115.43994369314599,-8.00103
EAGLROCK_2_N001,38.8293359999859,-122.81077743066047,-8.35417
EAGLROCK_2_N012,38.8293359999859,-122.81089256933953,-8.35417
EASTGATE_6_N101,32.88493613808494,-117.20083859603457,-8.21759
EASTGATE_6_N201,32.88493613808494,-117.20094940396542,-8.21759
EBMUDGRY_1_N001,37.93,-122.04,1.07345
ECY_LNODE101,38.55445658675582,-121.43093112608555,-5.3098
ECY_LNODE102,38.55427674646514,-121.4309311263732,-5.3098
ECY_LNODE103,38.55427674646514,-121.43116109584881,-5.3098
ECY_LNODE104,38.55445658675582,-121.43116109613645,-5.3098
EDENVALE_1_N001,37.24503626216962,-121.7958386130011,3.09266
EDENVALE_1_N004,37.24485573772219,-121.79583861327271,3.09266
EDENVALE_1_N006,37.24485573772219,-121.79606538672729,3.09266
EDENVALE_1_N008,37.24503626216962,-121.7960653869989,3.09266
EDES_1_N001,37.738786999986225,-122.19371982090533,0.87631
EDES_1_N003,37.738786999986225,-122.19383417909467,0.8758
EDMON1AP_7_N001,34.986313,-118.738787,-8.65108
EDMON2AP_7_N001,34.986312999950265,-118.73867680688261,-8.65159
EDMON3AP_7_N001,34.98622271993701,-118.73867680700413,-8.65362
EDMON3AP_7_N002,34.98615888237297,-118.73875472524391,-8.65362
EDMON4AP_7_N001,34.98614361582445,-118.738863331203,-8.65362
EDMON4AP_7_N002,34.98617488443967,-118.73896670370384,-8.65362
EDMON5AP_7_N001,34.98624072734969,-118.73904209487607,-8.65362
EDMON5AP_7_N002,34.986326049781965,-118.73907810817316,-8.65362
EDMON6AP_7_N001,34.986416194964555,-118.73907208804029,-8.65362
EDMON6AP_7_N002,34.98649877424742,-118.73902755565565,-8.65362
EDMON7AP_7_N001,34.98656446909455,-118.73895197200041,-8.65362
EDMON7AP_7_N002,34.98660721032227,-118.7388549100885,-8.65362
EDMON8AP_7_N001,34.98662398575978,-118.738746635625,-8.65362
EDMON8AP_7_N002,34.986614439197844,-118.738637059907,-8.65362
EDWARDS_1_N001,34.991871,-117.890005,-7.88721
EELRIVR_6_N001,40.602658,-124.210199,-6.60795
EIGHTMI_2_N017,38.058077,-121.375292,0.91051
EISENHOW_1_N001,33.830599,-116.497612,-8.12598
EISEN_6_N001,35.35714,-118.97131,-6.27506
ELCAJNGT_7_N001,32.795346131065216,-116.97233863745876,-8.13982
ELCAJNGT_7_N004,32.795346131065216,-116.97244936254124,-8.13931
ELCAPTN_1_N001,37.335801999986415,-120.50517320028958,-5.34946
ELCAPTN_1_N004,37.335801999986415,-120.50528679971042,-5.34946
ELCAPTN_1_N005,37.365512,-120.578993,-5.34946
ELCRRTO_1_N001,37.91620499998609,-122.30313670905946,0.98755
ELCRRTO_1_N023,37.91620499998609,-122.30325129094054,0.98755
ELKCREEK_6_N001,39.12957472883464,-123.711777,0.16201
ELKHIL1G_7_N001,35.22604999998747,-119.37772885850012,-6.29536
ELKHIL2G_7_N001,35.22604999998747,-119.37783914149988,-6.29536
ELK_6_N001,39.1294941355673,-123.71183698354646,-54.30575
ELK_SM_LNODENE2,38.37273738362879,-121.354256944444,-5.31893
ELK_SM_LNODENE7,38.372656308170484,-121.35419723840097,-5.31995
ELK_SM_LNODENE8,38.372656308170484,-121.35431665048702,-5.31995
ELLIOTT_6_N001,32.81585999998874,-117.08840071898302,-8.14185
ELLIOTT_6_N004,32.81585999998874,-117.08850728101697,-8.14185
ELLIS_6_N001,37.716505,-121.548766,-8.35061
ELLIS_6_N105,33.685126,-117.943596,-8.35061
ELLSGTY_1_N001,33.685294,-117.943088,0.99107
ELNIDO_1_N004,37.12061299998659,-120.47270746040512,-6.0842
ELNIDO_2_N001,37.12061299998659,-120.47282053959488,-8.42228
ELNIDO_2_N012,33.89624399998809,-118.37271472929694,-8.42228
ELNIDO_7_N001,33.89624399998809,-118.37282327070305,-6.0842
ELPATIO_1_N001,37.29223717683988,-121.935913,3.4047
ELPATIO_1_N006,37.29215591156547,-121.93585402427247,3.4047
ELPATIO_1_N015,37.29215591156547,-121.93597197572753,3.4047
ELV_LNODENE1,38.71426666661026,-121.47683299057677,-5.30016
ELV_LNODENE2,38.71418891290697,-121.47689052312896,-5.30016
ELV_LNODENE3,38.71418891290697,-121.47700558798303,-5.30016
ELV_LNODENE4,38.71426666661026,-121.47706312053523,-5.30016
ELV_LNODENE5,38.71434442039811,-121.4770055881082,-5.30016
ELV_LNODENE6,38.71434442039811,-121.4768905230038,-5.30016
EMBRCDR_2_N001,37.780090430972514,-122.37988558363396,2.40384
EMBRCDR_2_N008,37.77990956891692,-122.37988558391392,2.40384
EMBRCDR_2_N101,37.77990956891692,-122.38011441608609,2.40384
EMBRCDR_2_N104,37.780090430972514,-122.38011441636604,2.40384
EMRLDLE_6_N001,37.462178,-122.277933,3.30666
EMRYSVE_1_N001,39.163430999985756,-121.56151425780503,-0.1413
EMRYSVE_1_N003,39.163430999985756,-121.56162974219497,-0.1413
ENCINAL_6_N001,39.247383,-121.637248,0.53715
ENCINA_1_N001,33.13699513479889,-117.33531843066032,-8.22094
ENCINA_1_N049,33.13699513479889,-117.33542956933968,-8.22094
ENCNITAS_6_N001,33.05068472041646,-117.285325,-8.20135
ENCNITAS_6_N004,33.05060413977941,-117.28526949553299,-8.20135
ENCNITAS_6_N011,33.05060413977941,-117.285380504467,-8.20135
ENSLEN_LNODEHKQ,37.65224426097517,-121.0013,-5.24331
ENSLEN_LNODELOU,37.65216286949752,-121.00124064749899,-5.24331
ENSLEN_LNODEWFN,37.65216286949752,-121.00135935250101,-5.24331
ERTA_6_N001,36.930594,-121.763827,1.60748
ESCNDIDO_6_N001,33.12543545233769,-117.116857,-8.18529
ESCNDIDO_6_N046,33.12552499995441,-117.11696392572938,-8.18529
ESCNDIDO_6_N053,33.12561454766245,-117.116857,-8.18529
ESCO_6_N001,33.115770727187964,-117.089119,-8.18884
ESCO_6_N004,33.11569013639368,-117.08906344744015,-8.18884
ESQUON_6_N001,39.607876,-121.768445,-0.03682
ESTGRND_1_N001,37.653951261060854,-122.403031,2.28885
ESTGRND_1_N005,37.65386986945481,-122.402971646041,2.28885
ESTGRND_1_N009,37.65386986945481,-122.403090353959,2.28885
ESTPRTL_1_N001,37.876677,-122.186415,0.99336
ESTQNCY_6_N001,39.938128,-120.910322,0.75401
ETIWANDA_6_N001,34.0883812512724,-117.5255740237224,-8.27905
ETIWANDA_6_N003,34.08814499998799,-117.52552751207779,-8.27905
EUREKAA_6_N001,40.793883999984665,-124.18290627263764,-6.24841
EUREKA_6_N001,40.793883999984665,-124.18302572736236,-6.24537
EVRGREEN_1_N001,37.303338999986465,-121.8408102375639,3.53381
EVRGREEN_1_N019,37.303338999986465,-121.84092376243609,3.53381
EXXONBH_7_N001,38.08095331088854,-122.13762073299924,0.82248
FAIRGRND_LNODEDR1,37.5006945896515,-120.867048786933,-5.21286
FAIRGRND_LNODEDR3,37.5005735349484,-120.866718665766,-5.21286
FAIRGRND_LNODEDR4,37.5005721589657,-120.866803820595,-5.21286
FAIRGRND_LNODEDR5,37.5005181954718,-120.867051337755,-5.21286
FAIRGRND_LNODEDR7,37.5005718981617,-120.866887330714,-5.21286
FAIRGRND_LNODEDR8,37.5005716373084,-120.866970837622,-5.21286
FAIRHAVN_6_N001,40.80028,-124.195714,-6.25349
FAIRWAY_1_N001,34.91059499998762,-120.44635292480474,-6.73509
FAIRWAY_1_N002,34.91059499998762,-120.44646307519525,-6.73509
FAMOSO_1_N001,35.60500099998741,-119.20248280260235,-6.27572
FARREL_1_N001,33.85654399998807,-116.49686777574072,-8.11684
FARREL_1_N002,33.85654399998807,-116.49697622425927,-8.11684
FAR_SUB_LNODEONA,34.03809021316632,-118.37089113436087,-4.78653
FAR_SUB_LNODEONB,34.0379097867377,-118.37089113459244,-4.78552
FAR_SUB_LNODEONC,34.0379097867377,-118.37110886540755,-4.78552
FAR_SUB_LNODEOND,34.03809021316632,-118.37110886563912,-4.78552
FELICITA_6_N001,33.093263724336374,-117.073637,-8.18072
FELICITA_6_N005,33.09318313781945,-117.07358146461416,-8.18072
FELICITA_6_N009,33.09318313781945,-117.07369253538583,-8.18072
FELLOWSG_7_N001,35.195188999987465,-119.58505586292793,-6.26405
FIGARDN_2_N001,36.8220309999868,-119.85852484727552,-10.79
FIGARDN_2_N101,36.8220309999868,-119.85863715272448,-7.51027
FINNEY_LNODESNV,37.627520677678156,-120.9751667,-5.24433
FIREBAGH_6_N001,36.850688,-120.466577,-6.51945
FIREHOUS_LNODEBUSH,34.8569,-114.6245,-4.68553
FIY_LNODE0LD,38.762778,-121.356944,-5.30016
FLINT_1_N001,38.88530299998586,-121.06669540924167,-0.24787
FMC_1_N001,37.347699999986396,-121.92219018683774,3.08105
FMC_1_N003,37.347699999986396,-121.92230381316226,3.08105
FOOTHILL_1_N001,35.27,-120.7,-6.70872
FORSTHL_6_N001,39.01927,-120.830271,-0.20688
FORTORD_6_N001,36.643363,-121.792138,1.66737
FORTRSS_6_N001,38.539559,-123.223713,11.44836
FOSTERW_7_N001,38.02007534657929,-122.06127131707333,1.09426
FRANKLIN_6_N003,38.012317,-122.264655,0.976
FRA_SM_LNODENE1,38.38101134187077,-121.4768906014164,-5.32147
FRA_SM_LNODENE2,38.380933333277234,-121.47683314740071,-5.32147
FRA_SM_LNODENE3,38.38085532476781,-121.47689060154032,-5.32147
FRA_SM_LNODENE4,38.38085532476781,-121.47700550957168,-5.32147
FRA_SM_LNODENE5,38.380933333277234,-121.47706296371129,-5.32147
FRA_SM_LNODENE6,38.38101134187077,-121.4770055096956,-5.32147
FREDONIA_LNODELD,34.1733,-114.574,-4.73121
FREMNT_1_N001,37.54118124868743,-121.962063,2.55855
FREMNT_1_N007,37.54109987564155,-121.96200374944321,2.55855
FREMNT_1_N013,37.54109987564155,-121.96212225055679,2.55855
FRIARS_1_N001,32.77904499998872,-117.15675673371696,-8.16892
FRIARS_1_N009,32.77904499998872,-117.15686326628304,-8.16892
FRNCHGLH_6_N001,40.68692,-122.641204,0.07418
FROGTOWN_7_N001,38.056504,-120.53381,0.88369
FRTSWRD_6_N001,40.21377199998503,-123.59658599020719,-16.26601
FRUITLND_6_N001,40.28584,-123.837372,-14.18183
FRUITVLE_6_N001,35.376774999987504,-119.0924868388967,-6.30044
FRUITVLE_6_N101,35.376774999987504,-119.09259716110328,-6.30044
FSTREET_LNODEDR1,37.4895796064313,-120.838424090027,-5.21235
FSTREET_LNODEDR3,37.4896984214952,-120.838270217479,-5.21184
FSTREET_LNODEDR4,37.4896152090171,-120.838173674241,-5.21184
FSTREET_LNODEDR5,37.4894938869083,-120.83833925837,-5.21235
FTCHMTN_6_N001,38.60608399998592,-122.85282549557644,20.06
FTCHMTN_6_N003,38.60608399998592,-122.85294050442356,20.06
FTL_LNODENE1,38.69308721315885,-121.348651111111,-5.30219
FTL_LNODENE2,38.693006393405355,-121.34859132777218,-5.30219
FTL_LNODENE3,38.693006393405355,-121.34871089444981,-5.30219
FULTON_2_N010,38.49657200829278,-122.75943026543568,6.87127
FULTON_2_N049,38.49657200829278,-122.75954973456432,6.87127
F_6_N001,32.75497274686537,-117.126027,-8.18263
F_6_N002,32.75489212655523,-117.12597165333155,-8.18263
F_6_N005,32.75489212655523,-117.12608234666845,-8.18263
GABILAN_6_N001,36.731511,-121.61325,1.59987
GALE_1_N001,34.85946599998758,-116.86535894183864,-8.11002
GANSNER_6_N101,39.939187,-120.948157,0.10332
GANSO_1_N001,35.501698,-119.449132,-6.25644
GARCIA_6_N001,38.88879,-123.550318,11.25804
GAREY_1_N002,34.98,-120.26,-6.73053
GARFIELD_6_N001,32.795125,-116.996848,-8.14591
GARNET_7_N001,33.93858299995228,-116.57633536031197,-8.11227
GEER_LNODEDR1,37.52250334748,-120.843709746797,-5.20677
GEER_LNODEDR2,37.5224993081714,-120.843588348711,-5.20626
GEER_LNODEDR3,37.5224318250334,-120.843496861832,-5.20626
GEER_LNODEDR4,37.5224297824039,-120.843426269924,-5.20626
GEER_LNODEDR5,37.5224263420376,-120.843557323915,-5.20677
GEER_LNODEDR7,37.5224225565731,-120.843630755159,-5.20677
GEER_LNODEDR8,37.522425898329,-120.843709042834,-5.20677
GENESEE_6_N001,32.87974054062765,-117.2133823800825,-8.22774
GENESEE_6_N005,32.87956145928191,-117.21338238029792,-8.22774
GENESEE_6_N011,32.87956145928191,-117.21359561970208,-8.22774
GENESEE_6_N015,32.87974054062765,-117.2135956199175,-8.22774
GENE_2_N001,34.3,-114.23,-7.78173
GERBER_6_N101,40.064207,-122.156114,0.00295
GEYSR5-6_7_N001,38.777006613720275,-122.74238837921152,-36.76188
GIFFEN_6_N001,36.545076,-120.334519,-27.07558
GILROYF_1_N001,37.14,-121.58,2.99014
GILSTRAP_LNODEDR1,37.5800948624588,-120.975549487551,-5.19357
GILSTRAP_LNODEDR3,37.5801662132492,-120.9757670064,-5.19408
GILSTRAP_LNODEDR5,37.5799830759229,-120.975550499689,-5.19357
GILSTRAP_LNODEDR7,37.58017229934,-120.975552395649,-5.19357
GILSTRAP_LNODEDR8,37.5801700030066,-120.975645212521,-5.19408
GILSTRAP_LNODER17,37.5801611951015,-120.976018315921,-5.19408
GIRVAN_6_N001,40.51347,-122.378916,0.06436
GLENCLIF_6_N001,32.798367,-116.498315,-7.89925
GLENSHIR_LNODERE,39.352238,-120.08626,-5.4448
GLENWOOD_6_N001,37.45733023092607,-122.186967,2.22591
GLENWOOD_6_N004,37.457248884522265,-122.18690783531744,2.22591
GLENWOOD_6_N005,37.457248884522265,-122.18702616468256,2.22591
GLRYCGG1_7_N001,37.12999999998655,-121.5600565514771,2.98557
GOLDTREE_1_N001,35.32012199998752,-120.69284284611503,-6.6989
GOLDTREE_1_N002,35.32012199998752,-120.69295315388497,-6.6989
GOLETA_6_N200,34.46880142976412,-119.88445868708224,-8.58842
GONZALES_6_N001,36.50885299998702,-121.44685522795733,1.55216
GONZALES_6_N003,36.50885299998702,-121.44696677204267,1.55216
GORMAN_6_N001,34.8014,-118.818908,-8.71859
GOSELKE_1_N001,35.601596,-119.579654,-6.16863
GOULD_2_N001,34.22145799998786,-118.18701737338756,-8.35417
GOULD_2_N007,34.22145799998786,-118.18712662661244,-8.35417
GRANDIS_1_N004,38.23108199998597,-121.59029758372996,0.14875
GRANDIS_1_N009,38.23108199998597,-121.59041241627003,0.14875
GRANITE_6_N001,32.804473,-116.92086,-8.12205
GRANITE_6_N007,32.804472999954854,-116.9207534473782,-8.12205
GRANITE_6_N008,32.80438343993102,-116.92086,-8.12205
GRANITE_6_N009,32.804472999954854,-116.92096655262179,-8.12256
GRANTRK_6_N001,37.67099326174171,-122.160116,1.58616
GRANT_1_N001,37.67091186911436,-122.16005663166834,2.05831
GRANT_1_N005,37.67091186911436,-122.16017536833166,2.05831
GRBRVLLE_6_N001,40.10263,-123.792873,-19.3974
GRDNEAST_1_N101,36.47999999998696,-119.60994425959105,-7.65809
GRDNEAST_1_N102,36.47999999998696,-119.61005574040897,-7.65809
GRDNWEST_1_N001,36.59,-119.57,-7.72672
GREENBRE_6_N001,37.93780399998614,-122.51415869769995,0.72747
GREENBRE_6_N003,37.93780399998614,-122.51427330230004,0.72747
GRIMWAY_1_N001,35.27,-118.87,-6.24207
GRNTHLL_1_N001,32.80456256006898,-116.92086,-8.14439
GRNVALY_1_N001,36.952139010813255,-121.76018,1.63286
GRNVALY_1_N011,36.95205799457908,-121.76012146857028,1.63286
GRSSVLY_6_N101,39.209514,-121.061004,-0.20485
GRYSFLT_6_N001,40.021612,-121.065532,0.10332
GUALALA_6_N001,38.786699,-123.522777,11.27631
GUSTINE_6_N001,37.253223999986524,-121.01302629664288,0.91776
GUSTINE_6_N002,37.253223999986524,-121.01313970335713,0.91776
GYSRVLLE_6_N001,38.70981887157317,-122.907957,26.01
GYSRVLLE_6_N003,38.70973806419826,-122.90789721183104,26.01
HALSEYF_7_N001,38.90131699998584,-121.08772559737287,-0.24444
HAL_SUB_LNODEON1,33.84769999998815,-118.30334578612137,-4.78197
HAL_SUB_LNODEONA,33.84769999998815,-118.30345421387864,-8.30555
HAMILTON_6_N001,39.746242,-122.011361,0.18841
HAMMER_6_N001,38.02138220754234,-121.320367,1.29324
HAMMER_6_N003,38.02130089621381,-121.32030740848892,1.29324
HAMMER_6_N004,38.02130089621381,-121.32042659151108,1.29324
HAMMONDS_1_N001,36.72011,-120.603287,-10.10945
HARBORG_7_N101,33.770089981295506,-118.25010824500784,-8.40604
HARDING_6_N001,37.96379937479765,-121.2904483692276,0.94272
HARDING_6_N004,37.96361862509118,-121.29044836950978,0.94272
HARDWICK_6_N001,36.404261,-119.68624,-7.55584
HARRIS_6_N001,40.78104299998464,-124.13194328500423,-6.22253
HARRIS_6_N003,40.78104299998464,-124.13206271499577,-6.22253
HARTER_6_N001,39.14325399998575,-121.6480072716394,0.92753
HARTER_6_N003,39.14325399998575,-121.6481227283606,0.92753
HARTLEY_6_N001,39.077268,-122.932322,-49.32748
HAR_GS_LNODE10AUX,33.77070285420546,-118.26588005129787,-4.78095
HAR_GS_LNODE11AUX,33.770785160786886,-118.2658363056699,-4.78146
HAR_GS_LNODE12AUX,33.77085063868779,-118.26576205737284,-4.78146
HAR_GS_LNODE13AUX,33.770893238769126,-118.26566671029164,-4.78146
HAR_GS_LNODE14AUX,33.77090995880947,-118.26556034876025,-4.78146
HAR_GS_LNODE1AUX,33.770900443776654,-118.26545270896402,-4.78095
HAR_GS_LNODE2AUX,33.770866485380765,-118.26535246672638,-4.78146
HAR_GS_LNODE5AUX,33.77081149182394,-118.26526678898045,-4.78095
HAR_SUB_LNODEONA,33.77073997374512,-118.26520109800133,-4.78146
HAR_SUB_LNODEONB,33.77065707494083,-118.26515900180253,-4.78044
HAR_SUB_LNODEONC,33.77056816417163,-118.26514234955444,-4.78146
HATTON_6_N001,36.55679,-121.897162,1.65874
HAWKINS_LNODEDR1,37.5799617816957,-120.645598336747,-5.20169
HAWKINS_LNODEDR3,37.5799481743814,-120.645311774451,-5.20068
HAWKINS_LNODEDR5,37.5798175544824,-120.645562968772,-5.20169
HAWKINS_LNODEDR7,37.5799502934699,-120.645479899093,-5.20068
HAY_GS_LNODE10AUX,33.765034221459466,-118.09919670179296,-4.78603
HAY_GS_LNODE12AUX,33.76505094051277,-118.09909035381168,-4.78603
HAY_GS_LNODE14AUX,33.765041426041684,-118.09898272772843,-4.78603
HAY_GS_LNODE15AUX,33.7650074696504,-118.0988824982613,-4.78603
HAY_GS_LNODE9AUX,33.7649524793399,-118.09879683143038,-4.78603
HAY_LNODESS1,33.76488096548275,-118.09873114881994,-4.78603
HAY_LNODESS2,33.76479807157197,-118.09868905798392,-4.78603
HED_LNODENE1,38.50998333333333,-121.355746944444,-5.31538
HED_LNODENE2,38.50998333327719,-121.35563197930773,-5.31538
HED_LNODENE3,38.50989337309517,-121.35563197945136,-5.31538
HED_LNODENE4,38.50982976169183,-121.355713272007,-5.31538
HED_LNODENE5,38.50981454922492,-121.35582658122124,-5.3164
HED_LNODENE6,38.509845707051696,-121.35593443034743,-5.3164
HED_LNODENE7,38.509911316684935,-121.35601308641768,-5.3164
HED_LNODENE8,38.50999633683837,-121.3560506593429,-5.3164
HENRITTA_6_N101,36.24160599998715,-119.9029965105001,-5.91459
HERDLYN_6_N001,37.816383,-121.586176,1.19671
HERSHEY_LNODESLL,37.75083,-120.8453,-5.24839
HERSHEY_LNODEXF1,37.7508299999447,-120.8451856244636,-5.24839
HERSHEY_LNODEXF2,37.75073956547022,-120.8453,-5.24839
HERSHEY_LNODEXF3,37.7508299999447,-120.84541437553641,-5.24839
HERSHEY_LNODEXF4,37.750920434529704,-120.8453,-5.24839
HICKS_2_N001,37.234159254320986,-121.90015163922017,3.19481
HICKS_2_N002,37.23397874557105,-121.9001516394916,3.19481
HICKS_2_N007,37.23397874557105,-121.90037836050841,3.19481
HIDESERT_2_N001,34.145263999987954,-116.18586145110677,-8.18716
HIDESERT_2_N018,34.145263999987954,-116.18597054889322,-8.18716
HIGGINS_1_N001,39.043590575891166,-121.09071766620363,7.95287
HIGGINS_1_N002,39.04341142399536,-121.0907176664961,7.95287
HIGGINS_1_N004,39.04341142399536,-121.09094833350389,7.95287
HIGHLD_1_N001,38.93741777608508,-122.609034,-28.87497
HIGHLD_1_N005,38.937337111942234,-122.60909387327588,-28.87497
HIGHWAY_1_N001,38.166048151820924,-122.253616,0.71376
HIGHWAY_1_N002,38.16596692407439,-122.25355635179834,0.71376
HILLSDLE_6_N001,37.536271,-122.322394,2.17637
HILLSIDE_1_N001,37.879999999986126,-122.23994272916374,1.00633
HILLSIDE_1_N004,37.879999999986126,-122.24005727083625,1.00633
HILMAR_LNODEDR1,37.4189785637285,-120.849304571346,-5.20626
HILMAR_LNODEDR2,37.4188603223578,-120.849075716434,-5.20575
HILMAR_LNODEDR4,37.4189333711687,-120.849077780203,-5.20626
HILMAR_LNODEDR5,37.4188652133943,-120.849148221032,-5.20575
HILMAR_LNODEDR7,37.4188555229834,-120.849223847561,-5.20575
HILMAR_LNODER17,37.4189123657556,-120.849307362712,-5.20626
HINSON_6_N001,33.81885999995258,-118.22236564005779,-8.40807
HLFMNBY_6_N002,37.46874323375435,-122.43018,2.13526
HLFMNBY_6_N004,37.46866188310803,-122.43012082319957,2.13526
HLFMNBY_6_N101,37.46866188310803,-122.43023917680043,2.13526
HMBLTBY_6_N003,40.78280899998469,-124.11247771670773,-6.41789
HOBARTTP_LNODE19,39.400047,-120.149888,-5.43871
HOLLISTR_1_N001,36.862728962246265,-121.405867,1.66026
HOLLISTR_1_N004,36.86264801886252,-121.40580858969733,1.66026
HOLLISTR_1_N101,36.86264801886252,-121.40592541030266,1.66026
HOMEGRND_1_N001,38.96,-122.84,-29.89636
HOMEPROC_1_N001,38.94,-122.85,-29.90144
HONCUT_1_N001,39.320099,-121.595289,-0.26255
HOOPA_6_N001,41.056514,-123.682252,-5.35035
HORSESHE_1_N001,38.744281999985915,-121.16156545871566,-0.03498
HORSESHE_1_N002,38.744281999985915,-121.16168054128434,-0.03498
HPLNDJT_6_N001,38.972898,-123.081134,-66.08999
HSK_LA_LNODEKSS,34.487,-118.514,-4.78552
HUGHSON_LNODEDR1,37.5949433309328,-120.846755674049,-5.17479
HUGHSON_LNODEDR2,37.5949478453779,-120.846639431615,-5.17479
HUGHSON_LNODEDR3,37.5948895849844,-120.846669736494,-5.17479
HUGHSON_LNODEDR4,37.5949564824944,-120.846831604577,-5.17479
HUGHSON_LNODEDR5,37.594883530932,-120.846800432358,-5.17479
HUGHSON_LNODEDR8,37.5948895004896,-120.84669840193,-5.17479
HUNT1G_7_N002,33.64610399995311,-117.97753404459904,-8.3501
HUNT2G_7_N002,33.645950581890766,-117.97761038065147,-8.3501
HUNT3G_7_N002,33.64596651133317,-117.97781805443613,-8.3501
HUNT4G_7_N002,33.646116990569396,-117.97792719657157,-8.3501
HURLEY_LNODE12LD3,38.587283,-121.418244,-7.71526
HURON_6_N001,36.185797,-120.104535,-6.4206
HUR_LNODENE1,38.58818333333333,-121.418666944444,-5.3032
HUR_LNODENE2,38.58818333327699,-121.41855194404475,-5.3032
HUR_LNODENE3,38.58810548632912,-121.41860944430671,-5.3032
HUR_LNODENE4,38.58810548632912,-121.41872444458129,-5.3032
HUR_LNODENE5,38.58818333327699,-121.41878194484326,-5.3032
HUR_LNODENE7,38.58826118030932,-121.41872444470597,-5.3032
HUR_LNODENE8,38.58826118030932,-121.41860944418204,-5.3032
HWD_SUB_LNODEONA,34.088090251059334,-118.34689102435425,-8.30555
HWD_SUB_LNODEONB,34.0879097488445,-118.34689102458658,-4.78806
HWD_SUB_LNODEONC,34.0879097488445,-118.34710897541342,-4.78806
HWD_SUB_LNODEOND,34.088090251059334,-118.34710897564575,-4.78806
HYATT_2_N212,39.54,-121.47,-0.01753
IBM-CTLE_1_N001,37.33,-121.74,3.09266
IBM-HRRS_1_N001,37.339999999986375,-121.73994319553019,3.09824
IBM-HRRS_1_N101,37.339999999986375,-121.74005680446982,3.09824
IGNACIO_1_N102,38.07555099998604,-122.54000436436782,0.80207
IMHOFF_1_N001,38.001509,-122.066739,1.03465
IMPRLBCH_6_N001,32.58332899998902,-117.09716179037093,-8.15403
IMPRLBCH_6_N004,32.58332899998902,-117.09726820962906,-8.15403
INDIANW_1_N001,33.75822999998817,-116.36079489140164,-8.12332
INDIANW_1_N005,33.75822999998817,-116.36090310859835,-8.12332
INDNFLT_6_N001,37.66547,-119.841331,-6.82153
INDUSTRL_LNODEDR1,37.4786063003132,-120.866935168966,-5.21489
INDUSTRL_LNODEDR2,37.4784258031614,-120.866836967643,-5.2154
INDUSTRL_LNODEDR3,37.4784244272802,-120.866662034426,-5.2154
INDUSTRL_LNODEDR5,37.4785292936467,-120.866935824384,-5.21489
INDUSTRL_LNODEDR7,37.4784403782944,-120.866928290638,-5.21489
INDUSTRL_LNODEDR8,37.4784247171011,-120.866748607625,-5.2154
INGRMC_1_N001,37.83,-121.17,0.96225
INYOKERN_1_N001,35.65261399998741,-117.79478579202693,-8.25982
INYOKERN_1_N008,35.65261399998741,-117.79489620797307,-20.88
IRONMTN_2_N001,34.16,-115.12,-7.95442
IUKA_6_N001,37.665987,-121.831011,1.99742
JACINTO_6_N001,39.582923,-122.010645,0.18841
JAMACHA_6_N001,32.744163749547276,-116.957239,-8.12205
JAMACHA_6_N006,32.74408312521416,-116.95718365728564,-8.12205
JAMACHA_6_N015,32.74408312521416,-116.95729434271436,-8.12205
JAMESON_1_N001,38.205743,-122.147539,0.48344
JANSCRK_6_N001,40.905394259900845,-124.072573,-6.22405
JANSCRK_6_N003,40.90531287003298,-124.0725108262728,-6.22405
JARVIS_1_N014,37.59572442721241,-122.01803387245575,2.39448
JARVIS_1_N016,37.595543572677634,-122.01803387273313,2.39448
JARVIS_1_N017,37.595543572677634,-122.01826212726687,2.39448
JARVIS_1_N101,37.59572442721241,-122.01826212754425,2.39448
JCBSCRNR_6_N001,36.22245499998718,-119.77977650530629,-5.9019
JCBSCRNR_6_N003,36.22245499998718,-119.77988749469371,-5.9019
JENNY_1_N001,37.769999999986226,-122.25994279875593,0.85499
JENNY_1_N008,37.769999999986226,-122.26005720124407,0.85499
JESSUP_1_N001,40.462102,-122.328061,0.06311
JMSCNPMP_1_N001,38.19,-122.47,0.76705
JOHANNA_2_N001,33.71362395818503,-117.852576,-8.33549
JOHANNA_2_N007,33.71354302089469,-117.85251982319095,-8.33549
JOLON_6_N001,36.013308,-121.167635,-5.11191
KAMM_1_N001,36.58,-120.52,-10.646
KANAKA_1_N001,39.439999999985574,-121.38994201903363,-0.19724
KEARNEY_6_N001,36.704357999986875,-119.88278399673257,-8.29426
KEARNEY_6_N099,36.704357999986875,-119.88289600326743,-8.29426
KEARNEY_7_N001,32.832849999988746,-117.13199871171014,-8.28971
KEARNEY_7_N003,32.832849999988746,-117.13210528828985,-8.24404
KELSO_2_N001,37.797722,-121.601591,1.18382
KERMAN_6_N001,36.69205999998684,-120.05918901200307,-10.09739
KERMAN_6_N002,36.69205999998684,-120.05930098799692,-10.09739
KERNOIL_1_N001,35.44070999998741,-119.02061483035583,-6.31921
KERNOIL_1_N012,35.44070999998741,-119.02072516964418,-6.31921
KERNPWR_1_N002,35.37980096994444,-119.097984,-6.2979
KERNPWR_1_N201,35.37972001501422,-119.09792667452027,-6.31109
KERNRDGE_1_N001,35.48320899998747,-119.76358482417542,-6.04585
KERNRV_1_N001,35.37972001501422,-119.09804132547973,-6.31871
KERNWATR_1_N001,35.400666,-119.035603,-6.31211
KESWICK_6_N001,40.623725,-122.462027,0.03723
KETTLEMN_6_N001,36.044075,-120.112696,-147.91524
KETTNER_6_N001,32.733172,-117.173774,-8.18194
KIERNAN_LNODETUB,37.71047,-121.0139,-5.24534
KINGCTY_6_N001,36.21683446252504,-121.1266820197143,-5.06776
KINGCTY_6_N002,36.21683446252504,-121.1269039802857,-5.06776
KINGCTY_6_N005,36.217013537372516,-121.12690398053972,-5.06776
KINGSBRG_1_N001,36.48869063297857,-119.58234525016937,-7.54823
KINGSBRG_1_N008,36.48861299994815,-119.58228950045047,-7.54823
KIRKER_1_N001,38.0212542075842,-121.905844,1.11591
KIRKER_1_N005,38.02117289619287,-121.90578440854696,1.11591
KIRKER_1_N006,38.02117289619287,-121.90590359145303,1.11591
KNA_LNODENA2,40.654722,-122.389167,-5.1753
KNGHTSLD_1_N001,38.809281,-121.74515,-0.27431
KONOCTI6_6_N001,38.9325,-122.741085,-45.00087
KYOCERA_6_N001,32.819776,-117.140362,-8.21105
LADDCM_LNODEARD,37.73258,-121.01392,-5.24483
LAFRESA_6_N001,33.86979104273171,-118.33319,-8.41568
LAFRESA_6_N007,33.869709978621295,-118.33324636755688,-8.41568
LAGNANL_1_N001,33.49498074466377,-117.70295838393929,-8.27257
LAGNANL_1_N002,33.494801255243225,-117.70295838416239,-8.27257
LAGNANL_1_N005,33.494801255243225,-117.70317361583761,-8.27257
LAGNANL_1_N006,33.49498074466377,-117.70317361606071,-8.27257
LAGRANG_LNODEOAD,37.6697612035926,-120.443808701526,-5.19002
LAGUBELL_6_N001,33.975996097823064,-118.14794,-8.38642
LAGUBELL_6_N210,33.97591495107552,-118.14799649540468,-8.38642
LAGUNATP_6_N001,36.748942999986895,-121.60530194075191,11.58539
LAGUNITS_6_N001,36.748942999986895,-121.60541405924809,1.59784
LAJOLLA_6_N001,32.840121999988746,-117.27517670850455,-8.22673
LAJOLLA_6_N007,32.840121999988746,-117.27528329149546,-8.22673
LAKEVIEW_6_N101,35.093678,-119.10139,-6.26897
LAKEVLLE_1_N001,38.251505,-122.580692,0.77213
LAKEWOOD_1_N001,37.909008286572075,-122.05701271293042,1.07548
LAKEWOOD_1_N003,37.90892999994441,-122.05695542598274,1.07548
LAKEWOOD_1_N004,37.90885171340006,-122.05701271305232,1.07548
LAKEWOOD_1_N006,37.90885171340006,-122.05712728694768,1.07548
LAKEWOOD_1_N007,37.90892999994441,-122.05718457401727,1.07548
LAKEWOOD_1_N009,37.909008286572075,-122.05712728706959,1.07548
LAK_SM_LNODENE2,38.658077794318025,-121.13012359377534,-5.30878
LAK_SM_LNODENE3,38.65799999994368,-121.13006607656462,-5.30878
LAK_SM_LNODENE4,38.657922205653776,-121.13012359390028,-5.30878
LAK_SM_LNODENE6,38.657922205653776,-121.13023862832172,-5.30878
LAK_SM_LNODENE7,38.65799999994368,-121.13029614565738,-5.30878
LAK_SM_LNODENE8,38.658077794318025,-121.13023862844666,-5.30878
LAMONT_1_N001,35.296667999987505,-118.86162984910735,-6.24055
LAMONT_1_N002,35.296667999987505,-118.86174015089266,-6.24055
LAPHAM_LNODEQBZ,37.639494,-120.919982,-5.24382
LAPHAM_LNODEXBC,37.63949399994495,-120.91986779708742,-5.24382
LAPLMG1_7_N001,35.29516599994997,-119.59192469860037,-6.30551
LAPLMG2_7_N001,35.2950123151544,-119.59200269352937,-6.30551
LAPLMG3_7_N001,35.29502827228419,-119.59221488028864,-6.30551
LAPLMG4_7_N001,35.29517901313358,-119.59232639423358,-6.30551
LASPALMS_1_N001,36.8,-119.69,-7.70535
LASPLGS_6_N001,33.31288499998846,-117.46694237728786,3.28077
LASPULGS_6_N001,33.31288499998846,-117.46704962271214,-8.29815
LAURELES_6_N001,36.47781599998705,-121.7268922619553,1.53287
LAWRENCE_1_N001,37.397207,-122.010126,2.97431
LAWRENCE_1_N003,37.39720699994556,-122.01001226428907,2.97431
LAWRENCE_1_N004,37.39711664332103,-122.010126,2.97431
LAWRENCE_LNODEENCE,37.397297356679005,-122.010126,-4.73832
LBEACH2G_7_N002,33.818691093192,-118.22254906136247,-8.40807
LCIENEGA_6_N001,34.000751,-118.378408,-8.43142
LEGRAND_1_N001,37.184412,-120.273463,-6.75454
LEMOORE_6_N002,36.30998799998711,-119.79822042969916,-5.93032
LEMOORE_6_N101,36.30998799998711,-119.79833157030085,-5.93032
LEPRINO_1_N001,37.748396,-121.41576,0.98803
LERDO_1_N001,35.50010399998744,-119.15188082156193,-6.30805
LERDO_1_N004,35.50010399998744,-119.15199117843807,-6.30805
LILAC_6_N001,33.25325899998847,-117.08580343192692,-8.23091
LILAC_6_N010,33.25325899998847,-117.08591056807307,-8.23091
LIMESTNE_6_N001,38.63377399998596,-120.97960448884528,0.13942
LINCON_LNODECRZ,37.63940356621228,-120.91986779722644,-5.24331
LINCON_LNODEFCN,37.639339619957,-120.91994855081084,-5.24331
LINDEN_6_N101,38.016891,-121.095875,0.99043
LITEHIPE_6_N001,33.88040091918611,-118.17506849549716,-8.40147
LITEHIPE_6_N008,33.88058108071875,-118.17528550473195,-8.40147
LIVERMRE_6_N001,37.68013099998621,-121.78059286544908,1.93737
LIVERMRE_6_N003,37.68013099998621,-121.78070713455092,1.93737
LIVNGSTN_6_N001,37.363379203022006,-120.760425,-1.83721
LLAGAS_1_N001,37.006958040367174,-121.557391,2.99521
LLAGAS_1_N003,37.00687697980194,-121.55733239433584,2.99521
LLAGAS_1_N005,37.00687697980194,-121.55744960566416,2.99521
LMEC1_1_N001,38.030625,-121.896783,1.11997
LMEC1_1_N101,38.03062499994427,-121.89666830800388,1.11997
LMEC1_1_N601,38.0305346591732,-121.89666830814532,1.11997
LMEC1_1_N801,38.03047077865233,-121.89674940756281,1.11997
LMECCT1_7_N001,38.0304867914731,-121.89697004046927,1.11997
LMECCT2_7_N001,38.03063805852326,-121.89708599331652,1.11997
LMECST1_7_N001,38.03081089924409,-121.89703337694175,1.11997
LMPC-CTY_1_N001,34.6,-120.39,-6.77722
LOCKHD1_1_N001,37.409054,-122.03213,2.8001
LOCKHD2_1_N001,37.416224,-122.030655,2.53723
LOGANCR_2_N001,39.53955399998549,-122.26277291112409,0.42958
LOGANCR_2_N010,39.53955399998549,-122.26288908887592,0.42958
LONESTAR_1_N001,37.511676999986356,-122.20756301431467,2.24718
LOSALTS_6_N004,37.3939352129738,-122.114735,3.36242
LOSALTS_6_N005,37.393853893498445,-122.11467590496156,3.36242
LOSALTS_6_N101,37.393853893498445,-122.11479409503845,3.36242
LOSCCHS_6_N001,32.85981772690813,-116.899263,-5.05101
LOSCOCHS_6_N001,32.85973713653372,-116.89920760858072,-8.0982
LOSCOCHS_6_N034,32.85973713653372,-116.89931839141927,-8.0982
LOSGATS_6_N002,37.226423999986494,-121.97722832893687,3.27969
LOSGATS_6_N201,37.226423999986494,-121.97734167106313,3.27969
LOSOSTS_6_N001,36.293864,-121.20007,-5.08197
LOVELAND_6_N001,32.796957,-116.792258,-8.06166
LOWGAP_7_N001,40.4327289999849,-123.47220368717633,-4.93367
LOYALTON_LNODETY,39.6680639999855,-120.24305624345052,-5.41993
LOYOLA_6_N001,37.360660999986344,-122.09993417231678,3.38221
LOYOLA_6_N004,37.360660999986344,-122.10004782768323,3.38221
LPFLKBD_6_N001,40.90531287003298,-124.07263517372719,-6.22354
LSGLLNS_1_N001,38.022339207228725,-122.537978,0.7904
LSGLLNS_1_N002,38.0222578963706,-122.53791840805536,0.7904
LSGLLNS_1_N003,38.0222578963706,-122.53803759194464,0.7904
LSPSTAS_2_N001,37.700982436898656,-121.73360569835381,1.45846
LSPSTAS_2_N002,37.70080156299109,-121.73360569863272,1.45846
LSPSTAS_2_N010,37.70080156299109,-121.7338343013673,1.45846
LSPSTAS_2_N011,37.700982436898656,-121.73383430164618,1.45846
LSTHLLS_6_N001,35.785755,-119.866138,-6.13932
LUCERNE_1_N001,39.110189,-122.81298,-28.83717
LUCERNE_1_N004,39.11,-122.81,-28.83717
LUIS#3_1_N001,36.65,-120.73,-10.71563
LUIS#5_1_N001,36.72,-120.75,-10.71512
LVNGSTN_7_N002,37.36329789847426,-120.76036593987695,-5.35606
LYOTH-SP_6_N001,37.721862,-121.390858,0.94781
LYTNVLLE_6_N001,39.684962,-123.476979,-32.02617
MABURY_1_N001,37.36089599998639,-121.86395517205479,3.14601
MABURY_6_N001,37.36089599998639,-121.86406882794522,3.49422
MADISON_1_N002,38.67073989103906,-121.969138,0.5215
MADISON_1_N201,38.67065905446531,-121.9690782228888,0.5215
MAGUNDEN_1_N002,35.36215899998747,-118.92373215922743,-6.32277
MAINE-PR_6_N001,38.385820999985995,-121.77582145519017,0.52252
MALAGA_1_N001,36.69415479048744,-119.72474601890697,-7.77334
MALAGA_1_N004,36.69397520940774,-119.72474601916853,-7.77334
MALAGA_1_N005,36.69397520940774,-119.72496998083147,-7.77334
MALAGA_1_N206,36.69415479048744,-119.72496998109303,-7.77334
MANCHSTR_1_N001,36.78803392229639,-119.787488,-7.65227
MANCHSTR_1_N002,36.787953038837564,-119.78742968988867,-7.65227
MANCHSTR_1_N005,36.787953038837564,-119.78754631011132,-7.65227
MANDLY1G_7_N002,34.207498198093205,-119.249016,-8.50062
MANDLY2G_7_N002,34.20741690094034,-119.2489592448821,-8.50062
MANDLY3G_7_N001,34.20741690094034,-119.2490727551179,-8.50062
MANTECA_1_N001,37.80151542742815,-121.22356755493873,0.93342
MANTECA_1_N002,37.80133457246114,-121.22356755521895,0.93342
MANTECA_1_N012,37.80133457246114,-121.22379644478104,0.93342
MANTECA_1_N013,37.80151542742815,-121.22379644506127,0.93342
MANVILLE_1_N001,34.53,-120.43,-6.76402
MARGARTA_1_N001,33.55007578845692,-117.62798626281774,-8.26952
MARGARTA_1_N002,33.54989621144975,-117.62798626304166,-8.26952
MARGARTA_1_N008,33.54989621144975,-117.62820173695833,-8.26952
MARGARTA_1_N009,33.55007578845692,-117.62820173718225,-8.26952
MARICOPA_6_N001,35.107547,-119.398151,-6.23461
MARIPOS2_6_N001,37.50445799998627,-120.00773602136582,-6.79007
MARIPOS2_6_N003,37.50445799998627,-120.00784997863418,-6.79007
MARPOS_LNODEKSA,37.63932432741219,-120.92006110878681,-5.24382
MARPOS_LNODENOX,37.63935564925701,-120.92016824287315,-5.24382
MARSHALL_LNODEDR1,37.43587720766,-121.132527674588,-5.23012
MARSHALL_LNODEDR2,37.4358760484777,-121.13220043951,-5.23012
MARSHALL_LNODEDR3,37.4358798082574,-121.132682875263,-5.23012
MARSHALL_LNODEDR4,37.4358789493306,-121.132046059332,-5.23012
MARSHALL_LNODEDR5,37.4358787251639,-121.131895544498,-5.23012
MARSHALL_LNODER8C,37.435876146414,-121.132374308977,-5.23012
MARTELL_6_N001,38.369191999986,-120.79669245138386,0.66477
MARTINEZ_1_N001,38.02,-122.16,1.01518
MCARTHR_6_N001,41.05270199998445,-121.40878106361407,0.06257
MCCALL_1_N026,36.61141783540495,-119.639697,-7.83369
MCCALL_1_N030,36.61133708228342,-119.63963891745578,-7.83369
MCC_LNODEMCC,38.63008971070796,-121.51320976638306,-5.30219
MCDISLE_6_N001,37.93693288402067,-121.52832945017714,0.93381
MCFRLND_6_N001,35.688444,-119.276835,-6.27996
MCKEE_1_N001,37.366407204044364,-121.843789,3.29875
MCKEE_1_N005,37.36632589796316,-121.84372993637959,3.29875
MCKEE_1_N101,37.36632589796316,-121.84384806362041,3.29875
MCMULLN1_2_N001,36.592775,-119.989065,-9.30643
MCY_LNODE101,38.563116666666666,-121.464371944444,-5.30929
MCY_LNODE102,38.563116666610455,-121.4642569555954,-5.30929
MCY_LNODE103,38.56302675430868,-121.46425695573926,-5.30929
MCY_LNODE104,38.562963176761876,-121.46433826506194,-5.30929
MCY_LNODE105,38.562947972391605,-121.46445159764659,-5.30929
MCY_LNODE106,38.5629791136348,-121.46455946901716,-5.30929
MCY_LNODE107,38.56304468834792,-121.46463814131086,-5.30929
MCY_LNODE108,38.56312966325024,-121.46467572198618,-5.30929
MDLRIVR_6_N001,37.93693288402067,-121.52844854982285,1.01095
MDWYPS_6_N001,35.402824999987416,-119.45497183549746,-6.27978
MECCTG1_7_N100,37.239909741275135,-121.77988662517618,3.44
MECCTG2_7_N100,37.2400902586168,-121.78011337509535,3.44
MEDWLNE_1_N001,37.963141225082815,-122.052361,1.0783
MEDWLNE_1_N002,37.963059887443606,-122.05230143651556,1.0783
MEDWLNE_1_N006,37.963059887443606,-122.05242056348443,1.0783
MELROSE_6_N001,33.206560573300976,-117.25285494469412,-8.24694
MELROSE_6_N004,33.20638142660739,-117.25285494491321,-8.24694
MELROSE_6_N005,33.20638142660739,-117.25306905508678,-8.24694
MELROSE_6_N009,33.206560573300976,-117.25306905530589,-8.24694
MENLO_6_N001,37.4330313740754,-122.20260718789906,2.21272
MENLO_6_N002,37.43285062581547,-122.2026071881739,2.21272
MENLO_6_N003,37.43285062581547,-122.2028348118261,2.21272
MENLO_6_N004,37.4330313740754,-122.20283481210093,2.21272
MERCEDFL_7_N001,37.27292328168154,-120.48675154649395,-6.71546
MERCED_1_N001,37.27274271821013,-120.48697845323395,-5.35048
MERCED_1_N002,37.27292328168154,-120.48697845350604,-5.35048
MERIDIAN_6_N101,37.225299,-121.744182,-14.34885
MESACAL_6_N001,34.037454,-118.109265,-8.36612
MESAHGTS_6_N001,32.829628731503114,-117.157263,-8.208
MESAHGTS_6_N007,32.82954813423625,-117.15720762268285,-8.208
MESARIM_6_N001,32.90498753633711,-117.17294735480384,-7.12197
MESARIM_6_N007,32.90480846357245,-117.1729473550195,-7.12197
MESARIM_6_N008,32.90480846357245,-117.1731606449805,-7.12197
MESARIM_6_N012,32.90498753633711,-117.17316064519616,-7.12197
METCALF_1_N018,37.22435199998651,-121.74197733145253,3.09824
METTLER_6_N001,38.078067,-121.2867,0.31729
MEYERS_LNODE31,38.877195,-119.986125,-5.04487
MEYERS_LNODE32,38.87719499994345,-119.98600982501117,-5.04487
MEYERS_LNODE33,38.87710533707398,-119.986125,-5.04487
MEYERS_LNODE34,38.87719499994345,-119.98624017498884,-5.04487
MEYERS_LNODE35,38.87728466292607,-119.986125,-5.04487
MI-WUK_1_N001,38.052745,-120.217268,-1.95991
MIDDLTWN_6_N002,38.7527889999859,-122.60852945612646,-45.07396
MIDDLTWN_6_N101,38.7527889999859,-122.60864454387354,-45.07396
MILLBRAE_1_N001,37.605189,-122.391045,2.2654
MILLBRAE_1_N004,37.60518899994505,-122.39093085578821,2.2654
MILLBRAE_1_N201,37.60518899994505,-122.3911591442118,2.2654
MILLBRAE_6_N001,37.6052794289691,-122.391045,2.27814
MILLER_1_N001,37.81,-121.1,1.07814
MILPITAS_1_N001,37.415395,-121.888564,2.83827
MILPITAS_1_N003,37.41539499994551,-121.8884502251851,2.83827
MILPITAS_1_N005,37.41530463419468,-121.888564,2.83827
MILPITAS_1_N006,37.41539499994551,-121.88867777481491,2.83827
MINNIER_LNODEJFF,37.71289,-120.93858,-5.2428
MIRABEL_6_N001,38.489406,-122.894261,11.63361
MIRALOMA_6_N001,34.004371186293284,-117.56506721001799,-8.28209
MIRAMAR_6_N001,32.89408253805123,-117.13552936589245,-7.11588
MIRAMAR_6_N004,32.89390346185827,-117.135529366108,-7.11588
MIRAMAR_6_N017,32.89390346185827,-117.135742633892,-7.11588
MISSION_6_N001,32.784191999954906,-117.13741946348074,-8.17755
MISSION_6_N031,32.78411443272647,-117.13747273178681,-8.17755
MISSION_6_N040,32.78411443272647,-117.13757926821319,-8.17755
MISSION_6_N049,32.784191999954906,-117.13763253651926,-8.17755
MKT_SUB_LNODEONA,34.0434902173762,-118.24599112234871,-4.7845
MKT_SUB_LNODEONB,34.04330978252786,-118.24599112258036,-4.7845
MKT_SUB_LNODEONC,34.04330978252786,-118.24620887741963,-4.7845
MKT_SUB_LNODEOND,34.0434902173762,-118.24620887765128,-4.78552
MNDCTP_6_N001,39.251247,-123.196582,-39.12341
MOFTFLD_1_N002,37.41,-122.04,2.80162
MOLINO_6_N002,38.42527299998595,-122.83215753598292,11.62397
MOLINO_6_N101,38.42527299998595,-122.83227246401708,11.62397
MONOLITH_6_N029,34.92999999998754,-118.4199449189089,-8.77869
MONOLITH_6_N101,34.92999999998754,-118.4200550810911,-8.77869
MONROE_1_N001,38.45321800700051,-122.743668,8.10421
MONROE_1_N002,38.45313699648462,-122.74360827529611,8.1032
MONROE_1_N101,38.45313699648462,-122.74372772470389,8.1032
MONSRATE_6_N001,33.32908099998846,-117.23541536188321,-8.33209
MONSRATE_6_N007,33.32908099998846,-117.23552263811678,-8.33209
MONTAGUE_1_N001,37.40375521599691,-121.905675,2.65022
MONTAGUE_1_N006,37.403673891986756,-121.90561589392182,2.65022
MONTAGUE_1_N007,37.403673891986756,-121.90573410607819,2.65022
MONTCLLO_1_N008,38.48,-122.32,8.4005
MONTEREY_6_N001,36.599917,-121.890341,1.66381
MONTERO_6_N001,38.47145299998595,-123.01207452586034,11.53566
MONTERO_6_N004,38.47145299998595,-123.01218947413966,11.53566
MONTGMRY_6_N001,32.631633999988686,-117.09951777952129,-8.14591
MONTGMRY_6_N002,32.631633999988686,-117.0996242204787,-8.14591
MONTPELR_LNODEDR3,37.5513950204046,-120.771210942368,-5.20575
MONTPELR_LNODEDR4,37.5513208784333,-120.77132554154,-5.20575
MONTPELR_LNODEDR5,37.5513203022304,-120.771217224249,-5.20575
MONTPELR_LNODEDR7,37.551320342333,-120.771557696814,-5.20525
MONTPELR_LNODEDR8,37.5513195014288,-120.771445581179,-5.20525
MOORPARK_6_N001,34.28245799998789,-118.90073231455499,-8.43543
MORAGA_1_N001,37.848008,-122.160732,1.07272
MORGAN_1_N001,37.12745917114046,-121.65871690356438,-6.26405
MORMON_6_N001,37.968746,-121.185898,0.99246
MOROHILL_6_N001,33.252187,-117.300305,-8.24644
MORROBY_1_N001,35.373004,-120.855187,-6.65237
MOSSLD_1_N001,36.804150842399494,-121.78373687034716,1.73132
MOSSLND6_7_ND001,36.80399515757413,-121.78384912953872,-0.68299
MOSSLND7_7_ND001,36.804150842399494,-121.78384912965284,-0.68299
MPLECRK_6_N001,40.767881,-123.87365,-5.11739
MREIS-Q_1_N001,38.12,-122.33,0.696
MRGNHIL_1_N001,37.12727882875214,-121.65871690383386,3.02617
MRGNHIL_1_N004,37.12727882875214,-121.65894309616613,3.02617
MRGNHIL_1_N007,37.12745917114046,-121.65894309643562,3.02617
MRTSVAL_LNODE32,39.329538,-120.170031,-5.42602
MRYSVLLE_6_N001,39.13944599998575,-121.58327227419691,2.67742
MRYSVLLE_6_N003,39.13944599998575,-121.58338772580308,2.67742
MSHR60V_6_N001,38.02150699998609,-121.28089465794243,1.26482
MSHR60V_6_N006,38.02150699998609,-121.28100934205757,1.26482
MTEDEN_1_N001,37.63264525976642,-122.10124,2.06034
MTEDEN_1_N005,37.632563870101905,-122.10118066447778,2.06034
MTEDEN_1_N009,37.632563870101905,-122.10129933552223,2.06034
MTNHOUSE_LNODE1KV,37.79428,-121.55964,-5.22453
MTNPASS_1_N001,35.508179,-115.53125,-7.95241
MTNQUAR_6_N001,38.914515,-121.015694,-0.26169
MTVIEW_1_N001,34.07927114678052,-117.240376,2.9671
MTVIEW_1_N004,34.079189926596804,-117.24031938460595,2.9671
MTVIEW_1_N005,34.079189926596804,-117.24043261539406,2.9671
MURRAY_6_N001,32.79087756459772,-117.0229334582287,-8.15961
MURRAY_6_N004,32.790698435312095,-117.02293345844329,-8.15961
MURRAY_6_N005,32.790698435312095,-117.02314654155671,-8.15961
MURRAY_6_N015,32.79087756459772,-117.0231465417713,-8.15961
MUSLSLGH_6_N001,36.264507,-119.907357,-5.91662
NARROWS1_7_N001,33.13712344927391,-116.2943780565384,-14.73071
NARROWS_6_N010,33.137302550634665,-116.29459194367982,-7.77452
NATNLCTY_6_N001,32.67305199998863,-117.10726576866911,-8.16469
NATNLCTY_6_N005,32.67305199998863,-117.10737223133088,-8.16469
NAT_LNODENE1,38.65097779957077,-121.48672359559271,-5.30168
NAT_LNODENE2,38.65089999994365,-121.48666608019934,-5.30168
NAT_LNODENE3,38.650822200401045,-121.48672359571763,-5.30168
NAT_LNODENE4,38.650822200401045,-121.48683862650437,-5.30117
NAT_LNODENE5,38.65089999994365,-121.48689614202266,-5.30117
NAT_LNODENE6,38.65097779957077,-121.4868386266293,-5.30117
NAVSTMTR_6_N001,32.67041199998878,-117.11463876940559,-8.16976
NAVSTMTR_6_N011,32.67041199998878,-117.11474523059441,-8.16976
NAVY35R_1_N001,35.29,-119.45,-6.30551
NBRANCH_6_N001,38.199837,-120.719506,0.72719
NCMETER_1_N001,33.089572,-117.203236,-8.20001
NCPA1GY1_7_N001,38.329999999986036,-122.63005744213352,0.81425
NCPA1GY2_7_N001,38.33999999998601,-122.64005744453604,0.81222
NCPA2GY1_7_N001,38.34999999998599,-122.65005744690819,6.89614
NCPA2GY2_7_N001,38.329999999986036,-122.68005744213352,6.89868
NDUBLIN_2_N002,37.86,-121.88,1.01483
NEWARKD_1_N001,37.50049924095103,-121.987091,2.42443
NEWARKD_1_N012,37.500417879509776,-121.98703179018516,2.42443
NEWBURG_6_N001,40.59455299998477,-124.13512748525541,-6.80008
NEWBURG_6_N003,40.59455299998477,-124.13524651474458,-6.80008
NEWELL_LNODEWELL,41.888139999984205,-121.37832971620207,-4.73629
NEWHALL_1_N001,36.86718099998678,-120.32825478878492,-12.52736
NEWHALL_1_N002,36.86718099998678,-120.32836721121508,-12.52736
NEWMAN_6_B2,37.31543099998646,-121.01505122358405,0.91928
NEWMAN_6_N001,37.31543099998646,-121.01516477641594,0.91928
NOISLMTR_6_N004,32.70244776093939,-117.182166,-8.18448
NOISLMTR_6_N009,32.702367119518385,-117.18211067144682,-8.18448
NORCO_1_N001,35.28535,-119.308893,-6.2879
NORD1_1_N001,39.759998999985385,-121.90689363690683,-0.03834
NORD1_1_N003,39.759998999985385,-121.90701036309318,-0.03834
NORTECH_1_N001,37.46,-121.76,2.6104
NORTHOAK_6_N003,35.96338313356797,-119.45673850749412,-8.43137
NORTHOAK_6_N004,35.96338313356797,-119.45685349250587,-8.43137
NORTHOAK_6_N005,37.36329789847426,-120.76048406012305,-8.43137
NOVATO_6_N001,38.10860199998601,-122.56828762317217,0.79954
NOVATO_6_N002,38.10860199998601,-122.56840237682783,0.79954
NRTHTWR_1_N001,38.066061192073654,-122.195674,0.98592
NRTHTWR_1_N002,38.06597990394814,-122.1956143891305,0.98592
NRTHTWR_1_N004,38.06597990394814,-122.19573361086951,0.98592
NR_SUB_LNODEONA,34.22909034238915,-118.54339073176756,-8.30555
NR_SUB_LNODEONB,34.228909657513995,-118.54339073200198,-4.7911
NR_SUB_LNODEONC,34.228909657513995,-118.54360926799801,-4.79059
NR_SUB_LNODEOND,34.22909034238915,-118.54360926823244,-4.79059
NUMITAP_1_N003,37.5,-122.04,2.53977
NVYSCHL_6_N001,36.59909,-121.877082,1.66787
NWKDIST_2_N001,37.47999999998637,-121.97994304564625,2.09441
NWKDIST_2_N004,37.47999999998637,-121.98005695435374,2.09441
NWKDIST_2_N017,37.96361862509118,-121.29067763049022,2.09441
OAKC12_7_N002,37.79751331310943,-122.28096478011268,1.01182
OAKDAL_LNODEMTS,37.66746999998627,-120.95814287556452,-5.2428
OAKDAL_LNODENDN,37.66746999998627,-120.95825712443548,-5.2428
OAKHURST_1_N001,37.32379499998641,-119.63394921398016,-7.37364
OAKHURST_1_N002,37.32379499998641,-119.63406278601984,-7.37364
OAKLAND_1_N001,37.79743499994459,-122.28090756034669,1.01385
OAKLAND_1_N006,37.797356686862834,-122.280964780234,1.01385
OAKLAND_1_N033,37.797356686862834,-122.28107921976599,1.01385
OCEANO_1_N001,35.10177099998753,-120.58099587832989,-6.7456
OCEANO_1_N004,35.10177099998753,-120.5811061216701,-6.7456
OCEANSDE_6_N001,33.19681799998853,-117.381743480479,-8.26775
OCEANSDE_6_N002,33.19681799998853,-117.381850519521,-8.26775
OIGLASS_1_N001,37.75,-121.31,0.95481
OILDALE_1_N001,35.42,-118.98,-6.31871
OILFLDS_6_N001,35.95646873409211,-120.85121,-4.9221
OILFLDS_6_N007,35.95638813294024,-120.8511525112428,-4.9221
OLDRIVR_6_N001,35.208404,-119.100252,-6.13904
OLDTOWN_6_N001,32.766092,-117.192529,-8.18009
OLEMA_6_N001,38.042497,-122.786541,0.75335
OLETA_6_N001,38.48064499998599,-120.84462852385393,0.66477
OLETA_6_N003,38.48064499998599,-120.84474347614606,0.66477
OLINDA_6_N001,33.94616008273055,-117.922244,-8.34286
OLIVHRST_1_N001,39.0918869999858,-121.54288430472884,-0.26555
OLIVHRST_1_N002,39.0918869999858,-121.54299969527116,-0.26555
OLY_SUB_LNODEONA,34.03409021003063,-118.45989114327803,-4.78653
OLY_SUB_LNODEONB,34.03390978987338,-118.45989114350952,-4.78653
OLY_SUB_LNODEONC,34.03390978987338,-118.46010885649046,-4.78603
OLY_SUB_LNODEOND,34.03409021003063,-118.46010885672197,-4.78653
OMAR_2_N001,35.475983864148716,-118.98698399999999,-8.61192
OMWD_6_N001,33.068479,-117.141404,-8.18326
ONEILPMP_7_LN001,37.098611,-121.0475,3.36954
OREGNTRL_1_N001,40.61902099998471,-122.32226045686366,0.04789
OREGNTRL_6_N001,40.61902099998471,-122.32237954313634,0.08567
OREGON_LNODENK1,37.63168999998624,-120.9742429051075,-5.24382
OREGON_LNODENK2,37.63168999998624,-120.9743570948925,-5.24382
ORICK_6_N001,41.294542,-124.056522,-6.33165
ORLANDB_6_N001,39.725068,-122.178873,0.20059
OROLOMA_6_N001,36.886866,-120.655928,-6.48798
OROSI_6_N006,36.544759,-119.251776,-7.76826
OROVILLE_6_N001,39.50524442035656,-121.5593758990519,-0.17745
OROVILLE_6_N005,39.50524442035656,-121.5596081009481,-0.17745
OROVILLE_6_N102,39.50542357952801,-121.55960810124742,-0.17745
ORV_LNODENE1,38.68455,-121.267326944444,-5.30371
ORV_LNODENE2,38.68454999994364,-121.26721189591703,-5.30371
ORV_LNODENE3,38.68446019318104,-121.26721189606141,-5.30371
ORV_LNODENE4,38.68439669026182,-121.26729324758281,-5.30371
ORV_LNODENE5,38.68438150373832,-121.26740663898543,-5.30422
ORV_LNODENE6,38.6844126084275,-121.26751456633991,-5.30422
ORV_LNODENE7,38.6844781061685,-121.26759327946426,-5.30422
ORV_LNODENE8,38.68456298132683,-121.2676308796447,-5.30422
OTAY_6_N001,32.595376662064226,-117.05752057560969,-8.1454
OTAY_6_N014,32.59519733784581,-117.05752057582266,-8.1454
OTTER_6_N001,36.47781599998705,-121.7270037380447,1.50851
OVES_SUB_LNODEBKB,37.43792099998635,-118.55704491120122,-4.17242
OVES_SUB_LNODEBKC,36.443,-118.0438,-4.41603
OVES_SUB_LNODEBKD,37.342,-118.441,-4.17597
OXFORD_1_N001,36.7,-120.68,-10.71411
P0504GT1_7_CN1,37.96379937479765,-121.2906776307724,-11.1209
PACFCBCH_6_N001,32.799218999988646,-117.24014772581532,-8.20191
PACFCBCH_6_N004,32.799218999988646,-117.24025427418468,-8.20191
PACIFICA_6_N001,37.59458399998625,-122.48892793722666,2.28761
PACIFICA_6_N003,37.59458399998625,-122.48904206277334,2.28761
PADUA_6_N001,34.120216,-117.639076,-8.28564
PALMR_1_N001,34.825223,-120.298953,-6.73509
PALOMAR_1_N001,33.12281772819047,-117.287925,-8.21061
PALOMAR_1_N004,33.1227371358924,-117.28786944194597,-8.21061
PALOMAR_1_N013,33.1227371358924,-117.28798055805403,-8.21061
PANAMA_6_N001,35.29556801570901,-119.021525,-6.27151
PANAMA_LNODECOUERCRK1,35.29548699213203,-119.02146768568419,-5.0134
PANAMA_LNODECOUERCRK2,35.29548699213203,-119.02158231431581,-5.0134
PANRAMA_1_N001,40.434409,-122.2679,0.09001
PARADISE_1_N001,39.7615578392488,-121.618634,-0.03377
PARADISE_LNODEDISE,39.76147708035982,-121.61857334522642,-4.73883
PARADISX_6_N001,39.76147708035982,-121.61869465477358,-8.12058
PARADS_LNODEFEG,37.69056,-121.02061,-5.2428
PARADS_LNODEKHB,37.690559999944874,-121.02049571450051,-5.2428
PARKWAY_2_N001,38.17,-122.25,0.81628
PAR_LNODEAPM,37.668079999986205,-120.9174128750731,-5.24179
PAR_LNODEFVM,37.668079999986205,-120.9175271249269,-5.24179
PAULSWT_1_N001,36.99234705413821,-121.98202825128297,1.57855
PAULSWT_1_N004,36.9921669457552,-121.98202825154998,1.57855
PAULSWT_1_N101,36.99234705413821,-121.98225374871703,1.57855
PEABODY_2_N002,38.28558699998594,-121.97025256896055,0.60596
PEABODY_2_N006,38.28558699998594,-121.97036743103946,0.60596
PEACHTON_6_N001,39.3784769999856,-121.68494608007006,0.38744
PEACHTON_6_N004,39.3784769999856,-121.68506191992994,0.38744
PEARBMAP_7_B1,34.508883999950896,-117.91829825412502,-8.43499
PEARBMAP_7_B3,34.50879356514072,-117.9182982542441,-8.43499
PEARBMAP_7_B4,34.50872961811796,-117.91837585623696,-8.43499
PEARBMBP_7_B1,34.50871432539329,-117.91848402139897,-8.4355
PEARBMBP_7_B3,34.50874564762435,-117.91858697434263,-8.4355
PEARBMBP_7_B4,34.5088116034329,-117.91866205952238,-8.4355
PEARBMCP_7_B1,34.50889707216307,-117.91869792664747,-8.4355
PEARBMCP_7_B3,34.50898737191128,-117.91869193094361,-8.4355
PEARBMDP_7_B1,34.50907009278566,-117.91864757930026,-8.43448
PEASE_1_N001,39.17010299998576,-121.66113925312504,0.66628
PEASE_1_N009,39.17010299998576,-121.66125474687495,0.66628
PENDLETN_6_N001,33.30925299998849,-117.3349783807102,-8.30311
PENDLETN_6_N004,33.30925299998849,-117.3350856192898,-8.30311
PENNGRVE_1_N001,38.315547,-122.681119,6.41678
PENRYN_6_N001,38.8444299999859,-121.16613942513398,-0.27591
PENRYN_6_N004,38.8444299999859,-121.16625457486602,-0.27591
PERMNNTE_6_N002,34.355793,-116.855947,3.40201
PERRY_6_N008,35.570805,-121.055868,-6.66981
PETLMAA_6_N001,38.234002,-122.636285,0.76959
PETLMAC_6_N002,38.2390641182539,-122.636804,0.73558
PETLMAC_6_N003,38.23898294085798,-122.63674432895719,0.73558
PETLMAC_6_N004,38.23898294085798,-122.6368636710428,0.73558
PGG_LNODESS1,38.531716666610464,-121.39934830807131,-5.3098
PGG_LNODESS2,38.531794557439916,-121.39929082076439,-5.3098
PHILLIPS_1_N001,37.34,-122.03,2.98098
PHILO_6_N001,39.063719,-123.437524,-58.89404
PICO_1_N001,33.45676299998844,-117.58919323286267,-8.268
PICO_1_N004,33.45676299998844,-117.58930076713733,-8.268
PIERCY_1_N201,37.28,-121.83,2.62608
PIKECTY_6_N001,39.438734,-120.997847,-0.12669
PIONEER_LNODEBUS,37.39756017328021,-120.7270641608972,-5.1956
PIONEER_LNODEDR1,37.39756017322573,-120.72695042442128,-5.19662
PIONEER_LNODEDR2,37.3974698163648,-120.7269504245584,-5.19662
PIONEER_LNODEDR3,37.3974059244655,-120.72703084832322,-5.19662
PIONEER_LNODEDR4,37.39739064492007,-120.72714294658331,-5.19662
PIONEER_LNODEDR5,37.39742194014138,-120.72724964310564,-5.19713
PIONEER_LNODEDR6,37.397487839085414,-120.72732745855615,-5.19713
PIONEER_LNODEDR7,37.39757323413797,-120.72736462991926,-5.19662
PIONEER_LNODEDR8,37.397663456054794,-120.72735841623376,-5.19662
PIONEER_LNODEDR9,37.39774610563929,-120.72731245188831,-5.19662
PIONEER_LNODER15,37.397811856418734,-120.72723443776906,-5.19713
PIT1_6_N001,38.030670659249246,-121.86908630802888,0.07779
PIT3_7_N001,38.030606778782065,-121.8691674075287,0.06397
PIT5_7_B1,38.030591501969816,-121.86928044765509,0.01522
PITSBURG_1_N001,38.03101263810665,-121.86937270758541,1.12047
PITTSBRG_6_N101,38.031055408073875,-121.8692716827705,1.00316
PLACERVL_1_N001,38.73027886166341,-120.788047,0.10034
PLACER_1_N001,38.901310999985846,-121.08802340262966,-0.26474
PLACER_7_N009,38.901310999985846,-121.08813859737035,-0.24799
PLAINFLD_6_N001,38.61887,-121.793976,0.41238
PLANETRN_LNODEANET,34.16127269818337,-114.38177086876138,-4.70787
PLOALTO_1_N001,33.356029648193925,-117.1119886715524,2.24294
PLOALTO_1_N007,33.35585035171371,-117.11198867177347,2.24294
PLOALTO_1_N013,33.35585035171371,-117.11220332822651,2.24294
PLUMAS_6_N001,39.026121,-121.54308,0.64419
PNEDLE_1_N001,36.829999999986725,-119.82994383698444,-7.59605
PNEDLE_1_N002,36.829999999986725,-119.83005616301556,-7.59554
PNEGRVE_6_N001,38.41271199998601,-120.6602245387678,0.62924
PNEGRVE_6_N002,38.41271199998601,-120.6603394612322,0.62924
PNTARNA_6_N001,38.912571,-123.679495,-54.30575
POC_LNODENE2,38.490383333333334,-121.470263055556,-5.31893
POC_LNODENE3,38.49038333327713,-121.4701480990094,-5.31893
POC_LNODENE4,38.490293355392375,-121.470263055556,-5.31893
POC_LNODENE7,38.49038333327713,-121.47037801210259,-5.31893
POC_LNODENE8,38.49047331127424,-121.470263055556,-5.31893
POINTLMA_6_N013,32.74152175021991,-117.233364,-8.19328
POINTLMA_6_N014,32.74144112487782,-117.23330865823404,-8.19328
POLPASPP_6_N002,38.57552299994369,-121.49770299452835,-6.15607
POMERADO_6_N001,32.941482719314884,-117.032882,-8.11444
POMERADO_6_N004,32.9414021403303,-117.03282656531631,-8.11444
POMERADO_6_N008,32.9414021403303,-117.03293743468369,-8.11444
PORTOLA_LNODE31,39.803943999985336,-120.46453157749829,-5.40826
PORTOLA_LNODE32,39.803943999985336,-120.46464842250171,-5.40826
POSOMT_1_N001,35.559194,-118.957501,-6.32632
POST_1_N001,39.11,-121.64,-0.05175
POTRERO_1_N001,37.46005423161257,-122.4,2.31899
POTRERO_1_N013,37.45997288417899,-122.39994083241324,2.31899
POTRERO_1_N016,37.45997288417899,-122.40005916758676,2.31899
POUST_LNODEIGQ,37.69046956305469,-121.02049571463989,-5.24331
POUST_LNODELD2,37.6904056145667,-121.02057652662188,-5.24331
POWAY_6_N001,32.978722999988655,-117.03130363648788,-8.12662
POWAY_6_N010,32.978722999988655,-117.03141036351212,-8.12662
PP1_LNODEOAD,34.59026131985074,-118.4546210726575,-4.78704
PP1_PP2_LNODELMW,34.59026131985074,-118.4547309273425,-4.78755
PP2_LNODEAUX,34.53433699995089,-118.52522278142764,-4.78653
PP2_LNODEOAD,34.534427436468654,-118.525113,-4.78704
PPSTLTAP_1_N001,38.01999999998606,-122.36994265860079,0.96623
PPSTLTAP_1_N104,38.01999999998606,-122.3700573413992,0.96623
PRAXAIR_1_B1,37.99999999998611,-121.80994266753221,1.11286
PRCTRVLY_1_N001,32.665044,-116.986801,-8.09351
PRSCOT_LNODEAEJ,37.6903903214879,-121.02068916599474,-5.24331
PRSCOT_LNODETKD,37.69042164442615,-121.02079637755577,-5.24331
PRUNEDLE_1_N001,36.785518920972784,-121.671051,1.69427
PRUNEDLE_1_N002,36.785438039499425,-121.67099269323379,1.69427
PSARBLS_6_N001,35.61564884893555,-120.67989,-6.28606
PSARBLS_6_N005,35.61556807551859,-120.67983263488163,-6.28606
PSARBLS_6_N007,35.61556807551859,-120.67994736511837,-6.28606
PTMRTTI_6_N001,37.030856,-122.187639,3.37105
PTR_PP_LNODEROM,35.24801901925079,-118.1756473615291,-4.72766
PUEBLOPG_1_N001,38.345348999986,-122.29956355419145,6.19119
PUEBLOPG_1_N010,38.345348999986,-122.29967844580855,6.19119
PURISIMA_1_N001,34.700622,-120.435261,-6.76149
QUEBEC_1_N001,36.07,-119.56,-6.1666
RADUM_6_N001,37.67264599998626,-121.85946487140774,1.96973
RADUM_6_N004,37.67264599998626,-121.85957912859226,1.96973
RAINBOW_1_N001,36.709983,-119.538157,-7.75456
RANCHRS_1_N001,36.700797999986875,-119.75437400116115,-7.77435
RANDSBRG_1_N001,35.375699,-117.655868,-6.1809
RAWSON_6_N001,40.145295999985066,-122.21242808907787,-0.11886
RAWSON_6_N002,40.145295999985066,-122.21254591092213,-0.11886
RCARMEL_6_N001,32.99378371822819,-117.077745,-8.14507
RCARMEL_6_N004,32.9937031408736,-117.07768953360795,-8.14507
RCARMEL_6_N011,32.9937031408736,-117.07780046639205,-8.14507
RECTOR_6_N001,36.29851,-119.242336,-8.68957
REDBLFF_6_N001,40.1825869024183,-122.244610070096,0.04101
REDBLFF_6_N004,40.1825869024183,-122.24484592990399,0.04101
REDBLFF_6_N005,40.18276709746204,-122.24484593021722,0.04101
REDBUD_1_N001,39.02788699998577,-122.66224734180834,-37.2924
REDBUD_1_N004,39.02788699998577,-122.66236265819167,-37.2924
REDWOOD_6_N001,37.490252,-122.213021,2.21977
REDWOOD_6_N002,37.49025199994532,-122.2129070707913,2.21977
REDWOOD_6_N005,37.49016160208324,-122.213021,2.21977
REDWOOD_6_N006,37.49025199994532,-122.21313492920869,2.21977
REDWOOD_6_N007,37.49034239791678,-122.213021,2.21977
REEDLEY_1_N001,36.605116999986976,-119.3758071174397,-7.76065
REEDLEY_6_N001,36.605116999986976,-119.3759188825603,-7.76116
REINWY_LNODEGME,37.63942160426353,-120.92024637744797,-5.24179
REINWY_LNODEQAC,37.6395070719657,-120.92028370125492,-5.24179
RENFRO_1_N001,35.409999999987434,-119.16994483454441,-6.28334
RENFRO_1_N010,35.409999999987434,-119.1700551654556,-6.28638
RESERVR_LNODEFFW,37.651919999986276,-120.67483288823061,-5.24128
RESERVR_LNODEPMW,37.651919999986276,-120.67494711176938,-5.24128
RICE_6_N002,39.402805999985674,-122.01287205646442,0.18841
RICE_6_N101,39.402805999985674,-122.01298794353558,0.18841
RICHMOND_1_B1,37.92597623462323,-122.369629,0.98856
RICHMOND_1_N001,37.92589488267337,-122.36956945615904,0.98856
RINCON_1_N001,33.285967608914305,-116.9585228047856,8.59164
RINCON_1_N003,33.28578839099371,-116.95852280500573,8.59164
RINCON_6_N001,33.28578839099371,-116.95873719499427,-8.2132
RINCON_6_N008,33.285967608914305,-116.9587371952144,-8.2132
RIN_SUB_LNODEONA,34.28105422156671,-118.479,-4.79364
RIN_SUB_LNODEONB,34.28097288920359,-118.47894317065887,-4.79313
RIN_SUB_LNODEONC,34.28097288920359,-118.47905682934115,-4.79364
RIOBRVO_1_N001,35.44252289360183,-119.26010566010629,-6.2874
RIOBRVO_1_N006,35.44234310629778,-119.26010566035274,-6.2874
RIOBRVTM_1_N001,35.44252289360183,-119.26032633989371,-6.28232
RIODELL_6_N001,40.495382,-124.099276,-6.89168
RIOHONDO_6_N001,34.10610615849042,-117.97947,-8.38717
RIOHONDO_LNODEONDO,34.1060249207417,-117.97952664559254,-4.73984
RIPON_1_N001,37.72,-121.13,0.91627
RIVERROC_6_N001,36.902618,-119.771768,-7.76572
RIVRBANK_1_N001,37.76895425952452,-120.908163,2.02423
RIVRSIDE_6_N001,34.021990939807104,-117.33196554960466,-8.27103
ROADWAY_1_N001,34.590373,-117.431752,-8.20126
ROBROY_1_N001,36.979885,-121.867457,1.60545
ROCKET_1_N001,34.933939,-117.692217,-7.82529
ROCKLIN_6_N001,38.788043999985874,-121.23171544490323,0.03939
ROCKLIN_6_N003,38.788043999985874,-121.23183055509676,0.03939
ROEDING_LNODEDR1,37.587341764588,-120.935901626126,-5.19256
ROEDING_LNODEDR2,37.5872777703549,-120.935976143427,-5.19256
ROEDING_LNODEDR3,37.5871231822836,-120.935612409,-5.19256
ROEDING_LNODEDR5,37.5870085148256,-120.935981028585,-5.19256
ROEDING_LNODEDR6,37.5871259671814,-120.935792411292,-5.19256
ROEDING_LNODEDR7,37.5871257817397,-120.935692486018,-5.19256
ROGERS_LNODEDR1,37.4749114287345,-121.178218328626,-5.23215
ROGERS_LNODEDR2,37.4751811958932,-121.178206809282,-5.23215
ROGERS_LNODEDR3,37.4750639771164,-121.17821700138,-5.23215
ROGERS_LNODEDR5,37.4748414013345,-121.178225065561,-5.23215
ROGERS_LNODEDR7,37.4749721097043,-121.178220428168,-5.23215
ROGH-RDY_6_N001,37.95526599998612,-121.33253531114549,0.98028
ROSECYN_6_N001,32.84459772910598,-117.236988,29.82
ROSECYN_6_N017,32.84451713543481,-117.23693261581597,29.82
ROSEDAL_1_N001,35.37703397144563,-119.077971,-6.3116
ROSELE_LNODEHMV,37.68013999998623,-120.94014286544196,-5.2428
ROSELE_LNODERLV,37.68013999998623,-120.94025713455804,-5.2428
ROSEMR_LNODEAEI,37.64253,-121.0423,-5.2428
ROSE_6_N001,32.84451713543481,-117.23704338418403,-6.26186
ROSSMOOR_2_N001,37.86470199998613,-122.08030973806707,1.02856
ROSSMOOR_2_N101,37.86470199998613,-122.08042426193292,1.02856
RSC_LNODE8LD,38.761389,-121.264722,-5.29965
RSM_SUB_LNODEONB,34.244054210355124,-118.392,-4.79212
RSM_SUB_LNODEONC,34.24397289480934,-118.39194320739797,-4.79161
RSM_SUB_LNODEOND,34.24397289480934,-118.39205679260202,-4.79262
RSNTAFE_6_N009,33.014261,-117.198557,-8.18054
RSVTNRD_6_N001,36.624374,-121.68835,1.58464
RTRACK_1_N001,37.979737,-120.414515,0.89026
RUSSRCH_6_N001,40.819848,-123.826638,-5.19048
RVRBANK_1_N001,37.76887287022286,-120.90810355553742,0.80177
RVRBANK_1_N005,37.76887287022286,-120.90822244446258,0.80177
SAFEWAY_1_N001,37.71,-121.4,0.96598
SALINAS_1_N001,36.683239999986945,-121.65120502290527,1.65468
SALINAS_1_N024,36.683239999986945,-121.65131697709472,1.65468
SANARDO_6_N001,36.073766,-120.936804,-4.98807
SANCRLS_6_N001,37.49972924078839,-122.243974,2.21543
SANCRLS_6_N002,37.499647879591045,-122.24391479097326,2.21543
SANCRLS_6_N004,37.499647879591045,-122.24403320902674,2.21543
SANDCRK_6_N001,36.64502999998689,-119.15920293037858,-7.76725
SANGER_1_N001,36.70707499998684,-119.6108700066517,-7.75506
SANJOQN_6_N001,36.62101099998692,-120.17805409852517,-10.0908
SANJOQN_6_N006,36.62101099998692,-120.17816590147483,-10.0908
SANLUSRY_6_N013,36.77962699998679,-120.72995490173179,-8.23679
SANLUSRY_6_N014,36.77962699998679,-120.73006709826822,-8.23679
SANLUSRY_6_N101,33.211532999988535,-117.33442746812834,-8.23679
SANLUSRY_6_N201,33.211532999988535,-117.33453453187165,-8.23679
SANMATEO_1_N001,37.58333525489619,-122.319035,-8.26952
SANMATEO_1_N001A,37.58325387253711,-122.31897570912398,2.21037
SANMATEO_1_N009,33.409472,-117.590641,-8.26952
SANMATO_6_N001,37.58325387253711,-122.31909429087602,2.21088
SANMIGL_6_N001,35.75192,-120.684163,-6.63744
SANMRCOS_6_N001,33.12885155124498,-117.19722253462301,-8.20046
SANMRCOS_6_N007,33.12877399995433,-117.19716906934049,-8.20046
SANMRCOS_6_N011,33.12869644873215,-117.19722253471747,-8.20046
SANPBLO_1_N001,37.984803,-122.336618,0.96319
SANRAFL_1_N001,37.970858222937125,-122.527065,0.78583
SANRAFL_1_N006,37.97077688851645,-122.52700543261207,0.78583
SANRAFL_1_N007,37.97077688851645,-122.52712456738792,0.78583
SANRAMON_2_N001,37.745125434987564,-121.93600563263105,1.02788
SANRAMON_2_N004,37.74494456490202,-121.93600563291054,1.02788
SANRAMON_2_N023,37.74494456490202,-121.93623436708945,1.02788
SANRAMON_2_N024,37.745125434987564,-121.93623436736895,1.02788
SANTAFE_LNODEPLNT,38.77997308074166,-122.67005981025191,-4.73781
SANTARO_1_N001,33.78461699446498,-116.41025972078828,-8.1223
SANTARO_1_N014,33.78443700544048,-116.41025972101585,-8.1223
SANTARO_1_N017,33.78443700544048,-116.41047627898415,-8.1223
SANTARO_1_N021,33.78461699446498,-116.41047627921172,-8.1223
SANTEE_1_N001,32.85452999998873,-116.96829070198787,-8.10835
SANTEE_1_N004,32.85452999998873,-116.96839729801214,-8.10835
SANYSDRO_6_N001,32.562237999988916,-117.02641779453799,-8.15149
SANYSDRO_6_N004,32.562237999988916,-117.02652420546201,-8.15149
SARATOGA_2_N001,37.28099617234283,-122.014883,2.98594
SARATOGA_2_N006,37.28091491381397,-122.0148240379766,2.98594
SARATOGA_2_N011,37.28091491381397,-122.0149419620234,2.98594
SAUGUS_6_N001,34.4222099999511,-118.5721663854507,-8.41614
SAUSALTO_6_N001,37.86340599998612,-122.49836873883264,0.7026
SAUSALTO_6_N002,37.86340599998612,-122.49848326116737,0.7026
SCA_GS_LNODE1AUX,33.91807886040714,-118.42789938920775,-4.78653
SCA_GS_LNODE2AUX,33.91816402577284,-118.42793487934084,-4.78653
SCA_GS_LNODE4AUX,33.91825400500674,-118.42792894664778,-4.78704
SCA_GS_LNODE5AUX,33.91833643226557,-118.42788506116258,-4.78704
SCA_GS_LNODE6AUX,33.91840200617013,-118.42781057548723,-4.78704
SCA_GS_LNODE7AUX,33.91844466871178,-118.42771492357166,-4.78704
SCA_LA_LNODE3SS,33.91846141326686,-118.42760822199088,-4.78704
SCA_SUB_LNODEONA,33.918451884282646,-118.42750023805854,-4.78653
SCA_SUB_LNODEONB,33.91841787609632,-118.42739967533626,-4.78653
SCHINDLR_1_N005,36.402237,-120.138272,-9.65852
SCHMLBCH_1_N001,38.3,-121.87,0.48851
SCLARA_6_N001,34.3007956214976,-119.18563240503143,-8.50113
SCRIPPS_6_N001,32.91119872129761,-117.112589,-7.06952
SCRIPPS_6_N008,32.91111813933897,-117.11253358224198,-7.06952
SCRIPPS_6_N013,32.91111813933897,-117.112644417758,-7.06952
SCWAX_1_N001,36.700797999986875,-119.75448599883885,-7.77435
SCY_LNODE102,38.508556628165735,-121.46418309094265,-5.31132
SCY_LNODE103,38.50837670505527,-121.4641830912299,-5.31132
SCY_LNODE105,38.50837670505527,-121.4644130198821,-5.31132
SCY_LNODE106,38.508556628165735,-121.46441302016935,-5.31132
SEARLES_7_N001,35.75666699998737,-117.38050076336167,-8.04056
SEMITRPC_1_N001,35.600398,-119.437498,-6.23766
SERRMNTE_1_N011,37.69171986891291,-122.4557633854276,2.29283
SFIA-MA_1_N001,37.63904926020716,-122.385896,2.27509
SFIA_1_N001,37.63896786988162,-122.38583665888167,2.28473
SFIA_1_N007,37.63896786988162,-122.38595534111833,2.28473
SHADOWR_1_N001,33.141540731105856,-117.238793,-8.20305
SHADOWR_1_N006,33.141460134434745,-117.23873742707973,-8.20305
SHADOWR_1_N008,33.141460134434745,-117.23884857292028,-8.20305
SHADYGLN_6_N001,39.115058,-120.95331,-0.19521
SHAFTER_7_N022,39.77608299994151,-122.10394676937125,-6.28638
SHARON_1_N001,37.097275,-120.156454,-6.95668
SHAWROAD_1_N001,37.55,-122.42,2.28445
SHLLCHM_6_N001,38.031607,-121.945728,1.00316
SHNGLESR_1_N001,38.65969989665331,-120.946938,0.10947
SHNGLESR_1_N004,38.659619051658225,-120.94687822587784,0.10947
SHNGLESR_1_N103,38.659619051658225,-120.94699777412217,0.10947
SHREDDER_1_N001,37.511676999986356,-122.20767698568532,2.24718
SIERABRK_LNODE19,39.646142,-120.217943,-5.42146
SILVERDO_1_N001,38.49950299998593,-122.45908751973128,8.42131
SILVERDO_1_N002,38.49950299998593,-122.45920248026871,8.42131
SISK_LNODEKZH,37.69048760173528,-121.02087456863451,-5.24534
SISK_LNODEYUP,37.69057307242136,-121.0209119194331,-5.24534
SISQUOC_1_N001,34.87826099998756,-120.33120693531723,-6.72697
SISQUOC_1_N020,34.87826099998756,-120.33131706468278,-6.72697
SLMNCRK_6_N001,38.343592,-123.044809,11.47272
SMRTVLTP_6_N101,39.207939,-121.301476,-14.84339
SMTRPCWS_1_N001,35.59,-119.44,-6.23614
SNANDRES_6_N001,37.603294,-122.420424,2.28299
SNBRNRD_6_N001,35.092421,-118.878241,-6.23496
SNJOSEB_1_N001,37.34102432531631,-121.9009493888098,3.20937
SNJOSEB_1_N005,37.34084367457506,-121.9009493890831,3.20937
SNJOSEB_1_N009,37.34084367457506,-121.9011766109169,3.20937
SNJOSEB_1_N013,37.34102432531631,-121.9011766111902,3.20937
SNJSEA_1_N001,37.328246190599145,-121.902531,3.2555
SNJSEA_1_N005,37.32816490468582,-121.90247198103432,3.2555
SNJSEA_1_N101,37.32816490468582,-121.90259001896567,3.2555
SNLNDRO_1_N001,37.711237436769906,-122.14880668270004,0.94127
SNLNDRO_1_N014,37.71105656311971,-122.14880668297907,0.94127
SNLNDRO_1_N017,37.71105656311971,-122.14903531702092,0.94076
SNLNDRO_1_N027,37.711237436769906,-122.14903531729996,0.94127
SNROSA_LNODEMEA,37.5099999999863,-121.22994301594794,-5.24382
SNROSA_LNODEYWX,37.5099999999863,-121.23005698405206,-5.24382
SNTAMRA_1_N001,33.12877399995433,-117.19738293065951,-6.72596
SNTAMRA_1_N005,33.12885155124498,-117.19732946537698,-6.72596
SNTANLA_6_N001,37.085979,-121.013273,2.35312
SNTARSA_1_N001,38.43691201584367,-122.71331,7.88523
SNTARSA_1_N002,38.43683099206306,-122.71325027901105,7.88523
SNTARSA_1_N006,38.43683099206306,-122.71336972098895,7.88523
SNTARTA_6_N001,37.055061,-120.634086,-4.16915
SNTAYNZ_1_N001,34.625273999987726,-120.11813905143147,-6.75184
SNTAYNZ_1_N002,34.625273999987726,-120.11824894856854,-6.75184
SNTHLNE_6_N001,37.6223639999863,-122.44717791303894,2.29471
SNTHLNE_6_N002,37.6223639999863,-122.44729208696106,2.29471
SOBRANTE_1_N001,37.90594,-122.208144,1.00937
SOLEDAD_6_N001,36.429513,-121.331901,1.59631
SONOFRE_2_N067,33.3697279999884,-117.55438367777961,-8.26343
SOUTHBAS_1_N001,34.881503,-117.892023,-7.90802
SOUTHBY_6_N001,38.575612901218726,-121.497588,0.82324
SOUTH_LNODE108,40.39538221,-121.8791458,-4.70076
SOUTH_LNODE204,40.39538220993951,-121.87902727370097,-4.70228
SOUTH_LNODEC542,40.39529194143137,-121.87902727385986,-4.70228
SOUTH_LNODEC544,40.39522811201244,-121.87911108453021,-4.70228
SOUTH_LNODEC546,40.39521284740522,-121.87922790359386,-4.70228
SOUTH_LNODEC547,40.39524411201219,-121.8793390934442,-4.70228
SOUTH_LNODEC548,40.39530994650243,-121.87942018597366,-4.70228
SOUTH_LNODEC549,40.395395258043976,-121.87945892278287,-4.70228
SOUTH_LNODEC550,40.3954853917418,-121.8794524474595,-4.70228
SOUTH_LNODEC552,40.39556796052161,-121.87940454742642,-4.70228
SPANSHCK_6_N001,40.026139,-120.961748,0.10332
SPENCE_6_N001,36.613591,-121.566779,1.56231
SPICAMIN_1_N001,38.73992576174639,-120.67723108004192,0.0907
SPRINGVL_6_N001,36.10586253074472,-118.93516918490357,-8.6576
SPRNGVLY_6_N001,32.73903399998875,-117.00264674817954,-8.12464
SPRNGVLY_6_N010,32.73903399998875,-117.00275325182045,-8.12464
SQAWVLY_LNODE01,39.20568653401713,-120.20123845453338,-5.42958
SQAWVLY_LNODE81,39.20550746586879,-120.20123845482796,-5.42907
SQAWVLY_LNODE82,39.20550746586879,-120.20146954517205,-5.42907
SQAWVLY_LNODE83,39.20568653401713,-120.20146954546662,-5.42958
STAFFORD_6_N002,38.12003299998604,-122.61362861905879,0.797
STAFFORD_6_N101,38.12003299998604,-122.6137433809412,0.797
STAGG_2_N001,37.99164936143144,-121.34848834268168,1.31303
STAGG_2_N014,37.99146863845723,-121.34848834296415,1.31303
STAGG_6_N001,37.99146863845723,-121.34871765703586,1.31151
STAGG_6_N003,37.99164936143144,-121.34871765731833,1.31151
STAMPEDE_LNODE19,39.46748199998557,-120.10518300964912,-5.43465
STATELN_LNODE01,38.95238461856907,-119.94181675988908,-5.04537
STATELN_LNODE22,38.952205381317675,-119.94181676018052,-5.04537
STATELN_LNODE23,38.952205381317675,-119.94204723981947,-5.04537
STATELN_LNODELY,38.95238461856907,-119.94204724011091,-5.04537
STATIN-L_7_N001,37.81024899998616,-122.271385771776,0.9606
STATIND_1_N001,37.837585251800924,-122.263503,0.97965
STATIND_1_N010,37.83750387408463,-122.26344350874284,0.97965
STATIND_1_N013,37.83750387408463,-122.26356249125715,0.97965
STATINJ_1_N001,37.76334825993251,-122.214444,0.8621
STATINJ_1_N012,37.763266870018874,-122.21438455959633,0.8621
STATINJ_1_N027,37.763266870018874,-122.21450344040367,0.8621
STATINL_1_N001,37.81024899998616,-122.271500228224,0.9611
STATINX_1_N001,37.80554442667025,-122.23091354965457,1.01842
STATINX_1_N012,37.805363573219,-122.23091354993484,1.01842
STATINX_1_N014,37.805363573219,-122.23114245006515,1.01842
STATINX_1_N024,37.80554442667025,-122.23114245034543,1.01842
STB_LNODE201,38.57233333333333,-121.483291944444,-5.30929
STB_LNODE202,38.57233333327705,-121.48317695138249,-5.30929
STB_LNODE203,38.57224342921349,-121.48317695152639,-5.30929
STB_LNODE204,38.57217985749196,-121.48325826382802,-5.30929
STB_LNODE205,38.572164654514715,-121.48337160056485,-5.30929
STB_LNODE206,38.57219579290459,-121.48347947588752,-5.30929
STB_LNODE207,38.5722613616095,-121.48355815106362,-5.30929
STB_LNODE208,38.57234632872595,-121.48359573311588,-5.30929
STB_LNODE209,38.57243609852223,-121.48358945079376,-5.30929
STB_LNODE210,38.57251833393617,-121.48354297863219,-5.30929
STB_LNODE211,38.572583755229644,-121.4834641025941,-5.30929
STB_LNODE212,38.57262631848412,-121.48336281268834,-5.30929
STCKTNAR_6_N001,37.963279,-121.323476,0.97927
STCRUZ_LNODECXA,37.627559999986325,-120.97504290860819,-5.24839
STCRUZ_LNODEWLS,37.627559999986325,-120.97515709139182,-5.24839
STDDRD_LNODECEA,37.704079999986206,-121.06864284680097,-5.24483
STDDRD_LNODEWZO,37.704079999986206,-121.06875715319903,-5.24483
STDOIL_1_N009,37.94,-122.38,0.9576
STD_LNODENE1,38.57225,-121.500568888889,-5.30878
STD_LNODENE2,38.572249999943736,-121.50045389586575,-5.30878
STD_LNODENE4,38.57217214071853,-121.50051139243968,-5.30878
STD_LNODENE5,38.57217214071853,-121.50062638533832,-5.30878
STD_LNODENE6,38.572249999943736,-121.50068388191225,-5.30878
STD_LNODENE7,38.57232785925329,-121.50062638546294,-5.30878
STD_LNODENE8,38.57232785925329,-121.50051139231506,-5.30878
STELLING_1_N001,37.3360521934471,-122.042805,3.40048
STELLING_1_N004,37.33597090326187,-122.04274597179945,3.40048
STELLING_1_N007,37.33597090326187,-122.04286402820055,3.40048
STE_SM_LNODE301,38.58631666666667,-121.472838888889,-5.30878
STE_SM_LNODE302,38.586316666610415,-121.47272388936047,-5.30878
STE_SM_LNODE303,38.58622677499287,-121.47272388950444,-5.30878
STE_SM_LNODE304,38.58616321207191,-121.47280520637891,-5.30878
STE_SM_LNODE305,38.58614801119931,-121.4729185494895,-5.30878
STE_SM_LNODE306,38.58617914527848,-121.47302643087885,-5.30878
STE_SM_LNODE307,38.58624470490619,-121.47310511047952,-5.30878
STE_SM_LNODE308,38.586329660260105,-121.47314269464546,-5.30878
STE_SM_LNODE309,38.58641941762905,-121.47313641197016,-5.30878
STF_LNODEDAX,37.69055999998624,-121.02097285725026,-5.24585
STF_LNODEIPN,37.69055999998624,-121.02108714274974,-5.24585
STJ_SUB_LNODEONB,34.067054141297895,-118.226,-4.78552
STJ_SUB_LNODEONC,34.06697292933807,-118.22594339850212,-4.78501
STJ_SUB_LNODEOND,34.06697292933807,-118.22605660149787,-4.78552
STKTONA_1_N001,37.94722338217881,-121.28911838573319,0.73663
STKTONA_1_N003,37.947042617710025,-121.28911838601516,0.73663
STKTONA_6_N001,37.947042617710025,-121.28934761398483,0.99957
STKTONA_6_N004,37.94722338217881,-121.2893476142668,0.99957
STLLWATR_6_N001,40.677845,-122.34971,0.04281
STOCKDLE_1_N001,35.316584007161445,-119.06818269302951,-6.27709
STOCKDL_2_N001,35.31640399273835,-119.06818269327503,-6.30551
STOCKDL_2_N002,35.31640399273835,-119.06840330672496,-6.30551
STOCKDL_2_N101,35.316584007161445,-119.0684033069705,-6.30551
STOCKM_LNODEVZF,37.62761110994497,-120.9752808828705,-5.24433
STOCKM_LNODEXFA,37.62770154232185,-120.9751667,-5.24433
STONCRRL_6_N001,36.472251999987044,-119.18811326795893,-7.78044
STONCRRL_6_N003,36.472251999987044,-119.18822473204106,-7.78044
STONE_1_N001,37.303708999986505,-121.86757223713448,3.52315
STONE_1_N005,37.303708999986505,-121.8676857628655,3.52315
STONYPT_1_N001,38.42,-122.78,7.25009
STOREY1_2_N001,36.98288702744317,-120.033746,-7.36271
STOREY2_2_N001,36.98280598626407,-120.03380457310557,-7.01924
STREAMVW_6_N001,32.745604999988714,-117.07864474591278,-8.18753
STREAMVW_6_N007,32.745604999988714,-117.07875125408721,-8.18753
STROUD_6_N001,36.530868,-120.104386,-10.0573
STUART_6_N001,33.256701,-117.416547,-8.28394
STURLOCK_LNODEDR3,37.4835881458663,-120.846727672541,-5.21286
STURLOCK_LNODEDR4,37.4835360336794,-120.846797393384,-5.21286
STURLOCK_LNODEDR7,37.4834830942642,-120.846867453726,-5.21286
STURLOCK_LNODER13,37.483522165007,-120.846657059231,-5.21286
SUISUN_1_N001,38.24526219208727,-122.04122215940386,0.48648
SUISUN_1_N008,38.24508180780079,-122.04122215968883,0.48648
SUISUN_1_N009,38.24508180780079,-122.04145184031117,0.48648
SUMMIT_6_N001,39.319203,-120.378897,4.22728
SUNOL_6_N001,37.586891,-121.869379,2.13305
SURF_1_N009,34.61,-120.22,-6.74525
SWEETWTR_6_N017,32.65811799998879,-117.0916867727539,-8.152
SWEETWTR_6_N018,32.65811799998879,-117.0917932272461,-8.152
SWIFT_1_N001,37.3225281884819,-121.796729,3.46244
SWIFT_1_N003,37.322446905744414,-121.79666998783091,3.46244
SWIFT_1_N006,37.322446905744414,-121.79678801216909,3.46244
SYCAMORE_1_N101,39.76991684305054,-121.824218,-0.03885
SYCAMORE_1_N201,39.76983607845885,-121.82415733357864,-0.03885
SYCAMORE_1_N301,39.76983607845885,-121.82427866642136,-0.03885
SYLVANCM_LNODECPR,37.688469999986225,-120.97663285888366,-5.24382
SYLVANCM_LNODEHGR,37.688469999986225,-120.97674714111633,-5.24382
TAFT1_1_N001,35.14999999998751,-119.47994486994581,-6.25644
TAFT1_1_N004,35.14999999998751,-119.48005513005418,-6.25644
TAHDONR_LNODE07,39.337309,-120.221277,-5.458
TAHOCTY_LNODE01,39.165971540038264,-120.14445351203682,-5.43211
TAHOCTY_LNODE71,39.16579245984778,-120.14445351233086,-5.43211
TAHOCTY_LNODE72,39.16579245984778,-120.14468448766914,-5.43211
TAHOCTY_LNODE73,39.165971540038264,-120.14468448796318,-5.43211
TAMARACK_6_N001,39.313743,-120.496804,4.55624
TAMARISK_1_N001,33.817316,-116.454898,-8.1086
TAP710_1_N004,32.595376662064226,-117.0577334243903,-150.01257
TAP801_1_N001,34.109614,-116.411837,-8.11583
TAP807_1_N001,34.0,-116.5,-8.11583
TAR_SUB_LNODEONA,34.17905418777958,-118.544,-4.79059
TAR_SUB_LNODEONB,34.1789729060972,-118.54394327481864,-4.7911
TAR_SUB_LNODEONC,34.1789729060972,-118.54405672518136,-4.79059
TASSAJAR_2_N001,37.79959499998613,-121.9077887787453,1.58537
TASSAJAR_2_N002,37.79959499998613,-121.9079032212547,1.58537
TAYLOR_LNODEDR1,37.5369331958297,-120.809398426319,-5.19611
TAYLOR_LNODEDR5,37.5369383829719,-120.809348192848,-5.19611
TAYLOR_LNODEDR7,37.536937531095,-120.809217269976,-5.1956
TAYLOR_LNODEDR8,37.5369366699963,-120.809289591436,-5.19611
TECUYA_6_N001,35.018589,-118.979536,-6.24918
TEICHERT_1_N001,37.79,-121.36,0.9944
TEJON_6_N001,35.019534,-118.954779,-6.24968
TELECYN_1_N001,32.6379177816674,-117.01607,-8.11647
TELECYN_1_N006,32.63783710915427,-117.01601469007429,-8.11647
TELECYN_1_N014,32.63783710915427,-117.01612530992571,-8.11647
TEMBLOR_1_N003,35.382795999987465,-119.69634883811833,-6.04027
TEMPLETN_2_N008,35.554496,-120.679996,-6.36578
TERMNOUS_6_N001,38.116464,-121.422007,1.28563
TESSUB_2_N001,37.73,-121.93,2.02132
TEVIS_1_N001,35.319191999987495,-119.12859784623319,-6.27658
TEVIS_1_N003,35.319191999987495,-119.12870815376681,-6.2842
TEXSUN1G_7_N001,35.36999999998748,-119.4800551602316,-6.30551
TEXSUN2G_7_N001,35.3599999999875,-119.48005515895167,-6.30551
THORNHIL_1_N001,33.833699,-116.524642,-8.12699
TIDEWATR_2_N001,38.01989465330933,-122.06150068264388,1.09476
TIDEWATR_2_N014,38.02007534657929,-122.06150068292666,1.09476
TLRELKE_6_N001,36.003703,-119.948802,-5.93286
TOCALOMA_6_N001,38.05521,-122.760914,0.7772
TOL_SUB_LNODEONA,34.175740310821865,-118.36069083905292,-4.78856
TOL_SUB_LNODEONB,34.1755596890815,-118.36069083928658,-4.78958
TOL_SUB_LNODEONC,34.1755596890815,-118.36090916071342,-8.30555
TOL_SUB_LNODEOND,34.175740310821865,-118.36090916094707,-4.78958
TOREYPNS_6_N001,32.89877953728695,-117.23987836114813,-8.22115
TOREYPNS_6_N007,32.89860046262259,-117.23987836136372,-8.22115
TOREYPNS_6_N008,32.89860046262259,-117.24009163863627,-8.22115
TOREYPNS_6_N009,32.89877953728695,-117.24009163885188,-8.22115
TORTILLA_1_N007,34.874547,-117.064691,-7.97193
TRABUCO_1_N001,33.5630767991568,-117.67324523376014,-8.27003
TRABUCO_1_N005,33.562897200749894,-117.67324523398426,-8.27003
TRABUCO_1_N009,33.562897200749894,-117.67346076601574,-8.27003
TRABUCO_1_N013,33.5630767991568,-117.67346076623986,-8.27003
TRACY_1_N001,37.748395999944734,-121.41564562794372,26.77
TRACY_1_N002,37.748305565247314,-121.41576,26.77
TRACY_1_N007,37.748395999944734,-121.41587437205628,0.98803
TRACY_1_N101,37.74848643475262,-121.41576,0.98803
TRESVIS_6_N001,39.486707,-121.687993,-0.15986
TRIMBLE_1_N004,37.42009036798162,-121.72988621524279,2.70913
TRIMBLE_1_N010,37.41990963190925,-121.72988621551741,2.70913
TRIMBLE_1_N016,37.41990963190925,-121.7301137844826,2.70913
TRIMBLE_1_N020,37.42009036798162,-121.73011378475721,2.70913
TRINIDAD_6_N001,41.064242,-124.128367,-6.31693
TRUCKEE_LNODE02,39.330431720184855,-120.181195,-5.4448
TRUCKEE_LNODE03,39.33035113989209,-120.18113485420918,-5.4448
TRUCKEE_LNODE49,39.33035113989209,-120.18125514579083,-5.44328
TUDOR_6_N001,38.982071,-121.635205,-0.92016
TULUCAY_6_N001,38.247946,-122.268228,0.52784
TUPMAN_1_N101,35.354039,-119.270638,-6.28486
TVYVLLY_6_N001,36.770622,-119.393233,-7.75506
TXROSDL_1_N001,35.37695301426363,-119.07791367489159,-6.3116
TXROSDL_1_N002,35.37695301426363,-119.0780283251084,-6.3116
TYLER_6_N001,40.138392982499205,-122.20848578836895,-0.11988
TYLER_6_N002,40.138392982499205,-122.20860821163106,-0.11988
UCM_6_N001,32.88368472395273,-117.222424,-8.22724
UCM_6_N002,32.88360413801135,-117.22236859671557,-8.22724
UCM_6_N006,32.88360413801135,-117.22247940328444,-8.22724
UKIAH_1_N001,39.142823455087914,-123.19204845611492,-41.43278
UKIAH_1_N005,39.14300254479826,-123.19204845640866,-41.43278
UPPRLKE_6_N001,39.145906,-122.916845,-46.83054
URBAN_6_N001,32.71330799998875,-117.15140275665348,-8.18448
URBAN_6_N005,32.71330799998875,-117.15150924334651,-8.18448
URICH_6_N001,38.029918,-122.103005,0.97651
VACA-DIX_1_N001,38.401616982566644,-121.91986928712716,0.53876
VACAVIL_1_N001,38.356520058867716,-121.97951,0.53368
VACAVIL_1_N101,38.35643897055109,-121.97945029786577,0.5347
VACAVIL_1_N102,38.35643897055109,-121.97956970213424,0.5347
VALCNTR_6_N001,33.230683,-117.018401,-8.2132
VALLEYSC_1_N001,33.738397971600605,-117.156432,-8.1719
VALLEYSC_1_N107,33.738317014186954,-117.15648820699798,-8.1719
VALLYHM_1_N001,37.85575599998615,-120.94408374338772,0.86262
VALLYVW_1_N001,37.96607299998612,-122.27841868352904,0.99122
VALLYVW_1_N003,37.96607299998612,-122.27853331647096,0.99122
VAL_GS_LNODE5AUX,34.24482148241572,-118.3914027121072,-4.79262
VAL_GS_LNODE6AUX,34.24485277566131,-118.39150524618782,-4.79364
VAL_GS_LNODE7AUX,34.24491867043375,-118.39158002588233,-4.79364
VAL_GS_LNODE8AUX,34.245004060069334,-118.391615747079,-4.79313
VAL_LNODELSS,34.24509427625119,-118.39160977576542,-4.79262
VASCO_6_N001,37.71132099998621,-121.71587984128799,1.84238
VASCO_6_N003,37.71132099998621,-121.71599415871201,1.84238
VASONA_2_N001,37.26,-121.9,3.08837
VEDDER_1_N001,35.61,-118.96,-6.32632
VEL_SUB_LNODEONA,34.01555411723447,-118.204,-8.30555
VEL_SUB_LNODEONB,34.01547294136984,-118.20394345800285,-4.78501
VEL_SUB_LNODEONC,34.01547294136984,-118.20405654199715,-4.7845
VESTAL_6_N001,35.85713659527842,-119.08872645400277,-8.57487
VICTOR_1_N001,38.145651267656454,-121.17732422029407,-8.28044
VICTOR_6_N001,38.145470732231836,-121.17755377942188,0.34571
VICTOR_6_N002,38.145651267656454,-121.17755377970593,0.34571
VIEJOSC_2_N001,36.578772821150025,-121.908968,-8.27383
VIEJOSC_2_N004,33.667334,-117.642727,-8.27383
VIEJO_6_N001,36.578692089410936,-121.90890995739635,1.65366
VIEJO_6_N003,36.578692089410936,-121.90902604260364,1.65366
VIERRA_1_N001,37.85,-121.24,0.95187
VINA_6_N001,39.941614,-122.041739,0.00853
VINEYARD_2_N001,37.66967326170019,-121.85436,2.11898
VINEYARD_2_N002,37.66959186913507,-121.85430063276966,2.11898
VINEYARD_6_N001,37.66959186913507,-121.85441936723034,1.96973
VN_SUB_LNODEONA,34.18009031354033,-118.44489083013903,-4.78907
VN_SUB_LNODEONB,34.17990968636295,-118.44489083037274,-4.78907
VN_SUB_LNODEONC,34.17990968636295,-118.44510916962726,-4.78907
VN_SUB_LNODEOND,34.18009031354033,-118.44510916986097,-4.78958
VSTA_1_N001,34.04125299995202,-117.32061812723687,-8.26088
VSTA_6_N001,34.04125299995202,-117.32083587276313,-8.26088
WAHTOKE_1_N001,36.61618299998699,-119.452409104289,-7.76032
WAHTOKE_1_N002,36.61618299998699,-119.45252089571099,-7.76032
WALNUT_6_N001,34.00840381020035,-117.94966020073771,-8.34134
WARENCYN_6_N001,33.01545499998868,-117.00226861385794,-8.15522
WARENCYN_6_N002,33.01545499998868,-117.00237538614206,-8.15522
WARNERS_6_N001,33.247186,-116.675942,-8.13994
WARNER_LNODERV1,41.50091505739131,-120.533072,-5.10882
WARNER_LNODERV3,41.50083397128745,-120.53300949206302,-5.10882
WARNER_LNODESC1,41.50083397128745,-120.53313450793698,-5.10882
WASCO_7_N008,39.77617274317707,-122.10383,-6.26372
WASHNGT_LNODEDR1,37.4893772928244,-120.903967825898,-5.22301
WASHNGT_LNODEDR2,37.4895172164325,-120.904092990936,-5.22301
WASHNGT_LNODEDR3,37.4894692627508,-120.903968029781,-5.22301
WASHNGT_LNODEDR4,37.489297130992,-120.993988447763,-5.22301
WASHNGT_LNODEDR5,37.4894207521695,-120.904091725093,-5.22301
WASHNGT_LNODEDR6,37.4892474344412,-120.904090188054,-5.22301
WASHNGT_LNODEDR7,37.4892029595549,-120.903964429204,-5.22301
WASHNGT_LNODER15,37.4893341220127,-120.90409199878,-5.22301
WATRSHED_6_N001,37.487815,-122.310237,2.16317
WEBER_6_N001,37.919828,-121.240232,1.01682
WEC_SY_LNODEUX1,37.4878752249074,-120.89565231921667,-5.20169
WEC_SY_LNODEUX2,37.4878752249074,-120.89576624369113,-5.21387
WELFLDPM_LNODELPMP,34.16127269818337,-114.38198913123861,-4.66929
WELFLDPM_LNODERALS,34.16145330172,-114.38198913147205,-4.66929
WEMRSWS_6_N001,39.035984,-120.987909,-0.21754
WESTLANE_6_N001,37.990674,-121.282373,1.29375
WESTLNDS_1_N001,36.3999999999871,-120.31994434326373,-9.9943
WESTLNDS_1_N019,36.3999999999871,-120.32005565673627,-9.9943
WESTPARK_1_N001,35.374163973003284,-119.039839,-6.31262
WESTPARK_1_N005,35.374083013484764,-119.03978167527592,-6.31262
WESTPARK_1_N009,35.374083013484764,-119.03989632472408,-6.31262
WESTPLAT_1_N001,35.42,-119.3,-6.28384
WESTPORT_LNODEDR1,37.5225825838401,-120.993998352649,-5.20372
WESTPORT_LNODEDR3,37.5223769944682,-120.993990429526,-5.20372
WESTPORT_LNODEDR5,37.5225172095941,-120.993995815213,-5.20372
WESTPORT_LNODEDR7,37.5224455031416,-120.903973009416,-5.20372
WHEATLND_6_N001,39.013055,-121.418524,-7.61393
WHEELER_6_N001,35.089761,-118.976591,-6.24512
WHISMAN_1_N001,37.40491321634772,-122.068856,10.95
WHISMAN_1_N004,37.404831891811426,-122.06879689262591,10.95
WHISMAN_1_N009,37.404831891811426,-122.06891510737408,10.95
WHITMORE_6_N001,40.628753,-121.915711,0.34401
WILDWOOD_1_N001,40.387138,-123.045061,-0.05908
WILKINS_6_N001,39.00552,-121.867233,-14.42701
WILLIAMS_6_N002,39.15758,-122.14762,-14.29911
WILLITS_6_N001,39.405666,-123.327366,-38.79575
WILLOWS_6_N001,39.531805,-122.185874,0.19906
WIL_SUB_LNODEONB,33.797999999988214,-118.25794584458627,-4.78095
WIL_SUB_LNODEONC,33.797999999988214,-118.25805415541372,-8.30555
WINTERS_6_N001,38.517708,-121.951331,0.50272
WOHLER_6_N001,38.512048,-122.880906,11.60976
WOLFE_1_N001,37.335142193117605,-122.020824,3.40048
WOLFE_1_N002,37.335060903426545,-122.02076497287341,3.40048
WOLFE_1_N007,37.335060903426545,-122.02088302712659,3.40048
WOODACRE_6_N001,38.012118,-122.65455,0.78482
WOODLD_1_N001,38.67823188725648,-121.760143,-0.21013
WOODLD_1_N005,38.67815105635662,-121.76008322082818,-0.21013
WOODLD_1_N012,38.67815105635662,-121.76020277917182,-0.21013
WOODSIDE_6_N003,37.43624399998641,-122.2420270905538,3.28483
WOODSIDE_6_N004,37.43624399998641,-122.24214090944619,3.28483
WOODWARD_1_N005,36.8966369999867,-119.74995475043866,-7.60408
WOODWARD_1_N006,36.8966369999867,-119.75006724956134,-7.60408
WPBART_1_N001,38.02005420797604,-121.98,1.07068
WPBART_1_N004,38.01997289599686,-121.97994040909197,1.07068
WPBART_1_N026,38.01997289599686,-121.98005959090804,1.07068
WSCOPRSN_1_N001,35.61,-119.37,-6.24476
WSCRMNO_1_N004,38.58939293336201,-121.545027,-0.03674
WSCRMNO_1_N013,38.58931203330379,-121.54496724378153,-0.03674
WSCRMNO_1_N201,38.58931203330379,-121.54508675621847,-0.03674
WSTFRSO_1_N001,36.71841899998688,-119.81853697917856,-7.77097
WSTFRSO_1_N004,36.71841899998688,-119.81864902082144,-7.77097
WSTLD1RA_1_N001,36.72,-120.72,-10.7136
WYANDTTE_1_N001,39.491682744465926,-121.541161,-0.17237
WYANDTTE_1_N003,39.49160212775149,-121.54110068770393,-0.17237
WYANDTTE_1_N102,39.49160212775149,-121.54122131229607,-0.17237
ZACA_1_N001,34.696829,-120.151374,-6.74626
ZANKER_1_N001,37.469999999986335,-121.8099430557453,2.6538
ZANKER_1_N003,37.469999999986335,-121.8100569442547,2.6538
AGER_LNODE35,41.8675,-122.46414,0.0
ALTURAS_LNODE17,41.49972,-120.53306,0.0
BIGSPRIN_LNODELD1,41.616776,-122.39929,0.0
CAMERON_LNODEKM,32.65324599998863,-116.48817922595589,0.0
CASTELLA_LNODE,41.146254,-122.319747,0.0
CEDARVIL_LNODED1,41.53156,-120.18194,0.0
CLEARLAO_LNODE44,41.704981,-121.276741,0.0
COPCO2_LNODE21,41.97667,-122.36167,0.0
DAVISCR_LNODED1,41.73,-120.37,0.0
DELNORTE_LNODE50,41.86761799998422,-124.13905472462552,0.0
DELNORTE_LNODE51,41.86761799998422,-124.13917527537447,0.0
DOGCREEK_LNODE,40.94013311,-122.431008,0.0
DORRIS_LNODE06,41.96694,-121.91333,0.0
EAGLEMTN_LNODEHI,33.8199729920039,-115.44005630685402,0.0
FLINT_LNODE_LDT1,38.88530299998586,-121.06681059075832,0.0
GASQUET_LNODE42,41.84833,-123.96667,0.0
INTERNAT_LNODELD,41.432568,-122.38296,0.0
LITTLESH_LNODELD1,41.70174123,-122.3696599,0.0
LUCERNE_LNODELD,41.60361,-122.5225,0.0
MACDOEL_LNODE20,41.83166999998427,-122.00465973878569,0.0
MACDOEL_LNODE45,41.83166999998427,-122.00478026121432,0.0
MADISON_LNODE1,38.67065905446531,-121.9691977771112,0.0
MOTT_LNODE,41.262727,-122.270475,0.0
NDUNSMUI_LNODE7,41.2207989999844,-122.27643096616978,0.0
NDUNSMUI_LNODE9,41.2207989999844,-122.27655103383022,0.0
NEWELL_LNODE90,41.888139999984205,-121.37845028379793,0.0
NUTGLADE_LNODE,41.178254,-122.290711,0.0
PATRICKS_LNODE49,41.88139,-123.86472,0.0
PEREZ_LNODED1,41.63306,-121.22639,0.0
PRAXAIR_LNODEPM,37.99999999998611,-121.81005733246779,0.0
REDWOODU_LNODED2,41.76083,-124.16347,0.0
SDUNSMUI_LNODE,41.201244,-122.2764098,0.0
SHASTINA_LNODELD1,41.548666,-122.364174,0.0
SHOTGUNC_LNODE,41.053889,-122.381667,0.0
TULELAKE_LNODE35,41.95333,-121.47111,0.0
TUNNEL_LNODE33,41.925559999984245,-121.56576970013403,0.0
TUNNEL_LNODE40,41.925559999984245,-121.56589029986597,0.0
WEED_LNODER1,41.43139,-122.38944,0.0
YREKA_LNODE76,41.72897989068449,-122.63154955171838,0.0
YREKA_LNODED1,41.72880010918983,-122.63154955205546,0.0
YREKA_LNODED2,41.72880010918983,-122.63179044794454,0.0
YREKA_LNODED3,41.72897989068449,-122.63179044828162,0.0
