node_id,lat,lon,price_dp
12TH_S_LNODENMZ,37.63715677998629,-120.99316020050249,53.78148
12TH_S_LNODEXWQ,37.63715677998629,-120.99327439949751,53.78148
8TH_ST_LNODEBXG,37.64197726998626,-121.00603849646912,53.77605
8TH_ST_LNODELZF,37.64197726998626,-121.00615270353089,53.77605
AEC300_1_N001,37.74,-121.48,53.13508
AGNEW_1_N003,37.51,-121.84,56.06289
AIRPROD_1_N001,36.65,-119.54,53.47186
AIR_SUB_LNODENAA,33.96205409081493,-118.376,53.26001
AIR_SUB_LNODENAB,33.961972954579615,-118.37594352117388,53.25458
AIR_SUB_LNODEONC,33.961972954579615,-118.37605647882611,53.26001
ALAMITOS_2_N001,33.771584,-118.100596,53.87382
ALAMITOS_2_N040,33.77,-118.1,53.87382
ALAMT1G_7_N002,33.77149401717401,-118.1004877514908,53.87382
ALAMT2G_7_N002,33.771415173499584,-118.10067098425147,53.87382
ALAMT3G_7_N002,33.77144633917227,-118.10077253262283,53.87382
ALAMT4G_7_N002,33.771511965310076,-118.10084659342048,53.87382
ALAMT5G_7_N002,33.771597006833865,-118.1008819712055,53.87382
ALAMT6G_7_N002,33.77176916262267,-118.10083231072662,53.87382
ALHAMBRA_1_N001,37.99408499998608,-122.13031167024367,55.61204
ALHAMBRA_1_N002,37.99408499998608,-122.13042632975633,55.61204
ALLEGHNY_6_N001,39.464893,-120.844946,53.36865
ALMADEN_6_N001,37.26027,-121.890082,56.09548
ALMOND_LNODEAUX,37.574202045609525,-120.98511610244,53.62938
ALPAUGH_7_N002,35.963463732836644,-119.456796,53.47186
ALPINE_6_N001,32.82778299998866,-116.78987271391081,53.80906
ALPINE_6_N005,32.82778299998866,-116.78997928608918,53.80906
ALTO_6_N001,37.89825299998615,-122.52430271885964,56.97002
ALTO_6_N101,37.89825299998615,-122.52441728114036,56.97002
ALTTA_BP_LNODEPRT,41.51205899998436,-120.5236838478691,52.02697
ALTTA_BP_LNODETON,41.51205899998436,-120.5238041521309,52.02697
AMERIGAS_1_N001,38.43,-121.79,53.60766
AMESBS_1_N004,37.41751022008469,-122.066192,55.61204
AMESBS_1_N101,37.41742888994297,-122.06613287861066,55.61204
AMESDST_1_N001,37.41742888994297,-122.06625112138934,55.61204
AMFORST_6_N001,38.369191999986,-120.79657754861613,54.12912
ANDERSON_6_N001,40.449838,-122.305068,52.97212
ANGIOLA_6_N001,35.992007,-119.57137,54.31924
ANITA_6_N001,39.811047,-121.919761,52.91237
ANNAPOLS_6_N001,38.680315,-123.311782,56.94829
ANTELOPE_6_N001,35.658117,-119.996015,53.1894
ANTLER_6_N001,40.893581,-122.379244,52.64621
APPLEHL_1_N001,38.73992576174639,-120.67700091995808,55.14489
APPLEHL_1_N002,38.73974623814083,-120.67700092024737,55.14489
APPMAT_1_N001,37.359999999986435,-121.97994317305394,55.64463
APPMAT_1_N010,37.359999999986435,-121.98005682694607,55.64463
ARBUCKLE_6_N001,39.017625,-122.061575,53.8195
ARCATA_6_N001,40.867132,-124.088286,54.43331
ARVINED_1_N001,35.15044599998752,-118.87870286987292,53.40124
ARVIN_6_N001,35.15044599998752,-118.87881313012709,53.17854
ASHLAN_2_N001,36.79263892472445,-119.82749,52.27684
ASHLAN_2_N007,36.7925580376235,-119.82743168375806,52.27684
ASHLAN_2_N008,36.7925580376235,-119.82754831624194,52.27684
ASH_6_N001,33.1365697302963,-117.070292,54.10196
ASH_6_N005,33.13648913483958,-117.0702364310647,54.10196
ASH_6_N101,33.13648913483958,-117.07034756893529,54.10196
ASPEN_LNODESPEN,37.69337956,-122.069288,51.23934
ATASCDRO_6_N001,35.465309,-120.671582,54.17801
ATWATER_1_B2,37.35999599998639,-120.6146481730584,53.49359
ATWATER_1_N001,37.35999599998639,-120.6147618269416,53.49359
ATW_SUB_LNODEONB,34.1096541600031,-118.254,53.23829
ATW_SUB_LNODEONC,34.10957291998536,-118.25394335044959,53.23829
ATW_SUB_LNODEOND,34.10957291998536,-118.2540566495504,53.23829
AUBERRY_6_N001,37.06806099998665,-119.495719527536,54.16171
AUBERRY_6_N003,37.06806099998665,-119.495832472464,54.16171
AUBURN_6_N001,38.903397,-121.069921,55.60661
AUGUST_LNODEDR1,37.4182520696912,-120.831252690486,53.67284
AUGUST_LNODEDR3,37.4182452743243,-120.831131410372,53.67284
AUGUST_LNODEDR4,37.4182458785436,-120.830989786937,53.66741
AUGUST_LNODEDR5,37.4182557186304,-120.831363604619,53.67284
AVENA_1_N001,37.842208,-121.054122,53.3089
AVOCADO_6_N001,33.38466699998843,-117.23692330729693,55.12316
AVOCADO_6_N002,33.38466699998843,-117.23703069270306,55.12316
BAFOOD1_6_N001,36.33,-121.16,53.13508
BAHIA_2_N001,38.08095331088854,-122.13739126700075,54.71577
BAHIA_2_N011,38.08077268899996,-122.13739126728416,54.71577
BAILYJ1_1_N010,34.77604,-118.77504,54.43874
BAIR_1_N001,37.496937,-122.214157,56.16066
BAKER_1_N001,35.284771,-116.064256,51.76624
BALFOUR_6_N001,37.92596,-121.678546,54.19974
BANGOR_6_N001,39.388064,-121.402937,52.82546
BANGS_LNODEKGC,37.70469,-121.0418,53.79777
BANNING_1_N001,33.922289,-116.87283,54.31924
BANTA_6_N001,37.7528989999862,-121.35057581075783,53.28174
BARRETT_6_N001,32.667194,-116.700208,53.27673
BARRE_6_N001,33.80900298319592,-117.98332966316445,53.82493
BARRE_6_N002,33.80900298319592,-117.98354633683554,53.82493
BARRE_6_N003,33.80918301670945,-117.9835463370635,53.8358
BARRY_6_N001,39.069323,-121.690208,53.82493
BARTON_1_N001,36.76408490976673,-119.735935,52.82546
BARTON_1_N007,36.76400404510246,-119.73587672164825,52.82546
BARTON_1_N008,36.76400404510246,-119.73599327835174,52.82546
BASALT_6_N002,38.26328599998595,-122.26916657483297,54.42788
BASALT_6_N101,38.26328599998595,-122.26928142516702,54.42788
BATAVIA_6_N001,38.385820999985995,-121.77570654480984,53.75975
BATIQTOS_1_N001,33.1011727252775,-117.250399,54.05851
BATIQTOS_1_N008,33.101092137348985,-117.25034345864424,54.05851
BATIQTOS_1_N015,33.101092137348985,-117.25045454135577,54.05851
BAYMDWS_1_N001,37.55162541726735,-122.29307795256243,55.97054
BAYMDWS_1_N004,37.551444582623034,-122.29307795283914,55.97054
BAYMDWS_1_N008,37.551444582623034,-122.29330604716085,55.97054
BAYMDWS_1_N012,37.55162541726735,-122.29330604743757,55.97054
BAYSHOR1_1_N001,37.74603599998622,-122.40302381566526,56.03573
BAYSHOR2_1_N001,37.74603599998622,-122.40313818433472,56.03573
BAYWOOD_6_N001,35.360177,-120.811564,54.61256
BCN_PP_LNODESS1,35.25680070871138,-118.02736892630813,52.59189
BCN_PP_LNODESS2,35.256766720360744,-118.02726679027704,52.59189
BEARTAP_1_N001,35.38,-119.0,54.03678
BELLEF_7_CN10,39.776083,-122.10383,53.09706
BELLEF_7_CN11,39.77608299994151,-122.10371323062876,53.09162
BELLPGE_1_N001,38.947418999985814,-121.0911283822858,55.5034
BELLPGE_1_N005,38.947418999985814,-121.0912436177142,55.5034
BELLVUE_1_N001,38.379084046922976,-122.712022,55.01453
BELLVUE_1_N003,38.37900297652332,-122.711962292445,55.01453
BELLVUE_1_N005,38.37900297652332,-122.712081707555,55.01453
BELMONT_1_N001,37.52332024549896,-122.264967,56.21498
BELMONT_1_N006,37.52323887723573,-122.26490776711239,56.21498
BELMONT_1_N008,37.52323887723573,-122.26502623288762,56.21498
BELRIDGE_1_N001,35.455722,-119.631903,53.21656
BERESFRD_6_N001,37.565013999986284,-122.31923796388803,56.0303
BERESFRD_6_N002,37.565013999986284,-122.31935203611197,56.0303
BERNARDO_6_N001,33.021575,-117.096228,53.84666
BERNARDO_6_N002,33.021574999954524,-117.09612121988424,53.84666
BERNARDO_6_N009,33.02148546856512,-117.096228,53.84666
BERNARDO_6_N013,33.021574999954524,-117.09633478011577,53.84666
BERNARDO_6_N014,33.0216645314348,-117.096228,53.84666
BERNARDO_LNODEARDO,33.02157451,-117.0962277,54.31924
BERVLLY_6_N001,37.586478,-120.125088,57.8011
BIGBASN_6_N001,37.129545,-122.172132,55.45451
BIGCRK1_7_N001,37.20203293082091,-119.24090286336467,54.80268
BIGMDWS_6_N001,40.171215,-121.085128,50.31048
BIGRIVR_6_N001,39.311461,-123.786522,52.2883
BIOLA_6_N001,36.792525,-120.114116,52.76571
BIXLER_6_N001,37.9370142319286,-121.528389,54.50392
BKRSFLD_2_N001,35.388298999987455,-119.0044078374034,53.16767
BKRSFLD_2_N101,35.388298999987455,-119.0045181625966,53.16767
BLLEHVN_6_N001,37.4772652825887,-122.16793304841748,56.65497
BLLEHVN_6_N002,37.477186999945324,-122.16787609695427,56.65497
BLLEHVN_6_N004,37.477108717384,-122.1679330485368,56.65497
BLLEHVN_6_N006,37.477108717384,-122.1680469514632,56.65497
BLLEHVN_6_N007,37.477186999945324,-122.16810390304572,56.65497
BLUELKE_6_N001,40.88014,-123.980584,53.60223
BLUSTNPP_6_N003,38.575523,-121.497588,53.29804
BLYTHESC_1_N005,33.614957,-114.682935,51.60871
BNAVSTA_6_N001,36.653344,-121.62946,54.80811
BNAVSTA_6_N002,36.65334399994771,-121.62934811906177,54.80811
BNTACRB_6_N001,37.7528989999862,-121.35069018924217,54.3301
BOGARD_6_N001,40.586552,-121.093959,51.13613
BOGUE_1_N001,39.09613073444745,-121.623771,52.86892
BOGUE_1_N201,39.096050132760894,-121.62371103865068,52.86892
BOLINAS_6_N001,37.941119,-122.707332,55.69895
BOLLMAN_1_N003,38.04,-121.98,55.41649
BOLTHSE_1_N009,35.36215899998747,-118.92362184077258,53.90641
BONITA_6_N001,36.967863,-120.20266,53.11878
BONNIEN_7_N001,39.214314999985774,-120.80917722077704,54.72663
BORDEN_2_N007,36.92227399998671,-119.98422371699712,52.38547
BORDER_6_N001,32.56633480869927,-116.944389,53.79777
BORDER_6_N008,32.566254095638485,-116.94433370647506,53.79777
BORONDA_6_N001,36.689983,-121.679239,54.31924
BOSWELL_6_N001,36.085115,-119.552823,53.7
BOWLES_6_N001,36.605651,-119.773312,52.79287
BRDGVLT_7_N001,40.47956799998481,-123.78034162638289,54.52022
BREEZE_LNODEYT1,35.123880999987534,-118.37403687435777,54.31924
BREEZE_LNODEYT2,35.123880999987534,-118.37414712564222,54.31924
BRENTWOD_2_N001,37.91959423612686,-121.676423,53.91728
BRENTWOD_2_N006,37.91951288192155,-121.67636345967551,53.91728
BRENTWOD_2_N011,37.91951288192155,-121.67648254032449,53.91728
BRGSMR_LNODEGZB,37.66621999998627,-120.97704287657282,53.78148
BRGSMR_LNODETHU,37.66621999998627,-120.97715712342718,53.78148
BRITTN_1_N001,37.37433620668406,-122.015575,55.63376
BRITTN_1_N005,37.37425489664326,-122.01551592726007,55.63376
BRITTN_1_N006,37.37425489664326,-122.01563407273993,55.63376
BRKRSLG_1_N005,38.57552299994369,-121.49747300547165,54.75379
BROCKWAY_LNODE01,39.243063530935196,-120.02634939696748,54.31924
BROCKWAY_LNODE02,39.242884468950564,-120.02634939726258,54.31924
BROCKWAY_LNODE51,39.242884468950564,-120.02658060273741,54.57997
BROCKWAY_LNODE52,39.243063530935196,-120.02658060303253,54.57997
BRRNDAC_6_N001,35.658183,-120.040362,53.1894
BRUNSWCK_1_N003,39.23119771901711,-121.034946,54.80811
BRUNSWCK_1_N008,39.23111714047599,-121.03488594065819,54.80811
BRUNSWCK_1_N101,39.23111714047599,-121.03500605934181,54.63429
BRWNSVY_6_N001,39.226226,-121.422634,52.87978
BUELLTON_1_N001,34.625261999987686,-120.18631205143852,55.74784
BUELLTON_1_N003,34.625261999987686,-120.18642194856149,55.74784
BUENAVS1_7_B1,36.653254242119594,-121.62934811919219,53.16224
BUENAVS1_7_B3,36.65319077379855,-121.6294272308971,53.16224
BUENAVS1_7_B4,36.653175595551595,-121.62953750035395,53.16224
BUENAVS1_7_B5,36.65320668330105,-121.62964245619625,53.16224
BUENAVS1_7_B6,36.653272145363964,-121.6297190021347,53.16224
BUENAVS1_7_B7,36.65335697428145,-121.62975556706088,53.16224
BUENAVS2_7_B1,36.65344659805961,-121.62974945473616,53.13508
BUENAVS2_7_B3,36.653528699704175,-121.62970424026268,53.13508
BUENAVS2_7_B4,36.653594014575496,-121.62962749889522,53.13508
BUENAVS2_7_B5,36.653636508590544,-121.62952895027708,53.13508
BULLARD_1_N001,36.824388,-119.769224,52.62991
BULLARD_1_N004,36.824387999947184,-119.76911168846675,52.62991
BULLARD_1_N005,36.824298097276774,-119.769224,52.62991
BULLARD_1_N006,36.824387999947184,-119.76933631153325,52.62991
BURLNGME_1_N001,37.589627,-122.363434,55.79129
BUTTE_1_N010,39.7118129999855,-121.81325170045862,52.7983
BUTTE_1_N101,39.7118129999855,-121.81336829954137,52.7983
BWILLIAM_LNODEILLW,34.16145330172,-114.38177086852794,51.60871
B_6_N001,32.714377595830264,-117.16944251257752,54.04764
B_6_N003,32.714198404079745,-117.16944251279143,54.04764
B_6_N005,32.714198404079745,-117.16965548720856,54.04764
B_6_N007,32.714377595830264,-117.16965548742249,54.04764
CABRILLO_1_N001,32.70751759908557,-117.24492651689708,55.56858
CABRILLO_6_N001,32.70733840082447,-117.24492651711095,54.29208
CABRILLO_6_N004,32.70733840082447,-117.24513948288904,54.29208
CALAVE_1_N001,36.71900181109094,-119.76554095699167,53.38495
CALAVE_1_N002,36.718822188804005,-119.76554095725366,53.38495
CALAVE_1_N004,36.718822188804005,-119.76576504274634,53.38495
CALCMENT_7_N4,37.37,-120.64,53.10792
CALISTGA_6_N001,38.592664,-122.57862,58.22479
CALLENDR_1_N001,35.04,-120.6,57.35025
CALPELLA_1_N001,39.197538,-123.192135,50.16366
CALSUB_LNODEET,39.521219,-120.008761,53.30347
CAMDEN_6_N001,36.446258999987045,-119.79904229562648,54.0911
CAMDEN_6_N002,36.446258999987045,-119.79915370437352,54.0911
CAMERON_6_N001,32.65324599998863,-116.48807277404411,52.9997
CAMINO_2_N001,34.83,-114.99,52.35288
CAMPHORA_6_N001,36.46829799998704,-121.39017127220814,54.82984
CAMPHORA_6_N003,36.46829799998704,-121.39028272779186,54.82984
CANAL_6_N001,37.066368999986636,-120.8354215297125,53.8195
CANAL_6_N006,37.066368999986636,-120.8355344702875,53.8195
CANBY_BP_LNODEACW,41.444925999984385,-120.88087787131334,52.20622
CANBY_BP_LNODEVEC,41.444925999984385,-120.88099812868666,52.20622
CAN_SUB_LNODEONA,34.18955419166312,-118.592,54.31924
CAN_SUB_LNODEONB,34.189472904155366,-118.59194326369176,53.26545
CAN_SUB_LNODEONC,34.189472904155366,-118.59205673630824,53.27088
CAPAY_6_N001,39.775993256822886,-122.10383,52.73312
CARBONA_6_N003,37.69218399998622,-121.41818185598439,53.7
CARBONA_6_N101,37.69218399998622,-121.4182961440156,53.7
CARLOTTA_6_N001,40.541122999984744,-124.06382054930958,55.04169
CARLOTTA_6_N003,40.541122999984744,-124.06393945069041,55.04169
CARLTNHS_1_N001,32.85503754591703,-117.01185140348343,53.52075
CARLTNHS_1_N004,32.85485845399255,-117.01185140369861,53.52075
CARNATIO_6_N001,35.311332,-119.083574,54.26492
CARNERAS_6_N001,35.541055,-119.805238,53.33063
CAROLNDS_6_N001,37.55291899998627,-122.37633097506193,56.93199
CAROLNDS_6_N002,37.55291899998627,-122.37644502493806,56.93199
CARQUINZ_1_N001,38.09103799998602,-122.24848662968667,54.31924
CARQUINZ_1_N002,38.09103799998602,-122.24860137031332,54.31924
CARRIZO_1_N001,35.3805629695311,-120.040252,53.30347
CARRIZO_LNODEHILL,35.38048201522088,-120.04019467441788,51.51093
CARRIZO_LNODEZOT1,35.38048201522088,-120.04030932558213,51.20675
CARTWRT_1_N001,37.78999999998617,-122.24994278512781,55.86734
CARTWRT_1_N010,37.78999999998617,-122.25005721487219,55.86734
CARUTHRS_6_N001,36.531554,-119.882758,52.58102
CAR_SM_LNODENE1,38.642773175556165,-121.3294330286556,53.68914
CAR_SM_LNODENE2,38.64259349099788,-121.32943302894401,53.68914
CAR_SM_LNODENE3,38.64259349099788,-121.329663082168,53.68914
CAR_SM_LNODENE4,38.642773175556165,-121.3296630824564,53.68914
CASTLE_LNODEDR1,37.36195490350885,-120.56264978595905,53.66198
CASTLE_LNODEDR2,37.36187666885442,-120.5625929569803,53.66198
CASTLE_LNODEDR3,37.36179843428164,-120.56264978607754,53.65111
CASTLE_LNODEDR4,37.36179843428164,-120.56276344403506,53.65111
CASTLE_LNODEDR5,37.36187666885442,-120.5628202731323,53.66198
CASTLE_LNODEDR6,37.36195490350885,-120.56276344415355,53.66198
CASTROVL_2_N001,37.69127699998625,-122.06100285669102,55.25896
CASTROVL_2_N003,37.69127699998625,-122.06111714330898,55.25896
CASTROVL_2_N006,36.76278384840137,-121.73625384648868,55.25896
CAS_LA_LNODESMW,34.587237,-118.656638,53.18397
CAS_PP_LNODE1AUX,34.58734037344726,-118.65692220263387,53.17854
CAS_PP_LNODE2AUX,34.58742309555189,-118.65687780855163,53.17854
CAS_PP_LNODE3AUX,34.587488904018386,-118.65680245963806,53.17854
CAS_PP_LNODE4AUX,34.58753171916694,-118.65670569917606,53.17854
CAS_PP_LNODE5AUX,34.58754852361777,-118.65659776098718,53.17854
CAS_PP_LNODE6AUX,34.58753896054594,-118.65648852558515,54.31924
CATALYST_7_N001,37.33647699998642,-121.87909619952335,55.79672
CATLETT_6_N001,38.808811,-121.516115,53.82493
CAWELOB_6_N001,35.57097799998741,-119.11546380934058,53.71086
CAWELOC_1_N001,35.57097799998741,-119.11557419065942,53.82493
CAYUCOS_6_N001,35.44865399998744,-120.8703058292383,54.70491
CAYUCOS_6_N006,35.44865399998744,-120.8704161707617,54.70491
CCOSTA_2_N001,37.998693,-121.783314,53.92271
CCSUB_1_N001,38.03,-121.75,53.94987
CCSUB_2_N001,38.01999999998606,-121.75994265860079,53.92271
CCSUB_2_N010,38.01999999998606,-121.7600573413992,53.92271
CEDRCRK_6_N101,40.79116899998464,-121.93795172476342,52.31486
CENTERS_6_N001,33.928884073837764,-118.105463,53.87925
CENTERS_6_N200,33.9288029630683,-118.10551943910147,53.87925
CEN_SUB_LNODEONB,33.948054083699034,-118.255,53.22742
CEN_SUB_LNODEONC,33.94797295813763,-118.25494353789466,53.22199
CEN_SUB_LNODEOND,33.94797295813763,-118.25505646210534,53.22742
CERES_LNODEDR1,37.6088562120824,-120.956729570412,53.64025
CERES_LNODEDR3,37.6089710504,-120.956595705015,53.64025
CERES_LNODEDR4,37.6089019185376,-120.956592000755,53.64025
CERES_LNODEDR5,37.6087606610128,-120.956712881849,53.64025
CERES_LNODEDR7,37.6089324750351,-120.956712057352,53.64025
CERES_LNODEDR8,37.6090011903052,-120.956714357349,53.64025
CERTTEED_1_N001,37.059999999986665,-120.07994353791257,54.14542
CERTTEED_1_N002,37.059999999986665,-120.08005646208743,54.14542
CHALLNGE_6_N001,39.48543,-121.220509,53.74889
CHANNEL_6_N001,37.95526599998612,-121.33242068885451,53.85753
CHARKA_1_N001,35.608038,-119.325523,53.50445
CHCARITA_1_N001,32.9600895309367,-117.08989329478639,53.73259
CHCARITA_1_N004,32.95991046897258,-117.08989329500262,53.73259
CHCARITA_1_N008,32.95991046897258,-117.09010670499737,53.73259
CHC_LNODE31A,38.95999999998579,-120.89994237638588,51.27736
CHC_LNODE33A,38.95999999998579,-120.90005762361412,51.27736
CHEROKEE_6_N001,38.005513,-121.237769,54.70491
CHESTER_6_N001,40.304405,-121.224282,50.6038
CHICOA_6_N001,39.71879299998543,-121.82096169136352,52.8146
CHICOA_6_N010,39.71879299998543,-121.82107830863647,52.8146
CHICOB_1_N001,39.725493999985424,-121.84718768259572,52.62448
CHICOB_1_N002,39.725493999985424,-121.84730431740428,52.62448
CHINO_6_N007,33.998301818402325,-117.67886922357054,53.60223
CHINO_6_N008,33.998301818402325,-117.67908677642946,53.60223
CHLDHOSP_1_N001,36.87,-119.81,52.72769
CHOLLAS_6_N001,32.744058749573895,-117.046316,54.10196
CHOLLAS_6_N008,32.743978125200904,-117.04626065732346,54.10196
CHOLLAS_6_N009,32.743978125200904,-117.04637134267654,54.10196
CHSTN_1_N001,38.09,-120.3,52.19536
CHWCHLLA_1_N001,37.12073295026913,-120.25055224215674,54.03678
CHWCHLLA_1_N002,37.12073295026913,-120.25066975784326,54.03678
CIG_SM_LNODESS,38.44525,-121.461543055556,54.31924
CIMA_2_N101,35.2691,-115.49292,52.58102
CITYUKH_1_B1,39.14300254479826,-123.19181754359136,50.02718
CLAIRMNT_6_N008,32.825996732119705,-117.184096,54.12397
CLAMMNA_1_N001,37.807826,-121.276142,54.31924
CLARIBEL_LNODEGFP,37.71028,-120.9688,53.78148
CLARKRD_7_N001,39.6546447946953,-121.635292,52.24968
CLARMNT_1_N001,32.82591613392796,-117.18404062431202,55.65549
CLAUS_LNODEKSN,37.639389999986214,-120.91954289863075,53.77605
CLAUS_LNODESME,37.639389999986214,-120.91965710136925,53.77605
CLAYTN_1_N001,38.34245511038229,-120.93484110965764,54.89502
CLAYTN_1_N004,37.943825,-121.969415,54.89502
CLAYTN_1_N029,38.3422748895056,-120.93484110994348,54.89502
CLAYTN_1_N030,38.3422748895056,-120.93507089005652,54.89502
CLAY_6_N001,38.34245511038229,-120.93507089034236,54.52022
CLERLKE_6_N001,39.007954999985856,-122.89377935245265,49.86464
CLERLKE_6_N012,39.007954999985856,-122.89389464754734,49.86464
CLMBAHL_6_N001,39.331874,-121.101368,53.33063
CLOUGH_LNODEIYF,37.62761111,-120.9751667,53.80321
CLOUGH_LNODEYBR,37.62761110994497,-120.97505251712948,53.80321
CLOVIS_1_N001,36.826043942491545,-119.681281,53.40668
CLOVIS_1_N004,36.825963028740034,-119.68122263908639,53.31977
CLOVIS_1_N101,36.825963028740034,-119.68133936091361,53.40668
CLOVRDLE_1_N001,38.795757,-123.011412,48.03718
CLRKSVLE_1_N001,38.655559898770534,-121.060175,54.57454
CLRKSVLE_1_N003,38.655479050599546,-121.06011522698469,54.57454
CLRKSVLE_1_N004,38.655479050599546,-121.0602347730153,54.57454
CLSAJCT_6_N001,39.190857,-121.990506,54.43874
CLWTER_2_N003,35.39850993300358,-118.93957167203409,55.74784
CMPEVRS_1_N001,37.041635999986624,-122.02530956161661,55.86734
CMPEVRS_1_N002,37.041635999986624,-122.02542243838339,55.86734
CNTRYCB_6_N001,37.97966036733168,-121.31639835392943,54.50936
CNTRYCB_6_N002,37.979479632557,-121.31639835421177,54.50936
CNTRYCB_6_N004,37.979479632557,-121.31662764578823,54.50936
CNTRYCB_6_N006,37.97966036733168,-121.31662764607057,54.50936
COLLEG_LNODEDR1,37.6091056801805,-120.992876143573,53.67827
COLLEG_LNODEDR2,37.6091096218649,-120.992789582042,53.67827
COLLEG_LNODEDR5,37.6090266914486,-120.992698116343,53.67827
COLLEG_LNODER15,37.6090419641747,-120.993034819943,53.67827
COLNGA1_6_N001,36.13602399998719,-120.34444457141348,53.29804
COLNGA1_6_N002,36.13602399998719,-120.34455542858652,53.29804
COLNGA2_6_N001,36.236577,-120.315114,53.19483
COLONY_6_N001,38.190132,-121.181632,54.54738
COLUMBUS_1_N001,35.398330066896115,-118.93957167228022,54.03135
COLUMBUS_1_N003,35.398330066896115,-118.93979232771979,54.03135
COLUMBUS_1_N005,35.39850993300358,-118.9397923279659,54.03135
COLUSA_6_N001,39.213610999985775,-122.00296022131043,54.53108
COLUSA_6_N004,39.213610999985775,-122.00307577868956,54.53108
COLWATER_1_N001,34.86012489309556,-116.85312978164612,50.64345
COLWATER_1_N002,34.86012489309556,-116.85324421835388,50.64345
COMMONS_LNODEDR1,37.6091045275098,-120.992962913259,53.70543
COMMONS_LNODEDR3,37.5166183000533,-120.867554724081,53.71086
COMMONS_LNODEDR4,37.516699044633,-120.867555122205,53.70543
COMMONS_LNODEDR5,37.5164895041446,-120.867550987033,53.71086
COMMONS_LNODEDR7,37.5165532160667,-120.867553025577,53.71086
COMMONS_LNODEDR8,37.5008689404211,-120.913270146673,53.70543
CONCHO_1_N002,33.785845,-116.342689,52.82546
CONTADNA_1_N001,36.29,-119.71,53.02101
CONTROLX_1_N001,37.342839,-118.471988,-8.54659
CONTROL_7_N001,37.34291722503321,-118.47193119226046,-2.85784
COOPER_LNODEDR1,37.3189566034476,-120.5119493179366,54.31924
COOPER_LNODEDR2,37.31895660339336,-120.51183575699493,53.66741
COOPER_LNODEDR3,37.318866291449055,-120.51183575713138,53.66198
COOPER_LNODEDR4,37.318802431310424,-120.51191605677509,53.66741
COOPER_LNODEDR5,37.318787159360575,-120.51202798203006,53.66198
COOPER_LNODEDR6,37.31881843902539,-120.51213451388375,53.66741
COOPER_LNODEDR7,37.318884305211256,-120.51221220923813,53.66741
COOPER_LNODEDR8,37.318969657813994,-120.51224932323211,53.67284
COOPER_LNODEDR9,37.31905983488123,-120.51224311913526,53.67284
COOPER_LNODER14,37.31914244338007,-120.5121972257278,53.65654
COOPER_LNODER15,37.31920816147405,-120.51211933201114,53.65654
COOPER_LNODER16,37.31925091782716,-120.51201930357878,53.65654
COOPER_LNODER17,37.31926769919903,-120.51190771989396,53.65654
COPUS_6_N001,35.093593,-119.278466,54.23233
CORCORAN_1_N001,36.10957699998725,-119.55797958991954,53.73802
CORCORAN_1_N005,36.10957699998725,-119.55809041008045,53.73259
CORDELIA_6_N001,38.216066,-122.112082,54.40072
CORDPMP_6_N003,38.575433098781254,-121.497588,54.54195
CORNING_6_N004,39.93198099998522,-122.18732639815484,53.45013
CORNING_6_N006,39.93198099998522,-122.18744360184516,53.45013
CORONADO_6_N001,32.698823762005226,-117.173249,54.06937
CORONADO_6_N002,32.69874311898509,-117.17319367259638,54.06937
CORONA_1_N001,32.69874311898509,-117.17330432740361,54.80811
CORRAL_6_N001,38.1014979999861,-120.92635462577833,54.03678
CORRAL_6_N003,38.1014979999861,-120.92646937422167,54.03678
CORSGOLD_1_N001,37.22751499998653,-119.69108432761332,53.89012
CORSGOLD_1_N003,37.22751499998653,-119.69119767238668,53.89012
CORTEZ_LNODEDR1,37.5005587104299,-120.913235680039,53.66741
CORTEZ_LNODEDR3,37.5007571927422,-120.913267914805,53.66198
CORTEZ_LNODEDR5,37.5006522266335,-120.913263660994,53.66741
CORTEZ_LNODEDR6,37.5008124927682,-120.913424010622,53.66741
CORTEZ_LNODEDR7,37.5007095209272,-120.913352769965,53.66198
CORTINA_1_N106,39.121407,-122.224176,52.45609
COR_LNODENE1,38.55393333331922,-121.20798139654603,53.74889
COR_LNODENE3,38.55393333331922,-121.20809638123197,53.74889
COTATI_6_N101,38.30970399998603,-122.73153156284509,57.26334
COTATI_6_N102,38.30970399998603,-122.73164643715491,57.26334
COTTLEA_2_N001,37.772676259234935,-120.825545,53.29261
COTTLE_7_N001,37.77259487036768,-120.82548555286246,53.29804
COTWDPGE_1_N001,34.38040399998781,-116.87675022716886,52.55386
COVELO6_6_N001,39.78628299998532,-123.24850460152904,52.90307
CPLECEF_1_N001,37.25999999998651,-121.63994328855216,55.89993
CPLECEF_1_N005,37.25999999998651,-121.64005671144784,55.89993
CPP_LNODESS1,38.3383555554995,-121.12458988828622,53.90098
CPP_LNODESS2,38.33844566948052,-121.124475,53.90098
CRABTREE_LNODENK1,37.64506,-120.60683,53.77062
CRCANAL_6_N001,40.1384740349693,-122.208547,53.98789
CREELMAN_6_N001,33.01815871873613,-116.853026,54.93326
CREELMAN_6_N004,33.01807814061963,-116.85297051775382,54.93326
CREELMAN_6_N014,33.01807814061963,-116.85308148224618,54.93326
CRESSEY_1_N001,37.42852799998634,-120.6386900986629,53.56963
CRESTWD_6_N001,32.699023999988746,-116.35373376108788,52.77156
CROWLNDG_LNODEDR1,37.4627004272953,-120.740076630976,53.64568
CROWLNDG_LNODEDR3,37.462786962981,-120.740080933369,53.64568
CROWLNDG_LNODEDR4,37.462613876709,-120.740078364387,53.64568
CROWLNDG_LNODEDR5,37.4625421344261,-120.740074305354,53.64568
CROWLNDG_LNODEDR7,37.4627827502437,-120.740270351347,53.64568
CRUSHER_6_N001,37.021645,-122.154383,55.66092
CRWSLDG_6_N001,37.377307,-121.085672,54.67775
CRYSTLSG_6_N001,37.528913,-122.361067,55.75327
CSG_LNODESS,38.51068967879612,-121.47509029333828,54.31924
CSTRVLLE_1_N001,36.762604151493385,-121.73625384675147,53.71086
CURTIS1_7_N001,37.974949221777045,-120.320668,52.0487
CURTISS_1_N101,37.974867889096444,-120.32072756943327,52.03783
CYMRIC_1_N001,35.31,-119.63,52.99385
DAIRYLND_1_N001,37.055221,-120.317015,53.8358
DALYCTY_1_N001,37.69180126214444,-122.455704,56.34535
DALYCTY_1_N005,37.69171986891291,-122.45564461457239,56.34535
DANISHCM_1_N001,36.71900181109094,-119.76576504300833,53.37408
DAVIS_1_N001,39.06008956957949,-121.70988464738468,54.83527
DAVIS_1_N007,39.05991043030674,-121.70988464767737,54.83527
DAVIS_1_N012,39.05991043030674,-121.71011535232263,54.83527
DECPTSG_2_N001,38.05999999998602,-121.86994264179833,54.71034
DECPTSG_2_N018,38.05999999998602,-121.87005735820168,54.71034
DEEPWATR_1_N101,38.55162999998592,-121.56020750817653,54.67775
DEEPWATR_1_N104,38.55162999998592,-121.56032249182347,54.67775
DELAMO_2_N001,33.84836303124857,-118.096994,53.92271
DELAMO_2_N014,33.84828198436281,-118.09693765855927,53.92271
DELAMO_2_N022,33.84828198436281,-118.09705034144073,53.92271
DELMAR_6_N001,38.7988788301003,-121.220655,54.18887
DELMAR_6_N001A,38.798798084934575,-121.22059518327069,54.27035
DELMAR_6_N005,38.798798084934575,-121.22071481672931,54.27035
DELMAR_6_N010,32.980789999988666,-117.25535963525417,54.18887
DELMAR_6_N011,32.980789999988666,-117.25546636474583,54.18887
DELMNTE_1_N010,36.599053999987,-121.8539621246086,54.43331
DELMNTE_1_N201,36.599053999987,-121.85407387539139,54.43331
DESCANSO_6_N001,32.86524,-116.633752,53.2387
DEVLDNPP_6_N003,35.774930999987355,-119.97393475743563,53.21113
DEVLSDN_6_N001,35.774930999987355,-119.97404524256437,53.1894
DFS_1_N001,36.72,-120.6,52.73312
DIABLO1_7_N001,35.215922999950024,-120.84743471985068,52.39634
DIABLO2_7_N001,35.215922999950024,-120.84765528014933,52.64621
DIABLOCN_2_N001,35.21601309719158,-120.847545,54.16715
DINUBAE_7_N001,36.56893330486095,-119.41841731957626,53.54247
DINUBA_6_N001,36.56893330486095,-119.41864068042374,53.56963
DINUBA_6_N005,36.56911269503489,-119.41864068068313,54.31924
DIRYVLLE_6_N001,40.12799,-122.097838,54.32467
DIVISION_6_N001,32.6815959999886,-117.12003376624276,53.94987
DIVISION_6_N009,32.6815959999886,-117.12014023375725,53.94987
DIXON-J1_6_N101,38.44545401121386,-121.826237,53.89012
DIXONLD_1_N001,37.457825231051295,-121.921353,55.82388
DIXONLD_1_N002,37.457743884459624,-121.92129383478914,55.82388
DIXONLD_1_N008,37.457743884459624,-121.92141216521087,55.82931
DIXON_6_B1,38.445372994377905,-121.8261772770627,53.89012
DIXON_6_N002,38.445372994377905,-121.8262967229373,53.89012
DMNDSPR_1_N001,38.69304699998593,-120.82566347343,54.98193
DMNDSPR_1_N003,38.69304699998593,-120.82577852656999,54.98193
DOBBINS_6_N001,39.339604,-121.197378,53.21656
DOLANRD_1_N001,36.800296,-121.769123,53.65111
DOMTAR_1_N001,38.13,-121.65,53.9553
DONNER_LNODE07,39.327305,-120.281812,55.01996
DONPEDRO_LNODENSS,37.6962503274167,-120.4206077500803,53.62395
DOSPALS_6_N001,36.97484,-120.635012,53.03187
DUKMOSS1_7_N001,36.85999999998676,-121.76005620188538,53.49902
DUKMOSS2_7_N001,36.84999999994714,-121.75988762218331,53.49902
DUKMOSS3_7_N001,36.84999999994714,-121.76011237781668,53.49902
DUKMOSS3_7_N002,36.85008992566386,-121.76,53.49902
DUKMOSS4_7_N001,36.84999999994714,-121.71988762218332,53.23285
DUKMOSS5_7_N001,36.83999999998681,-121.72005617595099,53.22199
DUKMOSS6_7_N001,36.84999999994714,-121.72011237781669,53.23285
DUKMOSS6_7_N002,36.85008992566386,-121.72,53.23285
DUMBARTN_1_N001,37.557155251259346,-122.057606,55.81845
DUMBARTN_1_N003,37.55707387435557,-122.05754673393427,55.81845
DUMBARTN_1_N011,37.55707387435557,-122.05766526606573,55.81845
DUNBAR_6_N001,38.38322299998598,-122.52777754540057,55.51969
DUNBAR_6_N002,38.38322299998598,-122.52789245459942,55.51969
DUNHILL_6_N001,32.901543,-117.229958,54.03135
DUNLAP_6_N001,36.64502999998689,-119.15909106962141,53.74889
DUNNIGAN_6_N001,38.924808,-121.989951,55.32958
DUNNSIDE_1_N001,35.03321,-116.467335,51.29854
EAGLEMTN_2_N001,33.82005401596653,-115.44,51.28823
EAGLEMTN_2_N002,33.8199729920039,-115.43994369314599,51.28823
EAGLROCK_2_N001,38.8293359999859,-122.81077743066047,53.57507
EAGLROCK_2_N012,38.8293359999859,-122.81089256933953,53.57507
EASTGATE_6_N101,32.88493613808494,-117.20083859603457,54.06937
EASTGATE_6_N201,32.88493613808494,-117.20094940396542,54.06937
EBMUDGRY_1_N001,37.93,-122.04,55.16119
ECY_LNODE101,38.55445658675582,-121.43093112608555,53.73802
ECY_LNODE102,38.55427674646514,-121.4309311263732,53.73802
ECY_LNODE103,38.55427674646514,-121.43116109584881,53.73802
ECY_LNODE104,38.55445658675582,-121.43116109613645,53.73802
EDENVALE_1_N001,37.24503626216962,-121.7958386130011,54.48763
EDENVALE_1_N004,37.24485573772219,-121.79583861327271,54.48763
EDENVALE_1_N006,37.24485573772219,-121.79606538672729,54.48763
EDENVALE_1_N008,37.24503626216962,-121.7960653869989,54.48763
EDES_1_N001,37.738786999986225,-122.19371982090533,54.31924
EDES_1_N003,37.738786999986225,-122.19383417909467,54.31924
EDMON1AP_7_N001,34.986313,-118.738787,55.26439
EDMON2AP_7_N001,34.986312999950265,-118.73867680688261,55.26983
EDMON3AP_7_N001,34.98622271993701,-118.73867680700413,55.26983
EDMON3AP_7_N002,34.98615888237297,-118.73875472524391,55.26983
EDMON4AP_7_N001,34.98614361582445,-118.738863331203,55.26983
EDMON4AP_7_N002,34.98617488443967,-118.73896670370384,55.26983
EDMON5AP_7_N001,34.98624072734969,-118.73904209487607,55.26983
EDMON5AP_7_N002,34.986326049781965,-118.73907810817316,55.26983
EDMON6AP_7_N001,34.986416194964555,-118.73907208804029,55.26983
EDMON6AP_7_N002,34.98649877424742,-118.73902755565565,55.26983
EDMON7AP_7_N001,34.98656446909455,-118.73895197200041,55.26983
EDMON7AP_7_N002,34.98660721032227,-118.7388549100885,55.26983
EDMON8AP_7_N001,34.98662398575978,-118.738746635625,55.26983
EDMON8AP_7_N002,34.986614439197844,-118.738637059907,55.26983
EDWARDS_1_N001,34.991871,-117.890005,57.70712
EELRIVR_6_N001,40.602658,-124.210199,54.66145
EIGHTMI_2_N017,38.058077,-121.375292,54.30294
EISENHOW_1_N001,33.830599,-116.497612,54.31924
EISEN_6_N001,35.35714,-118.97131,52.93953
ELCAJNGT_7_N001,32.795346131065216,-116.97233863745876,55.65751
ELCAJNGT_7_N004,32.795346131065216,-116.97244936254124,55.61406
ELCAPTN_1_N001,37.335801999986415,-120.50517320028958,53.43927
ELCAPTN_1_N004,37.335801999986415,-120.50528679971042,53.43927
ELCAPTN_1_N005,37.365512,-120.578993,53.43927
ELCRRTO_1_N001,37.91620499998609,-122.30313670905946,55.78043
ELCRRTO_1_N023,37.91620499998609,-122.30325129094054,55.78043
ELKCREEK_6_N001,39.12957472883464,-123.711777,63.96634
ELKHIL1G_7_N001,35.22604999998747,-119.37772885850012,52.59189
ELKHIL2G_7_N001,35.22604999998747,-119.37783914149988,52.59189
ELK_6_N001,39.1294941355673,-123.71183698354646,52.14411
ELK_SM_LNODENE2,38.37273738362879,-121.354256944444,53.8195
ELK_SM_LNODENE7,38.372656308170484,-121.35419723840097,53.83037
ELK_SM_LNODENE8,38.372656308170484,-121.35431665048702,53.83037
ELLIOTT_6_N001,32.81585999998874,-117.08840071898302,53.90098
ELLIOTT_6_N004,32.81585999998874,-117.08850728101697,53.90098
ELLIS_6_N001,37.716505,-121.548766,53.86839
ELLIS_6_N105,33.685126,-117.943596,53.86839
ELLSGTY_1_N001,33.685294,-117.943088,53.62938
ELNIDO_1_N004,37.12061299998659,-120.47270746040512,53.16224
ELNIDO_2_N001,37.12061299998659,-120.47282053959488,54.30838
ELNIDO_2_N012,33.89624399998809,-118.37271472929694,54.30838
ELNIDO_7_N001,33.89624399998809,-118.37282327070305,53.16224
ELPATIO_1_N001,37.29223717683988,-121.935913,55.78586
ELPATIO_1_N006,37.29215591156547,-121.93585402427247,55.78586
ELPATIO_1_N015,37.29215591156547,-121.93597197572753,55.78586
ELV_LNODENE1,38.71426666661026,-121.47683299057677,53.65111
ELV_LNODENE2,38.71418891290697,-121.47689052312896,53.65111
ELV_LNODENE3,38.71418891290697,-121.47700558798303,53.65111
ELV_LNODENE4,38.71426666661026,-121.47706312053523,53.65111
ELV_LNODENE5,38.71434442039811,-121.4770055881082,53.65111
ELV_LNODENE6,38.71434442039811,-121.4768905230038,53.65111
EMBRCDR_2_N001,37.780090430972514,-122.37988558363396,56.014
EMBRCDR_2_N008,37.77990956891692,-122.37988558391392,56.014
EMBRCDR_2_N101,37.77990956891692,-122.38011441608609,56.014
EMBRCDR_2_N104,37.780090430972514,-122.38011441636604,56.014
EMRLDLE_6_N001,37.462178,-122.277933,55.55772
EMRYSVE_1_N001,39.163430999985756,-121.56151425780503,53.22742
EMRYSVE_1_N003,39.163430999985756,-121.56162974219497,53.22742
ENCINAL_6_N001,39.247383,-121.637248,52.22795
ENCINA_1_N001,33.13699513479889,-117.33531843066032,54.02592
ENCINA_1_N049,33.13699513479889,-117.33542956933968,54.02592
ENCNITAS_6_N001,33.05068472041646,-117.285325,54.40615
ENCNITAS_6_N004,33.05060413977941,-117.28526949553299,54.40615
ENCNITAS_6_N011,33.05060413977941,-117.285380504467,54.40615
ENSLEN_LNODEHKQ,37.65224426097517,-121.0013,53.77605
ENSLEN_LNODELOU,37.65216286949752,-121.00124064749899,53.77605
ENSLEN_LNODEWFN,37.65216286949752,-121.00135935250101,53.77605
ERTA_6_N001,36.930594,-121.763827,55.57401
ESCNDIDO_6_N001,33.12543545233769,-117.116857,54.05308
ESCNDIDO_6_N046,33.12552499995441,-117.11696392572938,54.05308
ESCNDIDO_6_N053,33.12561454766245,-117.116857,54.05308
ESCO_6_N001,33.115770727187964,-117.089119,54.14542
ESCO_6_N004,33.11569013639368,-117.08906344744015,54.14542
ESQUON_6_N001,39.607876,-121.768445,52.84719
ESTGRND_1_N001,37.653951261060854,-122.403031,56.2856
ESTGRND_1_N005,37.65386986945481,-122.402971646041,56.2856
ESTGRND_1_N009,37.65386986945481,-122.403090353959,56.2856
ESTPRTL_1_N001,37.876677,-122.186415,55.54685
ESTQNCY_6_N001,39.938128,-120.910322,47.10564
ETIWANDA_6_N001,34.0883812512724,-117.5255740237224,53.42297
ETIWANDA_6_N003,34.08814499998799,-117.52552751207779,53.42297
EUREKAA_6_N001,40.793883999984665,-124.18290627263764,55.04712
EUREKA_6_N001,40.793883999984665,-124.18302572736236,55.02539
EVRGREEN_1_N001,37.303338999986465,-121.8408102375639,55.56858
EVRGREEN_1_N019,37.303338999986465,-121.84092376243609,55.56858
EXXONBH_7_N001,38.08095331088854,-122.13762073299924,54.77009
FAIRGRND_LNODEDR1,37.5006945896515,-120.867048786933,53.67284
FAIRGRND_LNODEDR3,37.5005735349484,-120.866718665766,53.67827
FAIRGRND_LNODEDR4,37.5005721589657,-120.866803820595,53.67827
FAIRGRND_LNODEDR5,37.5005181954718,-120.867051337755,53.67284
FAIRGRND_LNODEDR7,37.5005718981617,-120.866887330714,53.67827
FAIRGRND_LNODEDR8,37.5005716373084,-120.866970837622,53.67284
FAIRHAVN_6_N001,40.80028,-124.195714,54.35726
FAIRWAY_1_N001,34.91059499998762,-120.44635292480474,55.27526
FAIRWAY_1_N002,34.91059499998762,-120.44646307519525,55.27526
FAMOSO_1_N001,35.60500099998741,-119.20248280260235,53.72716
FARREL_1_N001,33.85654399998807,-116.49686777574072,52.91237
FARREL_1_N002,33.85654399998807,-116.49697622425927,52.91237
FAR_SUB_LNODEONA,34.03809021316632,-118.37089113436087,53.24915
FAR_SUB_LNODEONB,34.0379097867377,-118.37089113459244,53.25458
FAR_SUB_LNODEONC,34.0379097867377,-118.37110886540755,53.25458
FAR_SUB_LNODEOND,34.03809021316632,-118.37110886563912,53.25458
FELICITA_6_N001,33.093263724336374,-117.073637,54.10196
FELICITA_6_N005,33.09318313781945,-117.07358146461416,54.10196
FELICITA_6_N009,33.09318313781945,-117.07369253538583,54.10196
FELLOWSG_7_N001,35.195188999987465,-119.58505586292793,53.09706
FIGARDN_2_N001,36.8220309999868,-119.85852484727552,52.27684
FIGARDN_2_N101,36.8220309999868,-119.85863715272448,52.28227
FINNEY_LNODESNV,37.627520677678156,-120.9751667,53.78691
FIREBAGH_6_N001,36.850688,-120.466577,53.98246
FIREHOUS_LNODEBUSH,34.8569,-114.6245,51.79339
FIY_LNODE0LD,38.762778,-121.356944,53.65111
FLINT_1_N001,38.88530299998586,-121.06669540924167,55.51969
FMC_1_N001,37.347699999986396,-121.92219018683774,55.98141
FMC_1_N003,37.347699999986396,-121.92230381316226,55.98141
FOOTHILL_1_N001,35.27,-120.7,54.29208
FORSTHL_6_N001,39.01927,-120.830271,57.74678
FORTORD_6_N001,36.643363,-121.792138,54.31924
FORTRSS_6_N001,38.539559,-123.223713,56.45399
FOSTERW_7_N001,38.02007534657929,-122.06127131707333,54.77552
FRANKLIN_6_N003,38.012317,-122.264655,56.47028
FRA_SM_LNODENE1,38.38101134187077,-121.4768906014164,53.90098
FRA_SM_LNODENE2,38.380933333277234,-121.47683314740071,53.90098
FRA_SM_LNODENE3,38.38085532476781,-121.47689060154032,53.90098
FRA_SM_LNODENE4,38.38085532476781,-121.47700550957168,53.90098
FRA_SM_LNODENE5,38.380933333277234,-121.47706296371129,53.90098
FRA_SM_LNODENE6,38.38101134187077,-121.4770055096956,53.90098
FREDONIA_LNODELD,34.1733,-114.574,54.31924
FREMNT_1_N001,37.54118124868743,-121.962063,55.60661
FREMNT_1_N007,37.54109987564155,-121.96200374944321,55.60661
FREMNT_1_N013,37.54109987564155,-121.96212225055679,55.60661
FRIARS_1_N001,32.77904499998872,-117.15675673371696,53.65654
FRIARS_1_N009,32.77904499998872,-117.15686326628304,53.65654
FRNCHGLH_6_N001,40.68692,-122.641204,52.61362
FROGTOWN_7_N001,38.056504,-120.53381,50.33764
FRTSWRD_6_N001,40.21377199998503,-123.59658599020719,54.82984
FRUITLND_6_N001,40.28584,-123.837372,54.71034
FRUITVLE_6_N001,35.376774999987504,-119.0924868388967,53.28717
FRUITVLE_6_N101,35.376774999987504,-119.09259716110328,53.28717
FSTREET_LNODEDR1,37.4895796064313,-120.838424090027,53.6837
FSTREET_LNODEDR3,37.4896984214952,-120.838270217479,53.67827
FSTREET_LNODEDR4,37.4896152090171,-120.838173674241,53.67827
FSTREET_LNODEDR5,37.4894938869083,-120.83833925837,53.6837
FTCHMTN_6_N001,38.60608399998592,-122.85282549557644,56.18782
FTCHMTN_6_N003,38.60608399998592,-122.85294050442356,56.18782
FTL_LNODENE1,38.69308721315885,-121.348651111111,53.67284
FTL_LNODENE2,38.693006393405355,-121.34859132777218,53.67284
FTL_LNODENE3,38.693006393405355,-121.34871089444981,53.67284
FULTON_2_N010,38.49657200829278,-122.75943026543568,54.33554
FULTON_2_N049,38.49657200829278,-122.75954973456432,54.33554
F_6_N001,32.75497274686537,-117.126027,53.99111
F_6_N002,32.75489212655523,-117.12597165333155,53.99111
F_6_N005,32.75489212655523,-117.12608234666845,53.99111
GABILAN_6_N001,36.731511,-121.61325,55.43278
GALE_1_N001,34.85946599998758,-116.86535894183864,50.65431
GANSNER_6_N101,39.939187,-120.948157,50.03345
GANSO_1_N001,35.501698,-119.449132,53.04817
GARCIA_6_N001,38.88879,-123.550318,52.85569
GAREY_1_N002,34.98,-120.26,55.1286
GARFIELD_6_N001,32.795125,-116.996848,54.85256
GARNET_7_N001,33.93858299995228,-116.57633536031197,52.782
GEER_LNODEDR1,37.52250334748,-120.843709746797,53.66741
GEER_LNODEDR2,37.5224993081714,-120.843588348711,53.66198
GEER_LNODEDR3,37.5224318250334,-120.843496861832,53.66198
GEER_LNODEDR4,37.5224297824039,-120.843426269924,53.66198
GEER_LNODEDR5,37.5224263420376,-120.843557323915,53.66741
GEER_LNODEDR7,37.5224225565731,-120.843630755159,53.66741
GEER_LNODEDR8,37.522425898329,-120.843709042834,53.66741
GENESEE_6_N001,32.87974054062765,-117.2133823800825,54.13999
GENESEE_6_N005,32.87956145928191,-117.21338238029792,54.13999
GENESEE_6_N011,32.87956145928191,-117.21359561970208,54.13999
GENESEE_6_N015,32.87974054062765,-117.2135956199175,54.13999
GENE_2_N001,34.3,-114.23,53.35779
GERBER_6_N101,40.064207,-122.156114,53.42297
GEYSR5-6_7_N001,38.777006613720275,-122.74238837921152,46.14852
GIFFEN_6_N001,36.545076,-120.334519,52.49954
GILROYF_1_N001,37.14,-121.58,55.16662
GILSTRAP_LNODEDR1,37.5800948624588,-120.975549487551,53.64568
GILSTRAP_LNODEDR3,37.5801662132492,-120.9757670064,53.65111
GILSTRAP_LNODEDR5,37.5799830759229,-120.975550499689,53.64568
GILSTRAP_LNODEDR7,37.58017229934,-120.975552395649,53.64568
GILSTRAP_LNODEDR8,37.5801700030066,-120.975645212521,53.65111
GILSTRAP_LNODER17,37.5801611951015,-120.976018315921,53.65111
GIRVAN_6_N001,40.51347,-122.378916,52.91237
GLENCLIF_6_N001,32.798367,-116.498315,53.05402
GLENSHIR_LNODERE,39.352238,-120.08626,54.69947
GLENWOOD_6_N001,37.45733023092607,-122.186967,56.37251
GLENWOOD_6_N004,37.457248884522265,-122.18690783531744,56.37251
GLENWOOD_6_N005,37.457248884522265,-122.18702616468256,56.37251
GLRYCGG1_7_N001,37.12999999998655,-121.5600565514771,55.17205
GOLDTREE_1_N001,35.32012199998752,-120.69284284611503,54.48763
GOLDTREE_1_N002,35.32012199998752,-120.69295315388497,54.48763
GOLETA_6_N200,34.46880142976412,-119.88445868708224,55.41649
GONZALES_6_N001,36.50885299998702,-121.44685522795733,55.06884
GONZALES_6_N003,36.50885299998702,-121.44696677204267,55.06884
GORMAN_6_N001,34.8014,-118.818908,55.62833
GOSELKE_1_N001,35.601596,-119.579654,53.3252
GOULD_2_N001,34.22145799998786,-118.18701737338756,53.57507
GOULD_2_N007,34.22145799998786,-118.18712662661244,53.57507
GRANDIS_1_N004,38.23108199998597,-121.59029758372996,54.13455
GRANDIS_1_N009,38.23108199998597,-121.59041241627003,54.13455
GRANITE_6_N001,32.804473,-116.92086,53.89625
GRANITE_6_N007,32.804472999954854,-116.9207534473782,55.06
GRANITE_6_N008,32.80438343993102,-116.92086,55.06
GRANITE_6_N009,32.804472999954854,-116.92096655262179,53.92884
GRANTRK_6_N001,37.67099326174171,-122.160116,56.07375
GRANT_1_N001,37.67091186911436,-122.16005663166834,55.86734
GRANT_1_N005,37.67091186911436,-122.16017536833166,55.86734
GRBRVLLE_6_N001,40.10263,-123.792873,54.71733
GRDNEAST_1_N101,36.47999999998696,-119.60994425959105,53.24372
GRDNEAST_1_N102,36.47999999998696,-119.61005574040897,53.24372
GRDNWEST_1_N001,36.59,-119.57,53.24372
GREENBRE_6_N001,37.93780399998614,-122.51415869769995,56.83422
GREENBRE_6_N003,37.93780399998614,-122.51427330230004,56.83422
GRIMWAY_1_N001,35.27,-118.87,53.40124
GRNTHLL_1_N001,32.80456256006898,-116.92086,53.50445
GRNVALY_1_N001,36.952139010813255,-121.76018,55.06884
GRNVALY_1_N011,36.95205799457908,-121.76012146857028,55.06884
GRSSVLY_6_N101,39.209514,-121.061004,54.0911
GRYSFLT_6_N001,40.021612,-121.065532,49.98456
GUALALA_6_N001,38.786699,-123.522777,57.89888
GUSTINE_6_N001,37.253223999986524,-121.01302629664288,56.253
GUSTINE_6_N002,37.253223999986524,-121.01313970335713,56.253
GYSRVLLE_6_N001,38.70981887157317,-122.907957,56.69299
GYSRVLLE_6_N003,38.70973806419826,-122.90789721183104,56.69299
HALSEYF_7_N001,38.90131699998584,-121.08772559737287,55.62833
HAL_SUB_LNODEON1,33.84769999998815,-118.30334578612137,53.21656
HAL_SUB_LNODEONA,33.84769999998815,-118.30345421387864,53.22199
HAMILTON_6_N001,39.746242,-122.011361,53.77062
HAMMER_6_N001,38.02138220754234,-121.320367,54.75923
HAMMER_6_N003,38.02130089621381,-121.32030740848892,54.75923
HAMMER_6_N004,38.02130089621381,-121.32042659151108,54.75923
HAMMONDS_1_N001,36.72011,-120.603287,52.61905
HARBORG_7_N101,33.770089981295506,-118.25010824500784,54.10196
HARDING_6_N001,37.963708999986125,-121.29050568468435,53.96073
HARDING_6_N004,37.963708999986125,-121.29062031531565,53.96073
HARDWICK_6_N001,36.404261,-119.68624,53.61309
HARRIS_6_N001,40.78104299998464,-124.13194328500423,54.34097
HARRIS_6_N003,40.78104299998464,-124.13206271499577,54.31924
HARTER_6_N001,39.14325399998575,-121.6480072716394,50.70701
HARTER_6_N003,39.14325399998575,-121.6481227283606,50.70701
HARTLEY_6_N001,39.077268,-122.932322,50.46111
HAR_GS_LNODE10AUX,33.77070285420546,-118.26588005129787,53.21656
HAR_GS_LNODE11AUX,33.770785160786886,-118.2658363056699,53.21656
HAR_GS_LNODE12AUX,33.77085063868779,-118.26576205737284,53.21656
HAR_GS_LNODE13AUX,33.770893238769126,-118.26566671029164,53.21656
HAR_GS_LNODE14AUX,33.77090995880947,-118.26556034876025,53.21656
HAR_GS_LNODE1AUX,33.770900443776654,-118.26545270896402,53.21656
HAR_GS_LNODE2AUX,33.770866485380765,-118.26535246672638,53.21656
HAR_GS_LNODE5AUX,33.77081149182394,-118.26526678898045,54.31924
HAR_SUB_LNODEONA,33.77073997374512,-118.26520109800133,53.21656
HAR_SUB_LNODEONB,33.77065707494083,-118.26515900180253,53.22199
HAR_SUB_LNODEONC,33.77056816417163,-118.26514234955444,53.21656
HATTON_6_N001,36.55679,-121.897162,54.78095
HAWKINS_LNODEDR1,37.5799617816957,-120.645598336747,53.64568
HAWKINS_LNODEDR3,37.5799481743814,-120.645311774451,53.64568
HAWKINS_LNODEDR5,37.5798175544824,-120.645562968772,53.64568
HAWKINS_LNODEDR7,37.5799502934699,-120.645479899093,53.64568
HAY_GS_LNODE10AUX,33.765034221459466,-118.09919670179296,53.22742
HAY_GS_LNODE12AUX,33.76505094051277,-118.09909035381168,53.22742
HAY_GS_LNODE14AUX,33.765041426041684,-118.09898272772843,53.22742
HAY_GS_LNODE15AUX,33.7650074696504,-118.0988824982613,53.22742
HAY_GS_LNODE9AUX,33.7649524793399,-118.09879683143038,53.22742
HAY_LNODESS1,33.76488096548275,-118.09873114881994,53.22742
HAY_LNODESS2,33.76479807157197,-118.09868905798392,53.22742
HED_LNODENE1,38.50998333333333,-121.355746944444,53.78148
HED_LNODENE2,38.50998333327719,-121.35563197930773,53.78148
HED_LNODENE3,38.50989337309517,-121.35563197945136,53.78148
HED_LNODENE4,38.50982976169183,-121.355713272007,53.78148
HED_LNODENE5,38.50981454922492,-121.35582658122124,53.78148
HED_LNODENE6,38.509845707051696,-121.35593443034743,53.78148
HED_LNODENE7,38.509911316684935,-121.35601308641768,53.78148
HED_LNODENE8,38.50999633683837,-121.3560506593429,53.78148
HENRITTA_6_N101,36.24160599998715,-119.9029965105001,52.83632
HERDLYN_6_N001,37.816383,-121.586176,53.5642
HERSHEY_LNODESLL,37.75083,-120.8453,53.83037
HERSHEY_LNODEXF1,37.7508299999447,-120.8451856244636,53.83037
HERSHEY_LNODEXF2,37.75073956547022,-120.8453,53.83037
HERSHEY_LNODEXF3,37.7508299999447,-120.84541437553641,53.83037
HERSHEY_LNODEXF4,37.750920434529704,-120.8453,53.83037
HICKS_2_N001,37.234159254320986,-121.90015163922017,54.62886
HICKS_2_N002,37.23397874557105,-121.9001516394916,54.62886
HICKS_2_N007,37.23397874557105,-121.90037836050841,54.62886
HIDESERT_2_N001,34.145263999987954,-116.18586145110677,52.99928
HIDESERT_2_N018,34.145263999987954,-116.18597054889322,52.99928
HIGGINS_1_N001,39.043590575891166,-121.09071766620363,55.27526
HIGGINS_1_N002,39.04341142399536,-121.0907176664961,55.27526
HIGGINS_1_N004,39.04341142399536,-121.09094833350389,55.27526
HIGHLD_1_N001,38.93741777608508,-122.609034,47.36171
HIGHLD_1_N005,38.937337111942234,-122.60909387327588,47.36171
HIGHWAY_1_N001,38.166048151820924,-122.253616,56.78533
HIGHWAY_1_N002,38.16596692407439,-122.25355635179834,56.78533
HILLSDLE_6_N001,37.536271,-122.322394,56.58978
HILLSIDE_1_N001,37.879999999986126,-122.23994272916374,55.47624
HILLSIDE_1_N004,37.879999999986126,-122.24005727083625,55.47624
HILMAR_LNODEDR1,37.4189785637285,-120.849304571346,53.68914
HILMAR_LNODEDR2,37.4188603223578,-120.849075716434,53.68914
HILMAR_LNODEDR4,37.4189333711687,-120.849077780203,53.68914
HILMAR_LNODEDR5,37.4188652133943,-120.849148221032,53.68914
HILMAR_LNODEDR7,37.4188555229834,-120.849223847561,53.68914
HILMAR_LNODER17,37.4189123657556,-120.849307362712,53.68914
HINSON_6_N001,33.81885999995258,-118.22236564005779,54.12369
HLFMNBY_6_N002,37.46874323375435,-122.43018,57.75222
HLFMNBY_6_N004,37.46866188310803,-122.43012082319957,57.75222
HLFMNBY_6_N101,37.46866188310803,-122.43023917680043,57.75222
HMBLTBY_6_N003,40.78280899998469,-124.11247771670773,54.51479
HOBARTTP_LNODE19,39.400047,-120.149888,54.69947
HOLLISTR_1_N001,36.862728962246265,-121.405867,54.74293
HOLLISTR_1_N004,36.86264801886252,-121.40580858969733,54.74293
HOLLISTR_1_N101,36.86264801886252,-121.40592541030266,54.74293
HOMEGRND_1_N001,38.96,-122.84,47.35401
HOMEPROC_1_N001,38.94,-122.85,47.35401
HONCUT_1_N001,39.320099,-121.595289,52.7983
HOOPA_6_N001,41.056514,-123.682252,55.33501
HORSESHE_1_N001,38.744281999985915,-121.16156545871566,54.8733
HORSESHE_1_N002,38.744281999985915,-121.16168054128434,54.8733
HPLNDJT_6_N001,38.972898,-123.081134,49.43001
HSK_LA_LNODEKSS,34.487,-118.514,53.17854
HUGHSON_LNODEDR1,37.5949433309328,-120.846755674049,53.5805
HUGHSON_LNODEDR2,37.5949478453779,-120.846639431615,53.5805
HUGHSON_LNODEDR3,37.5948895849844,-120.846669736494,53.5805
HUGHSON_LNODEDR4,37.5949564824944,-120.846831604577,53.5805
HUGHSON_LNODEDR5,37.594883530932,-120.846800432358,53.5805
HUGHSON_LNODEDR8,37.5948895004896,-120.84669840193,53.5805
HUNT1G_7_N002,33.64610399995311,-117.97753404459904,53.85753
HUNT2G_7_N002,33.645950581890766,-117.97761038065147,53.85753
HUNT3G_7_N002,33.64596651133317,-117.97781805443613,53.85753
HUNT4G_7_N002,33.646116990569396,-117.97792719657157,53.85753
HURLEY_LNODE12LD3,38.587283,-121.418244,54.31924
HURON_6_N001,36.185797,-120.104535,52.97212
HUR_LNODENE1,38.58818333333333,-121.418666944444,53.6837
HUR_LNODENE2,38.58818333327699,-121.41855194404475,53.6837
HUR_LNODENE3,38.58810548632912,-121.41860944430671,53.6837
HUR_LNODENE4,38.58810548632912,-121.41872444458129,53.6837
HUR_LNODENE5,38.58818333327699,-121.41878194484326,53.6837
HUR_LNODENE7,38.58826118030932,-121.41872444470597,53.6837
HUR_LNODENE8,38.58826118030932,-121.41860944418204,53.6837
HWD_SUB_LNODEONA,34.088090251059334,-118.34689102435425,53.23829
HWD_SUB_LNODEONB,34.0879097488445,-118.34689102458658,53.23829
HWD_SUB_LNODEONC,34.0879097488445,-118.34710897541342,53.23829
HWD_SUB_LNODEOND,34.088090251059334,-118.34710897564575,53.23829
HYATT_2_N212,39.54,-121.47,52.28227
IBM-CTLE_1_N001,37.33,-121.74,54.48763
IBM-HRRS_1_N001,37.339999999986375,-121.73994319553019,54.41701
IBM-HRRS_1_N101,37.339999999986375,-121.74005680446982,54.31924
IGNACIO_1_N102,38.07555099998604,-122.54000436436782,54.88416
IMHOFF_1_N001,38.001509,-122.066739,55.43822
IMPRLBCH_6_N001,32.58332899998902,-117.09716179037093,53.97703
IMPRLBCH_6_N004,32.58332899998902,-117.09726820962906,53.97703
INDIANW_1_N001,33.75822999998817,-116.36079489140164,52.85262
INDIANW_1_N005,33.75822999998817,-116.36090310859835,52.85262
INDNFLT_6_N001,37.66547,-119.841331,58.2085
INDUSTRL_LNODEDR1,37.4786063003132,-120.866935168966,53.67827
INDUSTRL_LNODEDR2,37.4784258031614,-120.866836967643,53.6837
INDUSTRL_LNODEDR3,37.4784244272802,-120.866662034426,53.6837
INDUSTRL_LNODEDR5,37.4785292936467,-120.866935824384,53.67827
INDUSTRL_LNODEDR7,37.4784403782944,-120.866928290638,53.67827
INDUSTRL_LNODEDR8,37.4784247171011,-120.866748607625,53.6837
INGRMC_1_N001,37.83,-121.17,53.79234
INYOKERN_1_N001,35.65261399998741,-117.79478579202693,65.00034
INYOKERN_1_N008,35.65261399998741,-117.79489620797307,65.00034
IRONMTN_2_N001,34.16,-115.12,51.74451
IUKA_6_N001,37.665987,-121.831011,55.09057
JACINTO_6_N001,39.582923,-122.010645,54.4659
JAMACHA_6_N001,32.744163749547276,-116.957239,54.60915
JAMACHA_6_N006,32.74408312521416,-116.95718365728564,54.60915
JAMACHA_6_N015,32.74408312521416,-116.95729434271436,54.60915
JAMESON_1_N001,38.205743,-122.147539,54.38442
JANSCRK_6_N001,40.905394259900845,-124.072573,53.87925
JANSCRK_6_N003,40.90531287003298,-124.0725108262728,53.87925
JARVIS_1_N014,37.59572442721241,-122.01803387245575,56.12264
JARVIS_1_N016,37.595543572677634,-122.01803387273313,56.12264
JARVIS_1_N017,37.595543572677634,-122.01826212726687,56.12264
JARVIS_1_N101,37.59572442721241,-122.01826212754425,56.12264
JCBSCRNR_6_N001,36.22245499998718,-119.77977650530629,52.98299
JCBSCRNR_6_N003,36.22245499998718,-119.77988749469371,52.98299
JENNY_1_N001,37.769999999986226,-122.25994279875593,57.41544
JENNY_1_N008,37.769999999986226,-122.26005720124407,57.41544
JESSUP_1_N001,40.462102,-122.328061,52.52127
JMSCNPMP_1_N001,38.19,-122.47,54.31924
JOHANNA_2_N001,33.71362395818503,-117.852576,53.99332
JOHANNA_2_N007,33.71354302089469,-117.85251982319095,53.99332
JOLON_6_N001,36.013308,-121.167635,53.52075
KAMM_1_N001,36.58,-120.52,52.6788
KANAKA_1_N001,39.439999999985574,-121.38994201903363,52.75485
KEARNEY_6_N001,36.704357999986875,-119.88278399673257,52.4072
KEARNEY_6_N099,36.704357999986875,-119.88289600326743,52.4072
KEARNEY_7_N001,32.832849999988746,-117.13199871171014,53.94642
KEARNEY_7_N003,32.832849999988746,-117.13210528828985,54.0279
KELSO_2_N001,37.797722,-121.601591,53.78148
KERMAN_6_N001,36.69205999998684,-120.05918901200307,53.39038
KERMAN_6_N002,36.69205999998684,-120.05930098799692,53.39581
KERNOIL_1_N001,35.44070999998741,-119.02061483035583,53.78148
KERNOIL_1_N012,35.44070999998741,-119.02072516964418,53.78148
KERNPWR_1_N002,35.37980096994444,-119.097984,53.22199
KERNPWR_1_N201,35.37972001501422,-119.09792667452027,53.22199
KERNRDGE_1_N001,35.48320899998747,-119.76358482417542,53.37952
KERNRV_1_N001,35.37972001501422,-119.09804132547973,53.80864
KERNWATR_1_N001,35.400666,-119.035603,53.31977
KESWICK_6_N001,40.623725,-122.462027,52.70053
KETTLEMN_6_N001,36.044075,-120.112696,53.21113
KETTNER_6_N001,32.733172,-117.173774,54.02048
KIERNAN_LNODETUB,37.71047,-121.0139,53.79777
KINGCTY_6_N001,36.21683446252504,-121.1266820197143,53.31977
KINGCTY_6_N002,36.21683446252504,-121.1269039802857,53.31977
KINGCTY_6_N005,36.217013537372516,-121.12690398053972,53.31977
KINGSBRG_1_N001,36.48869063297857,-119.58234525016937,53.28717
KINGSBRG_1_N008,36.48861299994815,-119.58228950045047,53.28717
KIRKER_1_N001,38.0212542075842,-121.905844,54.82441
KIRKER_1_N005,38.02117289619287,-121.90578440854696,54.82441
KIRKER_1_N006,38.02117289619287,-121.90590359145303,54.82441
KNA_LNODENA2,40.654722,-122.389167,52.65164
KNGHTSLD_1_N001,38.809281,-121.74515,54.18344
KONOCTI6_6_N001,38.9325,-122.741085,48.24063
KYOCERA_6_N001,32.819776,-117.140362,53.95216
LADDCM_LNODEARD,37.73258,-121.01392,53.80321
LAFRESA_6_N001,33.86979104273171,-118.33319,54.24862
LAFRESA_6_N007,33.869709978621295,-118.33324636755688,54.24862
LAGNANL_1_N001,33.49498074466377,-117.70295838393929,54.38442
LAGNANL_1_N002,33.494801255243225,-117.70295838416239,54.38442
LAGNANL_1_N005,33.494801255243225,-117.70317361583761,54.38442
LAGNANL_1_N006,33.49498074466377,-117.70317361606071,54.38442
LAGRANG_LNODEOAD,37.6697612035926,-120.443808701526,53.62395
LAGUBELL_6_N001,33.975996097823064,-118.14794,53.76518
LAGUBELL_6_N210,33.97591495107552,-118.14799649540468,53.76518
LAGUNATP_6_N001,36.748942999986895,-121.60530194075191,56.44855
LAGUNITS_6_N001,36.748942999986895,-121.60541405924809,55.51426
LAJOLLA_6_N001,32.840121999988746,-117.27517670850455,54.30075
LAJOLLA_6_N007,32.840121999988746,-117.27528329149546,54.30075
LAKEVIEW_6_N101,35.093678,-119.10139,54.18344
LAKEVLLE_1_N001,38.251505,-122.580692,54.57454
LAKEWOOD_1_N001,37.909008286572075,-122.05701271293042,55.17205
LAKEWOOD_1_N003,37.90892999994441,-122.05695542598274,55.17205
LAKEWOOD_1_N004,37.90885171340006,-122.05701271305232,55.17205
LAKEWOOD_1_N006,37.90885171340006,-122.05712728694768,55.17205
LAKEWOOD_1_N007,37.90892999994441,-122.05718457401727,55.17205
LAKEWOOD_1_N009,37.909008286572075,-122.05712728706959,55.17205
LAK_SM_LNODENE2,38.658077794318025,-121.13012359377534,53.73802
LAK_SM_LNODENE3,38.65799999994368,-121.13006607656462,53.73802
LAK_SM_LNODENE4,38.657922205653776,-121.13012359390028,53.73802
LAK_SM_LNODENE6,38.657922205653776,-121.13023862832172,53.73802
LAK_SM_LNODENE7,38.65799999994368,-121.13029614565738,53.73802
LAK_SM_LNODENE8,38.658077794318025,-121.13023862844666,53.73802
LAMONT_1_N001,35.296667999987505,-118.86162984910735,53.38495
LAMONT_1_N002,35.296667999987505,-118.86174015089266,53.38495
LAPHAM_LNODEQBZ,37.639494,-120.919982,53.78148
LAPHAM_LNODEXBC,37.63949399994495,-120.91986779708742,53.78148
LAPLMG1_7_N001,35.29516599994997,-119.59192469860037,52.50498
LAPLMG2_7_N001,35.2950123151544,-119.59200269352937,52.50498
LAPLMG3_7_N001,35.29502827228419,-119.59221488028864,52.50498
LAPLMG4_7_N001,35.29517901313358,-119.59232639423358,52.50498
LASPALMS_1_N001,36.8,-119.69,53.3089
LASPLGS_6_N001,33.31288499998846,-117.46694237728786,56.26387
LASPULGS_6_N001,33.31288499998846,-117.46704962271214,54.52565
LAURELES_6_N001,36.47781599998705,-121.7268922619553,59.14822
LAWRENCE_1_N001,37.397207,-122.010126,55.55772
LAWRENCE_1_N003,37.39720699994556,-122.01001226428907,55.55772
LAWRENCE_1_N004,37.39711664332103,-122.010126,55.55772
LAWRENCE_LNODEENCE,37.397297356679005,-122.010126,51.23391
LBEACH2G_7_N002,33.818691093192,-118.22254906136247,54.12369
LCIENEGA_6_N001,34.000751,-118.378408,54.42788
LEGRAND_1_N001,37.184412,-120.273463,53.88469
LEMOORE_6_N002,36.30998799998711,-119.79822042969916,53.3089
LEMOORE_6_N101,36.30998799998711,-119.79833157030085,53.3089
LEPRINO_1_N001,37.748396,-121.41576,53.52075
LERDO_1_N001,35.50010399998744,-119.15188082156193,53.99332
LERDO_1_N004,35.50010399998744,-119.15199117843807,53.99332
LILAC_6_N001,33.25325899998847,-117.08580343192692,54.49849
LILAC_6_N010,33.25325899998847,-117.08591056807307,54.49849
LIMESTNE_6_N001,38.63377399998596,-120.97960448884528,54.41158
LINCON_LNODECRZ,37.63940356621228,-120.91986779722644,53.78148
LINCON_LNODEFCN,37.639339619957,-120.91994855081084,53.78148
LINDEN_6_N101,38.016891,-121.095875,55.21551
LITEHIPE_6_N001,33.88040091918611,-118.17506849549716,54.06937
LITEHIPE_6_N008,33.88058108071875,-118.17528550473195,54.06937
LIVERMRE_6_N001,37.68013099998621,-121.78059286544908,54.96021
LIVERMRE_6_N003,37.68013099998621,-121.78070713455092,54.96021
LIVNGSTN_6_N001,37.363379203022006,-120.760425,54.39529
LLAGAS_1_N001,37.006958040367174,-121.557391,55.15576
LLAGAS_1_N003,37.00687697980194,-121.55733239433584,55.15576
LLAGAS_1_N005,37.00687697980194,-121.55744960566416,55.15576
LMEC1_1_N001,38.030625,-121.896783,54.69404
LMEC1_1_N101,38.03062499994427,-121.89666830800388,54.69404
LMEC1_1_N601,38.0305346591732,-121.89666830814532,54.69404
LMEC1_1_N801,38.03047077865233,-121.89674940756281,54.69404
LMECCT1_7_N001,38.0304867914731,-121.89697004046927,54.69404
LMECCT2_7_N001,38.03063805852326,-121.89708599331652,54.69404
LMECST1_7_N001,38.03081089924409,-121.89703337694175,54.69404
LMPC-CTY_1_N001,34.6,-120.39,56.10091
LOCKHD1_1_N001,37.409054,-122.03213,55.6229
LOCKHD2_1_N001,37.416224,-122.030655,55.67179
LOGANCR_2_N001,39.53955399998549,-122.26277291112409,52.13561
LOGANCR_2_N010,39.53955399998549,-122.26288908887592,52.13561
LONESTAR_1_N001,37.511676999986356,-122.20756301431467,56.1498
LOSALTS_6_N004,37.3939352129738,-122.114735,55.65549
LOSALTS_6_N005,37.393853893498445,-122.11467590496156,55.65549
LOSALTS_6_N101,37.393853893498445,-122.11479409503845,55.65549
LOSCCHS_6_N001,32.85981772690813,-116.899263,53.29804
LOSCOCHS_6_N001,32.85973713653372,-116.89920760858072,53.60264
LOSCOCHS_6_N034,32.85973713653372,-116.89931839141927,53.60264
LOSGATS_6_N002,37.226423999986494,-121.97722832893687,55.6392
LOSGATS_6_N201,37.226423999986494,-121.97734167106313,55.6392
LOSOSTS_6_N001,36.293864,-121.20007,53.41211
LOVELAND_6_N001,32.796957,-116.792258,53.75474
LOWGAP_7_N001,40.4327289999849,-123.47220368717633,53.86296
LOYALTON_LNODETY,39.6680639999855,-120.24305624345052,54.72663
LOYOLA_6_N001,37.360660999986344,-122.09993417231678,55.39476
LOYOLA_6_N004,37.360660999986344,-122.10004782768323,55.39476
LPFLKBD_6_N001,40.90531287003298,-124.07263517372719,54.31381
LSGLLNS_1_N001,38.022339207228725,-122.537978,55.15032
LSGLLNS_1_N002,38.0222578963706,-122.53791840805536,55.15032
LSGLLNS_1_N003,38.0222578963706,-122.53803759194464,55.15032
LSPSTAS_2_N001,37.700982436898656,-121.73360569835381,54.80811
LSPSTAS_2_N002,37.70080156299109,-121.73360569863272,54.80811
LSPSTAS_2_N010,37.70080156299109,-121.7338343013673,54.80811
LSPSTAS_2_N011,37.700982436898656,-121.73383430164618,54.80811
LSTHLLS_6_N001,35.785755,-119.866138,54.31924
LUCERNE_1_N001,39.110189,-122.81298,51.36272
LUCERNE_1_N004,39.11,-122.81,51.36272
LUIS#3_1_N001,36.65,-120.73,52.60818
LUIS#5_1_N001,36.72,-120.75,52.59732
LVNGSTN_7_N002,37.36329789847426,-120.76036593987695,53.63482
LYOTH-SP_6_N001,37.721862,-121.390858,53.27631
LYTNVLLE_6_N001,39.684962,-123.476979,53.01714
MABURY_1_N001,37.36089599998639,-121.86395517205479,55.88907
MABURY_6_N001,37.36089599998639,-121.86406882794522,55.85104
MADISON_1_N002,38.67073989103906,-121.969138,53.65111
MADISON_1_N201,38.67065905446531,-121.9690782228888,53.65111
MAGUNDEN_1_N002,35.36215899998747,-118.92373215922743,53.88469
MAINE-PR_6_N001,38.385820999985995,-121.77582145519017,53.75975
MALAGA_1_N001,36.69415479048744,-119.72474601890697,53.48815
MALAGA_1_N004,36.69397520940774,-119.72474601916853,53.48815
MALAGA_1_N005,36.69397520940774,-119.72496998083147,53.48815
MALAGA_1_N206,36.69415479048744,-119.72496998109303,53.48815
MANCHSTR_1_N001,36.78803392229639,-119.787488,53.26001
MANCHSTR_1_N002,36.787953038837564,-119.78742968988867,53.26001
MANCHSTR_1_N005,36.787953038837564,-119.78754631011132,53.26001
MANDLY1G_7_N002,34.207498198093205,-119.249016,54.31924
MANDLY2G_7_N002,34.20741690094034,-119.2489592448821,54.31924
MANDLY3G_7_N001,34.20741690094034,-119.2490727551179,54.56368
MANTECA_1_N001,37.80151542742815,-121.22356755493873,53.77605
MANTECA_1_N002,37.80133457246114,-121.22356755521895,53.77605
MANTECA_1_N012,37.80133457246114,-121.22379644478104,53.77605
MANTECA_1_N013,37.80151542742815,-121.22379644506127,53.77605
MANVILLE_1_N001,34.53,-120.43,55.96511
MARGARTA_1_N001,33.55007578845692,-117.62798626281774,54.33554
MARGARTA_1_N002,33.54989621144975,-117.62798626304166,54.33554
MARGARTA_1_N008,33.54989621144975,-117.62820173695833,54.33554
MARGARTA_1_N009,33.55007578845692,-117.62820173718225,54.33554
MARICOPA_6_N001,35.107547,-119.398151,53.08076
MARIPOS2_6_N001,37.50445799998627,-120.00773602136582,57.4263
MARIPOS2_6_N003,37.50445799998627,-120.00784997863418,57.4263
MARPOS_LNODEKSA,37.63932432741219,-120.92006110878681,53.78148
MARPOS_LNODENOX,37.63935564925701,-120.92016824287315,53.78148
MARSHALL_LNODEDR1,37.43587720766,-121.132527674588,53.7163
MARSHALL_LNODEDR2,37.4358760484777,-121.13220043951,53.71086
MARSHALL_LNODEDR3,37.4358798082574,-121.132682875263,53.7163
MARSHALL_LNODEDR4,37.4358789493306,-121.132046059332,53.71086
MARSHALL_LNODEDR5,37.4358787251639,-121.131895544498,53.71086
MARSHALL_LNODER8C,37.435876146414,-121.132374308977,53.7163
MARTELL_6_N001,38.369191999986,-120.79669245138386,54.13455
MARTINEZ_1_N001,38.02,-122.16,55.61204
MCARTHR_6_N001,41.05270199998445,-121.40878106361407,51.30995
MCCALL_1_N026,36.61141783540495,-119.639697,53.16224
MCCALL_1_N030,36.61133708228342,-119.63963891745578,53.16224
MCC_LNODEMCC,38.63008971070796,-121.51320976638306,53.67284
MCDISLE_6_N001,37.93693288402067,-121.52832945017714,56.65497
MCFRLND_6_N001,35.688444,-119.276835,53.75432
MCKEE_1_N001,37.366407204044364,-121.843789,55.73697
MCKEE_1_N005,37.36632589796316,-121.84372993637959,55.73697
MCKEE_1_N101,37.36632589796316,-121.84384806362041,55.73697
MCMULLN1_2_N001,36.592775,-119.989065,52.43436
MCY_LNODE101,38.563116666666666,-121.464371944444,53.73259
MCY_LNODE102,38.563116666610455,-121.4642569555954,53.73259
MCY_LNODE103,38.56302675430868,-121.46425695573926,53.73259
MCY_LNODE104,38.562963176761876,-121.46433826506194,53.73259
MCY_LNODE105,38.562947972391605,-121.46445159764659,53.73259
MCY_LNODE106,38.5629791136348,-121.46455946901716,53.73259
MCY_LNODE107,38.56304468834792,-121.46463814131086,53.73259
MCY_LNODE108,38.56312966325024,-121.46467572198618,53.73259
MDLRIVR_6_N001,37.93693288402067,-121.52844854982285,55.8782
MDWYPS_6_N001,35.402824999987416,-119.45497183549746,53.4447
MECCTG1_7_N100,37.239909741275135,-121.77988662517618,54.29208
MECCTG2_7_N100,37.2400902586168,-121.78011337509535,54.29208
MEDWLNE_1_N001,37.963141225082815,-122.052361,55.17205
MEDWLNE_1_N002,37.963059887443606,-122.05230143651556,55.17205
MEDWLNE_1_N006,37.963059887443606,-122.05242056348443,55.17205
MELROSE_6_N001,33.206560573300976,-117.25285494469412,54.59627
MELROSE_6_N004,33.20638142660739,-117.25285494491321,54.59627
MELROSE_6_N005,33.20638142660739,-117.25306905508678,54.59627
MELROSE_6_N009,33.206560573300976,-117.25306905530589,54.59627
MENLO_6_N001,37.4330313740754,-122.20260718789906,56.43769
MENLO_6_N002,37.43285062581547,-122.2026071881739,56.43769
MENLO_6_N003,37.43285062581547,-122.2028348118261,56.43769
MENLO_6_N004,37.4330313740754,-122.20283481210093,56.43769
MERCEDFL_7_N001,37.27292328168154,-120.48675154649395,54.4659
MERCED_1_N001,37.27274271821013,-120.48697845323395,53.41754
MERCED_1_N002,37.27292328168154,-120.48697845350604,53.41754
MERIDIAN_6_N101,37.225299,-121.744182,54.46047
MESACAL_6_N001,34.037454,-118.109265,53.59136
MESAHGTS_6_N001,32.829628731503114,-117.157263,53.95247
MESAHGTS_6_N007,32.82954813423625,-117.15720762268285,53.95247
MESARIM_6_N001,32.90498753633711,-117.17294735480384,54.12369
MESARIM_6_N007,32.90480846357245,-117.1729473550195,54.12369
MESARIM_6_N008,32.90480846357245,-117.1731606449805,54.12369
MESARIM_6_N012,32.90498753633711,-117.17316064519616,54.12369
METCALF_1_N018,37.22435199998651,-121.74197733145253,54.41701
METTLER_6_N001,38.078067,-121.2867,54.92761
MEYERS_LNODE31,38.877195,-119.986125,52.67337
MEYERS_LNODE32,38.87719499994345,-119.98600982501117,52.67337
MEYERS_LNODE33,38.87710533707398,-119.986125,52.67337
MEYERS_LNODE34,38.87719499994345,-119.98624017498884,52.67337
MEYERS_LNODE35,38.87728466292607,-119.986125,52.67337
MI-WUK_1_N001,38.052745,-120.217268,51.46748
MIDDLTWN_6_N002,38.7527889999859,-122.60852945612646,49.68009
MIDDLTWN_6_N101,38.7527889999859,-122.60864454387354,49.68009
MILLBRAE_1_N001,37.605189,-122.391045,56.00857
MILLBRAE_1_N004,37.60518899994505,-122.39093085578821,56.00857
MILLBRAE_1_N201,37.60518899994505,-122.3911591442118,56.00857
MILLBRAE_6_N001,37.6052794289691,-122.391045,56.14437
MILLER_1_N001,37.81,-121.1,54.11283
MILPITAS_1_N001,37.415395,-121.888564,55.78043
MILPITAS_1_N003,37.41539499994551,-121.8884502251851,55.78043
MILPITAS_1_N005,37.41530463419468,-121.888564,55.78043
MILPITAS_1_N006,37.41539499994551,-121.88867777481491,55.78043
MINNIER_LNODEJFF,37.71289,-120.93858,53.78148
MIRABEL_6_N001,38.489406,-122.894261,54.86786
MIRALOMA_6_N001,34.004371186293284,-117.56506721001799,53.53161
MIRAMAR_6_N001,32.89408253805123,-117.13552936589245,54.11826
MIRAMAR_6_N004,32.89390346185827,-117.135529366108,54.11826
MIRAMAR_6_N017,32.89390346185827,-117.135742633892,54.11826
MISSION_6_N001,32.784191999954906,-117.13741946348074,53.79556
MISSION_6_N031,32.78411443272647,-117.13747273178681,54.31924
MISSION_6_N040,32.78411443272647,-117.13757926821319,53.79556
MISSION_6_N049,32.784191999954906,-117.13763253651926,53.79556
MKT_SUB_LNODEONA,34.0434902173762,-118.24599112234871,53.23829
MKT_SUB_LNODEONB,34.04330978252786,-118.24599112258036,53.23285
MKT_SUB_LNODEONC,34.04330978252786,-118.24620887741963,53.23829
MKT_SUB_LNODEOND,34.0434902173762,-118.24620887765128,53.23285
MNDCTP_6_N001,39.251247,-123.196582,50.26191
MOFTFLD_1_N002,37.41,-122.04,55.59574
MOLINO_6_N002,38.42527299998595,-122.83215753598292,55.78043
MOLINO_6_N101,38.42527299998595,-122.83227246401708,55.78043
MONOLITH_6_N029,34.92999999998754,-118.4199449189089,53.08076
MONOLITH_6_N101,34.92999999998754,-118.4200550810911,53.08076
MONROE_1_N001,38.45321800700051,-122.743668,54.64515
MONROE_1_N002,38.45313699648462,-122.74360827529611,54.67231
MONROE_1_N101,38.45313699648462,-122.74372772470389,54.67231
MONSRATE_6_N001,33.32908099998846,-117.23541536188321,55.00909
MONSRATE_6_N007,33.32908099998846,-117.23552263811678,55.00909
MONTAGUE_1_N001,37.40375521599691,-121.905675,56.09548
MONTAGUE_1_N006,37.403673891986756,-121.90561589392182,56.09548
MONTAGUE_1_N007,37.403673891986756,-121.90573410607819,56.09548
MONTCLLO_1_N008,38.48,-122.32,52.50498
MONTEREY_6_N001,36.599917,-121.890341,54.68318
MONTERO_6_N001,38.47145299998595,-123.01207452586034,55.94882
MONTERO_6_N004,38.47145299998595,-123.01218947413966,55.94882
MONTGMRY_6_N001,32.631633999988686,-117.09951777952129,53.69457
MONTGMRY_6_N002,32.631633999988686,-117.0996242204787,53.69457
MONTPELR_LNODEDR3,37.5513950204046,-120.771210942368,53.66198
MONTPELR_LNODEDR4,37.5513208784333,-120.77132554154,53.66198
MONTPELR_LNODEDR5,37.5513203022304,-120.771217224249,53.66198
MONTPELR_LNODEDR7,37.551320342333,-120.771557696814,53.66198
MONTPELR_LNODEDR8,37.5513195014288,-120.771445581179,53.66198
MOORPARK_6_N001,34.28245799998789,-118.90073231455499,53.99876
MORAGA_1_N001,37.848008,-122.160732,55.19921
MORGAN_1_N001,37.12745917114046,-121.65871690356438,53.09706
MORMON_6_N001,37.968746,-121.185898,54.857
MOROHILL_6_N001,33.252187,-117.300305,54.8407
MORROBY_1_N001,35.373004,-120.855187,54.00962
MOSSLD_1_N001,36.804150842399494,-121.78373687034716,53.55877
MOSSLND6_7_ND001,36.80399515757413,-121.78384912953872,53.69457
MOSSLND7_7_ND001,36.804150842399494,-121.78384912965284,53.69457
MPLECRK_6_N001,40.767881,-123.87365,54.75379
MREIS-Q_1_N001,38.12,-122.33,56.98088
MRGNHIL_1_N001,37.12727882875214,-121.65871690383386,55.01453
MRGNHIL_1_N004,37.12727882875214,-121.65894309616613,55.01453
MRGNHIL_1_N007,37.12745917114046,-121.65894309643562,55.01453
MRTSVAL_LNODE32,39.329538,-120.170031,54.50936
MRYSVLLE_6_N001,39.13944599998575,-121.58327227419691,52.54843
MRYSVLLE_6_N003,39.13944599998575,-121.58338772580308,52.54843
MSHR60V_6_N001,38.02150699998609,-121.28089465794243,55.29155
MSHR60V_6_N006,38.02150699998609,-121.28100934205757,55.29155
MTEDEN_1_N001,37.63264525976642,-122.10124,55.83475
MTEDEN_1_N005,37.632563870101905,-122.10118066447778,55.83475
MTEDEN_1_N009,37.632563870101905,-122.10129933552223,55.83475
MTNHOUSE_LNODE1KV,37.79428,-121.55964,53.55334
MTNPASS_1_N001,35.508179,-115.53125,52.19536
MTNQUAR_6_N001,38.914515,-121.015694,55.71524
MTVIEW_1_N001,34.07927114678052,-117.240376,55.14489
MTVIEW_1_N004,34.079189926596804,-117.24031938460595,55.14489
MTVIEW_1_N005,34.079189926596804,-117.24043261539406,54.31924
MURRAY_6_N001,32.79087756459772,-117.0229334582287,54.57342
MURRAY_6_N004,32.790698435312095,-117.02293345844329,54.57342
MURRAY_6_N005,32.790698435312095,-117.02314654155671,54.57342
MURRAY_6_N015,32.79087756459772,-117.0231465417713,54.57342
MUSLSLGH_6_N001,36.264507,-119.907357,52.86892
NARROWS1_7_N001,33.13712344927391,-116.2943780565384,53.10249
NARROWS_6_N010,33.137302550634665,-116.29459194367982,54.31924
NATNLCTY_6_N001,32.67305199998863,-117.10726576866911,53.90641
NATNLCTY_6_N005,32.67305199998863,-117.10737223133088,53.90641
NAT_LNODENE1,38.65097779957077,-121.48672359559271,53.66198
NAT_LNODENE2,38.65089999994365,-121.48666608019934,53.66198
NAT_LNODENE3,38.650822200401045,-121.48672359571763,53.66198
NAT_LNODENE4,38.650822200401045,-121.48683862650437,53.66198
NAT_LNODENE5,38.65089999994365,-121.48689614202266,53.66198
NAT_LNODENE6,38.65097779957077,-121.4868386266293,53.66198
NAVSTMTR_6_N001,32.67041199998878,-117.11463876940559,53.96073
NAVSTMTR_6_N011,32.67041199998878,-117.11474523059441,53.96073
NAVY35R_1_N001,35.29,-119.45,52.70596
NBRANCH_6_N001,38.199837,-120.719506,54.01505
NCMETER_1_N001,33.089572,-117.203236,54.05308
NCPA1GY1_7_N001,38.329999999986036,-122.63005744213352,53.98789
NCPA1GY2_7_N001,38.33999999998601,-122.64005744453604,54.01505
NCPA2GY1_7_N001,38.34999999998599,-122.65005744690819,53.99876
NCPA2GY2_7_N001,38.329999999986036,-122.68005744213352,53.96073
NDUBLIN_2_N002,37.86,-121.88,55.56858
NEWARKD_1_N001,37.50049924095103,-121.987091,55.51969
NEWARKD_1_N012,37.500417879509776,-121.98703179018516,55.51969
NEWBURG_6_N001,40.59455299998477,-124.13512748525541,54.857
NEWBURG_6_N003,40.59455299998477,-124.13524651474458,54.857
NEWELL_LNODEWELL,41.888139999984205,-121.37832971620207,51.23934
NEWHALL_1_N001,36.86718099998678,-120.32825478878492,53.6837
NEWHALL_1_N002,36.86718099998678,-120.32836721121508,53.6837
NEWMAN_6_B2,37.31543099998646,-121.01505122358405,55.49253
NEWMAN_6_N001,37.31543099998646,-121.01516477641594,55.49253
NOISLMTR_6_N004,32.70248360152014,-117.18205952001077,54.08023
NOISLMTR_6_N009,32.70230439838948,-117.1820595202246,54.08023
NORCO_1_N001,35.28535,-119.308893,53.22742
NORD1_1_N001,39.759998999985385,-121.90689363690683,52.91237
NORD1_1_N003,39.759998999985385,-121.90701036309318,52.91237
NORTECH_1_N001,37.46,-121.76,55.92709
NORTHOAK_6_N003,35.96338313356797,-119.45673850749412,54.40615
NORTHOAK_6_N004,35.96338313356797,-119.45685349250587,54.40615
NORTHOAK_6_N005,37.36329789847426,-120.76048406012305,54.40615
NOVATO_6_N001,38.10860199998601,-122.56828762317217,54.96021
NOVATO_6_N002,38.10860199998601,-122.56840237682783,54.96021
NRTHTWR_1_N001,38.066061192073654,-122.195674,56.39423
NRTHTWR_1_N002,38.06597990394814,-122.1956143891305,56.39423
NRTHTWR_1_N004,38.06597990394814,-122.19573361086951,56.39423
NR_SUB_LNODEONA,34.22909034238915,-118.54339073176756,53.26001
NR_SUB_LNODEONB,34.228909657513995,-118.54339073200198,53.26001
NR_SUB_LNODEONC,34.228909657513995,-118.54360926799801,53.26001
NR_SUB_LNODEOND,34.22909034238915,-118.54360926823244,53.26001
NUMITAP_1_N003,37.5,-122.04,55.85104
NVYSCHL_6_N001,36.59909,-121.877082,54.60713
NWKDIST_2_N001,37.47999999998637,-121.97994304564625,55.49253
NWKDIST_2_N004,37.47999999998637,-121.98005695435374,55.49253
OAKC12_7_N002,37.797435,-122.281022,55.85647
OAKDAL_LNODEMTS,37.66746999998627,-120.95814287556452,53.77605
OAKDAL_LNODENDN,37.66746999998627,-120.95825712443548,53.77605
OAKHURST_1_N001,37.32379499998641,-119.63394921398016,54.00962
OAKHURST_1_N002,37.32379499998641,-119.63406278601984,54.00962
OAKLAND_1_N001,37.79743499994459,-122.28090756034669,55.82931
OAKLAND_1_N006,37.797356686862834,-122.280964780234,55.82931
OAKLAND_1_N033,37.797356686862834,-122.28107921976599,55.82931
OCEANO_1_N001,35.10177099998753,-120.58099587832989,57.88801
OCEANO_1_N004,35.10177099998753,-120.5811061216701,57.88801
OCEANSDE_6_N001,33.19681799998853,-117.381743480479,54.60713
OCEANSDE_6_N002,33.19681799998853,-117.381850519521,54.60713
OIGLASS_1_N001,37.75,-121.31,52.64621
OILDALE_1_N001,35.42,-118.98,53.72173
OILFLDS_6_N001,35.95646873409211,-120.85121,52.05413
OILFLDS_6_N007,35.95638813294024,-120.8511525112428,52.05413
OLDRIVR_6_N001,35.208404,-119.100252,53.74889
OLDTOWN_6_N001,32.766092,-117.192529,53.80321
OLEMA_6_N001,38.042497,-122.786541,55.90536
OLETA_6_N001,38.48064499998599,-120.84462852385393,54.66688
OLETA_6_N003,38.48064499998599,-120.84474347614606,54.66688
OLINDA_6_N001,33.94616008273055,-117.922244,53.77605
OLIVHRST_1_N001,39.0918869999858,-121.54288430472884,52.75485
OLIVHRST_1_N002,39.0918869999858,-121.54299969527116,52.75485
OLY_SUB_LNODEONA,34.03409021003063,-118.45989114327803,53.26545
OLY_SUB_LNODEONB,34.03390978987338,-118.45989114350952,53.26545
OLY_SUB_LNODEONC,34.03390978987338,-118.46010885649046,53.27088
OLY_SUB_LNODEOND,34.03409021003063,-118.46010885672197,53.26545
OMAR_2_N001,35.475983864148716,-118.98698399999999,55.30242
OMWD_6_N001,33.068479,-117.141404,54.13455
ONEILPMP_7_LN001,37.098611,-121.0475,53.33606
OREGNTRL_1_N001,40.61902099998471,-122.32226045686366,52.59732
OREGNTRL_6_N001,40.61902099998471,-122.32237954313634,52.60818
OREGON_LNODENK1,37.63168999998624,-120.9742429051075,53.78148
OREGON_LNODENK2,37.63168999998624,-120.9743570948925,53.78148
ORICK_6_N001,41.294542,-124.056522,54.71034
ORLANDB_6_N001,39.725068,-122.178873,52.89608
OROLOMA_6_N001,36.886866,-120.655928,52.84719
OROSI_6_N006,36.544759,-119.251776,53.76518
OROVILLE_6_N001,39.50524442035656,-121.5593758990519,52.89064
OROVILLE_6_N005,39.50524442035656,-121.5596081009481,52.89064
OROVILLE_6_N102,39.50542357952801,-121.55960810124742,52.89064
ORV_LNODENE1,38.68455,-121.267326944444,53.68914
ORV_LNODENE2,38.68454999994364,-121.26721189591703,53.68914
ORV_LNODENE3,38.68446019318104,-121.26721189606141,53.68914
ORV_LNODENE4,38.68439669026182,-121.26729324758281,53.68914
ORV_LNODENE5,38.68438150373832,-121.26740663898543,53.68914
ORV_LNODENE6,38.6844126084275,-121.26751456633991,53.68914
ORV_LNODENE7,38.6844781061685,-121.26759327946426,53.68914
ORV_LNODENE8,38.68456298132683,-121.2676308796447,53.68914
OTAY_6_N001,32.595376662064226,-117.05752057560969,53.81407
OTAY_6_N014,32.59519733784581,-117.05752057582266,53.81407
OTTER_6_N001,36.47781599998705,-121.7270037380447,60.47361
OVES_SUB_LNODEBKB,37.43792099998635,-118.55704491120122,47.70316
OVES_SUB_LNODEBKC,36.443,-118.0438,49.86506
OVES_SUB_LNODEBKD,37.342,-118.441,47.74118
OXFORD_1_N001,36.7,-120.68,52.58646
PACFCBCH_6_N001,32.799218999988646,-117.24014772581532,54.15085
PACFCBCH_6_N004,32.799218999988646,-117.24025427418468,54.15085
PACIFICA_6_N001,37.59458399998625,-122.48892793722666,56.7799
PACIFICA_6_N003,37.59458399998625,-122.48904206277334,56.7799
PADUA_6_N001,34.120216,-117.639076,53.5642
PALMR_1_N001,34.825223,-120.298953,55.26983
PALOMAR_1_N001,33.12281772819047,-117.287925,54.05308
PALOMAR_1_N004,33.1227371358924,-117.28786944194597,54.05308
PALOMAR_1_N013,33.1227371358924,-117.28798055805403,54.05308
PANAMA_6_N001,35.29556801570901,-119.021525,54.47677
PANAMA_LNODECOUERCRK1,35.29548699213203,-119.02146768568419,54.31924
PANAMA_LNODECOUERCRK2,35.29548699213203,-119.02158231431581,54.31924
PANRAMA_1_N001,40.434409,-122.2679,52.40177
PARADISE_1_N001,39.7615578392488,-121.618634,52.83089
PARADISE_LNODEDISE,39.76147708035982,-121.61857334522642,51.23391
PARADISX_6_N001,39.76147708035982,-121.61869465477358,53.8358
PARADS_LNODEFEG,37.69056,-121.02061,53.77062
PARADS_LNODEKHB,37.690559999944874,-121.02049571450051,53.77062
PARKWAY_2_N001,38.17,-122.25,54.27035
PAR_LNODEAPM,37.668079999986205,-120.9174128750731,53.77062
PAR_LNODEFVM,37.668079999986205,-120.9175271249269,53.77062
PAULSWT_1_N001,36.99234705413821,-121.98202825128297,55.95968
PAULSWT_1_N004,36.9921669457552,-121.98202825154998,55.95968
PAULSWT_1_N101,36.99234705413821,-121.98225374871703,55.95968
PEABODY_2_N002,38.28558699998594,-121.97025256896055,53.67284
PEABODY_2_N006,38.28558699998594,-121.97036743103946,53.67284
PEACHTON_6_N001,39.3784769999856,-121.68494608007006,52.64077
PEACHTON_6_N004,39.3784769999856,-121.68506191992994,52.64077
PEARBMAP_7_B1,34.508883999950896,-117.91829825412502,53.49359
PEARBMAP_7_B3,34.50879356514072,-117.9182982542441,53.49359
PEARBMAP_7_B4,34.50872961811796,-117.91837585623696,53.49359
PEARBMBP_7_B1,34.50871432539329,-117.91848402139897,53.49359
PEARBMBP_7_B3,34.50874564762435,-117.91858697434263,53.49359
PEARBMBP_7_B4,34.5088116034329,-117.91866205952238,53.49359
PEARBMCP_7_B1,34.50889707216307,-117.91869792664747,53.49902
PEARBMCP_7_B3,34.50898737191128,-117.91869193094361,53.49902
PEARBMDP_7_B1,34.50907009278566,-117.91864757930026,53.49359
PEASE_1_N001,39.17010299998576,-121.66113925312504,51.94549
PEASE_1_N009,39.17010299998576,-121.66125474687495,51.94549
PENDLETN_6_N001,33.30925299998849,-117.3349783807102,54.77552
PENDLETN_6_N004,33.30925299998849,-117.3350856192898,54.77552
PENNGRVE_1_N001,38.315547,-122.681119,54.93848
PENRYN_6_N001,38.8444299999859,-121.16613942513398,55.84561
PENRYN_6_N004,38.8444299999859,-121.16625457486602,55.84561
PERMNNTE_6_N002,34.355793,-116.855947,54.91675
PERRY_6_N008,35.570805,-121.055868,55.03082
PETLMAA_6_N001,38.234002,-122.636285,54.6017
PETLMAC_6_N002,38.2390641182539,-122.636804,55.45994
PETLMAC_6_N003,38.23898294085798,-122.63674432895719,55.45994
PETLMAC_6_N004,38.23898294085798,-122.6368636710428,55.45994
PGG_LNODESS1,38.531716666610464,-121.39934830807131,54.31924
PGG_LNODESS2,38.531794557439916,-121.39929082076439,54.31924
PHILLIPS_1_N001,37.34,-122.03,55.47624
PHILO_6_N001,39.063719,-123.437524,51.36143
PICO_1_N001,33.45676299998844,-117.58919323286267,54.23233
PICO_1_N004,33.45676299998844,-117.58930076713733,54.23233
PIERCY_1_N201,37.28,-121.83,55.04169
PIKECTY_6_N001,39.438734,-120.997847,53.35779
PIONEER_LNODEBUS,37.39756017328021,-120.7270641608972,53.64568
PIONEER_LNODEDR1,37.39756017322573,-120.72695042442128,53.65654
PIONEER_LNODEDR2,37.3974698163648,-120.7269504245584,53.65654
PIONEER_LNODEDR3,37.3974059244655,-120.72703084832322,53.65654
PIONEER_LNODEDR4,37.39739064492007,-120.72714294658331,53.65654
PIONEER_LNODEDR5,37.39742194014138,-120.72724964310564,53.66198
PIONEER_LNODEDR6,37.397487839085414,-120.72732745855615,53.66198
PIONEER_LNODEDR7,37.39757323413797,-120.72736462991926,53.65654
PIONEER_LNODEDR8,37.397663456054794,-120.72735841623376,53.65654
PIONEER_LNODEDR9,37.39774610563929,-120.72731245188831,53.65654
PIONEER_LNODER15,37.397811856418734,-120.72723443776906,53.66198
PIT1_6_N001,38.030670659249246,-121.86908630802888,51.66846
PIT3_7_N001,38.030606778782065,-121.8691674075287,51.43489
PIT5_7_B1,38.030591501969816,-121.86928044765509,51.6413
PITSBURG_1_N001,38.03101263810665,-121.86937270758541,54.31924
PITTSBRG_6_N101,38.031055408073875,-121.8692716827705,54.02048
PLACERVL_1_N001,38.73027886166341,-120.788047,55.05798
PLACER_1_N001,38.901310999985846,-121.08802340262966,55.50883
PLACER_7_N009,38.901310999985846,-121.08813859737035,55.65549
PLAINFLD_6_N001,38.61887,-121.793976,58.4475
PLANETRN_LNODEANET,34.16127269818337,-114.38177086876138,51.6413
PLOALTO_1_N001,33.356029648193925,-117.1119886715524,56.31276
PLOALTO_1_N007,33.35585035171371,-117.11198867177347,56.31276
PLOALTO_1_N013,33.35585035171371,-117.11220332822651,56.31276
PLUMAS_6_N001,39.026121,-121.54308,53.12965
PNEDLE_1_N001,36.829999999986725,-119.82994383698444,52.54843
PNEDLE_1_N002,36.829999999986725,-119.83005616301556,52.58102
PNEGRVE_6_N001,38.41271199998601,-120.6602245387678,53.98246
PNEGRVE_6_N002,38.41271199998601,-120.6603394612322,53.98246
PNTARNA_6_N001,38.912571,-123.679495,52.39941
POC_LNODENE2,38.490383333333334,-121.470263055556,53.90641
POC_LNODENE3,38.49038333327713,-121.4701480990094,53.90641
POC_LNODENE4,38.490293355392375,-121.470263055556,53.90641
POC_LNODENE7,38.49038333327713,-121.47037801210259,54.31924
POC_LNODENE8,38.49047331127424,-121.470263055556,54.31924
POINTLMA_6_N013,32.74137841625509,-117.23325749479669,54.05308
POINTLMA_6_N014,32.74137841625509,-117.2334705052033,54.05308
POLPASPP_6_N002,38.57552299994369,-121.49770299452835,53.39038
POMERADO_6_N001,32.941482719314884,-117.032882,53.11878
POMERADO_6_N004,32.9414021403303,-117.03282656531631,53.11878
POMERADO_6_N008,32.9414021403303,-117.03293743468369,53.11878
PORTOLA_LNODE31,39.803943999985336,-120.46453157749829,54.75923
PORTOLA_LNODE32,39.803943999985336,-120.46464842250171,54.75923
POSOMT_1_N001,35.559194,-118.957501,53.86839
POST_1_N001,39.11,-121.64,54.65602
POTRERO_1_N001,37.46005423161257,-122.4,56.01943
POTRERO_1_N013,37.45997288417899,-122.39994083241324,56.01943
POTRERO_1_N016,37.45997288417899,-122.40005916758676,56.01943
POUST_LNODEIGQ,37.69046956305469,-121.02049571463989,53.77605
POUST_LNODELD2,37.6904056145667,-121.02057652662188,53.77605
POWAY_6_N001,32.978722999988655,-117.03130363648788,53.4447
POWAY_6_N010,32.978722999988655,-117.03141036351212,53.4447
PP1_LNODEOAD,34.59026131985074,-118.4546210726575,53.1731
PP1_PP2_LNODELMW,34.59026131985074,-118.4547309273425,53.1731
PP2_LNODEAUX,34.53433699995089,-118.52522278142764,53.1731
PP2_LNODEOAD,34.534427436468654,-118.525113,53.17854
PPSTLTAP_1_N001,38.01999999998606,-122.36994265860079,55.82388
PPSTLTAP_1_N104,38.01999999998606,-122.3700573413992,55.82388
PRAXAIR_1_B1,37.99999999998611,-121.80994266753221,54.88416
PRCTRVLY_1_N001,32.665044,-116.986801,53.0536
PRSCOT_LNODEAEJ,37.6903903214879,-121.02068916599474,53.77605
PRSCOT_LNODETKD,37.69042164442615,-121.02079637755577,53.77605
PRUNEDLE_1_N001,36.785518920972784,-121.671051,54.12369
PRUNEDLE_1_N002,36.785438039499425,-121.67099269323379,54.12369
PSARBLS_6_N001,35.61564884893555,-120.67989,54.2106
PSARBLS_6_N005,35.61556807551859,-120.67983263488163,54.2106
PSARBLS_6_N007,35.61556807551859,-120.67994736511837,54.2106
PTMRTTI_6_N001,37.030856,-122.187639,55.66092
PTR_PP_LNODEROM,35.24801901925079,-118.1756473615291,52.59189
PUEBLOPG_1_N001,38.345348999986,-122.29956355419145,55.25896
PUEBLOPG_1_N010,38.345348999986,-122.29967844580855,55.25896
PURISIMA_1_N001,34.700622,-120.435261,55.87277
QUEBEC_1_N001,36.07,-119.56,53.64568
RADUM_6_N001,37.67264599998626,-121.85946487140774,55.03625
RADUM_6_N004,37.67264599998626,-121.85957912859226,55.03625
RAINBOW_1_N001,36.709983,-119.538157,53.24372
RANCHRS_1_N001,36.700797999986875,-119.75437400116115,53.48815
RANDSBRG_1_N001,35.375699,-117.655868,61.49731
RAWSON_6_N001,40.145295999985066,-122.21242808907787,53.89012
RAWSON_6_N002,40.145295999985066,-122.21254591092213,53.89012
RCARMEL_6_N001,32.99378371822819,-117.077745,53.74889
RCARMEL_6_N004,32.9937031408736,-117.07768953360795,53.74889
RCARMEL_6_N011,32.9937031408736,-117.07780046639205,53.74889
RECTOR_6_N001,36.29851,-119.242336,56.75817
REDBLFF_6_N001,40.1825869024183,-122.244610070096,53.79234
REDBLFF_6_N004,40.1825869024183,-122.24484592990399,53.79234
REDBLFF_6_N005,40.18276709746204,-122.24484593021722,53.79234
REDBUD_1_N001,39.02788699998577,-122.66224734180834,48.23169
REDBUD_1_N004,39.02788699998577,-122.66236265819167,48.23169
REDWOOD_6_N001,37.490252,-122.213021,56.57892
REDWOOD_6_N002,37.49025199994532,-122.2129070707913,56.57892
REDWOOD_6_N005,37.49016160208324,-122.213021,56.57892
REDWOOD_6_N006,37.49025199994532,-122.21313492920869,56.57892
REDWOOD_6_N007,37.49034239791678,-122.213021,56.57892
REEDLEY_1_N001,36.605116999986976,-119.3758071174397,53.39581
REEDLEY_6_N001,36.605116999986976,-119.3759188825603,53.4447
REINWY_LNODEGME,37.63942160426353,-120.92024637744797,53.77605
REINWY_LNODEQAC,37.6395070719657,-120.92028370125492,53.77605
RENFRO_1_N001,35.409999999987434,-119.16994483454441,53.25458
RENFRO_1_N010,35.409999999987434,-119.1700551654556,53.3089
RESERVR_LNODEFFW,37.651919999986276,-120.67483288823061,53.77605
RESERVR_LNODEPMW,37.651919999986276,-120.67494711176938,53.77605
RICE_6_N002,39.402805999985674,-122.01287205646442,54.93848
RICE_6_N101,39.402805999985674,-122.01298794353558,54.93848
RICHMOND_1_B1,37.92597623462323,-122.369629,56.01943
RICHMOND_1_N001,37.92589488267337,-122.36956945615904,56.0303
RINCON_1_N001,33.285967608914305,-116.9585228047856,53.12965
RINCON_1_N003,33.28578839099371,-116.95852280500573,53.12965
RINCON_6_N001,33.28578839099371,-116.95873719499427,54.23776
RINCON_6_N008,33.285967608914305,-116.9587371952144,54.23776
RIN_SUB_LNODEONA,34.28105422156671,-118.479,53.27088
RIN_SUB_LNODEONB,34.28097288920359,-118.47894317065887,53.27088
RIN_SUB_LNODEONC,34.28097288920359,-118.47905682934115,53.27088
RIOBRVO_1_N001,35.44252289360183,-119.26010566010629,53.28174
RIOBRVO_1_N006,35.44234310629778,-119.26010566035274,53.28174
RIOBRVTM_1_N001,35.44252289360183,-119.26032633989371,53.05903
RIODELL_6_N001,40.495382,-124.099276,55.74784
RIOHONDO_6_N001,34.10610615849042,-117.97947,53.55334
RIOHONDO_LNODEONDO,34.1060249207417,-117.97952664559254,51.23391
RIPON_1_N001,37.72,-121.13,53.99332
RIVERROC_6_N001,36.902618,-119.771768,54.31924
RIVRBANK_1_N001,37.76895425952452,-120.908163,53.72716
RIVRSIDE_6_N001,34.021990939807104,-117.33196554960466,53.47729
ROADWAY_1_N001,34.590373,-117.431752,54.31924
ROBROY_1_N001,36.979885,-121.867457,55.48167
ROCKET_1_N001,34.933939,-117.692217,57.13133
ROCKLIN_6_N001,38.788043999985874,-121.23171544490323,54.28122
ROCKLIN_6_N003,38.788043999985874,-121.23183055509676,54.28122
ROEDING_LNODEDR1,37.587341764588,-120.935901626126,53.64025
ROEDING_LNODEDR2,37.5872777703549,-120.935976143427,53.63482
ROEDING_LNODEDR3,37.5871231822836,-120.935612409,53.63482
ROEDING_LNODEDR5,37.5870085148256,-120.935981028585,53.64025
ROEDING_LNODEDR6,37.5871259671814,-120.935792411292,53.64025
ROEDING_LNODEDR7,37.5871257817397,-120.935692486018,53.63482
ROGERS_LNODEDR1,37.4749114287345,-121.178218328626,53.72716
ROGERS_LNODEDR2,37.4751811958932,-121.178206809282,53.72173
ROGERS_LNODEDR3,37.4750639771164,-121.17821700138,53.72173
ROGERS_LNODEDR5,37.4748414013345,-121.178225065561,53.72716
ROGERS_LNODEDR7,37.4749721097043,-121.178220428168,53.72716
ROGH-RDY_6_N001,37.95526599998612,-121.33253531114549,53.81407
ROSECYN_6_N001,32.84459772910598,-117.236988,54.25187
ROSECYN_6_N017,32.84451713543481,-117.23693261581597,54.25187
ROSEDAL_1_N001,35.37703397144563,-119.077971,53.23829
ROSELE_LNODEHMV,37.68013999998623,-120.94014286544196,53.78148
ROSELE_LNODERLV,37.68013999998623,-120.94025713455804,53.78148
ROSEMR_LNODEAEI,37.64253,-121.0423,53.77062
ROSE_6_N001,32.84451713543481,-117.23704338418403,53.5805
ROSSMOOR_2_N001,37.86470199998613,-122.08030973806707,54.88416
ROSSMOOR_2_N101,37.86470199998613,-122.08042426193292,54.88416
RSC_LNODE8LD,38.761389,-121.264722,53.65111
RSM_SUB_LNODEONB,34.244054210355124,-118.392,53.24915
RSM_SUB_LNODEONC,34.24397289480934,-118.39194320739797,53.24915
RSM_SUB_LNODEOND,34.24397289480934,-118.39205679260202,53.24915
RSNTAFE_6_N009,33.014261,-117.198557,54.39529
RSVTNRD_6_N001,36.624374,-121.68835,57.06779
RTRACK_1_N001,37.979737,-120.414515,52.49954
RUSSRCH_6_N001,40.819848,-123.826638,55.6229
RVRBANK_1_N001,37.76887287022286,-120.90810355553742,53.62938
RVRBANK_1_N005,37.76887287022286,-120.90822244446258,53.62938
SAFEWAY_1_N001,37.71,-121.4,52.68966
SALINAS_1_N001,36.683239999986945,-121.65120502290527,54.49306
SALINAS_1_N024,36.683239999986945,-121.65131697709472,54.49306
SANARDO_6_N001,36.073766,-120.936804,52.57559
SANCRLS_6_N001,37.49972924078839,-122.243974,56.58978
SANCRLS_6_N002,37.499647879591045,-122.24391479097326,56.58978
SANCRLS_6_N004,37.499647879591045,-122.24403320902674,56.58978
SANDCRK_6_N001,36.64502999998689,-119.15920293037858,53.74889
SANGER_1_N001,36.70707499998684,-119.6108700066517,53.27631
SANJOQN_6_N001,36.62101099998692,-120.17805409852517,52.88521
SANJOQN_6_N006,36.62101099998692,-120.17816590147483,52.88521
SANLUSRY_6_N013,36.77962699998679,-120.72995490173179,54.0748
SANLUSRY_6_N014,36.77962699998679,-120.73006709826822,54.0748
SANLUSRY_6_N101,33.211532999988535,-117.33442746812834,54.0748
SANLUSRY_6_N201,33.211532999988535,-117.33453453187165,54.0748
SANMATEO_1_N001,37.58333525489619,-122.319035,54.28122
SANMATEO_1_N001A,37.58325387253711,-122.31897570912398,55.70981
SANMATEO_1_N009,33.409472,-117.590641,54.28122
SANMATO_6_N001,37.58325387253711,-122.31909429087602,55.73697
SANMIGL_6_N001,35.75192,-120.684163,54.60713
SANMRCOS_6_N001,33.12885155124498,-117.19722253462301,54.38985
SANMRCOS_6_N007,33.12877399995433,-117.19716906934049,54.38985
SANMRCOS_6_N011,33.12869644873215,-117.19722253471747,54.38985
SANPBLO_1_N001,37.984803,-122.336618,55.87277
SANRAFL_1_N001,37.970858222937125,-122.527065,55.2481
SANRAFL_1_N006,37.97077688851645,-122.52700543261207,55.2481
SANRAFL_1_N007,37.97077688851645,-122.52712456738792,55.2481
SANRAMON_2_N001,37.745125434987564,-121.93600563263105,55.096
SANRAMON_2_N004,37.74494456490202,-121.93600563291054,55.096
SANRAMON_2_N023,37.74494456490202,-121.93623436708945,55.096
SANRAMON_2_N024,37.745125434987564,-121.93623436736895,55.096
SANTAFE_LNODEPLNT,38.77997308074166,-122.67005981025191,51.23391
SANTARO_1_N001,33.78461699446498,-116.41025972078828,52.82546
SANTARO_1_N014,33.78443700544048,-116.41025972101585,52.82546
SANTARO_1_N017,33.78443700544048,-116.41047627898415,52.82546
SANTARO_1_N021,33.78461699446498,-116.41047627921172,52.82546
SANTEE_1_N001,32.85452999998873,-116.96829070198787,53.55167
SANTEE_1_N004,32.85452999998873,-116.96839729801214,53.55167
SANYSDRO_6_N001,32.562237999988916,-117.02641779453799,54.05308
SANYSDRO_6_N004,32.562237999988916,-117.02652420546201,54.05308
SARATOGA_2_N001,37.28099617234283,-122.014883,54.75379
SARATOGA_2_N006,37.28091491381397,-122.0148240379766,54.75379
SARATOGA_2_N011,37.28091491381397,-122.0149419620234,54.75379
SAUGUS_6_N001,34.4222099999511,-118.5721663854507,53.77062
SAUSALTO_6_N001,37.86340599998612,-122.49836873883264,57.31223
SAUSALTO_6_N002,37.86340599998612,-122.49848326116737,57.31223
SCA_GS_LNODE1AUX,33.91807886040714,-118.42789938920775,53.26001
SCA_GS_LNODE2AUX,33.91816402577284,-118.42793487934084,53.26001
SCA_GS_LNODE4AUX,33.91825400500674,-118.42792894664778,53.26545
SCA_GS_LNODE5AUX,33.91833643226557,-118.42788506116258,53.26545
SCA_GS_LNODE6AUX,33.91840200617013,-118.42781057548723,53.26545
SCA_GS_LNODE7AUX,33.91844466871178,-118.42771492357166,53.26545
SCA_LA_LNODE3SS,33.91846141326686,-118.42760822199088,53.26545
SCA_SUB_LNODEONA,33.918451884282646,-118.42750023805854,53.26001
SCA_SUB_LNODEONB,33.91841787609632,-118.42739967533626,53.26001
SCHINDLR_1_N005,36.402237,-120.138272,52.82003
SCHMLBCH_1_N001,38.3,-121.87,54.30838
SCLARA_6_N001,34.3007956214976,-119.18563240503143,54.56368
SCRIPPS_6_N001,32.91119872129761,-117.112589,53.96616
SCRIPPS_6_N008,32.91111813933897,-117.11253358224198,53.96616
SCRIPPS_6_N013,32.91111813933897,-117.112644417758,53.96616
SCWAX_1_N001,36.700797999986875,-119.75448599883885,53.48815
SCY_LNODE102,38.508556628165735,-121.46418309094265,53.75432
SCY_LNODE103,38.50837670505527,-121.4641830912299,53.75432
SCY_LNODE105,38.50837670505527,-121.4644130198821,53.75432
SCY_LNODE106,38.508556628165735,-121.46441302016935,53.75432
SEARLES_7_N001,35.75666699998737,-117.38050076336167,65.08725
SEMITRPC_1_N001,35.600398,-119.437498,53.20026
SERRMNTE_1_N011,37.69171986891291,-122.4557633854276,56.29103
SFIA-MA_1_N001,37.63904926020716,-122.385896,56.16066
SFIA_1_N001,37.63896786988162,-122.38583665888167,56.02486
SFIA_1_N007,37.63896786988162,-122.38595534111833,56.02486
SHADOWR_1_N001,33.141540731105856,-117.238793,54.06937
SHADOWR_1_N006,33.141460134434745,-117.23873742707973,54.06937
SHADOWR_1_N008,33.141460134434745,-117.23884857292028,54.06937
SHADYGLN_6_N001,39.115058,-120.95331,55.51426
SHAFTER_7_N022,39.77608299994151,-122.10394676937125,53.23285
SHARON_1_N001,37.097275,-120.156454,54.03678
SHAWROAD_1_N001,37.55,-122.42,55.86734
SHLLCHM_6_N001,38.031607,-121.945728,54.06937
SHNGLESR_1_N001,38.65969989665331,-120.946938,54.91132
SHNGLESR_1_N004,38.659619051658225,-120.94687822587784,54.91132
SHNGLESR_1_N103,38.659619051658225,-120.94699777412217,54.91132
SHREDDER_1_N001,37.511676999986356,-122.20767698568532,56.1498
SIERABRK_LNODE19,39.646142,-120.217943,54.72663
SILVERDO_1_N001,38.49950299998593,-122.45908751973128,52.49954
SILVERDO_1_N002,38.49950299998593,-122.45920248026871,52.49954
SISK_LNODEKZH,37.69048760173528,-121.02087456863451,53.79234
SISK_LNODEYUP,37.69057307242136,-121.0209119194331,53.79234
SISQUOC_1_N001,34.87826099998756,-120.33120693531723,55.12316
SISQUOC_1_N020,34.87826099998756,-120.33131706468278,55.12316
SLMNCRK_6_N001,38.343592,-123.044809,55.81302
SMRTVLTP_6_N101,39.207939,-121.301476,53.15138
SMTRPCWS_1_N001,35.59,-119.44,53.20569
SNANDRES_6_N001,37.603294,-122.420424,56.30189
SNBRNRD_6_N001,35.092421,-118.878241,53.40668
SNJOSEB_1_N001,37.34102432531631,-121.9009493888098,55.92709
SNJOSEB_1_N005,37.34084367457506,-121.9009493890831,55.92709
SNJOSEB_1_N009,37.34084367457506,-121.9011766109169,55.92709
SNJOSEB_1_N013,37.34102432531631,-121.9011766111902,55.92709
SNJSEA_1_N001,37.328246190599145,-121.902531,54.31924
SNJSEA_1_N005,37.32816490468582,-121.90247198103432,55.90536
SNJSEA_1_N101,37.32816490468582,-121.90259001896567,55.90536
SNLNDRO_1_N001,37.711237436769906,-122.14880668270004,56.61694
SNLNDRO_1_N014,37.71105656311971,-122.14880668297907,56.61694
SNLNDRO_1_N017,37.71105656311971,-122.14903531702092,56.61694
SNLNDRO_1_N027,37.711237436769906,-122.14903531729996,56.61694
SNROSA_LNODEMEA,37.5099999999863,-121.22994301594794,53.78148
SNROSA_LNODEYWX,37.5099999999863,-121.23005698405206,53.78148
SNTAMRA_1_N001,33.12877399995433,-117.19738293065951,55.13946
SNTAMRA_1_N005,33.12885155124498,-117.19732946537698,55.13946
SNTANLA_6_N001,37.085979,-121.013273,53.47186
SNTARSA_1_N001,38.43691201584367,-122.71331,54.83527
SNTARSA_1_N002,38.43683099206306,-122.71325027901105,54.83527
SNTARSA_1_N006,38.43683099206306,-122.71336972098895,54.83527
SNTARTA_6_N001,37.055061,-120.634086,53.29804
SNTAYNZ_1_N001,34.625273999987726,-120.11813905143147,55.73154
SNTAYNZ_1_N002,34.625273999987726,-120.11824894856854,55.73154
SNTHLNE_6_N001,37.6223639999863,-122.44717791303894,56.55719
SNTHLNE_6_N002,37.6223639999863,-122.44729208696106,54.31924
SOBRANTE_1_N001,37.90594,-122.208144,55.42192
SOLEDAD_6_N001,36.429513,-121.331901,54.81898
SONOFRE_2_N067,33.3697279999884,-117.55438367777961,54.05308
SOUTHBAS_1_N001,34.881503,-117.892023,57.81575
SOUTHBY_6_N001,38.575612901218726,-121.497588,53.86296
SOUTH_LNODE108,40.39538221,-121.8791458,51.26107
SOUTH_LNODE204,40.39538220993951,-121.87902727370097,51.2665
SOUTH_LNODEC542,40.39529194143137,-121.87902727385986,51.2665
SOUTH_LNODEC544,40.39522811201244,-121.87911108453021,51.2665
SOUTH_LNODEC546,40.39521284740522,-121.87922790359386,51.2665
SOUTH_LNODEC547,40.39524411201219,-121.8793390934442,51.2665
SOUTH_LNODEC548,40.39530994650243,-121.87942018597366,51.2665
SOUTH_LNODEC549,40.395395258043976,-121.87945892278287,51.2665
SOUTH_LNODEC550,40.3954853917418,-121.8794524474595,51.2665
SOUTH_LNODEC552,40.39556796052161,-121.87940454742642,51.2665
SPANSHCK_6_N001,40.026139,-120.961748,54.31924
SPENCE_6_N001,36.613591,-121.566779,55.06341
SPICAMIN_1_N001,38.73992576174639,-120.67723108004192,55.14489
SPRINGVL_6_N001,36.10586253074472,-118.93516918490357,56.10091
SPRNGVLY_6_N001,32.73903399998875,-117.00264674817954,54.08567
SPRNGVLY_6_N010,32.73903399998875,-117.00275325182045,54.08567
SQAWVLY_LNODE01,39.20568653401713,-120.20123845453338,54.54195
SQAWVLY_LNODE81,39.20550746586879,-120.20123845482796,54.54195
SQAWVLY_LNODE82,39.20550746586879,-120.20146954517205,54.54195
SQAWVLY_LNODE83,39.20568653401713,-120.20146954546662,54.54195
STAFFORD_6_N002,38.12003299998604,-122.61362861905879,55.01996
STAFFORD_6_N101,38.12003299998604,-122.6137433809412,55.01996
STAGG_2_N001,37.99164936143144,-121.34848834268168,54.3464
STAGG_2_N014,37.99146863845723,-121.34848834296415,54.3464
STAGG_6_N001,37.99146863845723,-121.34871765703586,54.37899
STAGG_6_N003,37.99164936143144,-121.34871765731833,54.37899
STAMPEDE_LNODE19,39.46748199998557,-120.10518300964912,54.70491
STATELN_LNODE01,38.95238461856907,-119.94181675988908,52.67337
STATELN_LNODE22,38.952205381317675,-119.94181676018052,52.67337
STATELN_LNODE23,38.952205381317675,-119.94204723981947,52.67337
STATELN_LNODELY,38.95238461856907,-119.94204724011091,52.67337
STATIN-L_7_N001,37.81024899998616,-122.271385771776,55.81845
STATIND_1_N001,37.837585251800924,-122.263503,55.73154
STATIND_1_N010,37.83750387408463,-122.26344350874284,55.73154
STATIND_1_N013,37.83750387408463,-122.26356249125715,55.73154
STATINJ_1_N001,37.76334825993251,-122.214444,57.33396
STATINJ_1_N012,37.763266870018874,-122.21438455959633,57.33396
STATINJ_1_N027,37.763266870018874,-122.21450344040367,57.33396
STATINL_1_N001,37.81024899998616,-122.271500228224,55.81302
STATINX_1_N001,37.80554442667025,-122.23091354965457,55.76413
STATINX_1_N012,37.805363573219,-122.23091354993484,55.76413
STATINX_1_N014,37.805363573219,-122.23114245006515,55.76413
STATINX_1_N024,37.80554442667025,-122.23114245034543,55.76413
STB_LNODE201,38.57233333333333,-121.483291944444,53.72716
STB_LNODE202,38.57233333327705,-121.48317695138249,53.72716
STB_LNODE203,38.57224342921349,-121.48317695152639,53.72716
STB_LNODE204,38.57217985749196,-121.48325826382802,53.72716
STB_LNODE205,38.572164654514715,-121.48337160056485,53.72716
STB_LNODE206,38.57219579290459,-121.48347947588752,53.72716
STB_LNODE207,38.5722613616095,-121.48355815106362,53.72716
STB_LNODE208,38.57234632872595,-121.48359573311588,53.72716
STB_LNODE209,38.57243609852223,-121.48358945079376,53.72716
STB_LNODE210,38.57251833393617,-121.48354297863219,53.72716
STB_LNODE211,38.572583755229644,-121.4834641025941,53.72716
STB_LNODE212,38.57262631848412,-121.48336281268834,53.72716
STCKTNAR_6_N001,37.963279,-121.323476,53.89555
STCRUZ_LNODECXA,37.627559999986325,-120.97504290860819,53.82493
STCRUZ_LNODEWLS,37.627559999986325,-120.97515709139182,53.82493
STDDRD_LNODECEA,37.704079999986206,-121.06864284680097,53.79234
STDDRD_LNODEWZO,37.704079999986206,-121.06875715319903,53.79234
STDOIL_1_N009,37.94,-122.38,55.88907
STD_LNODENE1,38.57225,-121.500568888889,53.73259
STD_LNODENE2,38.572249999943736,-121.50045389586575,53.73259
STD_LNODENE4,38.57217214071853,-121.50051139243968,53.73259
STD_LNODENE5,38.57217214071853,-121.50062638533832,53.73259
STD_LNODENE6,38.572249999943736,-121.50068388191225,53.73259
STD_LNODENE7,38.57232785925329,-121.50062638546294,53.73259
STD_LNODENE8,38.57232785925329,-121.50051139231506,53.73259
STELLING_1_N001,37.3360521934471,-122.042805,55.06341
STELLING_1_N004,37.33597090326187,-122.04274597179945,55.06341
STELLING_1_N007,37.33597090326187,-122.04286402820055,55.06341
STE_SM_LNODE301,38.58631666666667,-121.472838888889,53.72716
STE_SM_LNODE302,38.586316666610415,-121.47272388936047,53.72716
STE_SM_LNODE303,38.58622677499287,-121.47272388950444,53.72716
STE_SM_LNODE304,38.58616321207191,-121.47280520637891,53.72716
STE_SM_LNODE305,38.58614801119931,-121.4729185494895,53.72716
STE_SM_LNODE306,38.58617914527848,-121.47302643087885,53.72716
STE_SM_LNODE307,38.58624470490619,-121.47310511047952,53.72716
STE_SM_LNODE308,38.586329660260105,-121.47314269464546,53.72716
STE_SM_LNODE309,38.58641941762905,-121.47313641197016,53.72716
STF_LNODEDAX,37.69055999998624,-121.02097285725026,53.79777
STF_LNODEIPN,37.69055999998624,-121.02108714274974,53.79777
STJ_SUB_LNODEONB,34.067054141297895,-118.226,53.23829
STJ_SUB_LNODEONC,34.06697292933807,-118.22594339850212,53.23829
STJ_SUB_LNODEOND,34.06697292933807,-118.22605660149787,53.23829
STKTONA_1_N001,37.94722338217881,-121.28911838573319,54.19431
STKTONA_1_N003,37.947042617710025,-121.28911838601516,54.19431
STKTONA_6_N001,37.947042617710025,-121.28934761398483,54.10196
STKTONA_6_N004,37.94722338217881,-121.2893476142668,54.10196
STLLWATR_6_N001,40.677845,-122.34971,52.65707
STOCKDLE_1_N001,35.316584007161445,-119.06818269302951,53.35779
STOCKDL_2_N001,35.31640399273835,-119.06818269327503,53.22199
STOCKDL_2_N002,35.31640399273835,-119.06840330672496,53.22199
STOCKDL_2_N101,35.316584007161445,-119.0684033069705,53.22199
STOCKM_LNODEVZF,37.62761110994497,-120.9752808828705,53.79234
STOCKM_LNODEXFA,37.62770154232185,-120.9751667,53.79234
STONCRRL_6_N001,36.472251999987044,-119.18811326795893,53.92814
STONCRRL_6_N003,36.472251999987044,-119.18822473204106,53.92814
STONE_1_N001,37.303708999986505,-121.86757223713448,55.59031
STONE_1_N005,37.303708999986505,-121.8676857628655,55.59031
STONYPT_1_N001,38.42,-122.78,55.00366
STOREY1_2_N001,36.98288702744317,-120.033746,52.47239
STOREY2_2_N001,36.98280598626407,-120.03380457310557,52.49411
STREAMVW_6_N001,32.745604999988714,-117.07864474591278,54.12912
STREAMVW_6_N007,32.745604999988714,-117.07875125408721,54.12912
STROUD_6_N001,36.530868,-120.104386,53.08076
STUART_6_N001,33.256701,-117.416547,54.51479
STURLOCK_LNODEDR3,37.4835881458663,-120.846727672541,53.67827
STURLOCK_LNODEDR4,37.4835360336794,-120.846797393384,53.67827
STURLOCK_LNODEDR7,37.4834830942642,-120.846867453726,53.67827
STURLOCK_LNODER13,37.483522165007,-120.846657059231,53.67827
SUISUN_1_N001,38.24526219208727,-122.04122215940386,54.34097
SUISUN_1_N008,38.24508180780079,-122.04122215968883,54.34097
SUISUN_1_N009,38.24508180780079,-122.04145184031117,54.34097
SUMMIT_6_N001,39.319203,-120.378897,55.17748
SUNOL_6_N001,37.586891,-121.869379,55.60661
SURF_1_N009,34.61,-120.22,55.54685
SWEETWTR_6_N017,32.65811799998879,-117.0916867727539,53.8195
SWEETWTR_6_N018,32.65811799998879,-117.0917932272461,53.8195
SWIFT_1_N001,37.3225281884819,-121.796729,55.41106
SWIFT_1_N003,37.322446905744414,-121.79666998783091,55.41106
SWIFT_1_N006,37.322446905744414,-121.79678801216909,55.41106
SYCAMORE_1_N101,39.76991684305054,-121.824218,52.90694
SYCAMORE_1_N201,39.76983607845885,-121.82415733357864,52.90694
SYCAMORE_1_N301,39.76983607845885,-121.82427866642136,52.91237
SYLVANCM_LNODECPR,37.688469999986225,-120.97663285888366,53.78691
SYLVANCM_LNODEHGR,37.688469999986225,-120.97674714111633,53.78691
TAFT1_1_N001,35.14999999998751,-119.47994486994581,53.11878
TAFT1_1_N004,35.14999999998751,-119.48005513005418,53.11878
TAHDONR_LNODE07,39.337309,-120.221277,54.81898
TAHOCTY_LNODE01,39.165971540038264,-120.14445351203682,54.57454
TAHOCTY_LNODE71,39.16579245984778,-120.14445351233086,54.57454
TAHOCTY_LNODE72,39.16579245984778,-120.14468448766914,54.57454
TAHOCTY_LNODE73,39.165971540038264,-120.14468448796318,54.57454
TAMARACK_6_N001,39.313743,-120.496804,55.13403
TAMARISK_1_N001,33.817316,-116.454898,52.6788
TAP710_1_N004,32.595376662064226,-117.0577334243903,94.48908
TAP801_1_N001,34.109614,-116.411837,53.31977
TAP807_1_N001,34.0,-116.5,54.31924
TAR_SUB_LNODEONA,34.17905418777958,-118.544,53.26545
TAR_SUB_LNODEONB,34.1789729060972,-118.54394327481864,53.26545
TAR_SUB_LNODEONC,34.1789729060972,-118.54405672518136,53.26545
TASSAJAR_2_N001,37.79959499998613,-121.9077887787453,55.13403
TASSAJAR_2_N002,37.79959499998613,-121.9079032212547,55.13403
TAYLOR_LNODEDR1,37.5369331958297,-120.809398426319,53.65111
TAYLOR_LNODEDR5,37.5369383829719,-120.809348192848,53.65111
TAYLOR_LNODEDR7,37.536937531095,-120.809217269976,53.64568
TAYLOR_LNODEDR8,37.5369366699963,-120.809289591436,53.65111
TECUYA_6_N001,35.018589,-118.979536,53.46643
TEICHERT_1_N001,37.79,-121.36,53.87925
TEJON_6_N001,35.019534,-118.954779,53.47729
TELECYN_1_N001,32.6379177816674,-117.01607,53.12965
TELECYN_1_N006,32.63783710915427,-117.01601469007429,53.12965
TELECYN_1_N014,32.63783710915427,-117.01612530992571,53.12965
TEMBLOR_1_N003,35.382795999987465,-119.69634883811833,53.29804
TEMPLETN_2_N008,35.554496,-120.679996,53.84666
TERMNOUS_6_N001,38.116464,-121.422007,54.84614
TESSUB_2_N001,37.73,-121.93,55.56315
TEVIS_1_N001,35.319191999987495,-119.12859784623319,53.38495
TEVIS_1_N003,35.319191999987495,-119.12870815376681,53.34692
TEXSUN1G_7_N001,35.36999999998748,-119.4800551602316,52.31486
TEXSUN2G_7_N001,35.3599999999875,-119.48005515895167,52.31486
THORNHIL_1_N001,33.833699,-116.524642,53.12422
TIDEWATR_2_N001,38.01989465330933,-122.06150068264388,54.77552
TIDEWATR_2_N014,38.02007534657929,-122.06150068292666,54.77552
TLRELKE_6_N001,36.003703,-119.948802,53.39581
TOCALOMA_6_N001,38.05521,-122.760914,55.3839
TOL_SUB_LNODEONA,34.175740310821865,-118.36069083905292,53.22742
TOL_SUB_LNODEONB,34.1755596890815,-118.36069083928658,53.22742
TOL_SUB_LNODEONC,34.1755596890815,-118.36090916071342,53.22742
TOL_SUB_LNODEOND,34.175740310821865,-118.36090916094707,53.22742
TOREYPNS_6_N001,32.89877953728695,-117.23987836114813,54.06937
TOREYPNS_6_N007,32.89860046262259,-117.23987836136372,54.06937
TOREYPNS_6_N008,32.89860046262259,-117.24009163863627,54.06937
TOREYPNS_6_N009,32.89877953728695,-117.24009163885188,54.06937
TORTILLA_1_N007,34.874547,-117.064691,55.36447
TRABUCO_1_N001,33.5630767991568,-117.67324523376014,54.31381
TRABUCO_1_N005,33.562897200749894,-117.67324523398426,54.31381
TRABUCO_1_N009,33.562897200749894,-117.67346076601574,54.31381
TRABUCO_1_N013,33.5630767991568,-117.67346076623986,54.31381
TRACY_1_N001,37.748395999944734,-121.41564562794372,53.50988
TRACY_1_N002,37.748305565247314,-121.41576,53.50988
TRACY_1_N007,37.748395999944734,-121.41587437205628,53.50988
TRACY_1_N101,37.74848643475262,-121.41576,53.50988
TRESVIS_6_N001,39.486707,-121.687993,52.52127
TRIMBLE_1_N004,37.42009036798162,-121.72988621524279,56.0303
TRIMBLE_1_N010,37.41990963190925,-121.72988621551741,56.0303
TRIMBLE_1_N016,37.41990963190925,-121.7301137844826,56.0303
TRIMBLE_1_N020,37.42009036798162,-121.73011378475721,56.0303
TRINIDAD_6_N001,41.064242,-124.128367,54.35183
TRUCKEE_LNODE02,39.330431720184855,-120.181195,54.69947
TRUCKEE_LNODE03,39.33035113989209,-120.18113485420918,54.69947
TRUCKEE_LNODE49,39.33035113989209,-120.18125514579083,54.69404
TUDOR_6_N001,38.982071,-121.635205,53.8195
TULUCAY_6_N001,38.247946,-122.268228,54.22146
TUPMAN_1_N101,35.354039,-119.270638,53.16767
TVYVLLY_6_N001,36.770622,-119.393233,53.50988
TXROSDL_1_N001,35.37695301426363,-119.07791367489159,53.23829
TXROSDL_1_N002,35.37695301426363,-119.0780283251084,53.23829
TYLER_6_N001,40.138392982499205,-122.20848578836895,53.939
TYLER_6_N002,40.138392982499205,-122.20860821163106,53.939
UCM_6_N001,32.88368472395273,-117.222424,54.12912
UCM_6_N002,32.88360413801135,-117.22236859671557,54.12912
UCM_6_N006,32.88360413801135,-117.22247940328444,54.12912
UKIAH_1_N001,39.142823455087914,-123.19204845611492,50.02174
UKIAH_1_N005,39.14300254479826,-123.19204845640866,50.02174
UPPRLKE_6_N001,39.145906,-122.916845,50.48057
URBAN_6_N001,32.71330799998875,-117.15140275665348,54.04764
URBAN_6_N005,32.71330799998875,-117.15150924334651,54.04764
URICH_6_N001,38.029918,-122.103005,56.28016
VACA-DIX_1_N001,38.401616982566644,-121.91986928712716,53.56963
VACAVIL_1_N001,38.356520058867716,-121.97951,53.64025
VACAVIL_1_N101,38.35643897055109,-121.97945029786577,53.71086
VACAVIL_1_N102,38.35643897055109,-121.97956970213424,53.71086
VALCNTR_6_N001,33.230683,-117.018401,53.86839
VALLEYSC_1_N001,33.738397971600605,-117.156432,53.04274
VALLEYSC_1_N107,33.738317014186954,-117.15648820699798,53.04274
VALLYHM_1_N001,37.85575599998615,-120.94408374338772,53.67284
VALLYVW_1_N001,37.96607299998612,-122.27841868352904,56.014
VALLYVW_1_N003,37.96607299998612,-122.27853331647096,56.014
VAL_GS_LNODE5AUX,34.24482148241572,-118.3914027121072,54.31924
VAL_GS_LNODE6AUX,34.24485277566131,-118.39150524618782,53.24372
VAL_GS_LNODE7AUX,34.24491867043375,-118.39158002588233,53.24372
VAL_GS_LNODE8AUX,34.245004060069334,-118.391615747079,53.24372
VAL_LNODELSS,34.24509427625119,-118.39160977576542,53.24372
VASCO_6_N001,37.71132099998621,-121.71587984128799,54.77009
VASCO_6_N003,37.71132099998621,-121.71599415871201,54.77009
VASONA_2_N001,37.26,-121.9,54.69947
VEDDER_1_N001,35.61,-118.96,53.87382
VEL_SUB_LNODEONA,34.01555411723447,-118.204,53.23285
VEL_SUB_LNODEONB,34.01547294136984,-118.20394345800285,53.23285
VEL_SUB_LNODEONC,34.01547294136984,-118.20405654199715,53.23285
VESTAL_6_N001,35.85713659527842,-119.08872645400277,56.23671
VICTOR_1_N001,38.145651267656454,-121.17732422029407,53.23285
VICTOR_6_N001,38.145470732231836,-121.17755377942188,54.35183
VICTOR_6_N002,38.145651267656454,-121.17755377970593,54.35183
VIEJOSC_2_N001,36.578772821150025,-121.908968,53.9553
VIEJOSC_2_N004,33.667334,-117.642727,53.9553
VIEJO_6_N001,36.578692089410936,-121.90890995739635,54.8733
VIEJO_6_N003,36.578692089410936,-121.90902604260364,54.8733
VIERRA_1_N001,37.85,-121.24,54.31924
VINA_6_N001,39.941614,-122.041739,54.75379
VINEYARD_2_N001,37.66967326170019,-121.85436,55.51426
VINEYARD_2_N002,37.66959186913507,-121.85430063276966,55.51426
VINEYARD_6_N001,37.66959186913507,-121.85441936723034,54.31924
VN_SUB_LNODEONA,34.18009031354033,-118.44489083013903,53.22742
VN_SUB_LNODEONB,34.17990968636295,-118.44489083037274,53.23285
VN_SUB_LNODEONC,34.17990968636295,-118.44510916962726,53.22742
VN_SUB_LNODEOND,34.18009031354033,-118.44510916986097,53.22742
VSTA_1_N001,34.04125299995202,-117.32061812723687,53.33063
VSTA_6_N001,34.04125299995202,-117.32083587276313,53.34149
WAHTOKE_1_N001,36.61618299998699,-119.452409104289,53.35236
WAHTOKE_1_N002,36.61618299998699,-119.45252089571099,53.35236
WALNUT_6_N001,34.00840381020035,-117.94966020073771,53.77605
WARENCYN_6_N001,33.01545499998868,-117.00226861385794,53.45013
WARENCYN_6_N002,33.01545499998868,-117.00237538614206,53.45013
WARNERS_6_N001,33.247186,-116.675942,54.59583
WARNER_LNODERV1,41.50091505739131,-120.533072,52.24424
WARNER_LNODERV3,41.50083397128745,-120.53300949206302,52.24424
WARNER_LNODESC1,41.50083397128745,-120.53313450793698,52.24424
WASCO_7_N008,39.77617274317707,-122.10383,53.47729
WASHNGT_LNODEDR1,37.4893772928244,-120.903967825898,53.68914
WASHNGT_LNODEDR2,37.4895172164325,-120.904092990936,54.31924
WASHNGT_LNODEDR3,37.4894692627508,-120.903968029781,53.68914
WASHNGT_LNODEDR4,37.489297130992,-120.993988447763,53.68914
WASHNGT_LNODEDR5,37.4894207521695,-120.904091725093,53.68914
WASHNGT_LNODEDR6,37.4892474344412,-120.904090188054,54.31924
WASHNGT_LNODEDR7,37.4892029595549,-120.903964429204,54.31924
WASHNGT_LNODER15,37.4893341220127,-120.90409199878,54.31924
WATRSHED_6_N001,37.487815,-122.310237,57.04063
WEBER_6_N001,37.919828,-121.240232,54.15085
WEC_SY_LNODEUX1,37.4878752249074,-120.89565231921667,53.64568
WEC_SY_LNODEUX2,37.4878752249074,-120.89576624369113,53.65654
WELFLDPM_LNODELPMP,34.16127269818337,-114.38198913123861,51.60871
WELFLDPM_LNODERALS,34.16145330172,-114.38198913147205,51.60871
WEMRSWS_6_N001,39.035984,-120.987909,55.72611
WESTLANE_6_N001,37.990674,-121.282373,54.74836
WESTLNDS_1_N001,36.3999999999871,-120.31994434326373,52.7983
WESTLNDS_1_N019,36.3999999999871,-120.32005565673627,52.7983
WESTPARK_1_N001,35.374163973003284,-119.039839,53.27088
WESTPARK_1_N005,35.374083013484764,-119.03978167527592,54.04764
WESTPARK_1_N009,35.374083013484764,-119.03989632472408,54.31924
WESTPLAT_1_N001,35.42,-119.3,53.10792
WESTPORT_LNODEDR1,37.5225825838401,-120.993998352649,53.66198
WESTPORT_LNODEDR3,37.5223769944682,-120.993990429526,53.65654
WESTPORT_LNODEDR5,37.5225172095941,-120.993995815213,53.66198
WESTPORT_LNODEDR7,37.5224455031416,-120.903973009416,53.65654
WHEATLND_6_N001,39.013055,-121.418524,53.27631
WHEELER_6_N001,35.089761,-118.976591,53.3252
WHISMAN_1_N001,37.40491321634772,-122.068856,55.54142
WHISMAN_1_N004,37.404831891811426,-122.06879689262591,55.54142
WHISMAN_1_N009,37.404831891811426,-122.06891510737408,55.54142
WHITMORE_6_N001,40.628753,-121.915711,52.97212
WILDWOOD_1_N001,40.387138,-123.045061,53.37408
WILKINS_6_N001,39.00552,-121.867233,54.19974
WILLIAMS_6_N002,39.15758,-122.14762,53.90098
WILLITS_6_N001,39.405666,-123.327366,51.28435
WILLOWS_6_N001,39.531805,-122.185874,54.83527
WIL_SUB_LNODEONB,33.797999999988214,-118.25794584458627,53.21656
WIL_SUB_LNODEONC,33.797999999988214,-118.25805415541372,53.21656
WINTERS_6_N001,38.517708,-121.951331,58.4475
WOHLER_6_N001,38.512048,-122.880906,54.92218
WOLFE_1_N001,37.335142193117605,-122.020824,55.07971
WOLFE_1_N002,37.335060903426545,-122.02076497287341,55.07971
WOLFE_1_N007,37.335060903426545,-122.02088302712659,55.07971
WOODACRE_6_N001,38.012118,-122.65455,55.45994
WOODLD_1_N001,38.67823188725648,-121.760143,54.5854
WOODLD_1_N005,38.67815105635662,-121.76008322082818,54.5854
WOODLD_1_N012,38.67815105635662,-121.76020277917182,54.5854
WOODSIDE_6_N003,37.43624399998641,-122.2420270905538,56.13893
WOODSIDE_6_N004,37.43624399998641,-122.24214090944619,56.13893
WOODWARD_1_N005,36.8966369999867,-119.74995475043866,53.02101
WOODWARD_1_N006,36.8966369999867,-119.75006724956134,53.02101
WPBART_1_N001,38.01999999998606,-121.97994265860079,55.22094
WPBART_1_N004,38.01999999998606,-121.9800573413992,55.22094
WSCOPRSN_1_N001,35.61,-119.37,53.30347
WSCRMNO_1_N004,38.58939293336201,-121.545027,54.62343
WSCRMNO_1_N013,38.58931203330379,-121.54496724378153,54.62343
WSCRMNO_1_N201,38.58931203330379,-121.54508675621847,54.62343
WSTFRSO_1_N001,36.71841899998688,-119.81853697917856,53.37952
WSTFRSO_1_N004,36.71841899998688,-119.81864902082144,53.37952
WSTLD1RA_1_N001,36.72,-120.72,52.58646
WYANDTTE_1_N001,39.491682744465926,-121.541161,52.72225
WYANDTTE_1_N003,39.49160212775149,-121.54110068770393,52.72225
WYANDTTE_1_N102,39.49160212775149,-121.54122131229607,52.72225
ZACA_1_N001,34.696829,-120.151374,55.59031
ZANKER_1_N001,37.469999999986335,-121.8099430557453,56.04659
ZANKER_1_N003,37.469999999986335,-121.8100569442547,56.04659
AGER_LNODE35,41.8675,-122.46414,0.0
ALTURAS_LNODE17,41.49972,-120.53306,0.0
BIGSPRIN_LNODELD1,41.616776,-122.39929,0.0
CAMERON_LNODEKM,32.65324599998863,-116.48817922595589,0.0
CASTELLA_LNODE,41.146254,-122.319747,0.0
CEDARVIL_LNODED1,41.53156,-120.18194,0.0
CLEARLAO_LNODE44,41.704981,-121.276741,0.0
COPCO2_LNODE21,41.97667,-122.36167,0.0
DAVISCR_LNODED1,41.73,-120.37,0.0
DELNORTE_LNODE50,41.86761799998422,-124.13905472462552,0.0
DELNORTE_LNODE51,41.86761799998422,-124.13917527537447,0.0
DOGCREEK_LNODE,40.94013311,-122.431008,0.0
DORRIS_LNODE06,41.96694,-121.91333,0.0
EAGLEMTN_LNODEHI,33.8199729920039,-115.44005630685402,0.0
FLINT_LNODE_LDT1,38.88530299998586,-121.06681059075832,0.0
GASQUET_LNODE42,41.84833,-123.96667,0.0
INTERNAT_LNODELD,41.432568,-122.38296,0.0
LITTLESH_LNODELD1,41.70174123,-122.3696599,0.0
LUCERNE_LNODELD,41.60361,-122.5225,0.0
MACDOEL_LNODE20,41.83166999998427,-122.00465973878569,0.0
MACDOEL_LNODE45,41.83166999998427,-122.00478026121432,0.0
MADISON_LNODE1,38.67065905446531,-121.9691977771112,0.0
MOTT_LNODE,41.262727,-122.270475,0.0
NDUNSMUI_LNODE7,41.2207989999844,-122.27643096616978,0.0
NDUNSMUI_LNODE9,41.2207989999844,-122.27655103383022,0.0
NEWELL_LNODE90,41.888139999984205,-121.37845028379793,0.0
NUTGLADE_LNODE,41.178254,-122.290711,0.0
PATRICKS_LNODE49,41.88139,-123.86472,0.0
PEREZ_LNODED1,41.63306,-121.22639,0.0
PRAXAIR_LNODEPM,37.99999999998611,-121.81005733246779,0.0
REDWOODU_LNODED2,41.76083,-124.16347,0.0
SDUNSMUI_LNODE,41.201244,-122.2764098,0.0
SHASTINA_LNODELD1,41.548666,-122.364174,0.0
SHOTGUNC_LNODE,41.053889,-122.381667,0.0
TULELAKE_LNODE35,41.95333,-121.47111,0.0
TUNNEL_LNODE33,41.925559999984245,-121.56576970013403,0.0
TUNNEL_LNODE40,41.925559999984245,-121.56589029986597,0.0
WEED_LNODER1,41.43139,-122.38944,0.0
YREKA_LNODE76,41.72897989068449,-122.63154955171838,0.0
YREKA_LNODED1,41.72880010918983,-122.63154955205546,0.0
YREKA_LNODED2,41.72880010918983,-122.63179044794454,0.0
YREKA_LNODED3,41.72897989068449,-122.63179044828162,0.0
