node_id,lat,lon,price_dp
12TH_S_LNODENMZ,37.63715677998629,-120.99316020050249,64.56742
12TH_S_LNODEXWQ,37.63715677998629,-120.99327439949751,64.56742
8TH_ST_LNODEBXG,37.64197726998626,-121.00603849646912,64.56109
8TH_ST_LNODELZF,37.64197726998626,-121.00615270353089,64.56109
AEC300_1_N001,37.74,-121.48,64.06121
AGNEW_1_N003,37.51,-121.84,68.00966
AIRPROD_1_N001,36.65,-119.54,64.42821
AIR_SUB_LNODENAA,33.96205409081493,-118.376,60.53037
AIR_SUB_LNODENAB,33.961972954579615,-118.37594352117388,60.5367
AIR_SUB_LNODEONC,33.961972954579615,-118.37605647882611,60.53037
ALAMITOS_2_N001,33.771584,-118.100596,61.0176
ALAMITOS_2_N040,33.77,-118.1,61.0176
ALAMT1G_7_N002,33.77149401717401,-118.1004877514908,61.0176
ALAMT2G_7_N002,33.771415173499584,-118.10067098425147,61.0176
ALAMT3G_7_N002,33.77144633917227,-118.10077253262283,61.0176
ALAMT4G_7_N002,33.771511965310076,-118.10084659342048,61.0176
ALAMT5G_7_N002,33.771597006833865,-118.1008819712055,61.0176
ALAMT6G_7_N002,33.77176916262267,-118.10083231072662,61.0176
ALHAMBRA_1_N001,37.99408499998608,-122.13031167024367,66.43408
ALHAMBRA_1_N002,37.99408499998608,-122.13042632975633,66.43408
ALLEGHNY_6_N001,39.464893,-120.844946,66.54165
ALMADEN_6_N001,37.26027,-121.890082,70.7179
ALMOND_LNODEAUX,37.574202045609525,-120.98511610244,64.31431
ALPAUGH_7_N002,35.963463732836644,-119.456796,61.00495
ALPINE_6_N001,32.82778299998866,-116.78987271391081,38.54646
ALPINE_6_N005,32.82778299998866,-116.78997928608918,38.54646
ALTO_6_N001,37.89825299998615,-122.52430271885964,69.60644
ALTO_6_N101,37.89825299998615,-122.52441728114036,69.60644
ALTTA_BP_LNODEPRT,41.51205899998436,-120.5236838478691,62.70709
ALTTA_BP_LNODETON,41.51205899998436,-120.5238041521309,62.70709
AMERIGAS_1_N001,38.43,-121.79,64.289
AMESBS_1_N004,37.41751022008469,-122.066192,67.09848
AMESBS_1_N101,37.41742888994297,-122.06613287861066,67.09848
AMESDST_1_N001,37.41742888994297,-122.06625112138934,67.09848
AMFORST_6_N001,38.369191999986,-120.79657754861613,65.1116
ANDERSON_6_N001,40.449838,-122.305068,64.13081
ANGIOLA_6_N001,35.992007,-119.57137,64.62437
ANITA_6_N001,39.811047,-121.919761,65.44696
ANNAPOLS_6_N001,38.680315,-123.311782,92.24891
ANTELOPE_6_N001,35.658117,-119.996015,61.73263
ANTLER_6_N001,40.893581,-122.379244,67.15543
APPLEHL_1_N001,38.73992576174639,-120.67700091995808,65.52289
APPLEHL_1_N002,38.73974623814083,-120.67700092024737,65.52289
APPMAT_1_N001,37.359999999986435,-121.97994317305394,67.08583
APPMAT_1_N010,37.359999999986435,-121.98005682694607,67.08583
ARBUCKLE_6_N001,39.017625,-122.061575,92.91
ARCATA_6_N001,40.867132,-124.088286,66.61834
ARVINED_1_N001,35.15044599998752,-118.87870286987292,61.40359
ARVIN_6_N001,35.15044599998752,-118.87881313012709,62.45398
ASHLAN_2_N001,36.79263892472445,-119.82749,63.68155
ASHLAN_2_N007,36.7925580376235,-119.82743168375806,63.68155
ASHLAN_2_N008,36.7925580376235,-119.82754831624194,63.68155
ASH_6_N001,33.1365697302963,-117.070292,60.04947
ASH_6_N005,33.13648913483958,-117.0702364310647,60.04947
ASH_6_N101,33.13648913483958,-117.07034756893529,60.04947
ASPEN_LNODESPEN,37.69337956,-122.069288,59.13829
ATASCDRO_6_N001,35.465309,-120.671582,62.8463
ATWATER_1_B2,37.35999599998639,-120.6146481730584,64.91544
ATWATER_1_N001,37.35999599998639,-120.6147618269416,64.91544
ATW_SUB_LNODEONB,34.1096541600031,-118.254,60.53037
ATW_SUB_LNODEONC,34.10957291998536,-118.25394335044959,60.53037
ATW_SUB_LNODEOND,34.10957291998536,-118.2540566495504,60.53037
AUBERRY_6_N001,37.06806099998665,-119.495719527536,65.98481
AUBERRY_6_N003,37.06806099998665,-119.495832472464,65.98481
AUBURN_6_N001,38.903397,-121.069921,65.75702
AUGUST_LNODEDR1,37.4182520696912,-120.831252690486,64.38392
AUGUST_LNODEDR3,37.4182452743243,-120.831131410372,64.38392
AUGUST_LNODEDR4,37.4182458785436,-120.830989786937,64.37759
AUGUST_LNODEDR5,37.4182557186304,-120.831363604619,64.38392
AVENA_1_N001,37.842208,-121.054122,65.69374
AVOCADO_6_N001,33.38466699998843,-117.23692330729693,62.27681
AVOCADO_6_N002,33.38466699998843,-117.23703069270306,62.27681
BAFOOD1_6_N001,36.33,-121.16,63.06776
BAHIA_2_N001,38.08095331088854,-122.13739126700075,65.49758
BAHIA_2_N011,38.08077268899996,-122.13739126728416,65.49758
BAILYJ1_1_N010,34.77604,-118.77504,64.78889
BAIR_1_N001,37.496937,-122.214157,67.79452
BAKER_1_N001,35.284771,-116.064256,60.91636
BALFOUR_6_N001,37.92596,-121.678546,64.97872
BANGOR_6_N001,39.388064,-121.402937,63.90934
BANGS_LNODEKGC,37.70469,-121.0418,64.59273
BANNING_1_N001,33.922289,-116.87283,60.00518
BANTA_6_N001,37.7528989999862,-121.35057581075783,64.86482
BARRETT_6_N001,32.667194,-116.700208,34.45247
BARRE_6_N001,33.80900298319592,-117.98332966316445,61.2454
BARRE_6_N002,33.80900298319592,-117.98354633683554,61.2454
BARRE_6_N003,33.80918301670945,-117.9835463370635,61.25173
BARRY_6_N001,39.069323,-121.690208,66.10504
BARTON_1_N001,36.76408490976673,-119.735935,64.08652
BARTON_1_N007,36.76400404510246,-119.73587672164825,64.08652
BARTON_1_N008,36.76400404510246,-119.73599327835174,64.08652
BASALT_6_N002,38.26328599998595,-122.26916657483297,65.46595
BASALT_6_N101,38.26328599998595,-122.26928142516702,65.46595
BATAVIA_6_N001,38.385820999985995,-121.77570654480984,64.54211
BATIQTOS_1_N001,33.1011727252775,-117.250399,60.58732
BATIQTOS_1_N008,33.101092137348985,-117.25034345864424,60.58732
BATIQTOS_1_N015,33.101092137348985,-117.25045454135577,60.58732
BAYMDWS_1_N001,37.55162541726735,-122.29307795256243,67.46549
BAYMDWS_1_N004,37.551444582623034,-122.29307795283914,67.46549
BAYMDWS_1_N008,37.551444582623034,-122.29330604716085,67.46549
BAYMDWS_1_N012,37.55162541726735,-122.29330604743757,67.46549
BAYSHOR1_1_N001,37.74603599998622,-122.40302381566526,68.14887
BAYSHOR2_1_N001,37.74603599998622,-122.40313818433472,68.14887
BAYWOOD_6_N001,35.360177,-120.811564,63.96629
BCN_PP_LNODESS1,35.25680070871138,-118.02736892630813,59.80902
BCN_PP_LNODESS2,35.256766720360744,-118.02726679027704,59.80902
BEARTAP_1_N001,35.38,-119.0,63.33985
BELLEF_7_CN10,39.776083,-122.10383,60.59365
BELLEF_7_CN11,39.77608299994151,-122.10371323062876,60.6063
BELLPGE_1_N001,38.947418999985814,-121.0911283822858,65.40267
BELLPGE_1_N005,38.947418999985814,-121.0912436177142,65.40267
BELLVUE_1_N001,38.379084046922976,-122.712022,68.70875
BELLVUE_1_N003,38.37900297652332,-122.711962292445,68.70875
BELLVUE_1_N005,38.37900297652332,-122.712081707555,68.70875
BELMONT_1_N001,37.52332024549896,-122.264967,67.83249
BELMONT_1_N006,37.52323887723573,-122.26490776711239,67.83249
BELMONT_1_N008,37.52323887723573,-122.26502623288762,67.83249
BELRIDGE_1_N001,35.455722,-119.631903,61.25173
BERESFRD_6_N001,37.565013999986284,-122.31923796388803,67.57938
BERESFRD_6_N002,37.565013999986284,-122.31935203611197,67.57938
BERNARDO_6_N001,33.021575,-117.096228,60.28992
BERNARDO_6_N002,33.021574999954524,-117.09612121988424,60.28992
BERNARDO_6_N009,33.02148546856512,-117.096228,60.28992
BERNARDO_6_N013,33.021574999954524,-117.09633478011577,60.28992
BERNARDO_6_N014,33.0216645314348,-117.096228,60.28992
BERNARDO_LNODEARDO,33.02157451,-117.0962277,59.15094
BERVLLY_6_N001,37.586478,-120.125088,66.11137
BIGBASN_6_N001,37.129545,-122.172132,67.69328
BIGCRK1_7_N001,37.20203293082091,-119.24090286336467,57.01852
BIGMDWS_6_N001,40.171215,-121.085128,61.68201
BIGRIVR_6_N001,39.311461,-123.786522,93.31537
BIOLA_6_N001,36.792525,-120.114116,64.25104
BIXLER_6_N001,37.9370142319286,-121.528389,65.16855
BKRSFLD_2_N001,35.388298999987455,-119.0044078374034,60.99229
BKRSFLD_2_N101,35.388298999987455,-119.0045181625966,60.99229
BLLEHVN_6_N001,37.4772652825887,-122.16793304841748,68.72469
BLLEHVN_6_N002,37.477186999945324,-122.16787609695427,68.72469
BLLEHVN_6_N004,37.477108717384,-122.1679330485368,68.72469
BLLEHVN_6_N006,37.477108717384,-122.1680469514632,68.72469
BLLEHVN_6_N007,37.477186999945324,-122.16810390304572,68.72469
BLUELKE_6_N001,40.88014,-123.980584,67.65607
BLUSTNPP_6_N003,38.575523,-121.497588,61.68833
BLYTHESC_1_N005,33.614957,-114.682935,58.5688
BNAVSTA_6_N001,36.653344,-121.62946,64.71928
BNAVSTA_6_N002,36.65334399994771,-121.62934811906177,64.71928
BNTACRB_6_N001,37.7528989999862,-121.35069018924217,66.30752
BOGARD_6_N001,40.586552,-121.093959,61.4985
BOGUE_1_N001,39.09613073444745,-121.623771,64.49149
BOGUE_1_N201,39.096050132760894,-121.62371103865068,64.49149
BOLINAS_6_N001,37.941119,-122.707332,68.06249
BOLLMAN_1_N003,38.04,-121.98,66.15566
BOLTHSE_1_N009,35.36215899998747,-118.92362184077258,62.93488
BONITA_6_N001,36.967863,-120.20266,65.10527
BONNIEN_7_N001,39.214314999985774,-120.80917722077704,63.16268
BORDEN_2_N007,36.92227399998671,-119.98422371699712,63.77013
BORDER_6_N001,32.56633480869927,-116.944389,60.82777
BORDER_6_N008,32.566254095638485,-116.94433370647506,60.82777
BORONDA_6_N001,36.689983,-121.679239,64.31431
BOSWELL_6_N001,36.085115,-119.552823,64.62437
BOWLES_6_N001,36.605651,-119.773312,64.27635
BRDGVLT_7_N001,40.47956799998481,-123.78034162638289,66.25133
BREEZE_LNODEYT1,35.123880999987534,-118.37403687435777,59.40405
BREEZE_LNODEYT2,35.123880999987534,-118.37414712564222,59.40405
BRENTWOD_2_N001,37.91959423612686,-121.676423,64.72561
BRENTWOD_2_N006,37.91951288192155,-121.67636345967551,64.72561
BRENTWOD_2_N011,37.91951288192155,-121.67648254032449,64.72561
BRGSMR_LNODEGZB,37.66621999998627,-120.97704287657282,64.56742
BRGSMR_LNODETHU,37.66621999998627,-120.97715712342718,64.56742
BRITTN_1_N001,37.37433620668406,-122.015575,67.05419
BRITTN_1_N005,37.37425489664326,-122.01551592726007,67.05419
BRITTN_1_N006,37.37425489664326,-122.01563407273993,67.05419
BRKRSLG_1_N005,38.57552299994369,-121.49747300547165,65.89623
BROCKWAY_LNODE01,39.243063530935196,-120.02634939696748,64.02957
BROCKWAY_LNODE02,39.242884468950564,-120.02634939726258,64.02957
BROCKWAY_LNODE51,39.242884468950564,-120.02658060273741,64.02957
BROCKWAY_LNODE52,39.243063530935196,-120.02658060303253,64.02957
BRRNDAC_6_N001,35.658183,-120.040362,61.73263
BRUNSWCK_1_N003,39.23119771901711,-121.034946,64.32697
BRUNSWCK_1_N008,39.23111714047599,-121.03488594065819,64.32697
BRUNSWCK_1_N101,39.23111714047599,-121.03500605934181,64.02324
BRWNSVY_6_N001,39.226226,-121.422634,64.62437
BUELLTON_1_N001,34.625261999987686,-120.18631205143852,65.96583
BUELLTON_1_N003,34.625261999987686,-120.18642194856149,65.96583
BUENAVS1_7_B1,36.653254242119594,-121.62934811919219,61.17579
BUENAVS1_7_B3,36.65319077379855,-121.6294272308971,61.17579
BUENAVS1_7_B4,36.653175595551595,-121.62953750035395,61.17579
BUENAVS1_7_B5,36.65320668330105,-121.62964245619625,61.17579
BUENAVS1_7_B6,36.653272145363964,-121.6297190021347,61.17579
BUENAVS1_7_B7,36.65335697428145,-121.62975556706088,61.17579
BUENAVS2_7_B1,36.65344659805961,-121.62974945473616,61.11252
BUENAVS2_7_B3,36.653528699704175,-121.62970424026268,61.11252
BUENAVS2_7_B4,36.653594014575496,-121.62962749889522,61.11252
BUENAVS2_7_B5,36.653636508590544,-121.62952895027708,61.11252
BULLARD_1_N001,36.824388,-119.769224,64.06121
BULLARD_1_N004,36.824387999947184,-119.76911168846675,64.06121
BULLARD_1_N005,36.824298097276774,-119.769224,64.06121
BULLARD_1_N006,36.824387999947184,-119.76933631153325,64.06121
BURLNGME_1_N001,37.589627,-122.363434,67.30729
BUTTE_1_N010,39.7118129999855,-121.81325170045862,63.60561
BUTTE_1_N101,39.7118129999855,-121.81336829954137,63.60561
BWILLIAM_LNODEILLW,34.16145330172,-114.38177086852794,58.52451
B_6_N001,32.714377595830264,-117.16944251257752,60.78981
B_6_N003,32.714198404079745,-117.16944251279143,60.78981
B_6_N005,32.714198404079745,-117.16965548720856,60.78981
B_6_N007,32.714377595830264,-117.16965548742249,60.78981
CABRILLO_1_N001,32.70751759908557,-117.24492651689708,65.63046
CABRILLO_6_N001,32.70733840082447,-117.24492651711095,61.04924
CABRILLO_6_N004,32.70733840082447,-117.24513948288904,61.04924
CALAVE_1_N001,36.71900181109094,-119.76554095699167,64.26369
CALAVE_1_N002,36.718822188804005,-119.76554095725366,64.26369
CALAVE_1_N004,36.718822188804005,-119.76576504274634,64.26369
CALCMENT_7_N4,37.37,-120.64,60.69489
CALISTGA_6_N001,38.592664,-122.57862,72.22658
CALLENDR_1_N001,35.04,-120.6,65.16222
CALPELLA_1_N001,39.197538,-123.192135,86.03275
CALSUB_LNODEET,39.521219,-120.008761,62.71974
CAMDEN_6_N001,36.446258999987045,-119.79904229562648,65.51024
CAMDEN_6_N002,36.446258999987045,-119.79915370437352,65.51024
CAMERON_6_N001,32.65324599998863,-116.48807277404411,32.84524
CAMINO_2_N001,34.83,-114.99,47.49
CAMPHORA_6_N001,36.46829799998704,-121.39017127220814,64.95341
CAMPHORA_6_N003,36.46829799998704,-121.39028272779186,64.95341
CANAL_6_N001,37.066368999986636,-120.8354215297125,64.82052
CANAL_6_N006,37.066368999986636,-120.8355344702875,64.82052
CANBY_BP_LNODEACW,41.444925999984385,-120.88087787131334,62.58053
CANBY_BP_LNODEVEC,41.444925999984385,-120.88099812868666,62.58053
CAN_SUB_LNODEONA,34.18955419166312,-118.592,60.63162
CAN_SUB_LNODEONB,34.189472904155366,-118.59194326369176,60.57467
CAN_SUB_LNODEONC,34.189472904155366,-118.59205673630824,60.57467
CAPAY_6_N001,39.775993256822886,-122.10383,63.41578
CARBONA_6_N003,37.69218399998622,-121.41818185598439,65.56086
CARBONA_6_N101,37.69218399998622,-121.4182961440156,65.56086
CARLOTTA_6_N001,40.541122999984744,-124.06382054930958,69.78217
CARLOTTA_6_N003,40.541122999984744,-124.06393945069041,69.78217
CARLTNHS_1_N001,32.85503754591703,-117.01185140348343,60.16337
CARLTNHS_1_N004,32.85485845399255,-117.01185140369861,60.16337
CARNATIO_6_N001,35.311332,-119.083574,61.53014
CARNERAS_6_N001,35.541055,-119.805238,61.83387
CAROLNDS_6_N001,37.55291899998627,-122.37633097506193,69.09169
CAROLNDS_6_N002,37.55291899998627,-122.37644502493806,69.09169
CARQUINZ_1_N001,38.09103799998602,-122.24848662968667,64.42188
CARQUINZ_1_N002,38.09103799998602,-122.24860137031332,64.42188
CARRIZO_1_N001,35.3805629695311,-120.040252,62.35907
CARRIZO_LNODEHILL,35.38048201522088,-120.04019467441788,59.80902
CARRIZO_LNODEZOT1,35.38048201522088,-120.04030932558213,58.85354
CARTWRT_1_N001,37.78999999998617,-122.24994278512781,66.88967
CARTWRT_1_N010,37.78999999998617,-122.25005721487219,66.88967
CARUTHRS_6_N001,36.531554,-119.882758,63.61827
CAR_SM_LNODENE1,38.642773175556165,-121.3294330286556,64.39657
CAR_SM_LNODENE2,38.64259349099788,-121.32943302894401,64.39657
CAR_SM_LNODENE3,38.64259349099788,-121.329663082168,64.39657
CAR_SM_LNODENE4,38.642773175556165,-121.3296630824564,64.39657
CASTLE_LNODEDR1,37.36195490350885,-120.56264978595905,64.37126
CASTLE_LNODEDR2,37.36187666885442,-120.5625929569803,64.37126
CASTLE_LNODEDR3,37.36179843428164,-120.56264978607754,64.36493
CASTLE_LNODEDR4,37.36179843428164,-120.56276344403506,64.36493
CASTLE_LNODEDR5,37.36187666885442,-120.5628202731323,64.37126
CASTLE_LNODEDR6,37.36195490350885,-120.56276344415355,64.37126
CASTROVL_2_N001,37.69127699998625,-122.06100285669102,66.35182
CASTROVL_2_N003,37.69127699998625,-122.06111714330898,66.35182
CASTROVL_2_N006,36.76278384840137,-121.73625384648868,66.35182
CAS_LA_LNODESMW,34.587237,-118.656638,60.51772
CAS_PP_LNODE1AUX,34.58734037344726,-118.65692220263387,60.51772
CAS_PP_LNODE2AUX,34.58742309555189,-118.65687780855163,60.51772
CAS_PP_LNODE3AUX,34.587488904018386,-118.65680245963806,60.51772
CAS_PP_LNODE4AUX,34.58753171916694,-118.65670569917606,60.51772
CAS_PP_LNODE5AUX,34.58754852361777,-118.65659776098718,60.51772
CAS_PP_LNODE6AUX,34.58753896054594,-118.65648852558515,60.51772
CATALYST_7_N001,37.33647699998642,-121.87909619952335,65.49126
CATLETT_6_N001,38.808811,-121.516115,65.42165
CAWELOB_6_N001,35.57097799998741,-119.11546380934058,61.6124
CAWELOC_1_N001,35.57097799998741,-119.11557419065942,61.53647
CAYUCOS_6_N001,35.44865399998744,-120.8703058292383,63.96629
CAYUCOS_6_N006,35.44865399998744,-120.8704161707617,63.96629
CCOSTA_2_N001,37.998693,-121.783314,64.75725
CCSUB_1_N001,38.03,-121.75,64.69397
CCSUB_2_N001,38.01999999998606,-121.75994265860079,64.73827
CCSUB_2_N010,38.01999999998606,-121.7600573413992,64.73827
CEDRCRK_6_N101,40.79116899998464,-121.93795172476342,66.61125
CENTERS_6_N001,33.928884073837764,-118.105463,61.40359
CENTERS_6_N200,33.9288029630683,-118.10551943910147,61.40359
CEN_SUB_LNODEONB,33.948054083699034,-118.255,60.47975
CEN_SUB_LNODEONC,33.94797295813763,-118.25494353789466,60.47975
CEN_SUB_LNODEOND,33.94797295813763,-118.25505646210534,60.47975
CERES_LNODEDR1,37.6088562120824,-120.956729570412,64.33329
CERES_LNODEDR3,37.6089710504,-120.956595705015,64.33329
CERES_LNODEDR4,37.6089019185376,-120.956592000755,64.33329
CERES_LNODEDR5,37.6087606610128,-120.956712881849,64.33329
CERES_LNODEDR7,37.6089324750351,-120.956712057352,64.33329
CERES_LNODEDR8,37.6090011903052,-120.956714357349,64.33329
CERTTEED_1_N001,37.059999999986665,-120.07994353791257,64.59906
CERTTEED_1_N002,37.059999999986665,-120.08005646208743,64.59906
CHALLNGE_6_N001,39.48543,-121.220509,65.3647
CHANNEL_6_N001,37.95526599998612,-121.33242068885451,64.76358
CHARKA_1_N001,35.608038,-119.325523,61.16314
CHCARITA_1_N001,32.9600895309367,-117.08989329478639,60.28359
CHCARITA_1_N004,32.95991046897258,-117.08989329500262,60.28359
CHCARITA_1_N008,32.95991046897258,-117.09010670499737,60.28359
CHC_LNODE31A,38.95999999998579,-120.89994237638588,59.00541
CHC_LNODE33A,38.95999999998579,-120.90005762361412,59.00541
CHEROKEE_6_N001,38.005513,-121.237769,65.28244
CHESTER_6_N001,40.304405,-121.224282,61.87816
CHICOA_6_N001,39.71879299998543,-121.82096169136352,63.63092
CHICOA_6_N010,39.71879299998543,-121.82107830863647,63.63092
CHICOB_1_N001,39.725493999985424,-121.84718768259572,63.42844
CHICOB_1_N002,39.725493999985424,-121.84730431740428,63.42844
CHINO_6_N007,33.998301818402325,-117.67886922357054,61.15048
CHINO_6_N008,33.998301818402325,-117.67908677642946,61.15048
CHLDHOSP_1_N001,36.87,-119.81,63.77013
CHOLLAS_6_N001,32.744058749573895,-117.046316,60.61263
CHOLLAS_6_N008,32.743978125200904,-117.04626065732346,60.61263
CHOLLAS_6_N009,32.743978125200904,-117.04637134267654,60.61263
CHSTN_1_N001,38.09,-120.3,63.57398
CHWCHLLA_1_N001,37.12073295026913,-120.25055224215674,64.49149
CHWCHLLA_1_N002,37.12073295026913,-120.25066975784326,64.49149
CIG_SM_LNODESS,38.44525,-121.461543055556,64.51047
CIMA_2_N101,35.2691,-115.49292,60.10009
CITYUKH_1_B1,39.14300254479826,-123.19181754359136,85.8
CLAIRMNT_6_N008,32.825996732119705,-117.184096,68.56303
CLAMMNA_1_N001,37.807826,-121.276142,65.21917
CLARIBEL_LNODEGFP,37.71028,-120.9688,64.56742
CLARKRD_7_N001,39.6546447946953,-121.635292,63.67522
CLARMNT_1_N001,32.82591613392796,-117.18404062431202,66.56696
CLAUS_LNODEKSN,37.639389999986214,-120.91954289863075,64.56742
CLAUS_LNODESME,37.639389999986214,-120.91965710136925,64.56742
CLAYTN_1_N001,38.34245511038229,-120.93484110965764,65.39001
CLAYTN_1_N004,37.943825,-121.969415,65.39001
CLAYTN_1_N029,38.3422748895056,-120.93484110994348,65.39001
CLAYTN_1_N030,38.3422748895056,-120.93507089005652,65.39001
CLAY_6_N001,38.34245511038229,-120.93507089034236,65.20651
CLERLKE_6_N001,39.007954999985856,-122.89377935245265,84.34585
CLERLKE_6_N012,39.007954999985856,-122.89389464754734,84.34585
CLMBAHL_6_N001,39.331874,-121.101368,65.16855
CLOUGH_LNODEIYF,37.62761111,-120.9751667,64.59273
CLOUGH_LNODEYBR,37.62761110994497,-120.97505251712948,64.59273
CLOVIS_1_N001,36.826043942491545,-119.681281,64.0359
CLOVIS_1_N004,36.825963028740034,-119.68122263908639,64.00426
CLOVIS_1_N101,36.825963028740034,-119.68133936091361,64.0359
CLOVRDLE_1_N001,38.795757,-123.011412,82.14606
CLRKSVLE_1_N001,38.655559898770534,-121.060175,65.26346
CLRKSVLE_1_N003,38.655479050599546,-121.06011522698469,65.26346
CLRKSVLE_1_N004,38.655479050599546,-121.0602347730153,65.26346
CLSAJCT_6_N001,39.190857,-121.990506,91.06798
CLWTER_2_N003,35.39850993300358,-118.93957167203409,66.06707
CMPEVRS_1_N001,37.041635999986624,-122.02530956161661,66.03543
CMPEVRS_1_N002,37.041635999986624,-122.02542243838339,66.03543
CNTRYCB_6_N001,37.97966036733168,-121.31639835392943,65.02301
CNTRYCB_6_N002,37.979479632557,-121.31639835421177,65.02301
CNTRYCB_6_N004,37.979479632557,-121.31662764578823,65.02301
CNTRYCB_6_N006,37.97966036733168,-121.31662764607057,65.02301
COLLEG_LNODEDR1,37.6091056801805,-120.992876143573,64.39024
COLLEG_LNODEDR2,37.6091096218649,-120.992789582042,64.39024
COLLEG_LNODEDR5,37.6090266914486,-120.992698116343,64.39024
COLLEG_LNODER15,37.6090419641747,-120.993034819943,64.39024
COLNGA1_6_N001,36.13602399998719,-120.34444457141348,62.34641
COLNGA1_6_N002,36.13602399998719,-120.34455542858652,62.34641
COLNGA2_6_N001,36.236577,-120.315114,62.11229
COLONY_6_N001,38.190132,-121.181632,65.83928
COLUMBUS_1_N001,35.398330066896115,-118.93957167228022,63.33353
COLUMBUS_1_N003,35.398330066896115,-118.93979232771979,63.33353
COLUMBUS_1_N005,35.39850993300358,-118.9397923279659,63.33353
COLUSA_6_N001,39.213610999985775,-122.00296022131043,91.29578
COLUSA_6_N004,39.213610999985775,-122.00307577868956,91.29578
COLWATER_1_N001,34.86012489309556,-116.85312978164612,61.12983
COLWATER_1_N002,34.86012489309556,-116.85324421835388,61.12983
COMMONS_LNODEDR1,37.6091045275098,-120.992962913259,64.42821
COMMONS_LNODEDR3,37.5166183000533,-120.867554724081,64.42188
COMMONS_LNODEDR4,37.516699044633,-120.867555122205,64.42821
COMMONS_LNODEDR5,37.5164895041446,-120.867550987033,64.42188
COMMONS_LNODEDR7,37.5165532160667,-120.867553025577,64.42188
COMMONS_LNODEDR8,37.5008689404211,-120.913270146673,64.42821
CONCHO_1_N002,33.785845,-116.342689,60.03682
CONTADNA_1_N001,36.29,-119.71,63.42211
CONTROLX_1_N001,37.342839,-118.471988,-11.83
CONTROL_7_N001,37.34291722503321,-118.47193119226046,-10.34985
COOPER_LNODEDR1,37.3189566034476,-120.5119493179366,64.37759
COOPER_LNODEDR2,37.31895660339336,-120.51183575699493,64.37759
COOPER_LNODEDR3,37.318866291449055,-120.51183575713138,64.36493
COOPER_LNODEDR4,37.318802431310424,-120.51191605677509,64.37759
COOPER_LNODEDR5,37.318787159360575,-120.51202798203006,64.36493
COOPER_LNODEDR6,37.31881843902539,-120.51213451388375,64.37759
COOPER_LNODEDR7,37.318884305211256,-120.51221220923813,64.37759
COOPER_LNODEDR8,37.318969657813994,-120.51224932323211,64.37759
COOPER_LNODEDR9,37.31905983488123,-120.51224311913526,64.37759
COOPER_LNODER14,37.31914244338007,-120.5121972257278,64.36493
COOPER_LNODER15,37.31920816147405,-120.51211933201114,64.36493
COOPER_LNODER16,37.31925091782716,-120.51201930357878,64.36493
COOPER_LNODER17,37.31926769919903,-120.51190771989396,64.36493
COPUS_6_N001,35.093593,-119.278466,61.6567
CORCORAN_1_N001,36.10957699998725,-119.55797958991954,64.59273
CORCORAN_1_N005,36.10957699998725,-119.55809041008045,64.59273
CORDELIA_6_N001,38.216066,-122.112082,65.39001
CORDPMP_6_N003,38.575433098781254,-121.497588,65.50391
CORNING_6_N004,39.93198099998522,-122.18732639815484,64.85849
CORNING_6_N006,39.93198099998522,-122.18744360184516,64.85849
CORONADO_6_N001,32.698823762005226,-117.173249,60.82777
CORONADO_6_N002,32.69874311898509,-117.17319367259638,60.82777
CORONA_1_N001,32.69874311898509,-117.17330432740361,67.35105
CORRAL_6_N001,38.1014979999861,-120.92635462577833,67.00989
CORRAL_6_N003,38.1014979999861,-120.92646937422167,67.00989
CORSGOLD_1_N001,37.22751499998653,-119.69108432761332,63.7385
CORSGOLD_1_N003,37.22751499998653,-119.69119767238668,63.7385
CORTEZ_LNODEDR1,37.5005587104299,-120.913235680039,64.37126
CORTEZ_LNODEDR3,37.5007571927422,-120.913267914805,64.37126
CORTEZ_LNODEDR5,37.5006522266335,-120.913263660994,64.37126
CORTEZ_LNODEDR6,37.5008124927682,-120.913424010622,64.37126
CORTEZ_LNODEDR7,37.5007095209272,-120.913352769965,64.37126
CORTINA_1_N106,39.121407,-122.224176,84.7233
COR_LNODENE1,38.55393333331922,-121.20798139654603,64.46618
COR_LNODENE3,38.55393333331922,-121.20809638123197,64.46618
COTATI_6_N101,38.30970399998603,-122.73153156284509,71.15088
COTATI_6_N102,38.30970399998603,-122.73164643715491,71.15088
COTTLEA_2_N001,37.772676259234935,-120.825545,64.44087
COTTLE_7_N001,37.77259487036768,-120.82548555286246,64.44719
COTWDPGE_1_N001,34.38040399998781,-116.87675022716886,63.10573
COVELO6_6_N001,39.78628299998532,-123.24850460152904,100.24176
CPLECEF_1_N001,37.25999999998651,-121.63994328855216,67.71859
CPLECEF_1_N005,37.25999999998651,-121.64005671144784,67.71859
CPP_LNODESS1,38.3383555554995,-121.12458988828622,64.55476
CPP_LNODESS2,38.33844566948052,-121.124475,64.55476
CRABTREE_LNODENK1,37.64506,-120.60683,64.54844
CRCANAL_6_N001,40.1384740349693,-122.208547,65.85826
CREELMAN_6_N001,33.01815871873613,-116.853026,50.29141
CREELMAN_6_N004,33.01807814061963,-116.85297051775382,50.29141
CREELMAN_6_N014,33.01807814061963,-116.85308148224618,50.29774
CRESSEY_1_N001,37.42852799998634,-120.6386900986629,65.00403
CRESTWD_6_N001,32.699023999988746,-116.35373376108788,31.53542
CROWLNDG_LNODEDR1,37.4627004272953,-120.740076630976,64.33962
CROWLNDG_LNODEDR3,37.462786962981,-120.740080933369,64.33329
CROWLNDG_LNODEDR4,37.462613876709,-120.740078364387,64.33329
CROWLNDG_LNODEDR5,37.4625421344261,-120.740074305354,64.33329
CROWLNDG_LNODEDR7,37.4627827502437,-120.740270351347,64.33962
CRUSHER_6_N001,37.021645,-122.154383,68.04763
CRWSLDG_6_N001,37.377307,-121.085672,66.39611
CRYSTLSG_6_N001,37.528913,-122.361067,67.88944
CSG_LNODESS,38.51068967879612,-121.47509029333828,64.47883
CSTRVLLE_1_N001,36.762604151493385,-121.73625384675147,63.43477
CURTIS1_7_N001,37.974949221777045,-120.320668,63.3968
CURTISS_1_N101,37.974867889096444,-120.32072756943327,63.39047
CYMRIC_1_N001,35.31,-119.63,60.64427
DAIRYLND_1_N001,37.055221,-120.317015,64.27635
DALYCTY_1_N001,37.69180126214444,-122.455704,68.47791
DALYCTY_1_N005,37.69171986891291,-122.45564461457239,68.47791
DANISHCM_1_N001,36.71900181109094,-119.76576504300833,64.25104
DAVIS_1_N001,39.06008956957949,-121.70988464738468,66.01012
DAVIS_1_N007,39.05991043030674,-121.70988464767737,66.01012
DAVIS_1_N012,39.05991043030674,-121.71011535232263,66.01012
DECPTSG_2_N001,38.05999999998602,-121.86994264179833,65.32041
DECPTSG_2_N018,38.05999999998602,-121.87005735820168,65.32041
DEEPWATR_1_N101,38.55162999998592,-121.56020750817653,65.89623
DEEPWATR_1_N104,38.55162999998592,-121.56032249182347,65.89623
DELAMO_2_N001,33.84836303124857,-118.096994,61.51116
DELAMO_2_N014,33.84828198436281,-118.09693765855927,61.51116
DELAMO_2_N022,33.84828198436281,-118.09705034144073,61.51116
DELMAR_6_N001,38.7988788301003,-121.220655,60.89105
DELMAR_6_N001A,38.798798084934575,-121.22059518327069,65.14324
DELMAR_6_N005,38.798798084934575,-121.22071481672931,65.14324
DELMAR_6_N010,32.980789999988666,-117.25535963525417,60.89105
DELMAR_6_N011,32.980789999988666,-117.25546636474583,60.89105
DELMNTE_1_N010,36.599053999987,-121.8539621246086,64.43454
DELMNTE_1_N201,36.599053999987,-121.85407387539139,64.43454
DESCANSO_6_N001,32.86524,-116.633752,34.33224
DEVLDNPP_6_N003,35.774930999987355,-119.97393475743563,61.61873
DEVLSDN_6_N001,35.774930999987355,-119.97404524256437,61.68833
DFS_1_N001,36.72,-120.6,62.88426
DIABLO1_7_N001,35.215922999950024,-120.84743471985068,60.04314
DIABLO2_7_N001,35.215922999950024,-120.84765528014933,60.04947
DIABLOCN_2_N001,35.21601309719158,-120.847545,63.27025
DINUBAE_7_N001,36.56893330486095,-119.41841731957626,64.77623
DINUBA_6_N001,36.56893330486095,-119.41864068042374,64.85849
DINUBA_6_N005,36.56911269503489,-119.41864068068313,64.85849
DIRYVLLE_6_N001,40.12799,-122.097838,65.84561
DIVISION_6_N001,32.6815959999886,-117.12003376624276,60.68856
DIVISION_6_N009,32.6815959999886,-117.12014023375725,60.68856
DIXON-J1_6_N101,38.44545401121386,-121.826237,64.74459
DIXONLD_1_N001,37.457825231051295,-121.921353,67.43385
DIXONLD_1_N002,37.457743884459624,-121.92129383478914,67.43385
DIXONLD_1_N008,37.457743884459624,-121.92141216521087,67.44017
DIXON_6_B1,38.445372994377905,-121.8261772770627,64.74459
DIXON_6_N002,38.445372994377905,-121.8262967229373,64.74459
DMNDSPR_1_N001,38.69304699998593,-120.82566347343,65.28877
DMNDSPR_1_N003,38.69304699998593,-120.82577852656999,65.28877
DOBBINS_6_N001,39.339604,-121.197378,64.43454
DOLANRD_1_N001,36.800296,-121.769123,63.34618
DOMTAR_1_N001,38.13,-121.65,64.69397
DONNER_LNODE07,39.327305,-120.281812,64.67499
DONPEDRO_LNODENSS,37.6962503274167,-120.4206077500803,64.29533
DOSPALS_6_N001,36.97484,-120.635012,63.34618
DUKMOSS1_7_N001,36.85999999998676,-121.76005620188538,62.88426
DUKMOSS2_7_N001,36.84999999994714,-121.75988762218331,62.88426
DUKMOSS3_7_N001,36.84999999994714,-121.76011237781668,62.88426
DUKMOSS3_7_N002,36.85008992566386,-121.76,62.88426
DUKMOSS4_7_N001,36.84999999994714,-121.71988762218332,62.87161
DUKMOSS5_7_N001,36.83999999998681,-121.72005617595099,62.85895
DUKMOSS6_7_N001,36.84999999994714,-121.72011237781669,62.87161
DUKMOSS6_7_N002,36.85008992566386,-121.72,62.87161
DUMBARTN_1_N001,37.557155251259346,-122.057606,66.75046
DUMBARTN_1_N003,37.55707387435557,-122.05754673393427,66.75046
DUMBARTN_1_N011,37.55707387435557,-122.05766526606573,66.75046
DUNBAR_6_N001,38.38322299998598,-122.52777754540057,67.5845
DUNBAR_6_N002,38.38322299998598,-122.52789245459942,67.5845
DUNHILL_6_N001,32.901543,-117.229958,60.68856
DUNLAP_6_N001,36.64502999998689,-119.15909106962141,65.01668
DUNNIGAN_6_N001,38.924808,-121.989951,111.99
DUNNSIDE_1_N001,35.03321,-116.467335,61.03617
EAGLEMTN_2_N001,33.82005401596653,-115.44,58.97377
EAGLEMTN_2_N002,33.8199729920039,-115.43994369314599,58.97377
EAGLROCK_2_N001,38.8293359999859,-122.81077743066047,61.12517
EAGLROCK_2_N012,38.8293359999859,-122.81089256933953,61.12517
EASTGATE_6_N101,32.88493613808494,-117.20083859603457,60.78981
EASTGATE_6_N201,32.88493613808494,-117.20094940396542,60.78981
EBMUDGRY_1_N001,37.93,-122.04,65.81397
ECY_LNODE101,38.55445658675582,-121.43093112608555,64.44087
ECY_LNODE102,38.55427674646514,-121.4309311263732,64.44087
ECY_LNODE103,38.55427674646514,-121.43116109584881,64.44087
ECY_LNODE104,38.55445658675582,-121.43116109613645,64.44087
EDENVALE_1_N001,37.24503626216962,-121.7958386130011,64.86482
EDENVALE_1_N004,37.24485573772219,-121.79583861327271,64.86482
EDENVALE_1_N006,37.24485573772219,-121.79606538672729,64.86482
EDENVALE_1_N008,37.24503626216962,-121.7960653869989,64.86482
EDES_1_N001,37.738786999986225,-122.19371982090533,66.92763
EDES_1_N003,37.738786999986225,-122.19383417909467,66.93396
EDMON1AP_7_N001,34.986313,-118.738787,60.59365
EDMON2AP_7_N001,34.986312999950265,-118.73867680688261,60.58732
EDMON3AP_7_N001,34.98622271993701,-118.73867680700413,60.58732
EDMON3AP_7_N002,34.98615888237297,-118.73875472524391,60.58732
EDMON4AP_7_N001,34.98614361582445,-118.738863331203,60.58732
EDMON4AP_7_N002,34.98617488443967,-118.73896670370384,60.58732
EDMON5AP_7_N001,34.98624072734969,-118.73904209487607,60.58732
EDMON5AP_7_N002,34.986326049781965,-118.73907810817316,60.58732
EDMON6AP_7_N001,34.986416194964555,-118.73907208804029,60.58732
EDMON6AP_7_N002,34.98649877424742,-118.73902755565565,60.58732
EDMON7AP_7_N001,34.98656446909455,-118.73895197200041,60.58732
EDMON7AP_7_N002,34.98660721032227,-118.7388549100885,60.58732
EDMON8AP_7_N001,34.98662398575978,-118.738746635625,60.58732
EDMON8AP_7_N002,34.986614439197844,-118.738637059907,60.58732
EDWARDS_1_N001,34.991871,-117.890005,60.89764
EELRIVR_6_N001,40.602658,-124.210199,68.09268
EIGHTMI_2_N017,38.058077,-121.375292,64.56109
EISENHOW_1_N001,33.830599,-116.497612,60.37851
EISEN_6_N001,35.35714,-118.97131,61.15681
ELCAJNGT_7_N001,32.795346131065216,-116.97233863745876,124.89051
ELCAJNGT_7_N004,32.795346131065216,-116.97244936254124,124.85254
ELCAPTN_1_N001,37.335801999986415,-120.50517320028958,64.77623
ELCAPTN_1_N004,37.335801999986415,-120.50528679971042,64.77623
ELCAPTN_1_N005,37.365512,-120.578993,64.77623
ELCRRTO_1_N001,37.91620499998609,-122.30313670905946,66.63023
ELCRRTO_1_N023,37.91620499998609,-122.30325129094054,66.63023
ELKCREEK_6_N001,39.12957472883464,-123.711777,68.82593
ELKHIL1G_7_N001,35.22604999998747,-119.37772885850012,60.63794
ELKHIL2G_7_N001,35.22604999998747,-119.37783914149988,60.63794
ELK_6_N001,39.1294941355673,-123.71183698354646,91.39
ELK_SM_LNODENE2,38.37273738362879,-121.354256944444,64.51047
ELK_SM_LNODENE7,38.372656308170484,-121.35419723840097,64.5168
ELK_SM_LNODENE8,38.372656308170484,-121.35431665048702,64.5168
ELLIOTT_6_N001,32.81585999998874,-117.08840071898302,65.06623
ELLIOTT_6_N004,32.81585999998874,-117.08850728101697,65.06623
ELLIS_6_N001,37.716505,-121.548766,61.20743
ELLIS_6_N105,33.685126,-117.943596,61.20743
ELLSGTY_1_N001,33.685294,-117.943088,64.40923
ELNIDO_1_N004,37.12061299998659,-120.47270746040512,64.04222
ELNIDO_2_N001,37.12061299998659,-120.47282053959488,62.22618
ELNIDO_2_N012,33.89624399998809,-118.37271472929694,62.22618
ELNIDO_7_N001,33.89624399998809,-118.37282327070305,64.04222
ELPATIO_1_N001,37.29223717683988,-121.935913,67.81983
ELPATIO_1_N006,37.29215591156547,-121.93585402427247,67.81983
ELPATIO_1_N015,37.29215591156547,-121.93597197572753,67.81983
ELV_LNODENE1,38.71426666661026,-121.47683299057677,64.36493
ELV_LNODENE2,38.71418891290697,-121.47689052312896,64.36493
ELV_LNODENE3,38.71418891290697,-121.47700558798303,64.36493
ELV_LNODENE4,38.71426666661026,-121.47706312053523,64.36493
ELV_LNODENE5,38.71434442039811,-121.4770055881082,64.36493
ELV_LNODENE6,38.71434442039811,-121.4768905230038,64.36493
EMBRCDR_2_N001,37.780090430972514,-122.37988558363396,68.00966
EMBRCDR_2_N008,37.77990956891692,-122.37988558391392,68.00966
EMBRCDR_2_N101,37.77990956891692,-122.38011441608609,68.00966
EMBRCDR_2_N104,37.780090430972514,-122.38011441636604,68.00966
EMRLDLE_6_N001,37.462178,-122.277933,67.16176
EMRYSVE_1_N001,39.163430999985756,-121.56151425780503,64.13714
EMRYSVE_1_N003,39.163430999985756,-121.56162974219497,64.13714
ENCINAL_6_N001,39.247383,-121.637248,64.07386
ENCINA_1_N001,33.13699513479889,-117.33531843066032,60.51772
ENCINA_1_N049,33.13699513479889,-117.33542956933968,60.51772
ENCNITAS_6_N001,33.05068472041646,-117.285325,61.06822
ENCNITAS_6_N004,33.05060413977941,-117.28526949553299,61.06822
ENCNITAS_6_N011,33.05060413977941,-117.285380504467,61.06822
ENSLEN_LNODEHKQ,37.65224426097517,-121.0013,64.56109
ENSLEN_LNODELOU,37.65216286949752,-121.00124064749899,64.56109
ENSLEN_LNODEWFN,37.65216286949752,-121.00135935250101,64.56109
ERTA_6_N001,36.930594,-121.763827,65.26346
ESCNDIDO_6_N001,33.12543545233769,-117.116857,60.1254
ESCNDIDO_6_N046,33.12552499995441,-117.11696392572938,60.1254
ESCNDIDO_6_N053,33.12561454766245,-117.116857,60.1254
ESCO_6_N001,33.115770727187964,-117.089119,60.30258
ESCO_6_N004,33.11569013639368,-117.08906344744015,60.30258
ESQUON_6_N001,39.607876,-121.768445,63.67522
ESTGRND_1_N001,37.653951261060854,-122.403031,68.26277
ESTGRND_1_N005,37.65386986945481,-122.402971646041,68.26277
ESTGRND_1_N009,37.65386986945481,-122.403090353959,68.26277
ESTPRTL_1_N001,37.876677,-122.186415,66.3708
ESTQNCY_6_N001,39.938128,-120.910322,59.29648
ETIWANDA_6_N001,34.0883812512724,-117.5255740237224,61.03659
ETIWANDA_6_N003,34.08814499998799,-117.52552751207779,61.03659
EUREKAA_6_N001,40.793883999984665,-124.18290627263764,66.16275
EUREKA_6_N001,40.793883999984665,-124.18302572736236,66.14376
EVRGREEN_1_N001,37.303338999986465,-121.8408102375639,65.45329
EVRGREEN_1_N019,37.303338999986465,-121.84092376243609,65.45329
EXXONBH_7_N001,38.08095331088854,-122.13762073299924,65.54188
FAIRGRND_LNODEDR1,37.5006945896515,-120.867048786933,64.39657
FAIRGRND_LNODEDR3,37.5005735349484,-120.866718665766,64.39657
FAIRGRND_LNODEDR4,37.5005721589657,-120.866803820595,64.39657
FAIRGRND_LNODEDR5,37.5005181954718,-120.867051337755,64.39657
FAIRGRND_LNODEDR7,37.5005718981617,-120.866887330714,64.39657
FAIRGRND_LNODEDR8,37.5005716373084,-120.866970837622,64.39657
FAIRHAVN_6_N001,40.80028,-124.195714,66.5171
FAIRWAY_1_N001,34.91059499998762,-120.44635292480474,65.04199
FAIRWAY_1_N002,34.91059499998762,-120.44646307519525,65.04199
FAMOSO_1_N001,35.60500099998741,-119.20248280260235,61.42257
FARREL_1_N001,33.85654399998807,-116.49686777574072,60.18868
FARREL_1_N002,33.85654399998807,-116.49697622425927,60.18868
FAR_SUB_LNODEONA,34.03809021316632,-118.37089113436087,60.53037
FAR_SUB_LNODEONB,34.0379097867377,-118.37089113459244,60.52405
FAR_SUB_LNODEONC,34.0379097867377,-118.37110886540755,60.52405
FAR_SUB_LNODEOND,34.03809021316632,-118.37110886563912,60.52405
FELICITA_6_N001,33.093263724336374,-117.073637,60.22032
FELICITA_6_N005,33.09318313781945,-117.07358146461416,60.22032
FELICITA_6_N009,33.09318313781945,-117.07369253538583,60.22032
FELLOWSG_7_N001,35.195188999987465,-119.58505586292793,60.79613
FIGARDN_2_N001,36.8220309999868,-119.85852484727552,63.68787
FIGARDN_2_N101,36.8220309999868,-119.85863715272448,63.68155
FINNEY_LNODESNV,37.627520677678156,-120.9751667,64.57375
FIREBAGH_6_N001,36.850688,-120.466577,63.89036
FIREHOUS_LNODEBUSH,34.8569,-114.6245,59.11298
FIY_LNODE0LD,38.762778,-121.356944,64.35861
FLINT_1_N001,38.88530299998586,-121.06669540924167,65.44696
FMC_1_N001,37.347699999986396,-121.92219018683774,68.40198
FMC_1_N003,37.347699999986396,-121.92230381316226,68.40198
FOOTHILL_1_N001,35.27,-120.7,63.70686
FORSTHL_6_N001,39.01927,-120.830271,64.02957
FORTORD_6_N001,36.643363,-121.792138,64.76358
FORTRSS_6_N001,38.539559,-123.223713,92.14134
FOSTERW_7_N001,38.02007534657929,-122.06127131707333,65.63679
FRANKLIN_6_N003,38.012317,-122.264655,67.69961
FRA_SM_LNODENE1,38.38101134187077,-121.4768906014164,64.52312
FRA_SM_LNODENE2,38.380933333277234,-121.47683314740071,64.52312
FRA_SM_LNODENE3,38.38085532476781,-121.47689060154032,64.52312
FRA_SM_LNODENE4,38.38085532476781,-121.47700550957168,64.52312
FRA_SM_LNODENE5,38.380933333277234,-121.47706296371129,64.52312
FRA_SM_LNODENE6,38.38101134187077,-121.4770055096956,64.52312
FREDONIA_LNODELD,34.1733,-114.574,59.19524
FREMNT_1_N001,37.54118124868743,-121.962063,67.20605
FREMNT_1_N007,37.54109987564155,-121.96200374944321,67.20605
FREMNT_1_N013,37.54109987564155,-121.96212225055679,67.20605
FRIARS_1_N001,32.77904499998872,-117.15675673371696,60.44811
FRIARS_1_N009,32.77904499998872,-117.15686326628304,60.44811
FRNCHGLH_6_N001,40.68692,-122.641204,64.89013
FROGTOWN_7_N001,38.056504,-120.53381,63.51703
FRTSWRD_6_N001,40.21377199998503,-123.59658599020719,70.68702
FRUITLND_6_N001,40.28584,-123.837372,70.68702
FRUITVLE_6_N001,35.376774999987504,-119.0924868388967,61.20743
FRUITVLE_6_N101,35.376774999987504,-119.09259716110328,61.20743
FSTREET_LNODEDR1,37.4895796064313,-120.838424090027,64.4029
FSTREET_LNODEDR3,37.4896984214952,-120.838270217479,64.39657
FSTREET_LNODEDR4,37.4896152090171,-120.838173674241,64.39657
FSTREET_LNODEDR5,37.4894938869083,-120.83833925837,64.4029
FTCHMTN_6_N001,38.60608399998592,-122.85282549557644,70.23337
FTCHMTN_6_N003,38.60608399998592,-122.85294050442356,70.23337
FTL_LNODENE1,38.69308721315885,-121.348651111111,64.38392
FTL_LNODENE2,38.693006393405355,-121.34859132777218,64.38392
FTL_LNODENE3,38.693006393405355,-121.34871089444981,64.38392
FULTON_2_N010,38.49657200829278,-122.75943026543568,67.70796
FULTON_2_N049,38.49657200829278,-122.75954973456432,67.70796
F_6_N001,32.75497274686537,-117.126027,72.53806
F_6_N002,32.75489212655523,-117.12597165333155,72.53806
F_6_N005,32.75489212655523,-117.12608234666845,72.53806
GABILAN_6_N001,36.731511,-121.61325,66.28854
GALE_1_N001,34.85946599998758,-116.86535894183864,61.13616
GANSNER_6_N101,39.939187,-120.948157,62.18822
GANSO_1_N001,35.501698,-119.449132,60.64427
GARCIA_6_N001,38.88879,-123.550318,92.99557
GAREY_1_N002,34.98,-120.26,64.78256
GARFIELD_6_N001,32.795125,-116.996848,112.95043
GARNET_7_N001,33.93858299995228,-116.57633536031197,60.06845
GEER_LNODEDR1,37.52250334748,-120.843709746797,64.38392
GEER_LNODEDR2,37.5224993081714,-120.843588348711,64.37759
GEER_LNODEDR3,37.5224318250334,-120.843496861832,64.37759
GEER_LNODEDR4,37.5224297824039,-120.843426269924,64.37759
GEER_LNODEDR5,37.5224263420376,-120.843557323915,64.38392
GEER_LNODEDR7,37.5224225565731,-120.843630755159,64.38392
GEER_LNODEDR8,37.522425898329,-120.843709042834,64.38392
GENESEE_6_N001,32.87974054062765,-117.2133823800825,60.82144
GENESEE_6_N005,32.87956145928191,-117.21338238029792,60.82144
GENESEE_6_N011,32.87956145928191,-117.21359561970208,60.82144
GENESEE_6_N015,32.87974054062765,-117.2135956199175,60.82144
GENE_2_N001,34.3,-114.23,59.90393
GERBER_6_N101,40.064207,-122.156114,65.07996
GEYSR5-6_7_N001,38.777006613720275,-122.74238837921152,79.84058
GIFFEN_6_N001,36.545076,-120.334519,63.30821
GILROYF_1_N001,37.14,-121.58,64.26369
GILSTRAP_LNODEDR1,37.5800948624588,-120.975549487551,64.33962
GILSTRAP_LNODEDR3,37.5801662132492,-120.9757670064,64.33962
GILSTRAP_LNODEDR5,37.5799830759229,-120.975550499689,64.33962
GILSTRAP_LNODEDR7,37.58017229934,-120.975552395649,64.33962
GILSTRAP_LNODEDR8,37.5801700030066,-120.975645212521,64.33962
GILSTRAP_LNODER17,37.5801611951015,-120.976018315921,64.33962
GIRVAN_6_N001,40.51347,-122.378916,64.99137
GLENCLIF_6_N001,32.798367,-116.498315,33.13631
GLENSHIR_LNODERE,39.352238,-120.08626,64.24471
GLENWOOD_6_N001,37.45733023092607,-122.186967,68.2248
GLENWOOD_6_N004,37.457248884522265,-122.18690783531744,68.2248
GLENWOOD_6_N005,37.457248884522265,-122.18702616468256,68.2248
GLRYCGG1_7_N001,37.12999999998655,-121.5600565514771,64.15612
GOLDTREE_1_N001,35.32012199998752,-120.69284284611503,63.922
GOLDTREE_1_N002,35.32012199998752,-120.69295315388497,63.922
GOLETA_6_N200,34.46880142976412,-119.88445868708224,64.44087
GONZALES_6_N001,36.50885299998702,-121.44685522795733,65.38369
GONZALES_6_N003,36.50885299998702,-121.44696677204267,65.38369
GORMAN_6_N001,34.8014,-118.818908,60.89738
GOSELKE_1_N001,35.601596,-119.579654,60.85941
GOULD_2_N001,34.22145799998786,-118.18701737338756,61.11252
GOULD_2_N007,34.22145799998786,-118.18712662661244,61.11252
GRANDIS_1_N004,38.23108199998597,-121.59029758372996,65.20018
GRANDIS_1_N009,38.23108199998597,-121.59041241627003,65.20018
GRANITE_6_N001,32.804473,-116.92086,137.13
GRANITE_6_N007,32.804472999954854,-116.9207534473782,137.13
GRANITE_6_N008,32.80438343993102,-116.92086,137.13
GRANITE_6_N009,32.804472999954854,-116.92096655262179,137.13
GRANTRK_6_N001,37.67099326174171,-122.160116,66.71882
GRANT_1_N001,37.67091186911436,-122.16005663166834,66.40877
GRANT_1_N005,37.67091186911436,-122.16017536833166,66.40877
GRBRVLLE_6_N001,40.10263,-123.792873,118.94075
GRDNEAST_1_N101,36.47999999998696,-119.60994425959105,63.98527
GRDNEAST_1_N102,36.47999999998696,-119.61005574040897,63.98527
GRDNWEST_1_N001,36.59,-119.57,64.01058
GREENBRE_6_N001,37.93780399998614,-122.51415869769995,69.42294
GREENBRE_6_N003,37.93780399998614,-122.51427330230004,69.42294
GRIMWAY_1_N001,35.27,-118.87,61.45421
GRNTHLL_1_N001,32.80456256006898,-116.92086,60.2393
GRNVALY_1_N001,36.952139010813255,-121.76018,65.03566
GRNVALY_1_N011,36.95205799457908,-121.76012146857028,65.03566
GRSSVLY_6_N101,39.209514,-121.061004,65.55453
GRYSFLT_6_N001,40.021612,-121.065532,61.90347
GUALALA_6_N001,38.786699,-123.522777,92.45139
GUSTINE_6_N001,37.253223999986524,-121.01302629664288,69.16763
GUSTINE_6_N002,37.253223999986524,-121.01313970335713,69.16763
GYSRVLLE_6_N001,38.70981887157317,-122.907957,70.44851
GYSRVLLE_6_N003,38.70973806419826,-122.90789721183104,70.44851
HALSEYF_7_N001,38.90131699998584,-121.08772559737287,65.96583
HAL_SUB_LNODEON1,33.84769999998815,-118.30334578612137,60.44811
HAL_SUB_LNODEONA,33.84769999998815,-118.30345421387864,60.44179
HAMILTON_6_N001,39.746242,-122.011361,63.75115
HAMMER_6_N001,38.02138220754234,-121.320367,65.38369
HAMMER_6_N003,38.02130089621381,-121.32030740848892,65.38369
HAMMER_6_N004,38.02130089621381,-121.32042659151108,65.38369
HAMMONDS_1_N001,36.72011,-120.603287,62.65014
HARBORG_7_N101,33.770089981295506,-118.25010824500784,61.91613
HARDING_6_N001,37.963708999986125,-121.29050568468435,65.33939
HARDING_6_N004,37.963708999986125,-121.29062031531565,65.33939
HARDWICK_6_N001,36.404261,-119.68624,64.4029
HARRIS_6_N001,40.78104299998464,-124.13194328500423,66.02987
HARRIS_6_N003,40.78104299998464,-124.13206271499577,66.02987
HARTER_6_N001,39.14325399998575,-121.6480072716394,62.21353
HARTER_6_N003,39.14325399998575,-121.6481227283606,62.21353
HARTLEY_6_N001,39.077268,-122.932322,85.05266
HAR_GS_LNODE10AUX,33.77070285420546,-118.26588005129787,60.45444
HAR_GS_LNODE11AUX,33.770785160786886,-118.2658363056699,60.45444
HAR_GS_LNODE12AUX,33.77085063868779,-118.26576205737284,60.45444
HAR_GS_LNODE13AUX,33.770893238769126,-118.26566671029164,60.45444
HAR_GS_LNODE14AUX,33.77090995880947,-118.26556034876025,60.45444
HAR_GS_LNODE1AUX,33.770900443776654,-118.26545270896402,60.63162
HAR_GS_LNODE2AUX,33.770866485380765,-118.26535246672638,60.45444
HAR_GS_LNODE5AUX,33.77081149182394,-118.26526678898045,60.44811
HAR_SUB_LNODEONA,33.77073997374512,-118.26520109800133,60.44811
HAR_SUB_LNODEONB,33.77065707494083,-118.26515900180253,60.44811
HAR_SUB_LNODEONC,33.77056816417163,-118.26514234955444,60.44811
HATTON_6_N001,36.55679,-121.897162,65.00403
HAWKINS_LNODEDR1,37.5799617816957,-120.645598336747,64.34595
HAWKINS_LNODEDR3,37.5799481743814,-120.645311774451,64.34595
HAWKINS_LNODEDR5,37.5798175544824,-120.645562968772,64.34595
HAWKINS_LNODEDR7,37.5799502934699,-120.645479899093,64.34595
HAY_GS_LNODE10AUX,33.765034221459466,-118.09919670179296,60.52405
HAY_GS_LNODE12AUX,33.76505094051277,-118.09909035381168,60.52405
HAY_GS_LNODE14AUX,33.765041426041684,-118.09898272772843,60.52405
HAY_GS_LNODE15AUX,33.7650074696504,-118.0988824982613,60.52405
HAY_GS_LNODE9AUX,33.7649524793399,-118.09879683143038,60.52405
HAY_LNODESS1,33.76488096548275,-118.09873114881994,60.52405
HAY_LNODESS2,33.76479807157197,-118.09868905798392,60.52405
HED_LNODENE1,38.50998333333333,-121.355746944444,64.48516
HED_LNODENE2,38.50998333327719,-121.35563197930773,64.48516
HED_LNODENE3,38.50989337309517,-121.35563197945136,64.48516
HED_LNODENE4,38.50982976169183,-121.355713272007,64.48516
HED_LNODENE5,38.50981454922492,-121.35582658122124,64.48516
HED_LNODENE6,38.509845707051696,-121.35593443034743,64.48516
HED_LNODENE7,38.509911316684935,-121.35601308641768,64.48516
HED_LNODENE8,38.50999633683837,-121.3560506593429,64.48516
HENRITTA_6_N101,36.24160599998715,-119.9029965105001,62.60584
HERDLYN_6_N001,37.816383,-121.586176,64.19409
HERSHEY_LNODESLL,37.75083,-120.8453,64.63069
HERSHEY_LNODEXF1,37.7508299999447,-120.8451856244636,64.63069
HERSHEY_LNODEXF2,37.75073956547022,-120.8453,64.63069
HERSHEY_LNODEXF3,37.7508299999447,-120.84541437553641,64.63069
HERSHEY_LNODEXF4,37.750920434529704,-120.8453,64.63069
HICKS_2_N001,37.234159254320986,-121.90015163922017,65.30775
HICKS_2_N002,37.23397874557105,-121.9001516394916,65.30775
HICKS_2_N007,37.23397874557105,-121.90037836050841,65.30775
HIDESERT_2_N001,34.145263999987954,-116.18586145110677,60.63794
HIDESERT_2_N018,34.145263999987954,-116.18597054889322,60.63794
HIGGINS_1_N001,39.043590575891166,-121.09071766620363,64.94075
HIGGINS_1_N002,39.04341142399536,-121.0907176664961,64.94075
HIGGINS_1_N004,39.04341142399536,-121.09094833350389,64.94075
HIGHLD_1_N001,38.93741777608508,-122.609034,82.23836
HIGHLD_1_N005,38.937337111942234,-122.60909387327588,82.23836
HIGHWAY_1_N001,38.166048151820924,-122.253616,64.41555
HIGHWAY_1_N002,38.16596692407439,-122.25355635179834,64.41555
HILLSDLE_6_N001,37.536271,-122.322394,68.43994
HILLSIDE_1_N001,37.879999999986126,-122.23994272916374,66.23159
HILLSIDE_1_N004,37.879999999986126,-122.24005727083625,66.23159
HILMAR_LNODEDR1,37.4189785637285,-120.849304571346,64.40923
HILMAR_LNODEDR2,37.4188603223578,-120.849075716434,64.4029
HILMAR_LNODEDR4,37.4189333711687,-120.849077780203,64.40923
HILMAR_LNODEDR5,37.4188652133943,-120.849148221032,64.4029
HILMAR_LNODEDR7,37.4188555229834,-120.849223847561,64.4029
HILMAR_LNODER17,37.4189123657556,-120.849307362712,64.40923
HINSON_6_N001,33.81885999995258,-118.22236564005779,61.93511
HLFMNBY_6_N002,37.46874323375435,-122.43018,69.97124
HLFMNBY_6_N004,37.46866188310803,-122.43012082319957,69.97124
HLFMNBY_6_N101,37.46866188310803,-122.43023917680043,69.97124
HMBLTBY_6_N003,40.78280899998469,-124.11247771670773,65.66286
HOBARTTP_LNODE19,39.400047,-120.149888,64.23838
HOLLISTR_1_N001,36.862728962246265,-121.405867,64.62437
HOLLISTR_1_N004,36.86264801886252,-121.40580858969733,64.62437
HOLLISTR_1_N101,36.86264801886252,-121.40592541030266,64.62437
HOMEGRND_1_N001,38.96,-122.84,82.0075
HOMEPROC_1_N001,38.94,-122.85,81.99484
HONCUT_1_N001,39.320099,-121.595289,63.82075
HOOPA_6_N001,41.056514,-123.682252,74.88859
HORSESHE_1_N001,38.744281999985915,-121.16156545871566,65.28244
HORSESHE_1_N002,38.744281999985915,-121.16168054128434,65.28244
HPLNDJT_6_N001,38.972898,-123.081134,84.63264
HSK_LA_LNODEKSS,34.487,-118.514,60.50506
HUGHSON_LNODEDR1,37.5949433309328,-120.846755674049,64.25736
HUGHSON_LNODEDR2,37.5949478453779,-120.846639431615,64.25104
HUGHSON_LNODEDR3,37.5948895849844,-120.846669736494,64.25104
HUGHSON_LNODEDR4,37.5949564824944,-120.846831604577,64.25736
HUGHSON_LNODEDR5,37.594883530932,-120.846800432358,64.25736
HUGHSON_LNODEDR8,37.5948895004896,-120.84669840193,64.25104
HUNT1G_7_N002,33.64610399995311,-117.97753404459904,61.19478
HUNT2G_7_N002,33.645950581890766,-117.97761038065147,61.19478
HUNT3G_7_N002,33.64596651133317,-117.97781805443613,61.19478
HUNT4G_7_N002,33.646116990569396,-117.97792719657157,61.19478
HURLEY_LNODE12LD3,38.587283,-121.418244,58.77761
HURON_6_N001,36.185797,-120.104535,61.87184
HUR_LNODENE1,38.58818333333333,-121.418666944444,64.39024
HUR_LNODENE2,38.58818333327699,-121.41855194404475,64.39024
HUR_LNODENE3,38.58810548632912,-121.41860944430671,64.39024
HUR_LNODENE4,38.58810548632912,-121.41872444458129,64.39024
HUR_LNODENE5,38.58818333327699,-121.41878194484326,64.38392
HUR_LNODENE7,38.58826118030932,-121.41872444470597,64.38392
HUR_LNODENE8,38.58826118030932,-121.41860944418204,64.38392
HWD_SUB_LNODEONA,34.088090251059334,-118.34689102435425,60.5367
HWD_SUB_LNODEONB,34.0879097488445,-118.34689102458658,60.5367
HWD_SUB_LNODEONC,34.0879097488445,-118.34710897541342,60.5367
HWD_SUB_LNODEOND,34.088090251059334,-118.34710897564575,60.5367
HYATT_2_N212,39.54,-121.47,63.08042
IBM-CTLE_1_N001,37.33,-121.74,64.86482
IBM-HRRS_1_N001,37.339999999986375,-121.73994319553019,64.76358
IBM-HRRS_1_N101,37.339999999986375,-121.74005680446982,64.76358
IGNACIO_1_N102,38.07555099998604,-122.54000436436782,66.62612
IMHOFF_1_N001,38.001509,-122.066739,66.19363
IMPRLBCH_6_N001,32.58332899998902,-117.09716179037093,60.66325
IMPRLBCH_6_N004,32.58332899998902,-117.09726820962906,60.67591
INDIANW_1_N001,33.75822999998817,-116.36079489140164,60.06213
INDIANW_1_N005,33.75822999998817,-116.36090310859835,60.06213
INDNFLT_6_N001,37.66547,-119.841331,66.38346
INDUSTRL_LNODEDR1,37.4786063003132,-120.866935168966,64.40923
INDUSTRL_LNODEDR2,37.4784258031614,-120.866836967643,64.41555
INDUSTRL_LNODEDR3,37.4784244272802,-120.866662034426,64.41555
INDUSTRL_LNODEDR5,37.4785292936467,-120.866935824384,64.40923
INDUSTRL_LNODEDR7,37.4784403782944,-120.866928290638,64.40923
INDUSTRL_LNODEDR8,37.4784247171011,-120.866748607625,64.41555
INGRMC_1_N001,37.83,-121.17,65.06098
INYOKERN_1_N001,35.65261399998741,-117.79478579202693,54.54569
INYOKERN_1_N008,35.65261399998741,-117.79489620797307,54.54569
IRONMTN_2_N001,34.16,-115.12,59.22688
IUKA_6_N001,37.665987,-121.831011,66.09238
JACINTO_6_N001,39.582923,-122.010645,64.11815
JAMACHA_6_N001,32.744163749547276,-116.957239,124.34
JAMACHA_6_N006,32.74408312521416,-116.95718365728564,124.34
JAMACHA_6_N015,32.74408312521416,-116.95729434271436,124.34
JAMESON_1_N001,38.205743,-122.147539,65.42798
JANSCRK_6_N001,40.905394259900845,-124.072573,66.15642
JANSCRK_6_N003,40.90531287003298,-124.0725108262728,66.15642
JARVIS_1_N014,37.59572442721241,-122.01803387245575,67.89577
JARVIS_1_N016,37.595543572677634,-122.01803387273313,67.89577
JARVIS_1_N017,37.595543572677634,-122.01826212726687,67.89577
JARVIS_1_N101,37.59572442721241,-122.01826212754425,67.89577
JCBSCRNR_6_N001,36.22245499998718,-119.77977650530629,62.68178
JCBSCRNR_6_N003,36.22245499998718,-119.77988749469371,62.68178
JENNY_1_N001,37.769999999986226,-122.25994279875593,71.48988
JENNY_1_N008,37.769999999986226,-122.26005720124407,71.48988
JESSUP_1_N001,40.462102,-122.328061,63.10573
JMSCNPMP_1_N001,38.19,-122.47,64.41555
JOHANNA_2_N001,33.71362395818503,-117.852576,61.315
JOHANNA_2_N007,33.71354302089469,-117.85251982319095,61.315
JOLON_6_N001,36.013308,-121.167635,63.70686
KAMM_1_N001,36.58,-120.52,62.60584
KANAKA_1_N001,39.439999999985574,-121.38994201903363,61.76427
KEARNEY_6_N001,36.704357999986875,-119.88278399673257,63.60561
KEARNEY_6_N099,36.704357999986875,-119.88289600326743,63.60561
KEARNEY_7_N001,32.832849999988746,-117.13199871171014,71.01646
KEARNEY_7_N003,32.832849999988746,-117.13210528828985,71.06708
KELSO_2_N001,37.797722,-121.601591,64.4725
KERMAN_6_N001,36.69205999998684,-120.05918901200307,64.09284
KERMAN_6_N002,36.69205999998684,-120.05930098799692,64.09284
KERNOIL_1_N001,35.44070999998741,-119.02061483035583,61.9541
KERNOIL_1_N012,35.44070999998741,-119.02072516964418,61.9541
KERNPWR_1_N002,35.37980096994444,-119.097984,61.08721
KERNPWR_1_N201,35.37972001501422,-119.09792667452027,61.08721
KERNRDGE_1_N001,35.48320899998747,-119.76358482417542,61.51116
KERNRV_1_N001,35.37972001501422,-119.09804132547973,61.99839
KERNWATR_1_N001,35.400666,-119.035603,61.89715
KESWICK_6_N001,40.623725,-122.462027,66.36447
KETTLEMN_6_N001,36.044075,-120.112696,62.40969
KETTNER_6_N001,32.733172,-117.173774,60.7645
KIERNAN_LNODETUB,37.71047,-121.0139,64.59273
KINGCTY_6_N001,36.21683446252504,-121.1266820197143,63.41578
KINGCTY_6_N002,36.21683446252504,-121.1269039802857,63.41578
KINGCTY_6_N005,36.217013537372516,-121.12690398053972,63.41578
KINGSBRG_1_N001,36.48869063297857,-119.58234525016937,63.99793
KINGSBRG_1_N008,36.48861299994815,-119.58228950045047,63.99793
KIRKER_1_N001,38.0212542075842,-121.905844,65.25081
KIRKER_1_N005,38.02117289619287,-121.90578440854696,65.25081
KIRKER_1_N006,38.02117289619287,-121.90590359145303,65.25081
KNA_LNODENA2,40.654722,-122.389167,63.26392
KNGHTSLD_1_N001,38.809281,-121.74515,65.19386
KONOCTI6_6_N001,38.9325,-122.741085,81.75665
KYOCERA_6_N001,32.819776,-117.140362,71.30719
LADDCM_LNODEARD,37.73258,-121.01392,64.59273
LAFRESA_6_N001,33.86979104273171,-118.33319,62.13127
LAFRESA_6_N007,33.869709978621295,-118.33324636755688,62.13127
LAGNANL_1_N001,33.49498074466377,-117.70295838393929,61.7263
LAGNANL_1_N002,33.494801255243225,-117.70295838416239,61.7263
LAGNANL_1_N005,33.494801255243225,-117.70317361583761,61.7263
LAGNANL_1_N006,33.49498074466377,-117.70317361606071,61.7263
LAGRANG_LNODEOAD,37.6697612035926,-120.443808701526,64.30166
LAGUBELL_6_N001,33.975996097823064,-118.14794,61.4985
LAGUBELL_6_N210,33.97591495107552,-118.14799649540468,61.4985
LAGUNATP_6_N001,36.748942999986895,-121.60530194075191,70.54975
LAGUNITS_6_N001,36.748942999986895,-121.60541405924809,66.04809
LAJOLLA_6_N001,32.840121999988746,-117.27517670850455,65.58709
LAJOLLA_6_N007,32.840121999988746,-117.27528329149546,65.58709
LAKEVIEW_6_N101,35.093678,-119.10139,61.92246
LAKEVLLE_1_N001,38.251505,-122.580692,66.33162
LAKEWOOD_1_N001,37.909008286572075,-122.05701271293042,65.85193
LAKEWOOD_1_N003,37.90892999994441,-122.05695542598274,65.85193
LAKEWOOD_1_N004,37.90885171340006,-122.05701271305232,65.85193
LAKEWOOD_1_N006,37.90885171340006,-122.05712728694768,65.85193
LAKEWOOD_1_N007,37.90892999994441,-122.05718457401727,65.85193
LAKEWOOD_1_N009,37.909008286572075,-122.05712728706959,65.85193
LAK_SM_LNODENE2,38.658077794318025,-121.13012359377534,64.44087
LAK_SM_LNODENE3,38.65799999994368,-121.13006607656462,64.44087
LAK_SM_LNODENE4,38.657922205653776,-121.13012359390028,64.44087
LAK_SM_LNODENE6,38.657922205653776,-121.13023862832172,64.44087
LAK_SM_LNODENE7,38.65799999994368,-121.13029614565738,64.44087
LAK_SM_LNODENE8,38.658077794318025,-121.13023862844666,64.44087
LAMONT_1_N001,35.296667999987505,-118.86162984910735,61.41624
LAMONT_1_N002,35.296667999987505,-118.86174015089266,61.41624
LAPHAM_LNODEQBZ,37.639494,-120.919982,64.57375
LAPHAM_LNODEXBC,37.63949399994495,-120.91986779708742,64.57375
LAPLMG1_7_N001,35.29516599994997,-119.59192469860037,59.97354
LAPLMG2_7_N001,35.2950123151544,-119.59200269352937,60.00518
LAPLMG3_7_N001,35.29502827228419,-119.59221488028864,60.00518
LAPLMG4_7_N001,35.29517901313358,-119.59232639423358,59.97354
LASPALMS_1_N001,36.8,-119.69,64.35228
LASPLGS_6_N001,33.31288499998846,-117.46694237728786,68.28808
LASPULGS_6_N001,33.31288499998846,-117.46704962271214,62.2515
LAURELES_6_N001,36.47781599998705,-121.7268922619553,66.24425
LAWRENCE_1_N001,37.397207,-122.010126,67.09215
LAWRENCE_1_N003,37.39720699994556,-122.01001226428907,67.09215
LAWRENCE_1_N004,37.39711664332103,-122.010126,67.09215
LAWRENCE_LNODEENCE,37.397297356679005,-122.010126,59.12563
LBEACH2G_7_N002,33.818691093192,-118.22254906136247,61.93511
LCIENEGA_6_N001,34.000751,-118.378408,62.37172
LEGRAND_1_N001,37.184412,-120.273463,64.31431
LEMOORE_6_N002,36.30998799998711,-119.79822042969916,63.05511
LEMOORE_6_N101,36.30998799998711,-119.79833157030085,63.05511
LEPRINO_1_N001,37.748396,-121.41576,64.92809
LERDO_1_N001,35.50010399998744,-119.15188082156193,61.63771
LERDO_1_N004,35.50010399998744,-119.15199117843807,61.63771
LILAC_6_N001,33.25325899998847,-117.08580343192692,59.8723
LILAC_6_N010,33.25325899998847,-117.08591056807307,59.8723
LIMESTNE_6_N001,38.63377399998596,-120.97960448884528,65.09894
LINCON_LNODECRZ,37.63940356621228,-120.91986779722644,64.56742
LINCON_LNODEFCN,37.639339619957,-120.91994855081084,64.56742
LINDEN_6_N101,38.016891,-121.095875,67.00989
LITEHIPE_6_N001,33.88040091918611,-118.17506849549716,61.89715
LITEHIPE_6_N008,33.88058108071875,-118.17528550473195,61.89715
LIVERMRE_6_N001,37.68013099998621,-121.78059286544908,66.05442
LIVERMRE_6_N003,37.68013099998621,-121.78070713455092,66.05442
LIVNGSTN_6_N001,37.363379203022006,-120.760425,64.71295
LLAGAS_1_N001,37.006958040367174,-121.557391,64.37759
LLAGAS_1_N003,37.00687697980194,-121.55733239433584,64.37759
LLAGAS_1_N005,37.00687697980194,-121.55744960566416,64.37759
LMEC1_1_N001,38.030625,-121.896783,65.0673
LMEC1_1_N101,38.03062499994427,-121.89666830800388,65.0673
LMEC1_1_N601,38.0305346591732,-121.89666830814532,65.0673
LMEC1_1_N801,38.03047077865233,-121.89674940756281,65.0673
LMECCT1_7_N001,38.0304867914731,-121.89697004046927,65.0673
LMECCT2_7_N001,38.03063805852326,-121.89708599331652,65.0673
LMECST1_7_N001,38.03081089924409,-121.89703337694175,65.0673
LMPC-CTY_1_N001,34.6,-120.39,66.14301
LOCKHD1_1_N001,37.409054,-122.03213,67.27566
LOCKHD2_1_N001,37.416224,-122.030655,67.23136
LOGANCR_2_N001,39.53955399998549,-122.26277291112409,61.67929
LOGANCR_2_N010,39.53955399998549,-122.26288908887592,61.67929
LONESTAR_1_N001,37.511676999986356,-122.20756301431467,67.77554
LOSALTS_6_N004,37.3939352129738,-122.114735,66.99724
LOSALTS_6_N005,37.393853893498445,-122.11467590496156,66.99724
LOSALTS_6_N101,37.393853893498445,-122.11479409503845,66.99724
LOSCCHS_6_N001,32.85981772690813,-116.899263,62.93488
LOSCOCHS_6_N001,32.85973713653372,-116.89920760858072,39.07166
LOSCOCHS_6_N034,32.85973713653372,-116.89931839141927,39.07166
LOSGATS_6_N002,37.226423999986494,-121.97722832893687,69.50932
LOSGATS_6_N201,37.226423999986494,-121.97734167106313,69.50932
LOSOSTS_6_N001,36.293864,-121.20007,63.49172
LOVELAND_6_N001,32.796957,-116.792258,38.25539
LOWGAP_7_N001,40.4327289999849,-123.47220368717633,62.19455
LOYALTON_LNODETY,39.6680639999855,-120.24305624345052,64.22572
LOYOLA_6_N001,37.360660999986344,-122.09993417231678,66.64289
LOYOLA_6_N004,37.360660999986344,-122.10004782768323,66.64289
LPFLKBD_6_N001,40.90531287003298,-124.07263517372719,66.15009
LSGLLNS_1_N001,38.022339207228725,-122.537978,67.20826
LSGLLNS_1_N002,38.0222578963706,-122.53791840805536,67.20826
LSGLLNS_1_N003,38.0222578963706,-122.53803759194464,67.20826
LSPSTAS_2_N001,37.700982436898656,-121.73360569835381,65.9595
LSPSTAS_2_N002,37.70080156299109,-121.73360569863272,65.9595
LSPSTAS_2_N010,37.70080156299109,-121.7338343013673,65.9595
LSPSTAS_2_N011,37.700982436898656,-121.73383430164618,65.9595
LSTHLLS_6_N001,35.785755,-119.866138,61.81489
LUCERNE_1_N001,39.110189,-122.81298,85.93539
LUCERNE_1_N004,39.11,-122.81,85.93539
LUIS#3_1_N001,36.65,-120.73,62.66279
LUIS#5_1_N001,36.72,-120.75,62.65647
LVNGSTN_7_N002,37.36329789847426,-120.76036593987695,65.10527
LYOTH-SP_6_N001,37.721862,-121.390858,64.85216
LYTNVLLE_6_N001,39.684962,-123.476979,100.24176
MABURY_1_N001,37.36089599998639,-121.86395517205479,67.4908
MABURY_6_N001,37.36089599998639,-121.86406882794522,65.45329
MADISON_1_N002,38.67073989103906,-121.969138,64.33962
MADISON_1_N201,38.67065905446531,-121.9690782228888,64.33962
MAGUNDEN_1_N002,35.36215899998747,-118.92373215922743,62.87161
MAINE-PR_6_N001,38.385820999985995,-121.77582145519017,64.54211
MALAGA_1_N001,36.69415479048744,-119.72474601890697,64.45985
MALAGA_1_N004,36.69397520940774,-119.72474601916853,64.45985
MALAGA_1_N005,36.69397520940774,-119.72496998083147,64.45985
MALAGA_1_N206,36.69415479048744,-119.72496998109303,64.45985
MANCHSTR_1_N001,36.78803392229639,-119.787488,64.42821
MANCHSTR_1_N002,36.787953038837564,-119.78742968988867,64.42821
MANCHSTR_1_N005,36.787953038837564,-119.78754631011132,64.42821
MANDLY1G_7_N002,34.207498198093205,-119.249016,62.15025
MANDLY2G_7_N002,34.20741690094034,-119.2489592448821,62.15025
MANDLY3G_7_N001,34.20741690094034,-119.2490727551179,62.15025
MANTECA_1_N001,37.80151542742815,-121.22356755493873,65.45329
MANTECA_1_N002,37.80133457246114,-121.22356755521895,65.45329
MANTECA_1_N012,37.80133457246114,-121.22379644478104,65.45329
MANTECA_1_N013,37.80151542742815,-121.22379644506127,65.45329
MANVILLE_1_N001,34.53,-120.43,66.01645
MARGARTA_1_N001,33.55007578845692,-117.62798626281774,61.64404
MARGARTA_1_N002,33.54989621144975,-117.62798626304166,61.64404
MARGARTA_1_N008,33.54989621144975,-117.62820173695833,61.64404
MARGARTA_1_N009,33.55007578845692,-117.62820173718225,61.64404
MARICOPA_6_N001,35.107547,-119.398151,61.06822
MARIPOS2_6_N001,37.50445799998627,-120.00773602136582,65.46595
MARIPOS2_6_N003,37.50445799998627,-120.00784997863418,65.46595
MARPOS_LNODEKSA,37.63932432741219,-120.92006110878681,64.57375
MARPOS_LNODENOX,37.63935564925701,-120.92016824287315,64.57375
MARSHALL_LNODEDR1,37.43587720766,-121.132527674588,64.44719
MARSHALL_LNODEDR2,37.4358760484777,-121.13220043951,64.44087
MARSHALL_LNODEDR3,37.4358798082574,-121.132682875263,64.44719
MARSHALL_LNODEDR4,37.4358789493306,-121.132046059332,64.44087
MARSHALL_LNODEDR5,37.4358787251639,-121.131895544498,64.44087
MARSHALL_LNODER8C,37.435876146414,-121.132374308977,64.44719
MARTELL_6_N001,38.369191999986,-120.79669245138386,65.13058
MARTINEZ_1_N001,38.02,-122.16,66.42142
MCARTHR_6_N001,41.05270199998445,-121.40878106361407,62.89692
MCCALL_1_N026,36.61141783540495,-119.639697,63.93465
MCCALL_1_N030,36.61133708228342,-119.63963891745578,63.93465
MCC_LNODEMCC,38.63008971070796,-121.51320976638306,64.38392
MCDISLE_6_N001,37.93693288402067,-121.52832945017714,67.41486
MCFRLND_6_N001,35.688444,-119.276835,61.56178
MCKEE_1_N001,37.366407204044364,-121.843789,67.14277
MCKEE_1_N005,37.36632589796316,-121.84372993637959,67.14277
MCKEE_1_N101,37.36632589796316,-121.84384806362041,67.14277
MCMULLN1_2_N001,36.592775,-119.989065,63.31454
MCY_LNODE101,38.563116666666666,-121.464371944444,64.42821
MCY_LNODE102,38.563116666610455,-121.4642569555954,64.42821
MCY_LNODE103,38.56302675430868,-121.46425695573926,64.42821
MCY_LNODE104,38.562963176761876,-121.46433826506194,64.42821
MCY_LNODE105,38.562947972391605,-121.46445159764659,64.43454
MCY_LNODE106,38.5629791136348,-121.46455946901716,64.43454
MCY_LNODE107,38.56304468834792,-121.46463814131086,64.43454
MCY_LNODE108,38.56312966325024,-121.46467572198618,64.43454
MDLRIVR_6_N001,37.93693288402067,-121.52844854982285,66.57961
MDWYPS_6_N001,35.402824999987416,-119.45497183549746,61.23907
MECCTG1_7_N100,37.239909741275135,-121.77988662517618,64.67499
MECCTG2_7_N100,37.2400902586168,-121.78011337509535,64.64968
MEDWLNE_1_N001,37.963141225082815,-122.052361,65.79498
MEDWLNE_1_N002,37.963059887443606,-122.05230143651556,65.79498
MEDWLNE_1_N006,37.963059887443606,-122.05242056348443,65.79498
MELROSE_6_N001,33.206560573300976,-117.25285494469412,61.32766
MELROSE_6_N004,33.20638142660739,-117.25285494491321,61.32766
MELROSE_6_N005,33.20638142660739,-117.25306905508678,61.32766
MELROSE_6_N009,33.206560573300976,-117.25306905530589,61.32766
MENLO_6_N001,37.4330313740754,-122.20260718789906,68.32605
MENLO_6_N002,37.43285062581547,-122.2026071881739,68.32605
MENLO_6_N003,37.43285062581547,-122.2028348118261,68.32605
MENLO_6_N004,37.4330313740754,-122.20283481210093,68.32605
MERCEDFL_7_N001,37.27292328168154,-120.48675154649395,65.39634
MERCED_1_N001,37.27274271821013,-120.48697845323395,64.94075
MERCED_1_N002,37.27292328168154,-120.48697845350604,64.94708
MERIDIAN_6_N101,37.225299,-121.744182,111.99
MESACAL_6_N001,34.037454,-118.109265,61.22642
MESAHGTS_6_N001,32.829628731503114,-117.157263,71.61491
MESAHGTS_6_N007,32.82954813423625,-117.15720762268285,71.61491
MESARIM_6_N001,32.90498753633711,-117.17294735480384,61.47952
MESARIM_6_N007,32.90480846357245,-117.1729473550195,61.47952
MESARIM_6_N008,32.90480846357245,-117.1731606449805,61.47952
MESARIM_6_N012,32.90498753633711,-117.17316064519616,61.47952
METCALF_1_N018,37.22435199998651,-121.74197733145253,64.76358
METTLER_6_N001,38.078067,-121.2867,66.20628
MEYERS_LNODE31,38.877195,-119.986125,61.30867
MEYERS_LNODE32,38.87719499994345,-119.98600982501117,61.30867
MEYERS_LNODE33,38.87710533707398,-119.986125,61.30867
MEYERS_LNODE34,38.87719499994345,-119.98624017498884,61.30867
MEYERS_LNODE35,38.87728466292607,-119.986125,61.30867
MI-WUK_1_N001,38.052745,-120.217268,62.69443
MIDDLTWN_6_N002,38.7527889999859,-122.60852945612646,83.61066
MIDDLTWN_6_N101,38.7527889999859,-122.60864454387354,83.61066
MILLBRAE_1_N001,37.605189,-122.391045,67.75023
MILLBRAE_1_N004,37.60518899994505,-122.39093085578821,67.75023
MILLBRAE_1_N201,37.60518899994505,-122.3911591442118,67.75023
MILLBRAE_6_N001,37.6052794289691,-122.391045,67.9717
MILLER_1_N001,37.81,-121.1,65.35205
MILPITAS_1_N001,37.415395,-121.888564,67.42752
MILPITAS_1_N003,37.41539499994551,-121.8884502251851,67.42752
MILPITAS_1_N005,37.41530463419468,-121.888564,67.42752
MILPITAS_1_N006,37.41539499994551,-121.88867777481491,67.42752
MINNIER_LNODEJFF,37.71289,-120.93858,64.56742
MIRABEL_6_N001,38.489406,-122.894261,69.23992
MIRALOMA_6_N001,34.004371186293284,-117.56506721001799,61.10619
MIRAMAR_6_N001,32.89408253805123,-117.13552936589245,61.37828
MIRAMAR_6_N004,32.89390346185827,-117.135529366108,61.37828
MIRAMAR_6_N017,32.89390346185827,-117.135742633892,61.37828
MISSION_6_N001,32.784191999954906,-117.13741946348074,72.32925
MISSION_6_N031,32.78411443272647,-117.13747273178681,72.32925
MISSION_6_N040,32.78411443272647,-117.13757926821319,72.32925
MISSION_6_N049,32.784191999954906,-117.13763253651926,72.32925
MKT_SUB_LNODEONA,34.0434902173762,-118.24599112234871,60.50506
MKT_SUB_LNODEONB,34.04330978252786,-118.24599112258036,60.51139
MKT_SUB_LNODEONC,34.04330978252786,-118.24620887741963,60.50506
MKT_SUB_LNODEOND,34.0434902173762,-118.24620887765128,60.51139
MNDCTP_6_N001,39.251247,-123.196582,86.13741
MOFTFLD_1_N002,37.41,-122.04,67.21871
MOLINO_6_N002,38.42527299998595,-122.83215753598292,70.23969
MOLINO_6_N101,38.42527299998595,-122.83227246401708,70.23969
MONOLITH_6_N029,34.92999999998754,-118.4199449189089,60.68856
MONOLITH_6_N101,34.92999999998754,-118.4200550810911,60.68856
MONROE_1_N001,38.45321800700051,-122.743668,68.75509
MONROE_1_N002,38.45313699648462,-122.74360827529611,68.78673
MONROE_1_N101,38.45313699648462,-122.74372772470389,68.78673
MONSRATE_6_N001,33.32908099998846,-117.23541536188321,62.18189
MONSRATE_6_N007,33.32908099998846,-117.23552263811678,62.18189
MONTAGUE_1_N001,37.40375521599691,-121.905675,68.03497
MONTAGUE_1_N006,37.403673891986756,-121.90561589392182,68.03497
MONTAGUE_1_N007,37.403673891986756,-121.90573410607819,68.03497
MONTCLLO_1_N008,38.48,-122.32,71.86294
MONTEREY_6_N001,36.599917,-121.890341,64.85216
MONTERO_6_N001,38.47145299998595,-123.01207452586034,70.46116
MONTERO_6_N004,38.47145299998595,-123.01218947413966,70.46116
MONTGMRY_6_N001,32.631633999988686,-117.09951777952129,60.35953
MONTGMRY_6_N002,32.631633999988686,-117.0996242204787,60.35953
MONTPELR_LNODEDR3,37.5513950204046,-120.771210942368,64.37759
MONTPELR_LNODEDR4,37.5513208784333,-120.77132554154,64.37759
MONTPELR_LNODEDR5,37.5513203022304,-120.771217224249,64.37759
MONTPELR_LNODEDR7,37.551320342333,-120.771557696814,64.37759
MONTPELR_LNODEDR8,37.5513195014288,-120.771445581179,64.37759
MOORPARK_6_N001,34.28245799998789,-118.90073231455499,61.36562
MORAGA_1_N001,37.848008,-122.160732,66.04809
MORGAN_1_N001,37.12745917114046,-121.65871690356438,60.80246
MORMON_6_N001,37.968746,-121.185898,66.14933
MOROHILL_6_N001,33.252187,-117.300305,61.75794
MORROBY_1_N001,35.373004,-120.855187,63.12471
MOSSLD_1_N001,36.804150842399494,-121.78373687034716,63.24494
MOSSLND6_7_ND001,36.80399515757413,-121.78384912953872,63.75115
MOSSLND7_7_ND001,36.804150842399494,-121.78384912965284,63.75115
MPLECRK_6_N001,40.767881,-123.87365,70.64906
MREIS-Q_1_N001,38.12,-122.33,64.42188
MRGNHIL_1_N001,37.12727882875214,-121.65871690383386,64.92809
MRGNHIL_1_N004,37.12727882875214,-121.65894309616613,64.92809
MRGNHIL_1_N007,37.12745917114046,-121.65894309643562,64.92809
MRTSVAL_LNODE32,39.329538,-120.170031,63.97895
MRYSVLLE_6_N001,39.13944599998575,-121.58327227419691,64.32064
MRYSVLLE_6_N003,39.13944599998575,-121.58338772580308,64.32064
MSHR60V_6_N001,38.02150699998609,-121.28089465794243,66.17464
MSHR60V_6_N006,38.02150699998609,-121.28100934205757,66.17464
MTEDEN_1_N001,37.63264525976642,-122.10124,66.22526
MTEDEN_1_N005,37.632563870101905,-122.10118066447778,66.22526
MTEDEN_1_N009,37.632563870101905,-122.10129933552223,66.22526
MTNHOUSE_LNODE1KV,37.79428,-121.55964,64.12448
MTNPASS_1_N001,35.508179,-115.53125,59.28382
MTNQUAR_6_N001,38.914515,-121.015694,65.93419
MTVIEW_1_N001,34.07927114678052,-117.240376,66.26323
MTVIEW_1_N004,34.079189926596804,-117.24031938460595,66.26323
MTVIEW_1_N005,34.079189926596804,-117.24043261539406,66.26323
MURRAY_6_N001,32.79087756459772,-117.0229334582287,100.39724
MURRAY_6_N004,32.790698435312095,-117.02293345844329,100.39724
MURRAY_6_N005,32.790698435312095,-117.02314654155671,100.39724
MURRAY_6_N015,32.79087756459772,-117.0231465417713,100.39724
MUSLSLGH_6_N001,36.264507,-119.907357,62.63748
NARROWS1_7_N001,33.13712344927391,-116.2943780565384,64.90278
NARROWS_6_N010,33.137302550634665,-116.29459194367982,54.23645
NATNLCTY_6_N001,32.67305199998863,-117.10726576866911,60.63794
NATNLCTY_6_N005,32.67305199998863,-117.10737223133088,60.63794
NAT_LNODENE1,38.65097779957077,-121.48672359559271,64.37126
NAT_LNODENE2,38.65089999994365,-121.48666608019934,64.37126
NAT_LNODENE3,38.650822200401045,-121.48672359571763,64.37126
NAT_LNODENE4,38.650822200401045,-121.48683862650437,64.37126
NAT_LNODENE5,38.65089999994365,-121.48689614202266,64.37126
NAT_LNODENE6,38.65097779957077,-121.4868386266293,64.37126
NAVSTMTR_6_N001,32.67041199998878,-117.11463876940559,60.69489
NAVSTMTR_6_N011,32.67041199998878,-117.11474523059441,60.69489
NAVY35R_1_N001,35.29,-119.45,60.80879
NBRANCH_6_N001,38.199837,-120.719506,64.92809
NCMETER_1_N001,33.089572,-117.203236,60.61896
NCPA1GY1_7_N001,38.329999999986036,-122.63005744213352,65.70519
NCPA1GY2_7_N001,38.33999999998601,-122.64005744453604,65.73682
NCPA2GY1_7_N001,38.34999999998599,-122.65005744690819,67.41688
NCPA2GY2_7_N001,38.329999999986036,-122.68005744213352,67.38525
NDUBLIN_2_N002,37.86,-121.88,67.0352
NEWARKD_1_N001,37.50049924095103,-121.987091,67.02888
NEWARKD_1_N012,37.500417879509776,-121.98703179018516,67.02888
NEWBURG_6_N001,40.59455299998477,-124.13512748525541,68.84567
NEWBURG_6_N003,40.59455299998477,-124.13524651474458,68.84567
NEWELL_LNODEWELL,41.888139999984205,-121.37832971620207,59.13829
NEWHALL_1_N001,36.86718099998678,-120.32825478878492,63.97262
NEWHALL_1_N002,36.86718099998678,-120.32836721121508,63.97262
NEWMAN_6_B2,37.31543099998646,-121.01505122358405,67.75656
NEWMAN_6_N001,37.31543099998646,-121.01516477641594,67.75656
NOISLMTR_6_N004,32.70248360152014,-117.18205952001077,60.84043
NOISLMTR_6_N009,32.70230439838948,-117.1820595202246,60.84043
NORCO_1_N001,35.28535,-119.308893,60.93534
NORD1_1_N001,39.759998999985385,-121.90689363690683,63.94731
NORD1_1_N003,39.759998999985385,-121.90701036309318,63.94731
NORTECH_1_N001,37.46,-121.76,67.9274
NORTHOAK_6_N003,35.96338313356797,-119.45673850749412,61.08088
NORTHOAK_6_N004,35.96338313356797,-119.45685349250587,61.08088
NORTHOAK_6_N005,37.36329789847426,-120.76048406012305,61.08088
NOVATO_6_N001,38.10860199998601,-122.56828762317217,66.73369
NOVATO_6_N002,38.10860199998601,-122.56840237682783,66.73369
NRTHTWR_1_N001,38.066061192073654,-122.195674,67.57938
NRTHTWR_1_N002,38.06597990394814,-122.1956143891305,67.57938
NRTHTWR_1_N004,38.06597990394814,-122.19573361086951,67.57938
NR_SUB_LNODEONA,34.22909034238915,-118.54339073176756,60.57467
NR_SUB_LNODEONB,34.228909657513995,-118.54339073200198,60.57467
NR_SUB_LNODEONC,34.228909657513995,-118.54360926799801,60.57467
NR_SUB_LNODEOND,34.22909034238915,-118.54360926823244,60.57467
NUMITAP_1_N003,37.5,-122.04,67.64899
NVYSCHL_6_N001,36.59909,-121.877082,64.72561
NWKDIST_2_N001,37.47999999998637,-121.97994304564625,66.8517
NWKDIST_2_N004,37.47999999998637,-121.98005695435374,66.8517
OAKC12_7_N002,37.797435,-122.281022,66.87701
OAKDAL_LNODEMTS,37.66746999998627,-120.95814287556452,64.56109
OAKDAL_LNODENDN,37.66746999998627,-120.95825712443548,64.56109
OAKHURST_1_N001,37.32379499998641,-119.63394921398016,63.9916
OAKHURST_1_N002,37.32379499998641,-119.63406278601984,63.9916
OAKLAND_1_N001,37.79743499994459,-122.28090756034669,66.8517
OAKLAND_1_N006,37.797356686862834,-122.280964780234,66.8517
OAKLAND_1_N033,37.797356686862834,-122.28107921976599,66.8517
OCEANO_1_N001,35.10177099998753,-120.58099587832989,65.33306
OCEANO_1_N004,35.10177099998753,-120.5811061216701,65.33306
OCEANSDE_6_N001,33.19681799998853,-117.381743480479,61.56811
OCEANSDE_6_N002,33.19681799998853,-117.381850519521,61.56811
OIGLASS_1_N001,37.75,-121.31,63.78279
OILDALE_1_N001,35.42,-118.98,62.0237
OILFLDS_6_N001,35.95646873409211,-120.85121,61.70732
OILFLDS_6_N007,35.95638813294024,-120.8511525112428,61.70732
OLDRIVR_6_N001,35.208404,-119.100252,61.50483
OLDTOWN_6_N001,32.766092,-117.192529,60.53037
OLEMA_6_N001,38.042497,-122.786541,67.98656
OLETA_6_N001,38.48064499998599,-120.84462852385393,65.41532
OLETA_6_N003,38.48064499998599,-120.84474347614606,65.41532
OLINDA_6_N001,33.94616008273055,-117.922244,61.38461
OLIVHRST_1_N001,39.0918869999858,-121.54288430472884,63.89036
OLIVHRST_1_N002,39.0918869999858,-121.54299969527116,63.89036
OLY_SUB_LNODEONA,34.03409021003063,-118.45989114327803,60.54936
OLY_SUB_LNODEONB,34.03390978987338,-118.45989114350952,60.54936
OLY_SUB_LNODEONC,34.03390978987338,-118.46010885649046,60.54303
OLY_SUB_LNODEOND,34.03409021003063,-118.46010885672197,60.54936
OMAR_2_N001,35.475983864148716,-118.98698399999999,60.78348
OMWD_6_N001,33.068479,-117.141404,60.33422
ONEILPMP_7_LN001,37.098611,-121.0475,63.66889
OREGNTRL_1_N001,40.61902099998471,-122.32226045686366,66.34549
OREGNTRL_6_N001,40.61902099998471,-122.32237954313634,66.56696
OREGON_LNODENK1,37.63168999998624,-120.9742429051075,64.57375
OREGON_LNODENK2,37.63168999998624,-120.9743570948925,64.57375
ORICK_6_N001,41.294542,-124.056522,67.82692
ORLANDB_6_N001,39.725068,-122.178873,63.52335
OROLOMA_6_N001,36.886866,-120.655928,63.03613
OROSI_6_N006,36.544759,-119.251776,65.06098
OROVILLE_6_N001,39.50524442035656,-121.5593758990519,63.31454
OROVILLE_6_N005,39.50524442035656,-121.5596081009481,63.31454
OROVILLE_6_N102,39.50542357952801,-121.55960810124742,63.31454
ORV_LNODENE1,38.68455,-121.267326944444,64.39024
ORV_LNODENE2,38.68454999994364,-121.26721189591703,64.39024
ORV_LNODENE3,38.68446019318104,-121.26721189606141,64.39024
ORV_LNODENE4,38.68439669026182,-121.26729324758281,64.39024
ORV_LNODENE5,38.68438150373832,-121.26740663898543,64.39657
ORV_LNODENE6,38.6844126084275,-121.26751456633991,64.39657
ORV_LNODENE7,38.6844781061685,-121.26759327946426,64.39657
ORV_LNODENE8,38.68456298132683,-121.2676308796447,64.39657
OTAY_6_N001,32.595376662064226,-117.05752057560969,60.53037
OTAY_6_N014,32.59519733784581,-117.05752057582266,60.53037
OTTER_6_N001,36.47781599998705,-121.7270037380447,66.24425
OVES_SUB_LNODEBKB,37.43792099998635,-118.55704491120122,53.75978
OVES_SUB_LNODEBKC,36.443,-118.0438,56.44903
OVES_SUB_LNODEBKD,37.342,-118.441,53.82306
OXFORD_1_N001,36.7,-120.68,62.63748
PACFCBCH_6_N001,32.799218999988646,-117.24014772581532,60.87207
PACFCBCH_6_N004,32.799218999988646,-117.24025427418468,60.87207
PACIFICA_6_N001,37.59458399998625,-122.48892793722666,68.95249
PACIFICA_6_N003,37.59458399998625,-122.48904206277334,68.95249
PADUA_6_N001,34.120216,-117.639076,61.20743
PALMR_1_N001,34.825223,-120.298953,65.01668
PALOMAR_1_N001,33.12281772819047,-117.287925,60.56201
PALOMAR_1_N004,33.1227371358924,-117.28786944194597,60.56201
PALOMAR_1_N013,33.1227371358924,-117.28798055805403,60.56201
PANAMA_6_N001,35.29556801570901,-119.021525,61.52381
PANAMA_LNODECOUERCRK1,35.29548699213203,-119.02146768568419,61.46054
PANAMA_LNODECOUERCRK2,35.29548699213203,-119.02158231431581,61.46054
PANRAMA_1_N001,40.434409,-122.2679,62.99183
PARADISE_1_N001,39.7615578392488,-121.618634,63.65624
PARADISE_LNODEDISE,39.76147708035982,-121.61857334522642,59.13829
PARADISX_6_N001,39.76147708035982,-121.61869465477358,60.32789
PARADS_LNODEFEG,37.69056,-121.02061,64.55476
PARADS_LNODEKHB,37.690559999944874,-121.02049571450051,64.55476
PARKWAY_2_N001,38.17,-122.25,65.03566
PAR_LNODEAPM,37.668079999986205,-120.9174128750731,64.55476
PAR_LNODEFVM,37.668079999986205,-120.9175271249269,64.55476
PAULSWT_1_N001,36.99234705413821,-121.98202825128297,66.13035
PAULSWT_1_N004,36.9921669457552,-121.98202825154998,66.13035
PAULSWT_1_N101,36.99234705413821,-121.98225374871703,66.13035
PEABODY_2_N002,38.28558699998594,-121.97025256896055,64.35861
PEABODY_2_N006,38.28558699998594,-121.97036743103946,64.35861
PEACHTON_6_N001,39.3784769999856,-121.68494608007006,64.4029
PEACHTON_6_N004,39.3784769999856,-121.68506191992994,64.4029
PEARBMAP_7_B1,34.508883999950896,-117.91829825412502,61.10619
PEARBMAP_7_B3,34.50879356514072,-117.9182982542441,61.10619
PEARBMAP_7_B4,34.50872961811796,-117.91837585623696,61.10619
PEARBMBP_7_B1,34.50871432539329,-117.91848402139897,61.10619
PEARBMBP_7_B3,34.50874564762435,-117.91858697434263,61.10619
PEARBMBP_7_B4,34.5088116034329,-117.91866205952238,61.10619
PEARBMCP_7_B1,34.50889707216307,-117.91869792664747,61.10619
PEARBMCP_7_B3,34.50898737191128,-117.91869193094361,61.10619
PEARBMDP_7_B1,34.50907009278566,-117.91864757930026,61.10619
PEASE_1_N001,39.17010299998576,-121.66113925312504,63.60561
PEASE_1_N009,39.17010299998576,-121.66125474687495,63.60561
PENDLETN_6_N001,33.30925299998849,-117.3349783807102,61.76427
PENDLETN_6_N004,33.30925299998849,-117.3350856192898,61.76427
PENNGRVE_1_N001,38.315547,-122.681119,68.13773
PENRYN_6_N001,38.8444299999859,-121.16613942513398,66.06075
PENRYN_6_N004,38.8444299999859,-121.16625457486602,66.06075
PERMNNTE_6_N002,34.355793,-116.855947,65.90255
PERRY_6_N008,35.570805,-121.055868,63.96629
PETLMAA_6_N001,38.234002,-122.636285,66.40123
PETLMAC_6_N002,38.2390641182539,-122.636804,67.64145
PETLMAC_6_N003,38.23898294085798,-122.63674432895719,67.64145
PETLMAC_6_N004,38.23898294085798,-122.6368636710428,67.64145
PGG_LNODESS1,38.531716666610464,-121.39934830807131,64.43454
PGG_LNODESS2,38.531794557439916,-121.39929082076439,64.43454
PHILLIPS_1_N001,37.34,-122.03,66.94029
PHILO_6_N001,39.063719,-123.437524,89.22377
PICO_1_N001,33.45676299998844,-117.58919323286267,61.49218
PICO_1_N004,33.45676299998844,-117.58930076713733,61.49218
PIERCY_1_N201,37.28,-121.83,65.87092
PIKECTY_6_N001,39.438734,-120.997847,66.57961
PIONEER_LNODEBUS,37.39756017328021,-120.7270641608972,64.34595
PIONEER_LNODEDR1,37.39756017322573,-120.72695042442128,64.36493
PIONEER_LNODEDR2,37.3974698163648,-120.7269504245584,64.36493
PIONEER_LNODEDR3,37.3974059244655,-120.72703084832322,64.36493
PIONEER_LNODEDR4,37.39739064492007,-120.72714294658331,64.36493
PIONEER_LNODEDR5,37.39742194014138,-120.72724964310564,64.36493
PIONEER_LNODEDR6,37.397487839085414,-120.72732745855615,64.36493
PIONEER_LNODEDR7,37.39757323413797,-120.72736462991926,64.36493
PIONEER_LNODEDR8,37.397663456054794,-120.72735841623376,64.36493
PIONEER_LNODEDR9,37.39774610563929,-120.72731245188831,64.36493
PIONEER_LNODER15,37.397811856418734,-120.72723443776906,64.36493
PIT1_6_N001,38.030670659249246,-121.86908630802888,62.12494
PIT3_7_N001,38.030606778782065,-121.8691674075287,62.20087
PIT5_7_B1,38.030591501969816,-121.86928044765509,62.45398
PITSBURG_1_N001,38.03101263810665,-121.86937270758541,65.11792
PITTSBRG_6_N101,38.031055408073875,-121.8692716827705,64.59906
PLACERVL_1_N001,38.73027886166341,-120.788047,65.35838
PLACER_1_N001,38.901310999985846,-121.08802340262966,65.48493
PLACER_7_N009,38.901310999985846,-121.08813859737035,65.64312
PLAINFLD_6_N001,38.61887,-121.793976,69.69915
PLANETRN_LNODEANET,34.16127269818337,-114.38177086876138,58.85987
PLOALTO_1_N001,33.356029648193925,-117.1119886715524,68.0413
PLOALTO_1_N007,33.35585035171371,-117.11198867177347,68.0413
PLOALTO_1_N013,33.35585035171371,-117.11220332822651,68.0413
PLUMAS_6_N001,39.026121,-121.54308,64.76358
PNEDLE_1_N001,36.829999999986725,-119.82994383698444,63.95996
PNEDLE_1_N002,36.829999999986725,-119.83005616301556,63.99793
PNEGRVE_6_N001,38.41271199998601,-120.6602245387678,66.54798
PNEGRVE_6_N002,38.41271199998601,-120.6603394612322,66.54798
PNTARNA_6_N001,38.912571,-123.679495,92.21094
POC_LNODENE2,38.490383333333334,-121.470263055556,64.51047
POC_LNODENE3,38.49038333327713,-121.4701480990094,64.51047
POC_LNODENE4,38.490293355392375,-121.470263055556,64.51047
POC_LNODENE7,38.49038333327713,-121.47037801210259,64.51047
POC_LNODENE8,38.49047331127424,-121.470263055556,64.51047
POINTLMA_6_N013,32.74137841625509,-117.23325749479669,60.81512
POINTLMA_6_N014,32.74137841625509,-117.2334705052033,60.81512
POLPASPP_6_N002,38.57552299994369,-121.49770299452835,61.80223
POMERADO_6_N001,32.941482719314884,-117.032882,59.79636
POMERADO_6_N004,32.9414021403303,-117.03282656531631,59.79636
POMERADO_6_N008,32.9414021403303,-117.03293743468369,59.79636
PORTOLA_LNODE31,39.803943999985336,-120.46453157749829,64.22572
PORTOLA_LNODE32,39.803943999985336,-120.46464842250171,64.22572
POSOMT_1_N001,35.559194,-118.957501,62.06799
POST_1_N001,39.11,-121.64,65.82662
POTRERO_1_N001,37.46005423161257,-122.4,68.16153
POTRERO_1_N013,37.45997288417899,-122.39994083241324,68.16153
POTRERO_1_N016,37.45997288417899,-122.40005916758676,68.16153
POUST_LNODEIGQ,37.69046956305469,-121.02049571463989,64.56109
POUST_LNODELD2,37.6904056145667,-121.02057652662188,64.56109
POWAY_6_N001,32.978722999988655,-117.03130363648788,60.06845
POWAY_6_N010,32.978722999988655,-117.03141036351212,60.06845
PP1_LNODEOAD,34.59026131985074,-118.4546210726575,60.51772
PP1_PP2_LNODELMW,34.59026131985074,-118.4547309273425,60.52405
PP2_LNODEAUX,34.53433699995089,-118.52522278142764,60.51139
PP2_LNODEOAD,34.534427436468654,-118.525113,60.51139
PPSTLTAP_1_N001,38.01999999998606,-122.36994265860079,66.74413
PPSTLTAP_1_N104,38.01999999998606,-122.3700573413992,66.74413
PRAXAIR_1_B1,37.99999999998611,-121.80994266753221,65.37736
PRCTRVLY_1_N001,32.665044,-116.986801,59.5749
PRSCOT_LNODEAEJ,37.6903903214879,-121.02068916599474,64.56109
PRSCOT_LNODETKD,37.69042164442615,-121.02079637755577,64.56109
PRUNEDLE_1_N001,36.785518920972784,-121.671051,63.85239
PRUNEDLE_1_N002,36.785438039499425,-121.67099269323379,63.85239
PSARBLS_6_N001,35.61564884893555,-120.67989,63.49172
PSARBLS_6_N005,35.61556807551859,-120.67983263488163,63.49172
PSARBLS_6_N007,35.61556807551859,-120.67994736511837,63.49172
PTMRTTI_6_N001,37.030856,-122.187639,68.04763
PTR_PP_LNODEROM,35.24801901925079,-118.1756473615291,59.81535
PUEBLOPG_1_N001,38.345348999986,-122.29956355419145,68.39374
PUEBLOPG_1_N010,38.345348999986,-122.29967844580855,68.39374
PURISIMA_1_N001,34.700622,-120.435261,65.85826
QUEBEC_1_N001,36.07,-119.56,61.19478
RADUM_6_N001,37.67264599998626,-121.85946487140774,66.0734
RADUM_6_N004,37.67264599998626,-121.85957912859226,66.0734
RAINBOW_1_N001,36.709983,-119.538157,64.33329
RANCHRS_1_N001,36.700797999986875,-119.75437400116115,64.48516
RANDSBRG_1_N001,35.375699,-117.655868,58.37741
RAWSON_6_N001,40.145295999985066,-122.21242808907787,65.80764
RAWSON_6_N002,40.145295999985066,-122.21254591092213,65.80764
RCARMEL_6_N001,32.99378371822819,-117.077745,60.28359
RCARMEL_6_N004,32.9937031408736,-117.07768953360795,60.28359
RCARMEL_6_N011,32.9937031408736,-117.07780046639205,60.28359
RECTOR_6_N001,36.29851,-119.242336,61.25173
REDBLFF_6_N001,40.1825869024183,-122.244610070096,65.12425
REDBLFF_6_N004,40.1825869024183,-122.24484592990399,65.12425
REDBLFF_6_N005,40.18276709746204,-122.24484593021722,65.12425
REDBUD_1_N001,39.02788699998577,-122.66224734180834,82.24542
REDBUD_1_N004,39.02788699998577,-122.66236265819167,82.24542
REDWOOD_6_N001,37.490252,-122.213021,68.46526
REDWOOD_6_N002,37.49025199994532,-122.2129070707913,68.46526
REDWOOD_6_N005,37.49016160208324,-122.213021,68.46526
REDWOOD_6_N006,37.49025199994532,-122.21313492920869,68.46526
REDWOOD_6_N007,37.49034239791678,-122.213021,68.46526
REEDLEY_1_N001,36.605116999986976,-119.3758071174397,64.54844
REEDLEY_6_N001,36.605116999986976,-119.3759188825603,64.60538
REINWY_LNODEGME,37.63942160426353,-120.92024637744797,64.56109
REINWY_LNODEQAC,37.6395070719657,-120.92028370125492,64.56109
RENFRO_1_N001,35.409999999987434,-119.16994483454441,60.98596
RENFRO_1_N010,35.409999999987434,-119.1700551654556,61.04291
RESERVR_LNODEFFW,37.651919999986276,-120.67483288823061,64.56109
RESERVR_LNODEPMW,37.651919999986276,-120.67494711176938,64.56109
RICE_6_N002,39.402805999985674,-122.01287205646442,64.32064
RICE_6_N101,39.402805999985674,-122.01298794353558,64.32064
RICHMOND_1_B1,37.92597623462323,-122.369629,66.97193
RICHMOND_1_N001,37.92589488267337,-122.36956945615904,66.97826
RINCON_1_N001,33.285967608914305,-116.9585228047856,70.2607
RINCON_1_N003,33.28578839099371,-116.95852280500573,70.2607
RINCON_6_N001,33.28578839099371,-116.95873719499427,59.13196
RINCON_6_N008,33.285967608914305,-116.9587371952144,59.13196
RIN_SUB_LNODEONA,34.28105422156671,-118.479,60.59998
RIN_SUB_LNODEONB,34.28097288920359,-118.47894317065887,60.59998
RIN_SUB_LNODEONC,34.28097288920359,-118.47905682934115,60.59998
RIOBRVO_1_N001,35.44252289360183,-119.26010566010629,60.98596
RIOBRVO_1_N006,35.44234310629778,-119.26010566035274,60.98596
RIOBRVTM_1_N001,35.44252289360183,-119.26032633989371,60.70755
RIODELL_6_N001,40.495382,-124.099276,72.33221
RIOHONDO_6_N001,34.10610615849042,-117.97947,61.19478
RIOHONDO_LNODEONDO,34.1060249207417,-117.97952664559254,59.11931
RIPON_1_N001,37.72,-121.13,65.90888
RIVERROC_6_N001,36.902618,-119.771768,64.39024
RIVRBANK_1_N001,37.76895425952452,-120.908163,64.64335
RIVRSIDE_6_N001,34.021990939807104,-117.33196554960466,61.08721
ROADWAY_1_N001,34.590373,-117.431752,60.65693
ROBROY_1_N001,36.979885,-121.867457,65.54821
ROCKET_1_N001,34.933939,-117.692217,61.27097
ROCKLIN_6_N001,38.788043999985874,-121.23171544490323,65.13058
ROCKLIN_6_N003,38.788043999985874,-121.23183055509676,65.13058
ROEDING_LNODEDR1,37.587341764588,-120.935901626126,64.33962
ROEDING_LNODEDR2,37.5872777703549,-120.935976143427,64.33329
ROEDING_LNODEDR3,37.5871231822836,-120.935612409,64.33329
ROEDING_LNODEDR5,37.5870085148256,-120.935981028585,64.33962
ROEDING_LNODEDR6,37.5871259671814,-120.935792411292,64.33962
ROEDING_LNODEDR7,37.5871257817397,-120.935692486018,64.33329
ROGERS_LNODEDR1,37.4749114287345,-121.178218328626,64.45985
ROGERS_LNODEDR2,37.4751811958932,-121.178206809282,64.45352
ROGERS_LNODEDR3,37.4750639771164,-121.17821700138,64.45352
ROGERS_LNODEDR5,37.4748414013345,-121.178225065561,64.45985
ROGERS_LNODEDR7,37.4749721097043,-121.178220428168,64.45985
ROGH-RDY_6_N001,37.95526599998612,-121.33253531114549,64.73827
ROSECYN_6_N001,32.84459772910598,-117.236988,65.52381
ROSECYN_6_N017,32.84451713543481,-117.23693261581597,65.52381
ROSEDAL_1_N001,35.37703397144563,-119.077971,61.84653
ROSELE_LNODEHMV,37.68013999998623,-120.94014286544196,64.56742
ROSELE_LNODERLV,37.68013999998623,-120.94025713455804,64.56742
ROSEMR_LNODEAEI,37.64253,-121.0423,64.54844
ROSE_6_N001,32.84451713543481,-117.23704338418403,62.44765
ROSSMOOR_2_N001,37.86470199998613,-122.08030973806707,65.76335
ROSSMOOR_2_N101,37.86470199998613,-122.08042426193292,65.76335
RSC_LNODE8LD,38.761389,-121.264722,64.35861
RSM_SUB_LNODEONB,34.244054210355124,-118.392,60.56834
RSM_SUB_LNODEONC,34.24397289480934,-118.39194320739797,60.56201
RSM_SUB_LNODEOND,34.24397289480934,-118.39205679260202,60.57467
RSNTAFE_6_N009,33.014261,-117.198557,60.85308
RSVTNRD_6_N001,36.624374,-121.68835,66.24425
RTRACK_1_N001,37.979737,-120.414515,64.01691
RUSSRCH_6_N001,40.819848,-123.826638,72.49673
RVRBANK_1_N001,37.76887287022286,-120.90810355553742,64.87747
RVRBANK_1_N005,37.76887287022286,-120.90822244446258,64.87747
SAFEWAY_1_N001,37.71,-121.4,63.66889
SALINAS_1_N001,36.683239999986945,-121.65120502290527,64.31431
SALINAS_1_N024,36.683239999986945,-121.65131697709472,64.31431
SANARDO_6_N001,36.073766,-120.936804,62.30844
SANCRLS_6_N001,37.49972924078839,-122.243974,68.46526
SANCRLS_6_N002,37.499647879591045,-122.24391479097326,68.46526
SANCRLS_6_N004,37.499647879591045,-122.24403320902674,68.46526
SANDCRK_6_N001,36.64502999998689,-119.15920293037858,65.01668
SANGER_1_N001,36.70707499998684,-119.6108700066517,64.09917
SANJOQN_6_N001,36.62101099998692,-120.17805409852517,63.46008
SANJOQN_6_N006,36.62101099998692,-120.17816590147483,63.46008
SANLUSRY_6_N013,36.77962699998679,-120.72995490173179,60.80879
SANLUSRY_6_N014,36.77962699998679,-120.73006709826822,60.80879
SANLUSRY_6_N101,33.211532999988535,-117.33442746812834,60.80879
SANLUSRY_6_N201,33.211532999988535,-117.33453453187165,60.80879
SANMATEO_1_N001,37.58333525489619,-122.319035,61.53647
SANMATEO_1_N001A,37.58325387253711,-122.31897570912398,67.07317
SANMATEO_1_N009,33.409472,-117.590641,61.53647
SANMATO_6_N001,37.58325387253711,-122.31909429087602,67.12379
SANMIGL_6_N001,35.75192,-120.684163,63.68155
SANMRCOS_6_N001,33.12885155124498,-117.19722253462301,60.54303
SANMRCOS_6_N007,33.12877399995433,-117.19716906934049,60.54303
SANMRCOS_6_N011,33.12869644873215,-117.19722253471747,60.54303
SANPBLO_1_N001,37.984803,-122.336618,66.79475
SANRAFL_1_N001,37.970858222937125,-122.527065,67.57526
SANRAFL_1_N006,37.97077688851645,-122.52700543261207,67.57526
SANRAFL_1_N007,37.97077688851645,-122.52712456738792,67.57526
SANRAMON_2_N001,37.745125434987564,-121.93600563263105,65.94052
SANRAMON_2_N004,37.74494456490202,-121.93600563291054,65.94052
SANRAMON_2_N023,37.74494456490202,-121.93623436708945,65.94052
SANRAMON_2_N024,37.745125434987564,-121.93623436736895,65.94052
SANTAFE_LNODEPLNT,38.77997308074166,-122.67005981025191,59.05603
SANTARO_1_N001,33.78461699446498,-116.41025972078828,60.04947
SANTARO_1_N014,33.78443700544048,-116.41025972101585,60.04947
SANTARO_1_N017,33.78443700544048,-116.41047627898415,60.04947
SANTARO_1_N021,33.78461699446498,-116.41047627921172,60.04947
SANTEE_1_N001,32.85452999998873,-116.96829070198787,53.01823
SANTEE_1_N004,32.85452999998873,-116.96839729801214,53.01823
SANYSDRO_6_N001,32.562237999988916,-117.02641779453799,60.84676
SANYSDRO_6_N004,32.562237999988916,-117.02652420546201,60.84676
SARATOGA_2_N001,37.28099617234283,-122.014883,65.54821
SARATOGA_2_N006,37.28091491381397,-122.0148240379766,65.54821
SARATOGA_2_N011,37.28091491381397,-122.0149419620234,65.54821
SAUGUS_6_N001,34.4222099999511,-118.5721663854507,61.06822
SAUSALTO_6_N001,37.86340599998612,-122.49836873883264,70.70745
SAUSALTO_6_N002,37.86340599998612,-122.49848326116737,70.70745
SCA_GS_LNODE1AUX,33.91807886040714,-118.42789938920775,60.5367
SCA_GS_LNODE2AUX,33.91816402577284,-118.42793487934084,60.5367
SCA_GS_LNODE4AUX,33.91825400500674,-118.42792894664778,60.54936
SCA_GS_LNODE5AUX,33.91833643226557,-118.42788506116258,60.54936
SCA_GS_LNODE6AUX,33.91840200617013,-118.42781057548723,60.54936
SCA_GS_LNODE7AUX,33.91844466871178,-118.42771492357166,60.54936
SCA_LA_LNODE3SS,33.91846141326686,-118.42760822199088,60.54936
SCA_SUB_LNODEONA,33.918451884282646,-118.42750023805854,60.5367
SCA_SUB_LNODEONB,33.91841787609632,-118.42739967533626,60.5367
SCHINDLR_1_N005,36.402237,-120.138272,62.435
SCHMLBCH_1_N001,38.3,-121.87,65.42798
SCLARA_6_N001,34.3007956214976,-119.18563240503143,62.15025
SCRIPPS_6_N001,32.91119872129761,-117.112589,61.0619
SCRIPPS_6_N008,32.91111813933897,-117.11253358224198,61.0619
SCRIPPS_6_N013,32.91111813933897,-117.112644417758,61.0619
SCWAX_1_N001,36.700797999986875,-119.75448599883885,64.47883
SCY_LNODE102,38.508556628165735,-121.46418309094265,64.44719
SCY_LNODE103,38.50837670505527,-121.4641830912299,64.44719
SCY_LNODE105,38.50837670505527,-121.4644130198821,64.45352
SCY_LNODE106,38.508556628165735,-121.46441302016935,64.45352
SEARLES_7_N001,35.75666699998737,-117.38050076336167,51.23
SEMITRPC_1_N001,35.600398,-119.437498,60.78981
SERRMNTE_1_N011,37.69171986891291,-122.4557633854276,68.40198
SFIA-MA_1_N001,37.63904926020716,-122.385896,67.98435
SFIA_1_N001,37.63896786988162,-122.38583665888167,67.76921
SFIA_1_N007,37.63896786988162,-122.38595534111833,67.76921
SHADOWR_1_N001,33.141540731105856,-117.238793,60.63794
SHADOWR_1_N006,33.141460134434745,-117.23873742707973,60.63794
SHADOWR_1_N008,33.141460134434745,-117.23884857292028,60.63794
SHADYGLN_6_N001,39.115058,-120.95331,62.64381
SHAFTER_7_N022,39.77608299994151,-122.10394676937125,60.91003
SHARON_1_N001,37.097275,-120.156454,64.32697
SHAWROAD_1_N001,37.55,-122.42,67.50978
SHLLCHM_6_N001,38.031607,-121.945728,64.51047
SHNGLESR_1_N001,38.65969989665331,-120.946938,65.20018
SHNGLESR_1_N004,38.659619051658225,-120.94687822587784,65.20018
SHNGLESR_1_N103,38.659619051658225,-120.94699777412217,65.20018
SHREDDER_1_N001,37.511676999986356,-122.20767698568532,67.77554
SIERABRK_LNODE19,39.646142,-120.217943,64.22572
SILVERDO_1_N001,38.49950299998593,-122.45908751973128,71.75537
SILVERDO_1_N002,38.49950299998593,-122.45920248026871,71.75537
SISK_LNODEKZH,37.69048760173528,-121.02087456863451,64.5864
SISK_LNODEYUP,37.69057307242136,-121.0209119194331,64.5864
SISQUOC_1_N001,34.87826099998756,-120.33120693531723,64.77623
SISQUOC_1_N020,34.87826099998756,-120.33131706468278,64.77623
SLMNCRK_6_N001,38.343592,-123.044809,91.78066
SMRTVLTP_6_N101,39.207939,-121.301476,64.73194
SMTRPCWS_1_N001,35.59,-119.44,60.79613
SNANDRES_6_N001,37.603294,-122.420424,68.2248
SNBRNRD_6_N001,35.092421,-118.878241,62.0237
SNJOSEB_1_N001,37.34102432531631,-121.9009493888098,68.28808
SNJOSEB_1_N005,37.34084367457506,-121.9009493890831,68.28808
SNJOSEB_1_N009,37.34084367457506,-121.9011766109169,68.28808
SNJOSEB_1_N013,37.34102432531631,-121.9011766111902,68.28808
SNJSEA_1_N001,37.328246190599145,-121.902531,68.19317
SNJSEA_1_N005,37.32816490468582,-121.90247198103432,68.19317
SNJSEA_1_N101,37.32816490468582,-121.90259001896567,68.19317
SNLNDRO_1_N001,37.711237436769906,-122.14880668270004,66.93396
SNLNDRO_1_N014,37.71105656311971,-122.14880668297907,66.93396
SNLNDRO_1_N017,37.71105656311971,-122.14903531702092,66.93396
SNLNDRO_1_N027,37.711237436769906,-122.14903531729996,66.93396
SNROSA_LNODEMEA,37.5099999999863,-121.22994301594794,64.57375
SNROSA_LNODEYWX,37.5099999999863,-121.23005698405206,64.57375
SNTAMRA_1_N001,33.12877399995433,-117.19738293065951,64.82052
SNTAMRA_1_N005,33.12885155124498,-117.19732946537698,64.82052
SNTANLA_6_N001,37.085979,-121.013273,63.922
SNTARSA_1_N001,38.43691201584367,-122.71331,68.92542
SNTARSA_1_N002,38.43683099206306,-122.71325027901105,68.92542
SNTARSA_1_N006,38.43683099206306,-122.71336972098895,68.92542
SNTARTA_6_N001,37.055061,-120.634086,64.0359
SNTAYNZ_1_N001,34.625273999987726,-120.11813905143147,65.91521
SNTAYNZ_1_N002,34.625273999987726,-120.11824894856854,65.91521
SNTHLNE_6_N001,37.6223639999863,-122.44717791303894,68.62977
SNTHLNE_6_N002,37.6223639999863,-122.44729208696106,68.62977
SOBRANTE_1_N001,37.90594,-122.208144,66.14933
SOLEDAD_6_N001,36.429513,-121.331901,64.95341
SONOFRE_2_N067,33.3697279999884,-117.55438367777961,61.19478
SOUTHBAS_1_N001,34.881503,-117.892023,60.99888
SOUTHBY_6_N001,38.575612901218726,-121.497588,64.68764
SOUTH_LNODE108,40.39538221,-121.8791458,58.79659
SOUTH_LNODE204,40.39538220993951,-121.87902727370097,58.82823
SOUTH_LNODEC542,40.39529194143137,-121.87902727385986,58.82823
SOUTH_LNODEC544,40.39522811201244,-121.87911108453021,58.82823
SOUTH_LNODEC546,40.39521284740522,-121.87922790359386,58.82823
SOUTH_LNODEC547,40.39524411201219,-121.8793390934442,58.82823
SOUTH_LNODEC548,40.39530994650243,-121.87942018597366,58.82823
SOUTH_LNODEC549,40.395395258043976,-121.87945892278287,58.82823
SOUTH_LNODEC550,40.3954853917418,-121.8794524474595,58.82823
SOUTH_LNODEC552,40.39556796052161,-121.87940454742642,58.82823
SPANSHCK_6_N001,40.026139,-120.961748,61.90347
SPENCE_6_N001,36.613591,-121.566779,65.17487
SPICAMIN_1_N001,38.73992576174639,-120.67723108004192,65.51657
SPRINGVL_6_N001,36.10586253074472,-118.93516918490357,60.8341
SPRNGVLY_6_N001,32.73903399998875,-117.00264674817954,60.59365
SPRNGVLY_6_N010,32.73903399998875,-117.00275325182045,60.59365
SQAWVLY_LNODE01,39.20568653401713,-120.20123845453338,64.01691
SQAWVLY_LNODE81,39.20550746586879,-120.20123845482796,64.01691
SQAWVLY_LNODE82,39.20550746586879,-120.20146954517205,64.01691
SQAWVLY_LNODE83,39.20568653401713,-120.20146954546662,64.01691
STAFFORD_6_N002,38.12003299998604,-122.61362861905879,66.83493
STAFFORD_6_N101,38.12003299998604,-122.6137433809412,66.83493
STAGG_2_N001,37.99164936143144,-121.34848834268168,64.77623
STAGG_2_N014,37.99146863845723,-121.34848834296415,64.77623
STAGG_6_N001,37.99146863845723,-121.34871765703586,64.82685
STAGG_6_N003,37.99164936143144,-121.34871765731833,64.82685
STAMPEDE_LNODE19,39.46748199998557,-120.10518300964912,64.23838
STATELN_LNODE01,38.95238461856907,-119.94181675988908,61.30235
STATELN_LNODE22,38.952205381317675,-119.94181676018052,61.30235
STATELN_LNODE23,38.952205381317675,-119.94204723981947,61.30235
STATELN_LNODELY,38.95238461856907,-119.94204724011091,61.29602
STATIN-L_7_N001,37.81024899998616,-122.271385771776,66.83905
STATIND_1_N001,37.837585251800924,-122.263503,66.68086
STATIND_1_N010,37.83750387408463,-122.26344350874284,66.68086
STATIND_1_N013,37.83750387408463,-122.26356249125715,66.68086
STATINJ_1_N001,37.76334825993251,-122.214444,71.36332
STATINJ_1_N012,37.763266870018874,-122.21438455959633,71.36332
STATINJ_1_N027,37.763266870018874,-122.21450344040367,71.36332
STATINL_1_N001,37.81024899998616,-122.271500228224,66.82639
STATINX_1_N001,37.80554442667025,-122.23091354965457,66.76312
STATINX_1_N012,37.805363573219,-122.23091354993484,66.76312
STATINX_1_N014,37.805363573219,-122.23114245006515,66.76312
STATINX_1_N024,37.80554442667025,-122.23114245034543,66.76312
STB_LNODE201,38.57233333333333,-121.483291944444,64.42821
STB_LNODE202,38.57233333327705,-121.48317695138249,64.42821
STB_LNODE203,38.57224342921349,-121.48317695152639,64.42821
STB_LNODE204,38.57217985749196,-121.48325826382802,64.42821
STB_LNODE205,38.572164654514715,-121.48337160056485,64.42821
STB_LNODE206,38.57219579290459,-121.48347947588752,64.42821
STB_LNODE207,38.5722613616095,-121.48355815106362,64.42821
STB_LNODE208,38.57234632872595,-121.48359573311588,64.42821
STB_LNODE209,38.57243609852223,-121.48358945079376,64.42821
STB_LNODE210,38.57251833393617,-121.48354297863219,64.42821
STB_LNODE211,38.572583755229644,-121.4834641025941,64.42821
STB_LNODE212,38.57262631848412,-121.48336281268834,64.42821
STCKTNAR_6_N001,37.963279,-121.323476,65.35205
STCRUZ_LNODECXA,37.627559999986325,-120.97504290860819,64.63069
STCRUZ_LNODEWLS,37.627559999986325,-120.97515709139182,64.63069
STDDRD_LNODECEA,37.704079999986206,-121.06864284680097,64.5864
STDDRD_LNODEWZO,37.704079999986206,-121.06875715319903,64.5864
STDOIL_1_N009,37.94,-122.38,66.82006
STD_LNODENE1,38.57225,-121.500568888889,64.43454
STD_LNODENE2,38.572249999943736,-121.50045389586575,64.43454
STD_LNODENE4,38.57217214071853,-121.50051139243968,64.43454
STD_LNODENE5,38.57217214071853,-121.50062638533832,64.43454
STD_LNODENE6,38.572249999943736,-121.50068388191225,64.43454
STD_LNODENE7,38.57232785925329,-121.50062638546294,64.43454
STD_LNODENE8,38.57232785925329,-121.50051139231506,64.43454
STELLING_1_N001,37.3360521934471,-122.042805,66.06707
STELLING_1_N004,37.33597090326187,-122.04274597179945,66.06707
STELLING_1_N007,37.33597090326187,-122.04286402820055,66.06707
STE_SM_LNODE301,38.58631666666667,-121.472838888889,64.42821
STE_SM_LNODE302,38.586316666610415,-121.47272388936047,64.42821
STE_SM_LNODE303,38.58622677499287,-121.47272388950444,64.42821
STE_SM_LNODE304,38.58616321207191,-121.47280520637891,64.42821
STE_SM_LNODE305,38.58614801119931,-121.4729185494895,64.42821
STE_SM_LNODE306,38.58617914527848,-121.47302643087885,64.42821
STE_SM_LNODE307,38.58624470490619,-121.47310511047952,64.42821
STE_SM_LNODE308,38.586329660260105,-121.47314269464546,64.42821
STE_SM_LNODE309,38.58641941762905,-121.47313641197016,64.42821
STF_LNODEDAX,37.69055999998624,-121.02097285725026,64.59273
STF_LNODEIPN,37.69055999998624,-121.02108714274974,64.59273
STJ_SUB_LNODEONB,34.067054141297895,-118.226,60.51772
STJ_SUB_LNODEONC,34.06697292933807,-118.22594339850212,60.51772
STJ_SUB_LNODEOND,34.06697292933807,-118.22605660149787,60.51772
STKTONA_1_N001,37.94722338217881,-121.28911838573319,65.13691
STKTONA_1_N003,37.947042617710025,-121.28911838601516,65.13691
STKTONA_6_N001,37.947042617710025,-121.28934761398483,65.06098
STKTONA_6_N004,37.94722338217881,-121.2893476142668,65.06098
STLLWATR_6_N001,40.677845,-122.34971,67.00989
STOCKDLE_1_N001,35.316584007161445,-119.06818269302951,61.32133
STOCKDL_2_N001,35.31640399273835,-119.06818269327503,61.08088
STOCKDL_2_N002,35.31640399273835,-119.06840330672496,61.08088
STOCKDL_2_N101,35.316584007161445,-119.0684033069705,61.08088
STOCKM_LNODEVZF,37.62761110994497,-120.9752808828705,64.5864
STOCKM_LNODEXFA,37.62770154232185,-120.9751667,64.5864
STONCRRL_6_N001,36.472251999987044,-119.18811326795893,65.47227
STONCRRL_6_N003,36.472251999987044,-119.18822473204106,65.47227
STONE_1_N001,37.303708999986505,-121.86757223713448,65.45962
STONE_1_N005,37.303708999986505,-121.8676857628655,65.45962
STONYPT_1_N001,38.42,-122.78,68.84214
STOREY1_2_N001,36.98288702744317,-120.033746,63.84607
STOREY2_2_N001,36.98280598626407,-120.03380457310557,63.8777
STREAMVW_6_N001,32.745604999988714,-117.07864474591278,60.948
STREAMVW_6_N007,32.745604999988714,-117.07875125408721,60.948
STROUD_6_N001,36.530868,-120.104386,63.39047
STUART_6_N001,33.256701,-117.416547,61.60607
STURLOCK_LNODEDR3,37.4835881458663,-120.846727672541,64.39657
STURLOCK_LNODEDR4,37.4835360336794,-120.846797393384,64.39657
STURLOCK_LNODEDR7,37.4834830942642,-120.846867453726,64.39657
STURLOCK_LNODER13,37.483522165007,-120.846657059231,64.39657
SUISUN_1_N001,38.24526219208727,-122.04122215940386,65.44064
SUISUN_1_N008,38.24508180780079,-122.04122215968883,65.44064
SUISUN_1_N009,38.24508180780079,-122.04145184031117,65.44064
SUMMIT_6_N001,39.319203,-120.378897,64.90278
SUNOL_6_N001,37.586891,-121.869379,66.43408
SURF_1_N009,34.61,-120.22,65.61148
SWEETWTR_6_N017,32.65811799998879,-117.0916867727539,60.48608
SWEETWTR_6_N018,32.65811799998879,-117.0917932272461,60.48608
SWIFT_1_N001,37.3225281884819,-121.796729,66.59227
SWIFT_1_N003,37.322446905744414,-121.79666998783091,66.59227
SWIFT_1_N006,37.322446905744414,-121.79678801216909,66.59227
SYCAMORE_1_N101,39.76991684305054,-121.824218,64.02324
SYCAMORE_1_N201,39.76983607845885,-121.82415733357864,64.02324
SYCAMORE_1_N301,39.76983607845885,-121.82427866642136,64.02324
SYLVANCM_LNODECPR,37.688469999986225,-120.97663285888366,64.57375
SYLVANCM_LNODEHGR,37.688469999986225,-120.97674714111633,64.57375
TAFT1_1_N001,35.14999999998751,-119.47994486994581,60.84676
TAFT1_1_N004,35.14999999998751,-119.48005513005418,60.84676
TAHDONR_LNODE07,39.337309,-120.221277,64.41555
TAHOCTY_LNODE01,39.165971540038264,-120.14445351203682,64.05488
TAHOCTY_LNODE71,39.16579245984778,-120.14445351233086,64.05488
TAHOCTY_LNODE72,39.16579245984778,-120.14468448766914,64.05488
TAHOCTY_LNODE73,39.165971540038264,-120.14468448796318,64.05488
TAMARACK_6_N001,39.313743,-120.496804,64.34595
TAMARISK_1_N001,33.817316,-116.454898,59.89761
TAP710_1_N004,32.595376662064226,-117.0577334243903,0.0
TAP801_1_N001,34.109614,-116.411837,60.94167
TAP807_1_N001,34.0,-116.5,60.04314
TAR_SUB_LNODEONA,34.17905418777958,-118.544,60.57467
TAR_SUB_LNODEONB,34.1789729060972,-118.54394327481864,60.57467
TAR_SUB_LNODEONC,34.1789729060972,-118.54405672518136,60.57467
TASSAJAR_2_N001,37.79959499998613,-121.9077887787453,66.15566
TASSAJAR_2_N002,37.79959499998613,-121.9079032212547,66.15566
TAYLOR_LNODEDR1,37.5369331958297,-120.809398426319,64.35228
TAYLOR_LNODEDR5,37.5369383829719,-120.809348192848,64.35228
TAYLOR_LNODEDR7,37.536937531095,-120.809217269976,64.34595
TAYLOR_LNODEDR8,37.5369366699963,-120.809289591436,64.35228
TECUYA_6_N001,35.018589,-118.979536,62.03003
TEICHERT_1_N001,37.79,-121.36,64.82685
TEJON_6_N001,35.019534,-118.954779,62.05534
TELECYN_1_N001,32.6379177816674,-117.01607,59.65716
TELECYN_1_N006,32.63783710915427,-117.01601469007429,59.65716
TELECYN_1_N014,32.63783710915427,-117.01612530992571,59.65716
TEMBLOR_1_N003,35.382795999987465,-119.69634883811833,61.50483
TEMPLETN_2_N008,35.554496,-120.679996,62.8463
TERMNOUS_6_N001,38.116464,-121.422007,65.42798
TESSUB_2_N001,37.73,-121.93,66.82006
TEVIS_1_N001,35.319191999987495,-119.12859784623319,61.34031
TEVIS_1_N003,35.319191999987495,-119.12870815376681,61.28969
TEXSUN1G_7_N001,35.36999999998748,-119.4800551602316,59.65716
TEXSUN2G_7_N001,35.3599999999875,-119.48005515895167,59.65716
THORNHIL_1_N001,33.833699,-116.524642,60.39116
TIDEWATR_2_N001,38.01989465330933,-122.06150068264388,65.60515
TIDEWATR_2_N014,38.02007534657929,-122.06150068292666,65.60515
TLRELKE_6_N001,36.003703,-119.948802,62.44765
TOCALOMA_6_N001,38.05521,-122.760914,67.41074
TOL_SUB_LNODEONA,34.175740310821865,-118.36069083905292,60.54303
TOL_SUB_LNODEONB,34.1755596890815,-118.36069083928658,60.54936
TOL_SUB_LNODEONC,34.1755596890815,-118.36090916071342,60.54303
TOL_SUB_LNODEOND,34.175740310821865,-118.36090916094707,60.54936
TOREYPNS_6_N001,32.89877953728695,-117.23987836114813,60.73286
TOREYPNS_6_N007,32.89860046262259,-117.23987836136372,60.73286
TOREYPNS_6_N008,32.89860046262259,-117.24009163863627,60.73286
TOREYPNS_6_N009,32.89877953728695,-117.24009163885188,60.73286
TORTILLA_1_N007,34.874547,-117.064691,62.57065
TRABUCO_1_N001,33.5630767991568,-117.67324523376014,61.61873
TRABUCO_1_N005,33.562897200749894,-117.67324523398426,61.61873
TRABUCO_1_N009,33.562897200749894,-117.67346076601574,61.61873
TRABUCO_1_N013,33.5630767991568,-117.67346076623986,61.61873
TRACY_1_N001,37.748395999944734,-121.41564562794372,64.94075
TRACY_1_N002,37.748305565247314,-121.41576,64.94075
TRACY_1_N007,37.748395999944734,-121.41587437205628,64.94075
TRACY_1_N101,37.74848643475262,-121.41576,64.94075
TRESVIS_6_N001,39.486707,-121.687993,63.93465
TRIMBLE_1_N004,37.42009036798162,-121.72988621524279,68.03497
TRIMBLE_1_N010,37.41990963190925,-121.72988621551741,68.03497
TRIMBLE_1_N016,37.41990963190925,-121.7301137844826,68.03497
TRIMBLE_1_N020,37.42009036798162,-121.73011378475721,68.03497
TRINIDAD_6_N001,41.064242,-124.128367,67.89653
TRUCKEE_LNODE02,39.330431720184855,-120.181195,64.24471
TRUCKEE_LNODE03,39.33035113989209,-120.18113485420918,64.24471
TRUCKEE_LNODE49,39.33035113989209,-120.18125514579083,64.23838
TUDOR_6_N001,38.982071,-121.635205,65.48493
TULUCAY_6_N001,38.247946,-122.268228,65.14956
TUPMAN_1_N101,35.354039,-119.270638,60.87839
TVYVLLY_6_N001,36.770622,-119.393233,64.83318
TXROSDL_1_N001,35.37695301426363,-119.07791367489159,61.84653
TXROSDL_1_N002,35.37695301426363,-119.0780283251084,61.84653
TYLER_6_N001,40.138392982499205,-122.20848578836895,65.85826
TYLER_6_N002,40.138392982499205,-122.20860821163106,65.85826
UCM_6_N001,32.88368472395273,-117.222424,60.80879
UCM_6_N002,32.88360413801135,-117.22236859671557,60.80879
UCM_6_N006,32.88360413801135,-117.22247940328444,60.80879
UKIAH_1_N001,39.142823455087914,-123.19204845611492,85.78102
UKIAH_1_N005,39.14300254479826,-123.19204845640866,85.78102
UPPRLKE_6_N001,39.145906,-122.916845,85.33261
URBAN_6_N001,32.71330799998875,-117.15140275665348,60.7645
URBAN_6_N005,32.71330799998875,-117.15150924334651,60.7645
URICH_6_N001,38.029918,-122.103005,67.77554
VACA-DIX_1_N001,38.401616982566644,-121.91986928712716,64.23205
VACAVIL_1_N001,38.356520058867716,-121.97951,64.30166
VACAVIL_1_N101,38.35643897055109,-121.97945029786577,64.44087
VACAVIL_1_N102,38.35643897055109,-121.97956970213424,64.44087
VALCNTR_6_N001,33.230683,-117.018401,58.4549
VALLEYSC_1_N001,33.738397971600605,-117.156432,60.39749
VALLEYSC_1_N107,33.738317014186954,-117.15648820699798,60.39749
VALLYHM_1_N001,37.85575599998615,-120.94408374338772,65.50391
VALLYVW_1_N001,37.96607299998612,-122.27841868352904,66.90865
VALLYVW_1_N003,37.96607299998612,-122.27853331647096,66.90865
VAL_GS_LNODE5AUX,34.24482148241572,-118.3914027121072,60.57467
VAL_GS_LNODE6AUX,34.24485277566131,-118.39150524618782,60.57467
VAL_GS_LNODE7AUX,34.24491867043375,-118.39158002588233,60.57467
VAL_GS_LNODE8AUX,34.245004060069334,-118.391615747079,60.57467
VAL_LNODELSS,34.24509427625119,-118.39160977576542,60.57467
VASCO_6_N001,37.71132099998621,-121.71587984128799,65.85826
VASCO_6_N003,37.71132099998621,-121.71599415871201,65.85826
VASONA_2_N001,37.26,-121.9,65.44696
VEDDER_1_N001,35.61,-118.96,62.06799
VEL_SUB_LNODEONA,34.01555411723447,-118.204,60.50506
VEL_SUB_LNODEONB,34.01547294136984,-118.20394345800285,60.50506
VEL_SUB_LNODEONC,34.01547294136984,-118.20405654199715,60.50506
VESTAL_6_N001,35.85713659527842,-119.08872645400277,61.2454
VICTOR_1_N001,38.145651267656454,-121.17732422029407,60.97331
VICTOR_6_N001,38.145470732231836,-121.17755377942188,65.39634
VICTOR_6_N002,38.145651267656454,-121.17755377970593,65.39634
VIEJOSC_2_N001,36.578772821150025,-121.908968,61.27704
VIEJOSC_2_N004,33.667334,-117.642727,61.27704
VIEJO_6_N001,36.578692089410936,-121.90890995739635,65.20018
VIEJO_6_N003,36.578692089410936,-121.90902604260364,65.20018
VIERRA_1_N001,37.85,-121.24,65.30143
VINA_6_N001,39.941614,-122.041739,66.26323
VINEYARD_2_N001,37.66967326170019,-121.85436,66.95927
VINEYARD_2_N002,37.66959186913507,-121.85430063276966,66.95927
VINEYARD_6_N001,37.66959186913507,-121.85441936723034,66.0734
VN_SUB_LNODEONA,34.18009031354033,-118.44489083013903,60.54303
VN_SUB_LNODEONB,34.17990968636295,-118.44489083037274,60.54303
VN_SUB_LNODEONC,34.17990968636295,-118.44510916962726,60.54936
VN_SUB_LNODEOND,34.18009031354033,-118.44510916986097,60.54303
VSTA_1_N001,34.04125299995202,-117.32061812723687,60.91636
VSTA_6_N001,34.04125299995202,-117.32083587276313,60.92902
WAHTOKE_1_N001,36.61618299998699,-119.452409104289,64.32064
WAHTOKE_1_N002,36.61618299998699,-119.45252089571099,64.32064
WALNUT_6_N001,34.00840381020035,-117.94966020073771,61.39726
WARENCYN_6_N001,33.01545499998868,-117.00226861385794,60.06845
WARENCYN_6_N002,33.01545499998868,-117.00237538614206,60.06845
WARNERS_6_N001,33.247186,-116.675942,54.2238
WARNER_LNODERV1,41.50091505739131,-120.533072,62.5046
WARNER_LNODERV3,41.50083397128745,-120.53300949206302,62.5046
WARNER_LNODESC1,41.50083397128745,-120.53313450793698,62.5046
WASCO_7_N008,39.77617274317707,-122.10383,61.15681
WASHNGT_LNODEDR1,37.4893772928244,-120.903967825898,64.41555
WASHNGT_LNODEDR2,37.4895172164325,-120.904092990936,64.41555
WASHNGT_LNODEDR3,37.4894692627508,-120.903968029781,64.41555
WASHNGT_LNODEDR4,37.489297130992,-120.993988447763,64.41555
WASHNGT_LNODEDR5,37.4894207521695,-120.904091725093,64.41555
WASHNGT_LNODEDR6,37.4892474344412,-120.904090188054,64.41555
WASHNGT_LNODEDR7,37.4892029595549,-120.903964429204,64.41555
WASHNGT_LNODER15,37.4893341220127,-120.90409199878,64.41555
WATRSHED_6_N001,37.487815,-122.310237,68.93983
WEBER_6_N001,37.919828,-121.240232,65.10527
WEC_SY_LNODEUX1,37.4878752249074,-120.89565231921667,64.36493
WEC_SY_LNODEUX2,37.4878752249074,-120.89576624369113,64.37759
WELFLDPM_LNODELPMP,34.16127269818337,-114.38198913123861,58.51818
WELFLDPM_LNODERALS,34.16145330172,-114.38198913147205,58.51818
WEMRSWS_6_N001,39.035984,-120.987909,62.78935
WESTLANE_6_N001,37.990674,-121.282373,65.39634
WESTLNDS_1_N001,36.3999999999871,-120.31994434326373,62.51726
WESTLNDS_1_N019,36.3999999999871,-120.32005565673627,62.51726
WESTPARK_1_N001,35.374163973003284,-119.039839,61.53014
WESTPARK_1_N005,35.374083013484764,-119.03978167527592,61.53014
WESTPARK_1_N009,35.374083013484764,-119.03989632472408,61.53014
WESTPLAT_1_N001,35.42,-119.3,60.77715
WESTPORT_LNODEDR1,37.5225825838401,-120.993998352649,64.36493
WESTPORT_LNODEDR3,37.5223769944682,-120.993990429526,64.36493
WESTPORT_LNODEDR5,37.5225172095941,-120.993995815213,64.36493
WESTPORT_LNODEDR7,37.5224455031416,-120.903973009416,64.36493
WHEATLND_6_N001,39.013055,-121.418524,64.86482
WHEELER_6_N001,35.089761,-118.976591,61.70732
WHISMAN_1_N001,37.40491321634772,-122.068856,66.9656
WHISMAN_1_N004,37.404831891811426,-122.06879689262591,66.9656
WHISMAN_1_N009,37.404831891811426,-122.06891510737408,66.9656
WHITMORE_6_N001,40.628753,-121.915711,66.61125
WILDWOOD_1_N001,40.387138,-123.045061,62.6185
WILKINS_6_N001,39.00552,-121.867233,90.15047
WILLIAMS_6_N002,39.15758,-122.14762,89.68222
WILLITS_6_N001,39.405666,-123.327366,90.38327
WILLOWS_6_N001,39.531805,-122.185874,64.22572
WIL_SUB_LNODEONB,33.797999999988214,-118.25794584458627,60.44811
WIL_SUB_LNODEONC,33.797999999988214,-118.25805415541372,60.44811
WINTERS_6_N001,38.517708,-121.951331,69.69915
WOHLER_6_N001,38.512048,-122.880906,69.91698
WOLFE_1_N001,37.335142193117605,-122.020824,66.07973
WOLFE_1_N002,37.335060903426545,-122.02076497287341,66.07973
WOLFE_1_N007,37.335060903426545,-122.02088302712659,66.07973
WOODACRE_6_N001,38.012118,-122.65455,67.55628
WOODLD_1_N001,38.67823188725648,-121.760143,65.59883
WOODLD_1_N005,38.67815105635662,-121.76008322082818,65.59883
WOODLD_1_N012,38.67815105635662,-121.76020277917182,65.59883
WOODSIDE_6_N003,37.43624399998641,-122.2420270905538,68.06661
WOODSIDE_6_N004,37.43624399998641,-122.24214090944619,68.06661
WOODWARD_1_N005,36.8966369999867,-119.74995475043866,63.83974
WOODWARD_1_N006,36.8966369999867,-119.75006724956134,63.83974
WPBART_1_N001,38.01999999998606,-121.97994265860079,65.80764
WPBART_1_N004,38.01999999998606,-121.9800573413992,65.80764
WSCOPRSN_1_N001,35.61,-119.37,60.91636
WSCRMNO_1_N004,38.58939293336201,-121.545027,65.79498
WSCRMNO_1_N013,38.58931203330379,-121.54496724378153,65.79498
WSCRMNO_1_N201,38.58931203330379,-121.54508675621847,65.79498
WSTFRSO_1_N001,36.71841899998688,-119.81853697917856,64.26369
WSTFRSO_1_N004,36.71841899998688,-119.81864902082144,64.26369
WSTLD1RA_1_N001,36.72,-120.72,62.62483
WYANDTTE_1_N001,39.491682744465926,-121.541161,63.42211
WYANDTTE_1_N003,39.49160212775149,-121.54110068770393,63.42211
WYANDTTE_1_N102,39.49160212775149,-121.54122131229607,63.42211
ZACA_1_N001,34.696829,-120.151374,65.70007
ZANKER_1_N001,37.469999999986335,-121.8099430557453,68.23746
ZANKER_1_N003,37.469999999986335,-121.8100569442547,68.23746
AGER_LNODE35,41.8675,-122.46414,0.0
ALTURAS_LNODE17,41.49972,-120.53306,0.0
BIGSPRIN_LNODELD1,41.616776,-122.39929,0.0
CAMERON_LNODEKM,32.65324599998863,-116.48817922595589,0.0
CASTELLA_LNODE,41.146254,-122.319747,0.0
CEDARVIL_LNODED1,41.53156,-120.18194,0.0
CLEARLAO_LNODE44,41.704981,-121.276741,0.0
COPCO2_LNODE21,41.97667,-122.36167,0.0
DAVISCR_LNODED1,41.73,-120.37,0.0
DELNORTE_LNODE50,41.86761799998422,-124.13905472462552,0.0
DELNORTE_LNODE51,41.86761799998422,-124.13917527537447,0.0
DOGCREEK_LNODE,40.94013311,-122.431008,0.0
DORRIS_LNODE06,41.96694,-121.91333,0.0
EAGLEMTN_LNODEHI,33.8199729920039,-115.44005630685402,0.0
FLINT_LNODE_LDT1,38.88530299998586,-121.06681059075832,0.0
GASQUET_LNODE42,41.84833,-123.96667,0.0
INTERNAT_LNODELD,41.432568,-122.38296,0.0
LITTLESH_LNODELD1,41.70174123,-122.3696599,0.0
LUCERNE_LNODELD,41.60361,-122.5225,0.0
MACDOEL_LNODE20,41.83166999998427,-122.00465973878569,0.0
MACDOEL_LNODE45,41.83166999998427,-122.00478026121432,0.0
MADISON_LNODE1,38.67065905446531,-121.9691977771112,0.0
MOTT_LNODE,41.262727,-122.270475,0.0
NDUNSMUI_LNODE7,41.2207989999844,-122.27643096616978,0.0
NDUNSMUI_LNODE9,41.2207989999844,-122.27655103383022,0.0
NEWELL_LNODE90,41.888139999984205,-121.37845028379793,0.0
NUTGLADE_LNODE,41.178254,-122.290711,0.0
PATRICKS_LNODE49,41.88139,-123.86472,0.0
PEREZ_LNODED1,41.63306,-121.22639,0.0
PRAXAIR_LNODEPM,37.99999999998611,-121.81005733246779,0.0
REDWOODU_LNODED2,41.76083,-124.16347,0.0
SDUNSMUI_LNODE,41.201244,-122.2764098,0.0
SHASTINA_LNODELD1,41.548666,-122.364174,0.0
SHOTGUNC_LNODE,41.053889,-122.381667,0.0
TULELAKE_LNODE35,41.95333,-121.47111,0.0
TUNNEL_LNODE33,41.925559999984245,-121.56576970013403,0.0
TUNNEL_LNODE40,41.925559999984245,-121.56589029986597,0.0
WEED_LNODER1,41.43139,-122.38944,0.0
YREKA_LNODE76,41.72897989068449,-122.63154955171838,0.0
YREKA_LNODED1,41.72880010918983,-122.63154955205546,0.0
YREKA_LNODED2,41.72880010918983,-122.63179044794454,0.0
YREKA_LNODED3,41.72897989068449,-122.63179044828162,0.0
