node_id,lat,lon,price_dp
12TH_S_LNODENMZ,37.63715677998629,-120.99316020050249,28.63568
12TH_S_LNODEXWQ,37.63715677998629,-120.99327439949751,28.63568
8TH_ST_LNODEBXG,37.64197726998626,-121.00603849646912,28.63277
8TH_ST_LNODELZF,37.64197726998626,-121.00615270353089,28.63277
AEC300_1_N001,37.74,-121.48,29.30843
AGNEW_1_N003,37.51,-121.84,30.68327
AIRPROD_1_N001,36.65,-119.54,29.35126
AIR_SUB_LNODENAA,33.96205409081493,-118.376,28.19611
AIR_SUB_LNODENAB,33.961972954579615,-118.37594352117388,28.19611
AIR_SUB_LNODEONC,33.961972954579615,-118.37605647882611,28.19611
ALAMITOS_2_N001,33.771584,-118.100596,28.62081
ALAMITOS_2_N040,33.77,-118.1,28.62081
ALAMT1G_7_N002,33.77149401717401,-118.1004877514908,28.62081
ALAMT2G_7_N002,33.771415173499584,-118.10067098425147,28.62081
ALAMT3G_7_N002,33.77144633917227,-118.10077253262283,28.62081
ALAMT4G_7_N002,33.771511965310076,-118.10084659342048,28.62081
ALAMT5G_7_N002,33.771597006833865,-118.1008819712055,28.62081
ALAMT6G_7_N002,33.77176916262267,-118.10083231072662,28.62081
ALHAMBRA_1_N001,37.99408499998608,-122.13031167024367,30.63119
ALHAMBRA_1_N002,37.99408499998608,-122.13042632975633,30.63119
ALLEGHNY_6_N001,39.464893,-120.844946,26.20206
ALMADEN_6_N001,37.26027,-121.890082,30.63894
ALMOND_LNODEAUX,37.574202045609525,-120.98511610244,28.45519
ALPAUGH_7_N002,35.963463732836644,-119.456796,28.76838
ALPINE_6_N001,32.82778299998866,-116.78987271391081,14.91935
ALPINE_6_N005,32.82778299998866,-116.78997928608918,14.91935
ALTO_6_N001,37.89825299998615,-122.52430271885964,31.1459
ALTO_6_N101,37.89825299998615,-122.52441728114036,31.1459
ALTTA_BP_LNODEPRT,41.51205899998436,-120.5236838478691,27.7158
ALTTA_BP_LNODETON,41.51205899998436,-120.5238041521309,27.7158
AMERIGAS_1_N001,38.43,-121.79,30.2431
AMESBS_1_N004,37.41751022008469,-122.066192,30.34834
AMESBS_1_N101,37.41742888994297,-122.06613287861066,30.34834
AMESDST_1_N001,37.41742888994297,-122.06625112138934,30.34834
AMFORST_6_N001,38.369191999986,-120.79657754861613,28.10335
ANDERSON_6_N001,40.449838,-122.305068,36.9345
ANGIOLA_6_N001,35.992007,-119.57137,29.57832
ANITA_6_N001,39.811047,-121.919761,36.20468
ANNAPOLS_6_N001,38.680315,-123.311782,31.94883
ANTELOPE_6_N001,35.658117,-119.996015,28.57385
ANTLER_6_N001,40.893581,-122.379244,35.81883
APPLEHL_1_N001,38.73992576174639,-120.67700091995808,25.73659
APPLEHL_1_N002,38.73974623814083,-120.67700092024737,25.73659
APPMAT_1_N001,37.359999999986435,-121.97994317305394,30.31034
APPMAT_1_N010,37.359999999986435,-121.98005682694607,30.31034
ARBUCKLE_6_N001,39.017625,-122.061575,33.14634
ARCATA_6_N001,40.867132,-124.088286,52.04988
ARVINED_1_N001,35.15044599998752,-118.87870286987292,28.77129
ARVIN_6_N001,35.15044599998752,-118.87881313012709,28.94886
ASHLAN_2_N001,36.79263892472445,-119.82749,29.17284
ASHLAN_2_N007,36.7925580376235,-119.82743168375806,29.17284
ASHLAN_2_N008,36.7925580376235,-119.82754831624194,29.17284
ASH_6_N001,33.1365697302963,-117.070292,28.85917
ASH_6_N005,33.13648913483958,-117.0702364310647,28.85917
ASH_6_N101,33.13648913483958,-117.07034756893529,28.85917
ASPEN_LNODESPEN,37.69337956,-122.069288,27.57316
ATASCDRO_6_N001,35.465309,-120.671582,29.18808
ATWATER_1_B2,37.35999599998639,-120.6146481730584,29.1422
ATWATER_1_N001,37.35999599998639,-120.6147618269416,29.1422
ATW_SUB_LNODEONB,34.1096541600031,-118.254,28.20485
ATW_SUB_LNODEONC,34.10957291998536,-118.25394335044959,28.20194
ATW_SUB_LNODEOND,34.10957291998536,-118.2540566495504,28.20194
AUBERRY_6_N001,37.06806099998665,-119.495719527536,30.09289
AUBERRY_6_N003,37.06806099998665,-119.495832472464,30.09289
AUBURN_6_N001,38.903397,-121.069921,25.16865
AUGUST_LNODEDR1,37.4182520696912,-120.831252690486,28.55126
AUGUST_LNODEDR3,37.4182452743243,-120.831131410372,28.55126
AUGUST_LNODEDR4,37.4182458785436,-120.830989786937,28.53379
AUGUST_LNODEDR5,37.4182557186304,-120.831363604619,28.55126
AVENA_1_N001,37.842208,-121.054122,29.45519
AVOCADO_6_N001,33.38466699998843,-117.23692330729693,28.91465
AVOCADO_6_N002,33.38466699998843,-117.23703069270306,28.91465
BAFOOD1_6_N001,36.33,-121.16,29.04609
BAHIA_2_N001,38.08095331088854,-122.13739126700075,30.51916
BAHIA_2_N011,38.08077268899996,-122.13739126728416,30.51916
BAILYJ1_1_N010,34.77604,-118.77504,29.68857
BAIR_1_N001,37.496937,-122.214157,30.45075
BAKER_1_N001,35.284771,-116.064256,27.6946
BALFOUR_6_N001,37.92596,-121.678546,30.26644
BANGOR_6_N001,39.388064,-121.402937,23.98167
BANGS_LNODEKGC,37.70469,-121.0418,28.62403
BANNING_1_N001,33.922289,-116.87283,27.94237
BANTA_6_N001,37.7528989999862,-121.35057581075783,29.66016
BARRETT_6_N001,32.667194,-116.700208,15.06199
BARRE_6_N001,33.80900298319592,-117.98332966316445,28.63828
BARRE_6_N002,33.80900298319592,-117.98354633683554,28.63828
BARRE_6_N003,33.80918301670945,-117.9835463370635,28.64119
BARRY_6_N001,39.069323,-121.690208,24.88461
BARTON_1_N001,36.76408490976673,-119.735935,29.30435
BARTON_1_N007,36.76400404510246,-119.73587672164825,29.30435
BARTON_1_N008,36.76400404510246,-119.73599327835174,29.30435
BASALT_6_N002,38.26328599998595,-122.26916657483297,30.45134
BASALT_6_N101,38.26328599998595,-122.26928142516702,30.45134
BATAVIA_6_N001,38.385820999985995,-121.77570654480984,30.36245
BATIQTOS_1_N001,33.1011727252775,-117.250399,29.03692
BATIQTOS_1_N008,33.101092137348985,-117.25034345864424,29.03692
BATIQTOS_1_N015,33.101092137348985,-117.25045454135577,29.03692
BAYMDWS_1_N001,37.55162541726735,-122.29307795256243,30.44852
BAYMDWS_1_N004,37.551444582623034,-122.29307795283914,30.44852
BAYMDWS_1_N008,37.551444582623034,-122.29330604716085,30.44852
BAYMDWS_1_N012,37.55162541726735,-122.29330604743757,30.44852
BAYSHOR1_1_N001,37.74603599998622,-122.40302381566526,30.63448
BAYSHOR2_1_N001,37.74603599998622,-122.40313818433472,30.63448
BAYWOOD_6_N001,35.360177,-120.811564,29.63928
BCN_PP_LNODESS1,35.25680070871138,-118.02736892630813,27.75946
BCN_PP_LNODESS2,35.256766720360744,-118.02726679027704,27.75946
BEARTAP_1_N001,35.38,-119.0,28.76838
BELLEF_7_CN10,39.776083,-122.10383,27.82282
BELLEF_7_CN11,39.77608299994151,-122.10371323062876,27.83447
BELLPGE_1_N001,38.947418999985814,-121.0911283822858,35.99
BELLPGE_1_N005,38.947418999985814,-121.0912436177142,35.99
BELLVUE_1_N001,38.379084046922976,-122.712022,30.619
BELLVUE_1_N003,38.37900297652332,-122.711962292445,30.619
BELLVUE_1_N005,38.37900297652332,-122.712081707555,30.619
BELMONT_1_N001,37.52332024549896,-122.264967,30.48876
BELMONT_1_N006,37.52323887723573,-122.26490776711239,30.48876
BELMONT_1_N008,37.52323887723573,-122.26502623288762,30.48876
BELRIDGE_1_N001,35.455722,-119.631903,28.58789
BERESFRD_6_N001,37.565013999986284,-122.31923796388803,30.42814
BERESFRD_6_N002,37.565013999986284,-122.31935203611197,30.42814
BERNARDO_6_N001,33.021575,-117.096228,28.81551
BERNARDO_6_N002,33.021574999954524,-117.09612121988424,28.81551
BERNARDO_6_N009,33.02148546856512,-117.096228,28.81551
BERNARDO_6_N013,33.021574999954524,-117.09633478011577,28.81551
BERNARDO_6_N014,33.0216645314348,-117.096228,28.81551
BERNARDO_LNODEARDO,33.02157451,-117.0962277,27.57898
BERVLLY_6_N001,37.586478,-120.125088,28.80554
BIGBASN_6_N001,37.129545,-122.172132,30.23157
BIGCRK1_7_N001,37.20203293082091,-119.24090286336467,25.87724
BIGMDWS_6_N001,40.171215,-121.085128,21.28754
BIGRIVR_6_N001,39.311461,-123.786522,32.10537
BIOLA_6_N001,36.792525,-120.114116,29.69733
BIXLER_6_N001,37.9370142319286,-121.528389,29.77214
BKRSFLD_2_N001,35.388298999987455,-119.0044078374034,28.57916
BKRSFLD_2_N101,35.388298999987455,-119.0045181625966,28.57916
BLLEHVN_6_N001,37.4772652825887,-122.16793304841748,30.65743
BLLEHVN_6_N002,37.477186999945324,-122.16787609695427,30.65743
BLLEHVN_6_N004,37.477108717384,-122.1679330485368,30.65743
BLLEHVN_6_N006,37.477108717384,-122.1680469514632,30.65743
BLLEHVN_6_N007,37.477186999945324,-122.16810390304572,30.65743
BLUELKE_6_N001,40.88014,-123.980584,52.35844
BLUSTNPP_6_N003,38.575523,-121.497588,28.57094
BLYTHESC_1_N005,33.614957,-114.682935,27.8023
BNAVSTA_6_N001,36.653344,-121.62946,30.00175
BNAVSTA_6_N002,36.65334399994771,-121.62934811906177,30.00175
BNTACRB_6_N001,37.7528989999862,-121.35069018924217,30.43432
BOGARD_6_N001,40.586552,-121.093959,21.94813
BOGUE_1_N001,39.09613073444745,-121.623771,24.63576
BOGUE_1_N201,39.096050132760894,-121.62371103865068,24.63576
BOLINAS_6_N001,37.941119,-122.707332,30.78784
BOLLMAN_1_N003,38.04,-121.98,30.49968
BOLTHSE_1_N009,35.36215899998747,-118.92362184077258,28.84406
BONITA_6_N001,36.967863,-120.20266,29.59477
BONNIEN_7_N001,39.214314999985774,-120.80917722077704,38.13
BORDEN_2_N007,36.92227399998671,-119.98422371699712,29.14647
BORDER_6_N001,32.56633480869927,-116.944389,31.9799
BORDER_6_N008,32.566254095638485,-116.94433370647506,31.9799
BORONDA_6_N001,36.689983,-121.679239,29.84747
BOSWELL_6_N001,36.085115,-119.552823,29.57832
BOWLES_6_N001,36.605651,-119.773312,29.46736
BRDGVLT_7_N001,40.47956799998481,-123.78034162638289,51.35123
BREEZE_LNODEYT1,35.123880999987534,-118.37403687435777,27.70706
BREEZE_LNODEYT2,35.123880999987534,-118.37414712564222,27.70706
BRENTWOD_2_N001,37.91959423612686,-121.676423,29.93135
BRENTWOD_2_N006,37.91951288192155,-121.67636345967551,29.93135
BRENTWOD_2_N011,37.91951288192155,-121.67648254032449,29.93135
BRGSMR_LNODEGZB,37.66621999998627,-120.97704287657282,28.63277
BRGSMR_LNODETHU,37.66621999998627,-120.97715712342718,28.63277
BRITTN_1_N001,37.37433620668406,-122.015575,30.10931
BRITTN_1_N005,37.37425489664326,-122.01551592726007,30.10931
BRITTN_1_N006,37.37425489664326,-122.01563407273993,30.10931
BRKRSLG_1_N005,38.57552299994369,-121.49747300547165,27.02287
BROCKWAY_LNODE01,39.243063530935196,-120.02634939696748,30.81603
BROCKWAY_LNODE02,39.242884468950564,-120.02634939726258,30.81603
BROCKWAY_LNODE51,39.242884468950564,-120.02658060273741,30.81603
BROCKWAY_LNODE52,39.243063530935196,-120.02658060303253,30.81603
BRRNDAC_6_N001,35.658183,-120.040362,28.57385
BRUNSWCK_1_N003,39.23119771901711,-121.034946,26.64693
BRUNSWCK_1_N008,39.23111714047599,-121.03488594065819,26.64693
BRUNSWCK_1_N101,39.23111714047599,-121.03500605934181,26.64693
BRWNSVY_6_N001,39.226226,-121.422634,28.96735
BUELLTON_1_N001,34.625261999987686,-120.18631205143852,29.64511
BUELLTON_1_N003,34.625261999987686,-120.18642194856149,29.64511
BUENAVS1_7_B1,36.653254242119594,-121.62934811919219,28.63156
BUENAVS1_7_B3,36.65319077379855,-121.6294272308971,28.63156
BUENAVS1_7_B4,36.653175595551595,-121.62953750035395,28.63156
BUENAVS1_7_B5,36.65320668330105,-121.62964245619625,28.63156
BUENAVS1_7_B6,36.653272145363964,-121.6297190021347,28.63156
BUENAVS1_7_B7,36.65335697428145,-121.62975556706088,28.63156
BUENAVS2_7_B1,36.65344659805961,-121.62974945473616,28.61118
BUENAVS2_7_B3,36.653528699704175,-121.62970424026268,28.61118
BUENAVS2_7_B4,36.653594014575496,-121.62962749889522,28.61118
BUENAVS2_7_B5,36.653636508590544,-121.62952895027708,28.61118
BULLARD_1_N001,36.824388,-119.769224,29.30109
BULLARD_1_N004,36.824387999947184,-119.76911168846675,29.30109
BULLARD_1_N005,36.824298097276774,-119.769224,29.30109
BULLARD_1_N006,36.824387999947184,-119.76933631153325,29.30109
BURLNGME_1_N001,37.589627,-122.363434,30.38722
BUTTE_1_N010,39.7118129999855,-121.81325170045862,23.26703
BUTTE_1_N101,39.7118129999855,-121.81336829954137,23.26703
BWILLIAM_LNODEILLW,34.16145330172,-114.38177086852794,27.89628
B_6_N001,32.714377595830264,-117.16944251257752,29.11825
B_6_N003,32.714198404079745,-117.16944251279143,29.11825
B_6_N005,32.714198404079745,-117.16965548720856,29.11825
B_6_N007,32.714377595830264,-117.16965548742249,29.11825
CABRILLO_1_N001,32.70751759908557,-117.24492651689708,29.58397
CABRILLO_6_N001,32.70733840082447,-117.24492651711095,29.25798
CABRILLO_6_N004,32.70733840082447,-117.24513948288904,29.25798
CALAVE_1_N001,36.71900181109094,-119.76554095699167,29.3076
CALAVE_1_N002,36.718822188804005,-119.76554095725366,29.3076
CALAVE_1_N004,36.718822188804005,-119.76576504274634,29.3076
CALCMENT_7_N4,37.37,-120.64,28.27403
CALISTGA_6_N001,38.592664,-122.57862,31.4918
CALLENDR_1_N001,35.04,-120.6,29.63637
CALPELLA_1_N001,39.197538,-123.192135,30.69918
CALSUB_LNODEET,39.521219,-120.008761,29.15384
CAMDEN_6_N001,36.446258999987045,-119.79904229562648,30.18964
CAMDEN_6_N002,36.446258999987045,-119.79915370437352,30.18964
CAMERON_6_N001,32.65324599998863,-116.48807277404411,15.07946
CAMINO_2_N001,34.83,-114.99,27.54888
CAMPHORA_6_N001,36.46829799998704,-121.39017127220814,30.11237
CAMPHORA_6_N003,36.46829799998704,-121.39028272779186,30.11237
CANAL_6_N001,37.066368999986636,-120.8354215297125,29.12625
CANAL_6_N006,37.066368999986636,-120.8355344702875,29.12625
CANBY_BP_LNODEACW,41.444925999984385,-120.88087787131334,27.93703
CANBY_BP_LNODEVEC,41.444925999984385,-120.88099812868666,27.93703
CAN_SUB_LNODEONA,34.18955419166312,-118.592,28.04493
CAN_SUB_LNODEONB,34.189472904155366,-118.59194326369176,28.18447
CAN_SUB_LNODEONC,34.189472904155366,-118.59205673630824,28.18156
CAPAY_6_N001,39.775993256822886,-122.10383,35.6021
CARBONA_6_N003,37.69218399998622,-121.41818185598439,29.90177
CARBONA_6_N101,37.69218399998622,-121.4182961440156,29.90177
CARLOTTA_6_N001,40.541122999984744,-124.06382054930958,51.35705
CARLOTTA_6_N003,40.541122999984744,-124.06393945069041,51.35705
CARLTNHS_1_N001,32.85503754591703,-117.01185140348343,28.73691
CARLTNHS_1_N004,32.85485845399255,-117.01185140369861,28.73691
CARNATIO_6_N001,35.311332,-119.083574,29.1963
CARNERAS_6_N001,35.541055,-119.805238,28.50399
CAROLNDS_6_N001,37.55291899998627,-122.37633097506193,30.71924
CAROLNDS_6_N002,37.55291899998627,-122.37644502493806,30.71924
CARQUINZ_1_N001,38.09103799998602,-122.24848662968667,30.79075
CARQUINZ_1_N002,38.09103799998602,-122.24860137031332,30.79075
CARRIZO_1_N001,35.3805629695311,-120.040252,28.9141
CARRIZO_LNODEHILL,35.38048201522088,-120.04019467441788,27.63429
CARRIZO_LNODEZOT1,35.38048201522088,-120.04030932558213,27.57898
CARTWRT_1_N001,37.78999999998617,-122.24994278512781,30.89471
CARTWRT_1_N010,37.78999999998617,-122.25005721487219,30.89471
CARUTHRS_6_N001,36.531554,-119.882758,29.09766
CAR_SM_LNODENE1,38.642773175556165,-121.3294330286556,28.47557
CAR_SM_LNODENE2,38.64259349099788,-121.32943302894401,28.47557
CAR_SM_LNODENE3,38.64259349099788,-121.329663082168,28.47557
CAR_SM_LNODENE4,38.642773175556165,-121.3296630824564,28.47557
CASTLE_LNODEDR1,37.36195490350885,-120.56264978595905,28.51342
CASTLE_LNODEDR2,37.36187666885442,-120.5625929569803,28.51342
CASTLE_LNODEDR3,37.36179843428164,-120.56264978607754,28.50759
CASTLE_LNODEDR4,37.36179843428164,-120.56276344403506,28.50759
CASTLE_LNODEDR5,37.36187666885442,-120.5628202731323,28.51342
CASTLE_LNODEDR6,37.36195490350885,-120.56276344415355,28.51342
CASTROVL_2_N001,37.69127699998625,-122.06100285669102,30.47006
CASTROVL_2_N003,37.69127699998625,-122.06111714330898,30.47006
CASTROVL_2_N006,36.76278384840137,-121.73625384648868,30.47006
CAS_LA_LNODESMW,34.587237,-118.656638,28.12625
CAS_PP_LNODE1AUX,34.58734037344726,-118.65692220263387,28.12625
CAS_PP_LNODE2AUX,34.58742309555189,-118.65687780855163,28.12625
CAS_PP_LNODE3AUX,34.587488904018386,-118.65680245963806,28.12625
CAS_PP_LNODE4AUX,34.58753171916694,-118.65670569917606,28.12334
CAS_PP_LNODE5AUX,34.58754852361777,-118.65659776098718,28.12625
CAS_PP_LNODE6AUX,34.58753896054594,-118.65648852558515,28.12625
CATALYST_7_N001,37.33647699998642,-121.87909619952335,30.54029
CATLETT_6_N001,38.808811,-121.516115,24.77108
CAWELOB_6_N001,35.57097799998741,-119.11546380934058,28.90228
CAWELOC_1_N001,35.57097799998741,-119.11557419065942,28.83824
CAYUCOS_6_N001,35.44865399998744,-120.8703058292383,29.70333
CAYUCOS_6_N006,35.44865399998744,-120.8704161707617,29.70333
CCOSTA_2_N001,37.998693,-121.783314,30.16096
CCSUB_1_N001,38.03,-121.75,30.18493
CCSUB_2_N001,38.01999999998606,-121.75994265860079,30.17911
CCSUB_2_N010,38.01999999998606,-121.7600573413992,30.17911
CEDRCRK_6_N101,40.79116899998464,-121.93795172476342,32.94344
CENTERS_6_N001,33.928884073837764,-118.105463,28.80196
CENTERS_6_N200,33.9288029630683,-118.10551943910147,28.80196
CEN_SUB_LNODEONB,33.948054083699034,-118.255,28.20776
CEN_SUB_LNODEONC,33.94797295813763,-118.25494353789466,28.20776
CEN_SUB_LNODEOND,33.94797295813763,-118.25505646210534,28.20776
CERES_LNODEDR1,37.6088562120824,-120.956729570412,28.46975
CERES_LNODEDR3,37.6089710504,-120.956595705015,28.46975
CERES_LNODEDR4,37.6089019185376,-120.956592000755,28.47266
CERES_LNODEDR5,37.6087606610128,-120.956712881849,28.46975
CERES_LNODEDR7,37.6089324750351,-120.956712057352,28.47266
CERES_LNODEDR8,37.6090011903052,-120.956714357349,28.47266
CERTTEED_1_N001,37.059999999986665,-120.07994353791257,29.05897
CERTTEED_1_N002,37.059999999986665,-120.08005646208743,29.05897
CHALLNGE_6_N001,39.48543,-121.220509,23.09528
CHANNEL_6_N001,37.95526599998612,-121.33242068885451,28.42026
CHARKA_1_N001,35.608038,-119.325523,28.69851
CHCARITA_1_N001,32.9600895309367,-117.08989329478639,28.79513
CHCARITA_1_N004,32.95991046897258,-117.08989329500262,28.79513
CHCARITA_1_N008,32.95991046897258,-117.09010670499737,28.79513
CHC_LNODE31A,38.95999999998579,-120.89994237638588,27.57316
CHC_LNODE33A,38.95999999998579,-120.90005762361412,27.57316
CHEROKEE_6_N001,38.005513,-121.237769,28.82489
CHESTER_6_N001,40.304405,-121.224282,20.99644
CHICOA_6_N001,39.71879299998543,-121.82096169136352,23.27285
CHICOA_6_N010,39.71879299998543,-121.82107830863647,23.27285
CHICOB_1_N001,39.725493999985424,-121.84718768259572,23.13313
CHICOB_1_N002,39.725493999985424,-121.84730431740428,23.13313
CHINO_6_N007,33.998301818402325,-117.67886922357054,28.36755
CHINO_6_N008,33.998301818402325,-117.67908677642946,28.36755
CHLDHOSP_1_N001,36.87,-119.81,29.12643
CHOLLAS_6_N001,32.744058749573895,-117.046316,31.54554
CHOLLAS_6_N008,32.743978125200904,-117.04626065732346,31.54554
CHOLLAS_6_N009,32.743978125200904,-117.04637134267654,31.54554
CHSTN_1_N001,38.09,-120.3,26.78136
CHWCHLLA_1_N001,37.12073295026913,-120.25055224215674,29.00657
CHWCHLLA_1_N002,37.12073295026913,-120.25066975784326,29.00657
CIG_SM_LNODESS,38.44525,-121.461543055556,28.46975
CIMA_2_N101,35.2691,-115.49292,27.68586
CITYUKH_1_B1,39.14300254479826,-123.19181754359136,30.72846
CLAIRMNT_6_N008,32.825996732119705,-117.184096,29.15319
CLAMMNA_1_N001,37.807826,-121.276142,29.67745
CLARIBEL_LNODEGFP,37.71028,-120.9688,28.63568
CLARKRD_7_N001,39.6546447946953,-121.635292,22.98155
CLARMNT_1_N001,32.82591613392796,-117.18404062431202,30.74317
CLAUS_LNODEKSN,37.639389999986214,-120.91954289863075,28.62986
CLAUS_LNODESME,37.639389999986214,-120.91965710136925,28.62986
CLAYTN_1_N001,38.34245511038229,-120.93484110965764,30.15276
CLAYTN_1_N004,37.943825,-121.969415,30.15276
CLAYTN_1_N029,38.3422748895056,-120.93484110994348,30.15276
CLAYTN_1_N030,38.3422748895056,-120.93507089005652,30.15276
CLAY_6_N001,38.34245511038229,-120.93507089034236,27.68707
CLERLKE_6_N001,39.007954999985856,-122.89377935245265,30.60979
CLERLKE_6_N012,39.007954999985856,-122.89389464754734,30.60979
CLMBAHL_6_N001,39.331874,-121.101368,26.02449
CLOUGH_LNODEIYF,37.62761111,-120.9751667,28.62403
CLOUGH_LNODEYBR,37.62761110994497,-120.97505251712948,28.62403
CLOVIS_1_N001,36.826043942491545,-119.681281,29.1677
CLOVIS_1_N004,36.825963028740034,-119.68122263908639,29.15879
CLOVIS_1_N101,36.825963028740034,-119.68133936091361,29.1677
CLOVRDLE_1_N001,38.795757,-123.011412,29.89642
CLRKSVLE_1_N001,38.655559898770534,-121.060175,25.82974
CLRKSVLE_1_N003,38.655479050599546,-121.06011522698469,25.82974
CLRKSVLE_1_N004,38.655479050599546,-121.0602347730153,25.82974
CLSAJCT_6_N001,39.190857,-121.990506,33.44035
CLWTER_2_N003,35.39850993300358,-118.93957167203409,30.44816
CMPEVRS_1_N001,37.041635999986624,-122.02530956161661,30.51118
CMPEVRS_1_N002,37.041635999986624,-122.02542243838339,30.51118
CNTRYCB_6_N001,37.97966036733168,-121.31639835392943,28.41394
CNTRYCB_6_N002,37.979479632557,-121.31639835421177,28.41394
CNTRYCB_6_N004,37.979479632557,-121.31662764578823,28.41394
CNTRYCB_6_N006,37.97966036733168,-121.31662764607057,28.41394
COLLEG_LNODEDR1,37.6091056801805,-120.992876143573,28.53961
COLLEG_LNODEDR2,37.6091096218649,-120.992789582042,28.53961
COLLEG_LNODEDR5,37.6090266914486,-120.992698116343,28.53961
COLLEG_LNODER15,37.6090419641747,-120.993034819943,28.53961
COLNGA1_6_N001,36.13602399998719,-120.34444457141348,28.78995
COLNGA1_6_N002,36.13602399998719,-120.34455542858652,28.78995
COLNGA2_6_N001,36.236577,-120.315114,28.68515
COLONY_6_N001,38.190132,-121.181632,27.8145
COLUMBUS_1_N001,35.398330066896115,-118.93957167228022,28.77711
COLUMBUS_1_N003,35.398330066896115,-118.93979232771979,28.77711
COLUMBUS_1_N005,35.39850993300358,-118.9397923279659,28.77711
COLUSA_6_N001,39.213610999985775,-122.00296022131043,33.49275
COLUSA_6_N004,39.213610999985775,-122.00307577868956,33.49275
COLWATER_1_N001,34.86012489309556,-116.85312978164612,25.78984
COLWATER_1_N002,34.86012489309556,-116.85324421835388,25.78984
COMMONS_LNODEDR1,37.6091045275098,-120.992962913259,28.5629
COMMONS_LNODEDR3,37.5166183000533,-120.867554724081,28.57164
COMMONS_LNODEDR4,37.516699044633,-120.867555122205,28.5629
COMMONS_LNODEDR5,37.5164895041446,-120.867550987033,28.57164
COMMONS_LNODEDR7,37.5165532160667,-120.867553025577,28.57164
COMMONS_LNODEDR8,37.5008689404211,-120.913270146673,28.5629
CONCHO_1_N002,33.785845,-116.342689,28.10813
CONTADNA_1_N001,36.29,-119.71,28.97574
CONTROLX_1_N001,37.342839,-118.471988,-55.0
CONTROL_7_N001,37.34291722503321,-118.47193119226046,-54.30312
COOPER_LNODEDR1,37.3189566034476,-120.5119493179366,28.5105
COOPER_LNODEDR2,37.31895660339336,-120.51183575699493,28.51924
COOPER_LNODEDR3,37.318866291449055,-120.51183575713138,28.50177
COOPER_LNODEDR4,37.318802431310424,-120.51191605677509,28.51924
COOPER_LNODEDR5,37.318787159360575,-120.51202798203006,28.50177
COOPER_LNODEDR6,37.31881843902539,-120.51213451388375,28.51924
COOPER_LNODEDR7,37.318884305211256,-120.51221220923813,28.51924
COOPER_LNODEDR8,37.318969657813994,-120.51224932323211,28.52506
COOPER_LNODEDR9,37.31905983488123,-120.51224311913526,28.52506
COOPER_LNODER14,37.31914244338007,-120.5121972257278,28.5105
COOPER_LNODER15,37.31920816147405,-120.51211933201114,28.5105
COOPER_LNODER16,37.31925091782716,-120.51201930357878,28.5105
COOPER_LNODER17,37.31926769919903,-120.51190771989396,28.5105
COPUS_6_N001,35.093593,-119.278466,29.37678
CORCORAN_1_N001,36.10957699998725,-119.55797958991954,29.48808
CORCORAN_1_N005,36.10957699998725,-119.55809041008045,29.48808
CORDELIA_6_N001,38.216066,-122.112082,30.43679
CORDPMP_6_N003,38.575433098781254,-121.497588,30.48627
CORNING_6_N004,39.93198099998522,-122.18732639815484,36.12317
CORNING_6_N006,39.93198099998522,-122.18744360184516,36.12317
CORONADO_6_N001,32.698823762005226,-117.173249,29.13281
CORONADO_6_N002,32.69874311898509,-117.17319367259638,29.13281
CORONA_1_N001,32.69874311898509,-117.17330432740361,30.46232
CORRAL_6_N001,38.1014979999861,-120.92635462577833,30.00677
CORRAL_6_N003,38.1014979999861,-120.92646937422167,30.00677
CORSGOLD_1_N001,37.22751499998653,-119.69108432761332,28.89937
CORSGOLD_1_N003,37.22751499998653,-119.69119767238668,28.89937
CORTEZ_LNODEDR1,37.5005587104299,-120.913235680039,28.52215
CORTEZ_LNODEDR3,37.5007571927422,-120.913267914805,28.51924
CORTEZ_LNODEDR5,37.5006522266335,-120.913263660994,28.52215
CORTEZ_LNODEDR6,37.5008124927682,-120.913424010622,28.52215
CORTEZ_LNODEDR7,37.5007095209272,-120.913352769965,28.51924
CORTINA_1_N106,39.121407,-122.224176,32.61962
COR_LNODENE1,38.55393333331922,-121.20798139654603,28.46975
COR_LNODENE3,38.55393333331922,-121.20809638123197,28.46975
COTATI_6_N101,38.30970399998603,-122.73153156284509,31.5733
COTATI_6_N102,38.30970399998603,-122.73164643715491,31.5733
COTTLEA_2_N001,37.772676259234935,-120.825545,28.02285
COTTLE_7_N001,37.77259487036768,-120.82548555286246,28.02576
COTWDPGE_1_N001,34.38040399998781,-116.87675022716886,36.82389
COVELO6_6_N001,39.78628299998532,-123.24850460152904,32.20708
CPLECEF_1_N001,37.25999999998651,-121.63994328855216,30.58139
CPLECEF_1_N005,37.25999999998651,-121.64005671144784,30.58139
CPP_LNODESS1,38.3383555554995,-121.12458988828622,28.44646
CPP_LNODESS2,38.33844566948052,-121.124475,28.44646
CRABTREE_LNODENK1,37.64506,-120.60683,28.59492
CRCANAL_6_N001,40.1384740349693,-122.208547,35.53658
CREELMAN_6_N001,33.01815871873613,-116.853026,22.12038
CREELMAN_6_N004,33.01807814061963,-116.85297051775382,22.12038
CREELMAN_6_N014,33.01807814061963,-116.85308148224618,22.12038
CRESSEY_1_N001,37.42852799998634,-120.6386900986629,29.1975
CRESTWD_6_N001,32.699023999988746,-116.35373376108788,15.04162
CROWLNDG_LNODEDR1,37.4627004272953,-120.740076630976,28.47557
CROWLNDG_LNODEDR3,37.462786962981,-120.740080933369,28.47266
CROWLNDG_LNODEDR4,37.462613876709,-120.740078364387,28.47266
CROWLNDG_LNODEDR5,37.4625421344261,-120.740074305354,28.47266
CROWLNDG_LNODEDR7,37.4627827502437,-120.740270351347,28.47557
CRUSHER_6_N001,37.021645,-122.154383,30.3189
CRWSLDG_6_N001,37.377307,-121.085672,29.88756
CRYSTLSG_6_N001,37.528913,-122.361067,30.54611
CSG_LNODESS,38.51068967879612,-121.47509029333828,28.46684
CSTRVLLE_1_N001,36.762604151493385,-121.73625384675147,29.46613
CURTIS1_7_N001,37.974949221777045,-120.320668,25.98665
CURTISS_1_N101,37.974867889096444,-120.32072756943327,25.93134
CYMRIC_1_N001,35.31,-119.63,28.41323
DAIRYLND_1_N001,37.055221,-120.317015,28.93996
DALYCTY_1_N001,37.69180126214444,-122.455704,30.74801
DALYCTY_1_N005,37.69171986891291,-122.45564461457239,30.74801
DANISHCM_1_N001,36.71900181109094,-119.76576504300833,29.30178
DAVIS_1_N001,39.06008956957949,-121.70988464738468,26.84051
DAVIS_1_N007,39.05991043030674,-121.70988464767737,26.84051
DAVIS_1_N012,39.05991043030674,-121.71011535232263,26.84051
DECPTSG_2_N001,38.05999999998602,-121.86994264179833,30.10533
DECPTSG_2_N018,38.05999999998602,-121.87005735820168,30.10533
DEEPWATR_1_N101,38.55162999998592,-121.56020750817653,27.04615
DEEPWATR_1_N104,38.55162999998592,-121.56032249182347,27.04615
DELAMO_2_N001,33.84836303124857,-118.096994,28.85162
DELAMO_2_N014,33.84828198436281,-118.09693765855927,28.85162
DELAMO_2_N022,33.84828198436281,-118.09705034144073,28.85162
DELMAR_6_N001,38.7988788301003,-121.220655,29.24925
DELMAR_6_N001A,38.798798084934575,-121.22059518327069,25.88852
DELMAR_6_N005,38.798798084934575,-121.22071481672931,25.88852
DELMAR_6_N010,32.980789999988666,-117.25535963525417,29.24925
DELMAR_6_N011,32.980789999988666,-117.25546636474583,29.24925
DELMNTE_1_N010,36.599053999987,-121.8539621246086,29.80089
DELMNTE_1_N201,36.599053999987,-121.85407387539139,29.80089
DESCANSO_6_N001,32.86524,-116.633752,15.08237
DEVLDNPP_6_N003,35.774930999987355,-119.97393475743563,28.54474
DEVLSDN_6_N001,35.774930999987355,-119.97404524256437,28.55347
DFS_1_N001,36.72,-120.6,28.54251
DIABLO1_7_N001,35.215922999950024,-120.84743471985068,27.87195
DIABLO2_7_N001,35.215922999950024,-120.84765528014933,27.8836
DIABLOCN_2_N001,35.21601309719158,-120.847545,29.05417
DINUBAE_7_N001,36.56893330486095,-119.41841731957626,29.49373
DINUBA_6_N001,36.56893330486095,-119.41864068042374,29.52575
DINUBA_6_N005,36.56911269503489,-119.41864068068313,29.52575
DIRYVLLE_6_N001,40.12799,-122.097838,37.55391
DIVISION_6_N001,32.6815959999886,-117.12003376624276,29.09206
DIVISION_6_N009,32.6815959999886,-117.12014023375725,29.09206
DIXON-J1_6_N101,38.44545401121386,-121.826237,30.43813
DIXONLD_1_N001,37.457825231051295,-121.921353,30.46478
DIXONLD_1_N002,37.457743884459624,-121.92129383478914,30.46478
DIXONLD_1_N008,37.457743884459624,-121.92141216521087,30.46769
DIXON_6_B1,38.445372994377905,-121.8261772770627,30.44105
DIXON_6_N002,38.445372994377905,-121.8262967229373,30.44105
DMNDSPR_1_N001,38.69304699998593,-120.82566347343,25.78317
DMNDSPR_1_N003,38.69304699998593,-120.82577852656999,25.78317
DOBBINS_6_N001,39.339604,-121.197378,23.09528
DOLANRD_1_N001,36.800296,-121.769123,29.43702
DOMTAR_1_N001,38.13,-121.65,30.18784
DONNER_LNODE07,39.327305,-120.281812,31.0722
DONPEDRO_LNODENSS,37.6962503274167,-120.4206077500803,28.45228
DOSPALS_6_N001,36.97484,-120.635012,28.74303
DUKMOSS1_7_N001,36.85999999998676,-121.76005620188538,29.36133
DUKMOSS2_7_N001,36.84999999994714,-121.75988762218331,29.36133
DUKMOSS3_7_N001,36.84999999994714,-121.76011237781668,29.36133
DUKMOSS3_7_N002,36.85008992566386,-121.76,29.36133
DUKMOSS4_7_N001,36.84999999994714,-121.71988762218332,29.36133
DUKMOSS5_7_N001,36.83999999998681,-121.72005617595099,29.36133
DUKMOSS6_7_N001,36.84999999994714,-121.72011237781669,29.36133
DUKMOSS6_7_N002,36.85008992566386,-121.72,29.36133
DUMBARTN_1_N001,37.557155251259346,-122.057606,30.40604
DUMBARTN_1_N003,37.55707387435557,-122.05754673393427,30.40604
DUMBARTN_1_N011,37.55707387435557,-122.05766526606573,30.40604
DUNBAR_6_N001,38.38322299998598,-122.52777754540057,30.74212
DUNBAR_6_N002,38.38322299998598,-122.52789245459942,30.74212
DUNHILL_6_N001,32.901543,-117.229958,29.17939
DUNLAP_6_N001,36.64502999998689,-119.15909106962141,29.62764
DUNNIGAN_6_N001,38.924808,-121.989951,33.87992
DUNNSIDE_1_N001,35.03321,-116.467335,26.27398
EAGLEMTN_2_N001,33.82005401596653,-115.44,27.97114
EAGLEMTN_2_N002,33.8199729920039,-115.43994369314599,27.97114
EAGLROCK_2_N001,38.8293359999859,-122.81077743066047,28.38312
EAGLROCK_2_N012,38.8293359999859,-122.81089256933953,28.38312
EASTGATE_6_N101,32.88493613808494,-117.20083859603457,29.19685
EASTGATE_6_N201,32.88493613808494,-117.20094940396542,29.19685
EBMUDGRY_1_N001,37.93,-122.04,30.32177
ECY_LNODE101,38.55445658675582,-121.43093112608555,28.47848
ECY_LNODE102,38.55427674646514,-121.4309311263732,28.47848
ECY_LNODE103,38.55427674646514,-121.43116109584881,28.47848
ECY_LNODE104,38.55445658675582,-121.43116109613645,28.47848
EDENVALE_1_N001,37.24503626216962,-121.7958386130011,29.71186
EDENVALE_1_N004,37.24485573772219,-121.79583861327271,29.71186
EDENVALE_1_N006,37.24485573772219,-121.79606538672729,29.71186
EDENVALE_1_N008,37.24503626216962,-121.7960653869989,29.71186
EDES_1_N001,37.738786999986225,-122.19371982090533,31.76236
EDES_1_N003,37.738786999986225,-122.19383417909467,31.76236
EDMON1AP_7_N001,34.986313,-118.738787,28.28157
EDMON2AP_7_N001,34.986312999950265,-118.73867680688261,28.28157
EDMON3AP_7_N001,34.98622271993701,-118.73867680700413,28.27866
EDMON3AP_7_N002,34.98615888237297,-118.73875472524391,28.27866
EDMON4AP_7_N001,34.98614361582445,-118.738863331203,28.27866
EDMON4AP_7_N002,34.98617488443967,-118.73896670370384,28.27866
EDMON5AP_7_N001,34.98624072734969,-118.73904209487607,28.27866
EDMON5AP_7_N002,34.986326049781965,-118.73907810817316,28.27866
EDMON6AP_7_N001,34.986416194964555,-118.73907208804029,28.27866
EDMON6AP_7_N002,34.98649877424742,-118.73902755565565,28.27866
EDMON7AP_7_N001,34.98656446909455,-118.73895197200041,28.27866
EDMON7AP_7_N002,34.98660721032227,-118.7388549100885,28.27866
EDMON8AP_7_N001,34.98662398575978,-118.738746635625,28.27866
EDMON8AP_7_N002,34.986614439197844,-118.738637059907,28.27866
EDWARDS_1_N001,34.991871,-117.890005,29.93751
EELRIVR_6_N001,40.602658,-124.210199,51.59285
EIGHTMI_2_N017,38.058077,-121.375292,27.97038
EISENHOW_1_N001,33.830599,-116.497612,28.05299
EISEN_6_N001,35.35714,-118.97131,29.0653
ELCAJNGT_7_N001,32.795346131065216,-116.97233863745876,58.36798
ELCAJNGT_7_N004,32.795346131065216,-116.97244936254124,58.52
ELCAPTN_1_N001,37.335801999986415,-120.50517320028958,29.08106
ELCAPTN_1_N004,37.335801999986415,-120.50528679971042,29.08106
ELCAPTN_1_N005,37.365512,-120.578993,29.08106
ELCRRTO_1_N001,37.91620499998609,-122.30313670905946,30.71663
ELCRRTO_1_N023,37.91620499998609,-122.30325129094054,30.71663
ELKCREEK_6_N001,39.12957472883464,-123.711777,39.1681
ELKHIL1G_7_N001,35.22604999998747,-119.37772885850012,28.23566
ELKHIL2G_7_N001,35.22604999998747,-119.37783914149988,28.23566
ELK_6_N001,39.1294941355673,-123.71183698354646,31.91033
ELK_SM_LNODENE2,38.37273738362879,-121.354256944444,28.46684
ELK_SM_LNODENE7,38.372656308170484,-121.35419723840097,28.46684
ELK_SM_LNODENE8,38.372656308170484,-121.35431665048702,28.46684
ELLIOTT_6_N001,32.81585999998874,-117.08840071898302,28.82133
ELLIOTT_6_N004,32.81585999998874,-117.08850728101697,28.82133
ELLIS_6_N001,37.716505,-121.548766,28.87989
ELLIS_6_N105,33.685126,-117.943596,28.87989
ELLSGTY_1_N001,33.685294,-117.943088,29.26203
ELNIDO_1_N004,37.12061299998659,-120.47270746040512,28.91325
ELNIDO_2_N001,37.12061299998659,-120.47282053959488,29.07594
ELNIDO_2_N012,33.89624399998809,-118.37271472929694,29.07594
ELNIDO_7_N001,33.89624399998809,-118.37282327070305,28.91325
ELPATIO_1_N001,37.29223717683988,-121.935913,30.32729
ELPATIO_1_N006,37.29215591156547,-121.93585402427247,30.32729
ELPATIO_1_N015,37.29215591156547,-121.93597197572753,30.32729
ELV_LNODENE1,38.71426666661026,-121.47683299057677,28.46684
ELV_LNODENE2,38.71418891290697,-121.47689052312896,28.46684
ELV_LNODENE3,38.71418891290697,-121.47700558798303,28.46684
ELV_LNODENE4,38.71426666661026,-121.47706312053523,28.46684
ELV_LNODENE5,38.71434442039811,-121.4770055881082,28.46684
ELV_LNODENE6,38.71434442039811,-121.4768905230038,28.46684
EMBRCDR_2_N001,37.780090430972514,-122.37988558363396,30.58174
EMBRCDR_2_N008,37.77990956891692,-122.37988558391392,30.58174
EMBRCDR_2_N101,37.77990956891692,-122.38011441608609,30.58174
EMBRCDR_2_N104,37.780090430972514,-122.38011441636604,30.58174
EMRLDLE_6_N001,37.462178,-122.277933,30.41512
EMRYSVE_1_N001,39.163430999985756,-121.56151425780503,24.52623
EMRYSVE_1_N003,39.163430999985756,-121.56162974219497,24.52623
ENCINAL_6_N001,39.247383,-121.637248,25.19957
ENCINA_1_N001,33.13699513479889,-117.33531843066032,29.0049
ENCINA_1_N049,33.13699513479889,-117.33542956933968,29.0049
ENCNITAS_6_N001,33.05068472041646,-117.285325,29.26963
ENCNITAS_6_N004,33.05060413977941,-117.28526949553299,29.26963
ENCNITAS_6_N011,33.05060413977941,-117.285380504467,29.26963
ENSLEN_LNODEHKQ,37.65224426097517,-121.0013,28.62986
ENSLEN_LNODELOU,37.65216286949752,-121.00124064749899,28.62986
ENSLEN_LNODEWFN,37.65216286949752,-121.00135935250101,28.62986
ERTA_6_N001,36.930594,-121.763827,30.34816
ESCNDIDO_6_N001,33.12543545233769,-117.116857,28.83006
ESCNDIDO_6_N046,33.12552499995441,-117.11696392572938,28.83006
ESCNDIDO_6_N053,33.12561454766245,-117.116857,28.83006
ESCO_6_N001,33.115770727187964,-117.089119,28.8912
ESCO_6_N004,33.11569013639368,-117.08906344744015,28.8912
ESQUON_6_N001,39.607876,-121.768445,23.29032
ESTGRND_1_N001,37.653951261060854,-122.403031,30.68979
ESTGRND_1_N005,37.65386986945481,-122.402971646041,30.68979
ESTGRND_1_N009,37.65386986945481,-122.403090353959,30.68979
ESTPRTL_1_N001,37.876677,-122.186415,30.65002
ESTQNCY_6_N001,39.938128,-120.910322,19.8495
ETIWANDA_6_N001,34.0883812512724,-117.5255740237224,28.18981
ETIWANDA_6_N003,34.08814499998799,-117.52552751207779,28.19563
EUREKAA_6_N001,40.793883999984665,-124.18290627263764,51.88686
EUREKA_6_N001,40.793883999984665,-124.18302572736236,51.86939
EVRGREEN_1_N001,37.303338999986465,-121.8408102375639,30.27797
EVRGREEN_1_N019,37.303338999986465,-121.84092376243609,30.27797
EXXONBH_7_N001,38.08095331088854,-122.13762073299924,30.53663
FAIRGRND_LNODEDR1,37.5006945896515,-120.867048786933,28.54835
FAIRGRND_LNODEDR3,37.5005735349484,-120.866718665766,28.54835
FAIRGRND_LNODEDR4,37.5005721589657,-120.866803820595,28.54835
FAIRGRND_LNODEDR5,37.5005181954718,-120.867051337755,28.54835
FAIRGRND_LNODEDR7,37.5005718981617,-120.866887330714,28.54835
FAIRGRND_LNODEDR8,37.5005716373084,-120.866970837622,28.54835
FAIRHAVN_6_N001,40.80028,-124.195714,51.99457
FAIRWAY_1_N001,34.91059499998762,-120.44635292480474,29.49082
FAIRWAY_1_N002,34.91059499998762,-120.44646307519525,29.49082
FAMOSO_1_N001,35.60500099998741,-119.20248280260235,28.79458
FARREL_1_N001,33.85654399998807,-116.49686777574072,27.9482
FARREL_1_N002,33.85654399998807,-116.49697622425927,27.9482
FAR_SUB_LNODEONA,34.03809021316632,-118.37089113436087,28.19611
FAR_SUB_LNODEONB,34.0379097867377,-118.37089113459244,28.19903
FAR_SUB_LNODEONC,34.0379097867377,-118.37110886540755,28.19903
FAR_SUB_LNODEOND,34.03809021316632,-118.37110886563912,28.19903
FELICITA_6_N001,33.093263724336374,-117.073637,28.87664
FELICITA_6_N005,33.09318313781945,-117.07358146461416,28.87664
FELICITA_6_N009,33.09318313781945,-117.07369253538583,28.87664
FELLOWSG_7_N001,35.195188999987465,-119.58505586292793,28.45399
FIGARDN_2_N001,36.8220309999868,-119.85852484727552,29.17866
FIGARDN_2_N101,36.8220309999868,-119.85863715272448,29.17284
FINNEY_LNODESNV,37.627520677678156,-120.9751667,28.63277
FIREBAGH_6_N001,36.850688,-120.466577,29.55229
FIREHOUS_LNODEBUSH,34.8569,-114.6245,27.76528
FIY_LNODE0LD,38.762778,-121.356944,28.46393
FLINT_1_N001,38.88530299998586,-121.06669540924167,25.0594
FMC_1_N001,37.347699999986396,-121.92219018683774,30.62471
FMC_1_N003,37.347699999986396,-121.92230381316226,30.62471
FOOTHILL_1_N001,35.27,-120.7,29.22592
FORSTHL_6_N001,39.01927,-120.830271,25.36951
FORTORD_6_N001,36.643363,-121.792138,29.90569
FORTRSS_6_N001,38.539559,-123.223713,31.6781
FOSTERW_7_N001,38.02007534657929,-122.06127131707333,30.25515
FRANKLIN_6_N003,38.012317,-122.264655,30.94369
FRA_SM_LNODENE1,38.38101134187077,-121.4768906014164,28.46684
FRA_SM_LNODENE2,38.380933333277234,-121.47683314740071,28.46684
FRA_SM_LNODENE3,38.38085532476781,-121.47689060154032,28.46684
FRA_SM_LNODENE4,38.38085532476781,-121.47700550957168,28.46684
FRA_SM_LNODENE5,38.380933333277234,-121.47706296371129,28.46684
FRA_SM_LNODENE6,38.38101134187077,-121.4770055096956,28.46684
FREDONIA_LNODELD,34.1733,-114.574,27.61682
FREMNT_1_N001,37.54118124868743,-121.962063,30.17352
FREMNT_1_N007,37.54109987564155,-121.96200374944321,30.17352
FREMNT_1_N013,37.54109987564155,-121.96212225055679,30.17352
FRIARS_1_N001,32.77904499998872,-117.15675673371696,28.92031
FRIARS_1_N009,32.77904499998872,-117.15686326628304,28.92031
FRNCHGLH_6_N001,40.68692,-122.641204,36.67828
FROGTOWN_7_N001,38.056504,-120.53381,27.45381
FRTSWRD_6_N001,40.21377199998503,-123.59658599020719,53.06
FRUITLND_6_N001,40.28584,-123.837372,52.63208
FRUITVLE_6_N001,35.376774999987504,-119.0924868388967,28.66649
FRUITVLE_6_N101,35.376774999987504,-119.09259716110328,28.66649
FSTREET_LNODEDR1,37.4895796064313,-120.838424090027,28.54835
FSTREET_LNODEDR3,37.4896984214952,-120.838270217479,28.54544
FSTREET_LNODEDR4,37.4896152090171,-120.838173674241,28.54544
FSTREET_LNODEDR5,37.4894938869083,-120.83833925837,28.54835
FTCHMTN_6_N001,38.60608399998592,-122.85282549557644,31.20601
FTCHMTN_6_N003,38.60608399998592,-122.85294050442356,31.20601
FTL_LNODENE1,38.69308721315885,-121.348651111111,28.46975
FTL_LNODENE2,38.693006393405355,-121.34859132777218,28.46975
FTL_LNODENE3,38.693006393405355,-121.34871089444981,28.46975
FULTON_2_N010,38.49657200829278,-122.75943026543568,30.33954
FULTON_2_N049,38.49657200829278,-122.75954973456432,30.33954
F_6_N001,32.75497274686537,-117.126027,31.51934
F_6_N002,32.75489212655523,-117.12597165333155,31.51934
F_6_N005,32.75489212655523,-117.12608234666845,31.51934
GABILAN_6_N001,36.731511,-121.61325,30.16186
GALE_1_N001,34.85946599998758,-116.86535894183864,25.79566
GANSNER_6_N101,39.939187,-120.948157,21.55535
GANSO_1_N001,35.501698,-119.449132,28.47145
GARCIA_6_N001,38.88879,-123.550318,32.1927
GAREY_1_N002,34.98,-120.26,29.47044
GARFIELD_6_N001,32.795125,-116.996848,54.44711
GARNET_7_N001,33.93858299995228,-116.57633536031197,27.88415
GEER_LNODEDR1,37.52250334748,-120.843709746797,28.52797
GEER_LNODEDR2,37.5224993081714,-120.843588348711,28.52215
GEER_LNODEDR3,37.5224318250334,-120.843496861832,28.52215
GEER_LNODEDR4,37.5224297824039,-120.843426269924,28.52215
GEER_LNODEDR5,37.5224263420376,-120.843557323915,28.52797
GEER_LNODEDR7,37.5224225565731,-120.843630755159,28.52797
GEER_LNODEDR8,37.522425898329,-120.843709042834,28.52797
GENESEE_6_N001,32.87974054062765,-117.2133823800825,29.24052
GENESEE_6_N005,32.87956145928191,-117.21338238029792,29.24052
GENESEE_6_N011,32.87956145928191,-117.21359561970208,29.24052
GENESEE_6_N015,32.87974054062765,-117.2135956199175,29.24052
GENE_2_N001,34.3,-114.23,27.47028
GERBER_6_N101,40.064207,-122.156114,37.73148
GEYSR5-6_7_N001,38.777006613720275,-122.74238837921152,29.25616
GIFFEN_6_N001,36.545076,-120.334519,29.0843
GILROYF_1_N001,37.14,-121.58,30.03498
GILSTRAP_LNODEDR1,37.5800948624588,-120.975549487551,28.47557
GILSTRAP_LNODEDR3,37.5801662132492,-120.9757670064,28.47848
GILSTRAP_LNODEDR5,37.5799830759229,-120.975550499689,28.47557
GILSTRAP_LNODEDR7,37.58017229934,-120.975552395649,28.47557
GILSTRAP_LNODEDR8,37.5801700030066,-120.975645212521,28.47848
GILSTRAP_LNODER17,37.5801611951015,-120.976018315921,28.47848
GIRVAN_6_N001,40.51347,-122.378916,36.86802
GLENCLIF_6_N001,32.798367,-116.498315,15.08528
GLENSHIR_LNODERE,39.352238,-120.08626,30.90336
GLENWOOD_6_N001,37.45733023092607,-122.186967,30.56119
GLENWOOD_6_N004,37.457248884522265,-122.18690783531744,30.56119
GLENWOOD_6_N005,37.457248884522265,-122.18702616468256,30.56119
GLRYCGG1_7_N001,37.12999999998655,-121.5600565514771,30.03789
GOLDTREE_1_N001,35.32012199998752,-120.69284284611503,29.26667
GOLDTREE_1_N002,35.32012199998752,-120.69295315388497,29.26667
GOLETA_6_N200,34.46880142976412,-119.88445868708224,29.42834
GONZALES_6_N001,36.50885299998702,-121.44685522795733,30.32779
GONZALES_6_N003,36.50885299998702,-121.44696677204267,30.32779
GORMAN_6_N001,34.8014,-118.818908,28.66874
GOSELKE_1_N001,35.601596,-119.579654,28.55878
GOULD_2_N001,34.22145799998786,-118.18701737338756,28.4064
GOULD_2_N007,34.22145799998786,-118.18712662661244,28.4064
GRANDIS_1_N004,38.23108199998597,-121.59029758372996,27.26166
GRANDIS_1_N009,38.23108199998597,-121.59041241627003,27.26166
GRANITE_6_N001,32.804473,-116.92086,58.09434
GRANITE_6_N007,32.804472999954854,-116.9207534473782,58.09434
GRANITE_6_N008,32.80438343993102,-116.92086,58.09434
GRANITE_6_N009,32.804472999954854,-116.92096655262179,58.10599
GRANTRK_6_N001,37.67099326174171,-122.160116,30.50245
GRANT_1_N001,37.67091186911436,-122.16005663166834,30.47676
GRANT_1_N005,37.67091186911436,-122.16017536833166,30.47676
GRBRVLLE_6_N001,40.10263,-123.792873,53.69751
GRDNEAST_1_N101,36.47999999998696,-119.60994425959105,29.26393
GRDNEAST_1_N102,36.47999999998696,-119.61005574040897,29.26393
GRDNWEST_1_N001,36.59,-119.57,29.25811
GREENBRE_6_N001,37.93780399998614,-122.51415869769995,31.12261
GREENBRE_6_N003,37.93780399998614,-122.51427330230004,31.12261
GRIMWAY_1_N001,35.27,-118.87,28.79749
GRNTHLL_1_N001,32.80456256006898,-116.92086,28.8388
GRNVALY_1_N001,36.952139010813255,-121.76018,30.13275
GRNVALY_1_N011,36.95205799457908,-121.76012146857028,30.13275
GRSSVLY_6_N101,39.209514,-121.061004,26.03904
GRYSFLT_6_N001,40.021612,-121.065532,21.54953
GUALALA_6_N001,38.786699,-123.522777,32.4699
GUSTINE_6_N001,37.253223999986524,-121.01302629664288,30.23688
GUSTINE_6_N002,37.253223999986524,-121.01313970335713,30.23688
GYSRVLLE_6_N001,38.70981887157317,-122.907957,31.34864
GYSRVLLE_6_N003,38.70973806419826,-122.90789721183104,31.34864
HALSEYF_7_N001,38.90131699998584,-121.08772559737287,25.41026
HAL_SUB_LNODEON1,33.84769999998815,-118.30334578612137,28.21067
HAL_SUB_LNODEONA,33.84769999998815,-118.30345421387864,28.21358
HAMILTON_6_N001,39.746242,-122.011361,35.7622
HAMMER_6_N001,38.02138220754234,-121.320367,28.52747
HAMMER_6_N003,38.02130089621381,-121.32030740848892,28.52747
HAMMER_6_N004,38.02130089621381,-121.32042659151108,28.52747
HAMMONDS_1_N001,36.72011,-120.603287,28.44388
HARBORG_7_N101,33.770089981295506,-118.25010824500784,28.9595
HARDING_6_N001,37.96379937479765,-121.2904483692276,29.17713
HARDING_6_N004,37.96361862509118,-121.29044836950978,29.17713
HARDWICK_6_N001,36.404261,-119.68624,29.8374
HARRIS_6_N001,40.78104299998464,-124.13194328500423,51.80244
HARRIS_6_N003,40.78104299998464,-124.13206271499577,51.80244
HARTER_6_N001,39.14325399998575,-121.6480072716394,25.74791
HARTER_6_N003,39.14325399998575,-121.6481227283606,25.74791
HARTLEY_6_N001,39.077268,-122.932322,30.7901
HAR_GS_LNODE10AUX,33.77070285420546,-118.26588005129787,28.21067
HAR_GS_LNODE11AUX,33.770785160786886,-118.2658363056699,28.21067
HAR_GS_LNODE12AUX,33.77085063868779,-118.26576205737284,28.21067
HAR_GS_LNODE13AUX,33.770893238769126,-118.26566671029164,28.21067
HAR_GS_LNODE14AUX,33.77090995880947,-118.26556034876025,28.21067
HAR_GS_LNODE1AUX,33.770900443776654,-118.26545270896402,28.21067
HAR_GS_LNODE2AUX,33.770866485380765,-118.26535246672638,28.21067
HAR_GS_LNODE5AUX,33.77081149182394,-118.26526678898045,28.21067
HAR_SUB_LNODEONA,33.77073997374512,-118.26520109800133,28.21067
HAR_SUB_LNODEONB,33.77065707494083,-118.26515900180253,28.21358
HAR_SUB_LNODEONC,33.77056816417163,-118.26514234955444,28.21067
HATTON_6_N001,36.55679,-121.897162,29.95518
HAWKINS_LNODEDR1,37.5799617816957,-120.645598336747,28.50468
HAWKINS_LNODEDR3,37.5799481743814,-120.645311774451,28.49886
HAWKINS_LNODEDR5,37.5798175544824,-120.645562968772,28.50468
HAWKINS_LNODEDR7,37.5799502934699,-120.645479899093,28.49886
HAY_GS_LNODE10AUX,33.765034221459466,-118.09919670179296,28.20194
HAY_GS_LNODE12AUX,33.76505094051277,-118.09909035381168,28.20194
HAY_GS_LNODE14AUX,33.765041426041684,-118.09898272772843,28.20485
HAY_GS_LNODE15AUX,33.7650074696504,-118.0988824982613,28.20485
HAY_GS_LNODE9AUX,33.7649524793399,-118.09879683143038,28.20194
HAY_LNODESS1,33.76488096548275,-118.09873114881994,28.20194
HAY_LNODESS2,33.76479807157197,-118.09868905798392,28.20194
HED_LNODENE1,38.50998333333333,-121.355746944444,28.46975
HED_LNODENE2,38.50998333327719,-121.35563197930773,28.46975
HED_LNODENE3,38.50989337309517,-121.35563197945136,28.46975
HED_LNODENE4,38.50982976169183,-121.355713272007,28.46975
HED_LNODENE5,38.50981454922492,-121.35582658122124,28.46975
HED_LNODENE6,38.509845707051696,-121.35593443034743,28.46975
HED_LNODENE7,38.509911316684935,-121.35601308641768,28.46975
HED_LNODENE8,38.50999633683837,-121.3560506593429,28.46975
HENRITTA_6_N101,36.24160599998715,-119.9029965105001,28.71392
HERDLYN_6_N001,37.816383,-121.586176,29.04438
HERSHEY_LNODESLL,37.75083,-120.8453,28.60948
HERSHEY_LNODEXF1,37.7508299999447,-120.8451856244636,28.60948
HERSHEY_LNODEXF2,37.75073956547022,-120.8453,28.60948
HERSHEY_LNODEXF3,37.7508299999447,-120.84541437553641,28.60948
HERSHEY_LNODEXF4,37.750920434529704,-120.8453,28.60948
HICKS_2_N001,37.234159254320986,-121.90015163922017,29.77898
HICKS_2_N002,37.23397874557105,-121.9001516394916,29.77898
HICKS_2_N007,37.23397874557105,-121.90037836050841,29.77898
HIDESERT_2_N001,34.145263999987954,-116.18586145110677,28.37612
HIDESERT_2_N018,34.145263999987954,-116.18597054889322,28.37612
HIGGINS_1_N001,39.043590575891166,-121.09071766620363,39.0
HIGGINS_1_N002,39.04341142399536,-121.0907176664961,39.0
HIGGINS_1_N004,39.04341142399536,-121.09094833350389,39.0
HIGHLD_1_N001,38.93741777608508,-122.609034,32.01443
HIGHLD_1_N005,38.937337111942234,-122.60909387327588,32.01443
HIGHWAY_1_N001,38.166048151820924,-122.253616,31.22449
HIGHWAY_1_N002,38.16596692407439,-122.25355635179834,31.22449
HILLSDLE_6_N001,37.536271,-122.322394,30.59407
HILLSIDE_1_N001,37.879999999986126,-122.23994272916374,30.57416
HILLSIDE_1_N004,37.879999999986126,-122.24005727083625,30.57416
HILMAR_LNODEDR1,37.4189785637285,-120.849304571346,28.55999
HILMAR_LNODEDR2,37.4188603223578,-120.849075716434,28.55708
HILMAR_LNODEDR4,37.4189333711687,-120.849077780203,28.55999
HILMAR_LNODEDR5,37.4188652133943,-120.849148221032,28.55708
HILMAR_LNODEDR7,37.4188555229834,-120.849223847561,28.55708
HILMAR_LNODER17,37.4189123657556,-120.849307362712,28.55999
HINSON_6_N001,33.81885999995258,-118.22236564005779,28.97987
HLFMNBY_6_N002,37.46874323375435,-122.43018,30.8677
HLFMNBY_6_N004,37.46866188310803,-122.43012082319957,30.8677
HLFMNBY_6_N101,37.46866188310803,-122.43023917680043,30.8677
HMBLTBY_6_N003,40.78280899998469,-124.11247771670773,51.56665
HOBARTTP_LNODE19,39.400047,-120.149888,30.88298
HOLLISTR_1_N001,36.862728962246265,-121.405867,29.96973
HOLLISTR_1_N004,36.86264801886252,-121.40580858969733,29.96973
HOLLISTR_1_N101,36.86264801886252,-121.40592541030266,29.96973
HOMEGRND_1_N001,38.96,-122.84,31.91626
HOMEPROC_1_N001,38.94,-122.85,31.91335
HONCUT_1_N001,39.320099,-121.595289,24.13782
HOOPA_6_N001,41.056514,-123.682252,52.81547
HORSESHE_1_N001,38.744281999985915,-121.16156545871566,25.46698
HORSESHE_1_N002,38.744281999985915,-121.16168054128434,25.46698
HPLNDJT_6_N001,38.972898,-123.081134,30.41783
HSK_LA_LNODEKSS,34.487,-118.514,28.12043
HUGHSON_LNODEDR1,37.5949433309328,-120.846755674049,28.39406
HUGHSON_LNODEDR2,37.5949478453779,-120.846639431615,28.38824
HUGHSON_LNODEDR3,37.5948895849844,-120.846669736494,28.38824
HUGHSON_LNODEDR4,37.5949564824944,-120.846831604577,28.39406
HUGHSON_LNODEDR5,37.594883530932,-120.846800432358,28.39406
HUGHSON_LNODEDR8,37.5948895004896,-120.84669840193,28.38824
HUNT1G_7_N002,33.64610399995311,-117.97753404459904,28.87407
HUNT2G_7_N002,33.645950581890766,-117.97761038065147,28.87407
HUNT3G_7_N002,33.64596651133317,-117.97781805443613,28.87407
HUNT4G_7_N002,33.646116990569396,-117.97792719657157,28.87407
HURLEY_LNODE12LD3,38.587283,-121.418244,27.28106
HURON_6_N001,36.185797,-120.104535,28.461
HUR_LNODENE1,38.58818333333333,-121.418666944444,28.48139
HUR_LNODENE2,38.58818333327699,-121.41855194404475,28.48139
HUR_LNODENE3,38.58810548632912,-121.41860944430671,28.48139
HUR_LNODENE4,38.58810548632912,-121.41872444458129,28.48139
HUR_LNODENE5,38.58818333327699,-121.41878194484326,28.47848
HUR_LNODENE7,38.58826118030932,-121.41872444470597,28.47848
HUR_LNODENE8,38.58826118030932,-121.41860944418204,28.47848
HWD_SUB_LNODEONA,34.088090251059334,-118.34689102435425,28.20485
HWD_SUB_LNODEONB,34.0879097488445,-118.34689102458658,28.20485
HWD_SUB_LNODEONC,34.0879097488445,-118.34710897541342,28.20485
HWD_SUB_LNODEOND,34.088090251059334,-118.34710897564575,28.20485
HYATT_2_N212,39.54,-121.47,23.03124
IBM-CTLE_1_N001,37.33,-121.74,29.71768
IBM-HRRS_1_N001,37.339999999986375,-121.73994319553019,29.67693
IBM-HRRS_1_N101,37.339999999986375,-121.74005680446982,29.67693
IGNACIO_1_N102,38.07555099998604,-122.54000436436782,30.45307
IMHOFF_1_N001,38.001509,-122.066739,30.53769
IMPRLBCH_6_N001,32.58332899998902,-117.09716179037093,29.12408
IMPRLBCH_6_N004,32.58332899998902,-117.09726820962906,29.12117
INDIANW_1_N001,33.75822999998817,-116.36079489140164,28.1256
INDIANW_1_N005,33.75822999998817,-116.36090310859835,28.1256
INDNFLT_6_N001,37.66547,-119.841331,28.98311
INDUSTRL_LNODEDR1,37.4786063003132,-120.866935168966,28.55708
INDUSTRL_LNODEDR2,37.4784258031614,-120.866836967643,28.55999
INDUSTRL_LNODEDR3,37.4784244272802,-120.866662034426,28.55999
INDUSTRL_LNODEDR5,37.4785292936467,-120.866935824384,28.55708
INDUSTRL_LNODEDR7,37.4784403782944,-120.866928290638,28.55708
INDUSTRL_LNODEDR8,37.4784247171011,-120.866748607625,28.55999
INGRMC_1_N001,37.83,-121.17,29.46546
INYOKERN_1_N001,35.65261399998741,-117.79478579202693,27.72432
INYOKERN_1_N008,35.65261399998741,-117.79489620797307,27.72432
IRONMTN_2_N001,34.16,-115.12,27.87799
IUKA_6_N001,37.665987,-121.831011,30.43701
JACINTO_6_N001,39.582923,-122.010645,35.83498
JAMACHA_6_N001,32.744163749547276,-116.957239,70.0
JAMACHA_6_N006,32.74408312521416,-116.95718365728564,70.0
JAMACHA_6_N015,32.74408312521416,-116.95729434271436,70.0
JAMESON_1_N001,38.205743,-122.147539,30.61571
JANSCRK_6_N001,40.905394259900845,-124.072573,51.8985
JANSCRK_6_N003,40.90531287003298,-124.0725108262728,51.8985
JARVIS_1_N014,37.59572442721241,-122.01803387245575,30.43944
JARVIS_1_N016,37.595543572677634,-122.01803387273313,30.43944
JARVIS_1_N017,37.595543572677634,-122.01826212726687,30.43944
JARVIS_1_N101,37.59572442721241,-122.01826212754425,30.43944
JCBSCRNR_6_N001,36.22245499998718,-119.77977650530629,28.85656
JCBSCRNR_6_N003,36.22245499998718,-119.77988749469371,28.85656
JENNY_1_N001,37.769999999986226,-122.25994279875593,31.90209
JENNY_1_N008,37.769999999986226,-122.26005720124407,31.90209
JESSUP_1_N001,40.462102,-122.328061,36.32785
JMSCNPMP_1_N001,38.19,-122.47,30.73544
JOHANNA_2_N001,33.71362395818503,-117.852576,28.92647
JOHANNA_2_N007,33.71354302089469,-117.85251982319095,28.92647
JOLON_6_N001,36.013308,-121.167635,29.22366
KAMM_1_N001,36.58,-120.52,28.5723
KANAKA_1_N001,39.439999999985574,-121.38994201903363,23.90308
KEARNEY_6_N001,36.704357999986875,-119.88278399673257,29.09766
KEARNEY_6_N099,36.704357999986875,-119.88289600326743,29.09766
KEARNEY_7_N001,32.832849999988746,-117.13199871171014,31.02677
KEARNEY_7_N003,32.832849999988746,-117.13210528828985,31.17523
KELSO_2_N001,37.797722,-121.601591,29.36887
KERMAN_6_N001,36.69205999998684,-120.05918901200307,29.06683
KERMAN_6_N002,36.69205999998684,-120.05930098799692,29.06975
KERNOIL_1_N001,35.44070999998741,-119.02061483035583,28.79749
KERNOIL_1_N012,35.44070999998741,-119.02072516964418,28.79749
KERNPWR_1_N002,35.37980096994444,-119.097984,28.62283
KERNPWR_1_N201,35.37972001501422,-119.09792667452027,28.62283
KERNRDGE_1_N001,35.48320899998747,-119.76358482417542,28.74817
KERNRV_1_N001,35.37972001501422,-119.09804132547973,28.78002
KERNWATR_1_N001,35.400666,-119.035603,28.65776
KESWICK_6_N001,40.623725,-122.462027,36.16123
KETTLEMN_6_N001,36.044075,-120.112696,28.61529
KETTNER_6_N001,32.733172,-117.173774,29.10952
KIERNAN_LNODETUB,37.71047,-121.0139,28.62112
KINGCTY_6_N001,36.21683446252504,-121.1266820197143,29.19164
KINGCTY_6_N002,36.21683446252504,-121.1269039802857,29.19164
KINGCTY_6_N005,36.217013537372516,-121.12690398053972,29.19164
KINGSBRG_1_N001,36.48869063297857,-119.58234525016937,29.27267
KINGSBRG_1_N008,36.48861299994815,-119.58228950045047,29.27267
KIRKER_1_N001,38.0212542075842,-121.905844,30.07673
KIRKER_1_N005,38.02117289619287,-121.90578440854696,30.07673
KIRKER_1_N006,38.02117289619287,-121.90590359145303,30.07673
KNA_LNODENA2,40.654722,-122.389167,28.17574
KNGHTSLD_1_N001,38.809281,-121.74515,25.87141
KONOCTI6_6_N001,38.9325,-122.741085,29.92279
KYOCERA_6_N001,32.819776,-117.140362,31.1736
LADDCM_LNODEARD,37.73258,-121.01392,28.62403
LAFRESA_6_N001,33.86979104273171,-118.33319,29.03518
LAFRESA_6_N007,33.869709978621295,-118.33324636755688,29.03518
LAGNANL_1_N001,33.49498074466377,-117.70295838393929,29.06894
LAGNANL_1_N002,33.494801255243225,-117.70295838416239,29.06894
LAGNANL_1_N005,33.494801255243225,-117.70317361583761,29.06894
LAGNANL_1_N006,33.49498074466377,-117.70317361606071,29.06894
LAGRANG_LNODEOAD,37.6697612035926,-120.443808701526,28.45228
LAGUBELL_6_N001,33.975996097823064,-118.14794,28.72662
LAGUBELL_6_N210,33.97591495107552,-118.14799649540468,28.72662
LAGUNATP_6_N001,36.748942999986895,-121.60530194075191,31.26183
LAGUNITS_6_N001,36.748942999986895,-121.60541405924809,30.18515
LAJOLLA_6_N001,32.840121999988746,-117.27517670850455,29.29874
LAJOLLA_6_N007,32.840121999988746,-117.27528329149546,29.29874
LAKEVIEW_6_N101,35.093678,-119.10139,28.94595
LAKEVLLE_1_N001,38.251505,-122.580692,30.35478
LAKEWOOD_1_N001,37.909008286572075,-122.05701271293042,30.33341
LAKEWOOD_1_N003,37.90892999994441,-122.05695542598274,30.33341
LAKEWOOD_1_N004,37.90885171340006,-122.05701271305232,30.33341
LAKEWOOD_1_N006,37.90885171340006,-122.05712728694768,30.33341
LAKEWOOD_1_N007,37.90892999994441,-122.05718457401727,30.33341
LAKEWOOD_1_N009,37.909008286572075,-122.05712728706959,30.33341
LAK_SM_LNODENE2,38.658077794318025,-121.13012359377534,28.47557
LAK_SM_LNODENE3,38.65799999994368,-121.13006607656462,28.47557
LAK_SM_LNODENE4,38.657922205653776,-121.13012359390028,28.47557
LAK_SM_LNODENE6,38.657922205653776,-121.13023862832172,28.47557
LAK_SM_LNODENE7,38.65799999994368,-121.13029614565738,28.47557
LAK_SM_LNODENE8,38.658077794318025,-121.13023862844666,28.47557
LAMONT_1_N001,35.296667999987505,-118.86162984910735,28.78293
LAMONT_1_N002,35.296667999987505,-118.86174015089266,28.78293
LAPHAM_LNODEQBZ,37.639494,-120.919982,28.63568
LAPHAM_LNODEXBC,37.63949399994495,-120.91986779708742,28.63568
LAPLMG1_7_N001,35.29516599994997,-119.59192469860037,28.38995
LAPLMG2_7_N001,35.2950123151544,-119.59200269352937,28.38995
LAPLMG3_7_N001,35.29502827228419,-119.59221488028864,28.38995
LAPLMG4_7_N001,35.29517901313358,-119.59232639423358,28.38995
LASPALMS_1_N001,36.8,-119.69,29.28106
LASPLGS_6_N001,33.31288499998846,-117.46694237728786,30.72369
LASPULGS_6_N001,33.31288499998846,-117.46704962271214,29.33675
LAURELES_6_N001,36.47781599998705,-121.7268922619553,31.10794
LAWRENCE_1_N001,37.397207,-122.010126,30.35416
LAWRENCE_1_N003,37.39720699994556,-122.01001226428907,30.35416
LAWRENCE_1_N004,37.39711664332103,-122.010126,30.35416
LAWRENCE_LNODEENCE,37.397297356679005,-122.010126,27.57316
LBEACH2G_7_N002,33.818691093192,-118.22254906136247,28.97987
LCIENEGA_6_N001,34.000751,-118.378408,29.13707
LEGRAND_1_N001,37.184412,-120.273463,28.9016
LEMOORE_6_N002,36.30998799998711,-119.79822042969916,28.91769
LEMOORE_6_N101,36.30998799998711,-119.79833157030085,28.91769
LEPRINO_1_N001,37.748396,-121.41576,29.58224
LERDO_1_N001,35.50010399998744,-119.15188082156193,28.84698
LERDO_1_N004,35.50010399998744,-119.15199117843807,28.84698
LILAC_6_N001,33.25325899998847,-117.08580343192692,28.99325
LILAC_6_N010,33.25325899998847,-117.08591056807307,28.99325
LIMESTNE_6_N001,38.63377399998596,-120.97960448884528,25.69584
LINCON_LNODECRZ,37.63940356621228,-120.91986779722644,28.63277
LINCON_LNODEFCN,37.639339619957,-120.91994855081084,28.63277
LINDEN_6_N101,38.016891,-121.095875,29.59922
LITEHIPE_6_N001,33.88040091918611,-118.17506849549716,28.93039
LITEHIPE_6_N008,33.88058108071875,-118.17528550473195,28.93039
LIVERMRE_6_N001,37.68013099998621,-121.78059286544908,30.39335
LIVERMRE_6_N003,37.68013099998621,-121.78070713455092,30.39335
LIVNGSTN_6_N001,37.363379203022006,-120.760425,29.08549
LLAGAS_1_N001,37.006958040367174,-121.557391,30.03207
LLAGAS_1_N003,37.00687697980194,-121.55733239433584,30.03207
LLAGAS_1_N005,37.00687697980194,-121.55744960566416,30.03207
LMEC1_1_N001,38.030625,-121.896783,30.00978
LMEC1_1_N101,38.03062499994427,-121.89666830800388,30.00978
LMEC1_1_N601,38.0305346591732,-121.89666830814532,30.00978
LMEC1_1_N801,38.03047077865233,-121.89674940756281,30.00978
LMECCT1_7_N001,38.0304867914731,-121.89697004046927,30.00978
LMECCT2_7_N001,38.03063805852326,-121.89708599331652,30.00978
LMECST1_7_N001,38.03081089924409,-121.89703337694175,30.00978
LMPC-CTY_1_N001,34.6,-120.39,29.72661
LOCKHD1_1_N001,37.409054,-122.03213,30.38327
LOCKHD2_1_N001,37.416224,-122.030655,30.29287
LOGANCR_2_N001,39.53955399998549,-122.26277291112409,34.32553
LOGANCR_2_N010,39.53955399998549,-122.26288908887592,34.32553
LONESTAR_1_N001,37.511676999986356,-122.20756301431467,30.44492
LOSALTS_6_N004,37.3939352129738,-122.114735,30.22866
LOSALTS_6_N005,37.393853893498445,-122.11467590496156,30.22866
LOSALTS_6_N101,37.393853893498445,-122.11479409503845,30.22866
LOSCCHS_6_N001,32.85981772690813,-116.899263,29.05191
LOSCOCHS_6_N001,32.85973713653372,-116.89920760858072,14.70394
LOSCOCHS_6_N034,32.85973713653372,-116.89931839141927,14.70394
LOSGATS_6_N002,37.226423999986494,-121.97722832893687,30.3975
LOSGATS_6_N201,37.226423999986494,-121.97734167106313,30.3975
LOSOSTS_6_N001,36.293864,-121.20007,29.19455
LOVELAND_6_N001,32.796957,-116.792258,14.91062
LOWGAP_7_N001,40.4327289999849,-123.47220368717633,38.41895
LOYALTON_LNODETY,39.6680639999855,-120.24305624345052,30.83932
LOYOLA_6_N001,37.360660999986344,-122.09993417231678,30.08311
LOYOLA_6_N004,37.360660999986344,-122.10004782768323,30.08311
LPFLKBD_6_N001,40.90531287003298,-124.07263517372719,51.88977
LSGLLNS_1_N001,38.022339207228725,-122.537978,30.57243
LSGLLNS_1_N002,38.0222578963706,-122.53791840805536,30.57243
LSGLLNS_1_N003,38.0222578963706,-122.53803759194464,30.57243
LSPSTAS_2_N001,37.700982436898656,-121.73360569835381,30.28547
LSPSTAS_2_N002,37.70080156299109,-121.73360569863272,30.28547
LSPSTAS_2_N010,37.70080156299109,-121.7338343013673,30.28547
LSPSTAS_2_N011,37.700982436898656,-121.73383430164618,30.28547
LSTHLLS_6_N001,35.785755,-119.866138,28.53892
LUCERNE_1_N001,39.110189,-122.81298,33.01934
LUCERNE_1_N004,39.11,-122.81,33.01934
LUIS#3_1_N001,36.65,-120.73,28.44422
LUIS#5_1_N001,36.72,-120.75,28.44131
LVNGSTN_7_N002,37.36329789847426,-120.76036593987695,29.20915
LYOTH-SP_6_N001,37.721862,-121.390858,29.65725
LYTNVLLE_6_N001,39.684962,-123.476979,31.96547
MABURY_1_N001,37.36089599998639,-121.86395517205479,30.50536
MABURY_6_N001,37.36089599998639,-121.86406882794522,30.82816
MADISON_1_N002,38.67073989103906,-121.969138,30.26638
MADISON_1_N201,38.67065905446531,-121.9690782228888,30.26638
MAGUNDEN_1_N002,35.36215899998747,-118.92373215922743,28.83533
MAINE-PR_6_N001,38.385820999985995,-121.77582145519017,30.36245
MALAGA_1_N001,36.69415479048744,-119.72474601890697,29.36291
MALAGA_1_N004,36.69397520940774,-119.72474601916853,29.36291
MALAGA_1_N005,36.69397520940774,-119.72496998083147,29.36291
MALAGA_1_N206,36.69415479048744,-119.72496998109303,29.36291
MANCHSTR_1_N001,36.78803392229639,-119.787488,29.32746
MANCHSTR_1_N002,36.787953038837564,-119.78742968988867,29.32746
MANCHSTR_1_N005,36.787953038837564,-119.78754631011132,29.32746
MANDLY1G_7_N002,34.207498198093205,-119.249016,28.87525
MANDLY2G_7_N002,34.20741690094034,-119.2489592448821,28.87525
MANDLY3G_7_N001,34.20741690094034,-119.2490727551179,28.87525
MANTECA_1_N001,37.80151542742815,-121.22356755493873,29.68019
MANTECA_1_N002,37.80133457246114,-121.22356755521895,29.68019
MANTECA_1_N012,37.80133457246114,-121.22379644478104,29.68019
MANTECA_1_N013,37.80151542742815,-121.22379644506127,29.68019
MANVILLE_1_N001,34.53,-120.43,29.65384
MARGARTA_1_N001,33.55007578845692,-117.62798626281774,29.04565
MARGARTA_1_N002,33.54989621144975,-117.62798626304166,29.04565
MARGARTA_1_N008,33.54989621144975,-117.62820173695833,29.04565
MARGARTA_1_N009,33.55007578845692,-117.62820173718225,29.04565
MARICOPA_6_N001,35.107547,-119.398151,28.38995
MARIPOS2_6_N001,37.50445799998627,-120.00773602136582,28.5581
MARIPOS2_6_N003,37.50445799998627,-120.00784997863418,28.5581
MARPOS_LNODEKSA,37.63932432741219,-120.92006110878681,28.63277
MARPOS_LNODENOX,37.63935564925701,-120.92016824287315,28.63277
MARSHALL_LNODEDR1,37.43587720766,-121.132527674588,28.62403
MARSHALL_LNODEDR2,37.4358760484777,-121.13220043951,28.62403
MARSHALL_LNODEDR3,37.4358798082574,-121.132682875263,28.62403
MARSHALL_LNODEDR4,37.4358789493306,-121.132046059332,28.62403
MARSHALL_LNODEDR5,37.4358787251639,-121.131895544498,28.62403
MARSHALL_LNODER8C,37.435876146414,-121.132374308977,28.62403
MARTELL_6_N001,38.369191999986,-120.79669245138386,28.08879
MARTINEZ_1_N001,38.02,-122.16,30.65156
MCARTHR_6_N001,41.05270199998445,-121.40878106361407,22.20721
MCCALL_1_N026,36.61141783540495,-119.639697,29.19407
MCCALL_1_N030,36.61133708228342,-119.63963891745578,29.19407
MCC_LNODEMCC,38.63008971070796,-121.51320976638306,28.47266
MCDISLE_6_N001,37.93693288402067,-121.52832945017714,31.48091
MCFRLND_6_N001,35.688444,-119.276835,28.88191
MCKEE_1_N001,37.366407204044364,-121.843789,30.44132
MCKEE_1_N005,37.36632589796316,-121.84372993637959,30.44132
MCKEE_1_N101,37.36632589796316,-121.84384806362041,30.44132
MCMULLN1_2_N001,36.592775,-119.989065,28.85947
MCY_LNODE101,38.563116666666666,-121.464371944444,28.47557
MCY_LNODE102,38.563116666610455,-121.4642569555954,28.47557
MCY_LNODE103,38.56302675430868,-121.46425695573926,28.47557
MCY_LNODE104,38.562963176761876,-121.46433826506194,28.47557
MCY_LNODE105,38.562947972391605,-121.46445159764659,28.47557
MCY_LNODE106,38.5629791136348,-121.46455946901716,28.47557
MCY_LNODE107,38.56304468834792,-121.46463814131086,28.47557
MCY_LNODE108,38.56312966325024,-121.46467572198618,28.47557
MDLRIVR_6_N001,37.93693288402067,-121.52844854982285,30.84048
MDWYPS_6_N001,35.402824999987416,-119.45497183549746,28.70142
MECCTG1_7_N100,37.239909741275135,-121.77988662517618,29.63685
MECCTG2_7_N100,37.2400902586168,-121.78011337509535,29.63685
MEDWLNE_1_N001,37.963141225082815,-122.052361,30.32177
MEDWLNE_1_N002,37.963059887443606,-122.05230143651556,30.32177
MEDWLNE_1_N006,37.963059887443606,-122.05242056348443,30.32177
MELROSE_6_N001,33.206560573300976,-117.25285494469412,29.12134
MELROSE_6_N004,33.20638142660739,-117.25285494491321,29.12134
MELROSE_6_N005,33.20638142660739,-117.25306905508678,29.12134
MELROSE_6_N009,33.206560573300976,-117.25306905530589,29.12134
MENLO_6_N001,37.4330313740754,-122.20260718789906,30.59904
MENLO_6_N002,37.43285062581547,-122.2026071881739,30.59904
MENLO_6_N003,37.43285062581547,-122.2028348118261,30.59904
MENLO_6_N004,37.4330313740754,-122.20283481210093,30.59904
MERCEDFL_7_N001,37.27292328168154,-120.48675154649395,27.20739
MERCED_1_N001,37.27274271821013,-120.48697845323395,29.22661
MERCED_1_N002,37.27292328168154,-120.48697845350604,29.22953
MERIDIAN_6_N101,37.225299,-121.744182,25.62195
MESACAL_6_N001,34.037454,-118.109265,28.62199
MESAHGTS_6_N001,32.829628731503114,-117.157263,31.2564
MESAHGTS_6_N007,32.82954813423625,-117.15720762268285,31.2564
MESARIM_6_N001,32.90498753633711,-117.17294735480384,29.33076
MESARIM_6_N007,32.90480846357245,-117.1729473550195,29.33076
MESARIM_6_N008,32.90480846357245,-117.1731606449805,29.33076
MESARIM_6_N012,32.90498753633711,-117.17316064519616,29.33076
METCALF_1_N018,37.22435199998651,-121.74197733145253,29.67693
METTLER_6_N001,38.078067,-121.2867,27.82615
MEYERS_LNODE31,38.877195,-119.986125,28.66188
MEYERS_LNODE32,38.87719499994345,-119.98600982501117,28.66188
MEYERS_LNODE33,38.87710533707398,-119.986125,28.66188
MEYERS_LNODE34,38.87719499994345,-119.98624017498884,28.66188
MEYERS_LNODE35,38.87728466292607,-119.986125,28.66188
MI-WUK_1_N001,38.052745,-120.217268,16.62726
MIDDLTWN_6_N002,38.7527889999859,-122.60852945612646,30.74369
MIDDLTWN_6_N101,38.7527889999859,-122.60864454387354,30.74369
MILLBRAE_1_N001,37.605189,-122.391045,30.52112
MILLBRAE_1_N004,37.60518899994505,-122.39093085578821,30.52112
MILLBRAE_1_N201,37.60518899994505,-122.3911591442118,30.52112
MILLBRAE_6_N001,37.6052794289691,-122.391045,30.58808
MILLER_1_N001,37.81,-121.1,29.44217
MILPITAS_1_N001,37.415395,-121.888564,30.40073
MILPITAS_1_N003,37.41539499994551,-121.8884502251851,30.40073
MILPITAS_1_N005,37.41530463419468,-121.888564,30.40073
MILPITAS_1_N006,37.41539499994551,-121.88867777481491,30.40073
MINNIER_LNODEJFF,37.71289,-120.93858,28.63568
MIRABEL_6_N001,38.489406,-122.894261,30.71164
MIRALOMA_6_N001,34.004371186293284,-117.56506721001799,28.30351
MIRAMAR_6_N001,32.89408253805123,-117.13552936589245,29.28709
MIRAMAR_6_N004,32.89390346185827,-117.135529366108,29.28709
MIRAMAR_6_N017,32.89390346185827,-117.135742633892,29.28709
MISSION_6_N001,32.784191999954906,-117.13741946348074,31.38544
MISSION_6_N031,32.78411443272647,-117.13747273178681,31.38544
MISSION_6_N040,32.78411443272647,-117.13757926821319,31.38544
MISSION_6_N049,32.784191999954906,-117.13763253651926,31.38544
MKT_SUB_LNODEONA,34.0434902173762,-118.24599112234871,28.20485
MKT_SUB_LNODEONB,34.04330978252786,-118.24599112258036,28.20485
MKT_SUB_LNODEONC,34.04330978252786,-118.24620887741963,28.20485
MKT_SUB_LNODEOND,34.0434902173762,-118.24620887765128,28.20485
MNDCTP_6_N001,39.251247,-123.196582,30.68462
MOFTFLD_1_N002,37.41,-122.04,30.36871
MOLINO_6_N002,38.42527299998595,-122.83215753598292,31.01439
MOLINO_6_N101,38.42527299998595,-122.83227246401708,31.01439
MONOLITH_6_N029,34.92999999998754,-118.4199449189089,28.28276
MONOLITH_6_N101,34.92999999998754,-118.4200550810911,28.28276
MONROE_1_N001,38.45321800700051,-122.743668,30.49366
MONROE_1_N002,38.45313699648462,-122.74360827529611,30.50821
MONROE_1_N101,38.45313699648462,-122.74372772470389,30.50821
MONSRATE_6_N001,33.32908099998846,-117.23541536188321,29.03109
MONSRATE_6_N007,33.32908099998846,-117.23552263811678,29.03109
MONTAGUE_1_N001,37.40375521599691,-121.905675,30.68601
MONTAGUE_1_N006,37.403673891986756,-121.90561589392182,30.68601
MONTAGUE_1_N007,37.403673891986756,-121.90573410607819,30.68601
MONTCLLO_1_N008,38.48,-122.32,30.32894
MONTEREY_6_N001,36.599917,-121.890341,29.90278
MONTERO_6_N001,38.47145299998595,-123.01207452586034,31.29967
MONTERO_6_N004,38.47145299998595,-123.01218947413966,31.29967
MONTGMRY_6_N001,32.631633999988686,-117.09951777952129,28.96397
MONTGMRY_6_N002,32.631633999988686,-117.0996242204787,28.96397
MONTPELR_LNODEDR3,37.5513950204046,-120.771210942368,28.51924
MONTPELR_LNODEDR4,37.5513208784333,-120.77132554154,28.51924
MONTPELR_LNODEDR5,37.5513203022304,-120.771217224249,28.51924
MONTPELR_LNODEDR7,37.551320342333,-120.771557696814,28.51633
MONTPELR_LNODEDR8,37.5513195014288,-120.771445581179,28.51633
MOORPARK_6_N001,34.28245799998789,-118.90073231455499,28.46479
MORAGA_1_N001,37.848008,-122.160732,30.58049
MORGAN_1_N001,37.12745917114046,-121.65871690356438,28.45399
MORMON_6_N001,37.968746,-121.185898,29.29648
MOROHILL_6_N001,33.252187,-117.300305,29.17956
MORROBY_1_N001,35.373004,-120.855187,29.03961
MOSSLD_1_N001,36.804150842399494,-121.78373687034716,29.39917
MOSSLND6_7_ND001,36.80399515757413,-121.78384912953872,29.37948
MOSSLND7_7_ND001,36.804150842399494,-121.78384912965284,29.37948
MPLECRK_6_N001,40.767881,-123.87365,51.53172
MREIS-Q_1_N001,38.12,-122.33,31.36422
MRGNHIL_1_N001,37.12727882875214,-121.65871690383386,29.95638
MRGNHIL_1_N004,37.12727882875214,-121.65894309616613,29.95638
MRGNHIL_1_N007,37.12745917114046,-121.65894309643562,29.95638
MRTSVAL_LNODE32,39.329538,-120.170031,30.77819
MRYSVLLE_6_N001,39.13944599998575,-121.58327227419691,26.70203
MRYSVLLE_6_N003,39.13944599998575,-121.58338772580308,26.70203
MSHR60V_6_N001,38.02150699998609,-121.28089465794243,28.76036
MSHR60V_6_N006,38.02150699998609,-121.28100934205757,28.76036
MTEDEN_1_N001,37.63264525976642,-122.10124,30.46221
MTEDEN_1_N005,37.632563870101905,-122.10118066447778,30.46221
MTEDEN_1_N009,37.632563870101905,-122.10129933552223,30.46221
MTNHOUSE_LNODE1KV,37.79428,-121.55964,28.61239
MTNPASS_1_N001,35.508179,-115.53125,27.2987
MTNQUAR_6_N001,38.914515,-121.015694,25.25598
MTVIEW_1_N001,34.07927114678052,-117.240376,29.95793
MTVIEW_1_N004,34.079189926596804,-117.24031938460595,29.95793
MTVIEW_1_N005,34.079189926596804,-117.24043261539406,29.95793
MURRAY_6_N001,32.79087756459772,-117.0229334582287,50.23453
MURRAY_6_N004,32.790698435312095,-117.02293345844329,50.23453
MURRAY_6_N005,32.790698435312095,-117.02314654155671,50.23453
MURRAY_6_N015,32.79087756459772,-117.0231465417713,50.23453
MUSLSLGH_6_N001,36.264507,-119.907357,28.72556
NARROWS1_7_N001,33.13712344927391,-116.2943780565384,14.02361
NARROWS_6_N010,33.137302550634665,-116.29459194367982,24.90114
NATNLCTY_6_N001,32.67305199998863,-117.10726576866911,29.07168
NATNLCTY_6_N005,32.67305199998863,-117.10737223133088,29.07168
NAT_LNODENE1,38.65097779957077,-121.48672359559271,28.47266
NAT_LNODENE2,38.65089999994365,-121.48666608019934,28.47266
NAT_LNODENE3,38.650822200401045,-121.48672359571763,28.47266
NAT_LNODENE4,38.650822200401045,-121.48683862650437,28.47266
NAT_LNODENE5,38.65089999994365,-121.48689614202266,28.47266
NAT_LNODENE6,38.65097779957077,-121.4868386266293,28.47266
NAVSTMTR_6_N001,32.67041199998878,-117.11463876940559,29.09788
NAVSTMTR_6_N011,32.67041199998878,-117.11474523059441,29.09788
NAVY35R_1_N001,35.29,-119.45,28.29097
NBRANCH_6_N001,38.199837,-120.719506,27.9578
NCMETER_1_N001,33.089572,-117.203236,29.01637
NCPA1GY1_7_N001,38.329999999986036,-122.63005744213352,30.02601
NCPA1GY2_7_N001,38.33999999998601,-122.64005744453604,30.04056
NCPA2GY1_7_N001,38.34999999998599,-122.65005744690819,30.19108
NCPA2GY2_7_N001,38.329999999986036,-122.68005744213352,30.17362
NDUBLIN_2_N002,37.86,-121.88,30.18134
NEWARKD_1_N001,37.50049924095103,-121.987091,30.20365
NEWARKD_1_N012,37.500417879509776,-121.98703179018516,30.20365
NEWBURG_6_N001,40.59455299998477,-124.13512748525541,51.57538
NEWBURG_6_N003,40.59455299998477,-124.13524651474458,51.57538
NEWELL_LNODEWELL,41.888139999984205,-121.37832971620207,27.57316
NEWHALL_1_N001,36.86718099998678,-120.32825478878492,28.85057
NEWHALL_1_N002,36.86718099998678,-120.32836721121508,28.85057
NEWMAN_6_B2,37.31543099998646,-121.01505122358405,30.19904
NEWMAN_6_N001,37.31543099998646,-121.01516477641594,30.19904
NOISLMTR_6_N004,32.70244776093939,-117.182166,29.13863
NOISLMTR_6_N009,32.702367119518385,-117.18211067144682,29.13863
NORCO_1_N001,35.28535,-119.308893,28.5617
NORD1_1_N001,39.759998999985385,-121.90689363690683,23.32234
NORD1_1_N003,39.759998999985385,-121.90701036309318,23.32234
NORTECH_1_N001,37.46,-121.76,30.60176
NORTHOAK_6_N003,35.96338313356797,-119.45673850749412,28.60726
NORTHOAK_6_N004,35.96338313356797,-119.45685349250587,28.60726
NORTHOAK_6_N005,37.36329789847426,-120.76048406012305,28.60726
NOVATO_6_N001,38.10860199998601,-122.56828762317217,30.48218
NOVATO_6_N002,38.10860199998601,-122.56840237682783,30.48218
NRTHTWR_1_N001,38.066061192073654,-122.195674,30.89403
NRTHTWR_1_N002,38.06597990394814,-122.1956143891305,30.89403
NRTHTWR_1_N004,38.06597990394814,-122.19573361086951,30.89403
NR_SUB_LNODEONA,34.22909034238915,-118.54339073176756,28.17283
NR_SUB_LNODEONB,34.228909657513995,-118.54339073200198,28.17283
NR_SUB_LNODEONC,34.228909657513995,-118.54360926799801,28.17283
NR_SUB_LNODEOND,34.22909034238915,-118.54360926823244,28.17283
NUMITAP_1_N003,37.5,-122.04,30.31616
NVYSCHL_6_N001,36.59909,-121.877082,29.87367
NWKDIST_2_N001,37.47999999998637,-121.97994304564625,30.22163
NWKDIST_2_N004,37.47999999998637,-121.98005695435374,30.22163
NWKDIST_2_N017,37.96361862509118,-121.29067763049022,30.22163
OAKC12_7_N002,37.79751331310943,-122.28096478011268,30.8918
OAKDAL_LNODEMTS,37.66746999998627,-120.95814287556452,28.63277
OAKDAL_LNODENDN,37.66746999998627,-120.95825712443548,28.63277
OAKHURST_1_N001,37.32379499998641,-119.63394921398016,29.02455
OAKHURST_1_N002,37.32379499998641,-119.63406278601984,29.02455
OAKLAND_1_N001,37.79743499994459,-122.28090756034669,30.88016
OAKLAND_1_N006,37.797356686862834,-122.280964780234,30.88016
OAKLAND_1_N033,37.797356686862834,-122.28107921976599,30.88016
OCEANO_1_N001,35.10177099998753,-120.58099587832989,29.72079
OCEANO_1_N004,35.10177099998753,-120.5811061216701,29.72079
OCEANSDE_6_N001,33.19681799998853,-117.381743480479,29.31346
OCEANSDE_6_N002,33.19681799998853,-117.381850519521,29.31346
OIGLASS_1_N001,37.75,-121.31,29.50056
OILDALE_1_N001,35.42,-118.98,28.77129
OILFLDS_6_N001,35.95646873409211,-120.85121,28.43186
OILFLDS_6_N007,35.95638813294024,-120.8511525112428,28.43186
OLDRIVR_6_N001,35.208404,-119.100252,29.16137
OLDTOWN_6_N001,32.766092,-117.192529,29.01055
OLEMA_6_N001,38.042497,-122.786541,30.83151
OLETA_6_N001,38.48064499998599,-120.84462852385393,28.08879
OLETA_6_N003,38.48064499998599,-120.84474347614606,28.08879
OLINDA_6_N001,33.94616008273055,-117.922244,28.50146
OLIVHRST_1_N001,39.0918869999858,-121.54288430472884,25.04856
OLIVHRST_1_N002,39.0918869999858,-121.54299969527116,25.04856
OLY_SUB_LNODEONA,34.03409021003063,-118.45989114327803,28.19029
OLY_SUB_LNODEONB,34.03390978987338,-118.45989114350952,28.19029
OLY_SUB_LNODEONC,34.03390978987338,-118.46010885649046,28.19029
OLY_SUB_LNODEOND,34.03409021003063,-118.46010885672197,28.19029
OMAR_2_N001,35.475983864148716,-118.98698399999999,28.12746
OMWD_6_N001,33.068479,-117.141404,28.90575
ONEILPMP_7_LN001,37.098611,-121.0475,28.69833
OREGNTRL_1_N001,40.61902099998471,-122.32226045686366,35.5714
OREGNTRL_6_N001,40.61902099998471,-122.32237954313634,35.84975
OREGON_LNODENK1,37.63168999998624,-120.9742429051075,28.63568
OREGON_LNODENK2,37.63168999998624,-120.9743570948925,28.63568
ORICK_6_N001,41.294542,-124.056522,52.55639
ORLANDB_6_N001,39.725068,-122.178873,35.61956
OROLOMA_6_N001,36.886866,-120.655928,28.62368
OROSI_6_N006,36.544759,-119.251776,29.64219
OROVILLE_6_N001,39.50524442035656,-121.5593758990519,23.86523
OROVILLE_6_N005,39.50524442035656,-121.5596081009481,23.86523
OROVILLE_6_N102,39.50542357952801,-121.55960810124742,23.86523
ORV_LNODENE1,38.68455,-121.267326944444,28.47266
ORV_LNODENE2,38.68454999994364,-121.26721189591703,28.47266
ORV_LNODENE3,38.68446019318104,-121.26721189606141,28.47266
ORV_LNODENE4,38.68439669026182,-121.26729324758281,28.47266
ORV_LNODENE5,38.68438150373832,-121.26740663898543,28.47266
ORV_LNODENE6,38.6844126084275,-121.26751456633991,28.47266
ORV_LNODENE7,38.6844781061685,-121.26759327946426,28.47266
ORV_LNODENE8,38.68456298132683,-121.2676308796447,28.47266
OTAY_6_N001,32.595376662064226,-117.05752057560969,29.0513
OTAY_6_N014,32.59519733784581,-117.05752057582266,29.0513
OTTER_6_N001,36.47781599998705,-121.7270037380447,31.10794
OVES_SUB_LNODEBKB,37.43792099998635,-118.55704491120122,24.71454
OVES_SUB_LNODEBKC,36.443,-118.0438,24.72618
OVES_SUB_LNODEBKD,37.342,-118.441,24.74074
OXFORD_1_N001,36.7,-120.68,28.43548
P0504GT1_7_CN1,37.96379937479765,-121.2906776307724,28.40637
PACFCBCH_6_N001,32.799218999988646,-117.24014772581532,29.20558
PACFCBCH_6_N004,32.799218999988646,-117.24025427418468,29.20558
PACIFICA_6_N001,37.59458399998625,-122.48892793722666,30.90521
PACIFICA_6_N003,37.59458399998625,-122.48904206277334,30.90521
PADUA_6_N001,34.120216,-117.639076,28.28896
PALMR_1_N001,34.825223,-120.298953,29.49955
PALOMAR_1_N001,33.12281772819047,-117.287925,29.02818
PALOMAR_1_N004,33.1227371358924,-117.28786944194597,29.02818
PALOMAR_1_N013,33.1227371358924,-117.28798055805403,29.02818
PANAMA_6_N001,35.29556801570901,-119.021525,29.22541
PANAMA_LNODECOUERCRK1,35.29548699213203,-119.02146768568419,28.46684
PANAMA_LNODECOUERCRK2,35.29548699213203,-119.02158231431581,28.46684
PANRAMA_1_N001,40.434409,-122.2679,36.77149
PARADISE_1_N001,39.7615578392488,-121.618634,23.3893
PARADISE_LNODEDISE,39.76147708035982,-121.61857334522642,27.57316
PARADISX_6_N001,39.76147708035982,-121.61869465477358,32.05072
PARADS_LNODEFEG,37.69056,-121.02061,28.63568
PARADS_LNODEKHB,37.690559999944874,-121.02049571450051,28.63568
PARKWAY_2_N001,38.17,-122.25,30.37429
PAR_LNODEAPM,37.668079999986205,-120.9174128750731,28.63277
PAR_LNODEFVM,37.668079999986205,-120.9175271249269,28.63277
PAULSWT_1_N001,36.99234705413821,-121.98202825128297,30.55485
PAULSWT_1_N004,36.9921669457552,-121.98202825154998,30.55485
PAULSWT_1_N101,36.99234705413821,-121.98225374871703,30.55485
PEABODY_2_N002,38.28558699998594,-121.97025256896055,30.22873
PEABODY_2_N006,38.28558699998594,-121.97036743103946,30.22873
PEACHTON_6_N001,39.3784769999856,-121.68494608007006,24.51441
PEACHTON_6_N004,39.3784769999856,-121.68506191992994,24.51441
PEARBMAP_7_B1,34.508883999950896,-117.91829825412502,28.41
PEARBMAP_7_B3,34.50879356514072,-117.9182982542441,28.41
PEARBMAP_7_B4,34.50872961811796,-117.91837585623696,28.41
PEARBMBP_7_B1,34.50871432539329,-117.91848402139897,28.41
PEARBMBP_7_B3,34.50874564762435,-117.91858697434263,28.41
PEARBMBP_7_B4,34.5088116034329,-117.91866205952238,28.41
PEARBMCP_7_B1,34.50889707216307,-117.91869792664747,28.41291
PEARBMCP_7_B3,34.50898737191128,-117.91869193094361,28.41291
PEARBMDP_7_B1,34.50907009278566,-117.91864757930026,28.41
PEASE_1_N001,39.17010299998576,-121.66113925312504,25.34345
PEASE_1_N009,39.17010299998576,-121.66125474687495,25.34345
PENDLETN_6_N001,33.30925299998849,-117.3349783807102,29.11551
PENDLETN_6_N004,33.30925299998849,-117.3350856192898,29.11551
PENNGRVE_1_N001,38.315547,-122.681119,30.56694
PENRYN_6_N001,38.8444299999859,-121.16613942513398,25.22105
PENRYN_6_N004,38.8444299999859,-121.16625457486602,25.22105
PERMNNTE_6_N002,34.355793,-116.855947,29.8706
PERRY_6_N008,35.570805,-121.055868,29.8547
PETLMAA_6_N001,38.234002,-122.636285,30.38406
PETLMAC_6_N002,38.2390641182539,-122.636804,30.88767
PETLMAC_6_N003,38.23898294085798,-122.63674432895719,30.88767
PETLMAC_6_N004,38.23898294085798,-122.6368636710428,30.88767
PGG_LNODESS1,38.531716666610464,-121.39934830807131,28.46975
PGG_LNODESS2,38.531794557439916,-121.39929082076439,28.46975
PHILLIPS_1_N001,37.34,-122.03,30.31922
PHILO_6_N001,39.063719,-123.437524,31.50005
PICO_1_N001,33.45676299998844,-117.58919323286267,28.98743
PICO_1_N004,33.45676299998844,-117.58930076713733,28.98743
PIERCY_1_N201,37.28,-121.83,29.94372
PIKECTY_6_N001,39.438734,-120.997847,26.17877
PIONEER_LNODEBUS,37.39756017328021,-120.7270641608972,28.49595
PIONEER_LNODEDR1,37.39756017322573,-120.72695042442128,28.50759
PIONEER_LNODEDR2,37.3974698163648,-120.7269504245584,28.50759
PIONEER_LNODEDR3,37.3974059244655,-120.72703084832322,28.50759
PIONEER_LNODEDR4,37.39739064492007,-120.72714294658331,28.50759
PIONEER_LNODEDR5,37.39742194014138,-120.72724964310564,28.51342
PIONEER_LNODEDR6,37.397487839085414,-120.72732745855615,28.51342
PIONEER_LNODEDR7,37.39757323413797,-120.72736462991926,28.50759
PIONEER_LNODEDR8,37.397663456054794,-120.72735841623376,28.50759
PIONEER_LNODEDR9,37.39774610563929,-120.72731245188831,28.50759
PIONEER_LNODER15,37.397811856418734,-120.72723443776906,28.51342
PIT1_6_N001,38.030670659249246,-121.86908630802888,22.19265
PIT3_7_N001,38.030606778782065,-121.8691674075287,16.60435
PIT5_7_B1,38.030591501969816,-121.86928044765509,10.80314
PITSBURG_1_N001,38.03101263810665,-121.86937270758541,30.03598
PITTSBRG_6_N101,38.031055408073875,-121.8692716827705,30.18784
PLACERVL_1_N001,38.73027886166341,-120.788047,25.78317
PLACER_1_N001,38.901310999985846,-121.08802340262966,25.00272
PLACER_7_N009,38.901310999985846,-121.08813859737035,25.00854
PLAINFLD_6_N001,38.61887,-121.793976,32.1207
PLANETRN_LNODEANET,34.16127269818337,-114.38177086876138,27.8759
PLOALTO_1_N001,33.356029648193925,-117.1119886715524,30.54664
PLOALTO_1_N007,33.35585035171371,-117.11198867177347,30.54664
PLOALTO_1_N013,33.35585035171371,-117.11220332822651,30.54664
PLUMAS_6_N001,39.026121,-121.54308,25.64245
PNEDLE_1_N001,36.829999999986725,-119.82994383698444,29.26616
PNEDLE_1_N002,36.829999999986725,-119.83005616301556,29.28072
PNEGRVE_6_N001,38.41271199998601,-120.6602245387678,27.83262
PNEGRVE_6_N002,38.41271199998601,-120.6603394612322,27.83262
PNTARNA_6_N001,38.912571,-123.679495,32.00348
POC_LNODENE2,38.490383333333334,-121.470263055556,28.46975
POC_LNODENE3,38.49038333327713,-121.4701480990094,28.46975
POC_LNODENE4,38.490293355392375,-121.470263055556,28.46975
POC_LNODENE7,38.49038333327713,-121.47037801210259,28.46975
POC_LNODENE8,38.49047331127424,-121.470263055556,28.46975
POINTLMA_6_N013,32.74152175021991,-117.233364,29.14154
POINTLMA_6_N014,32.74144112487782,-117.23330865823404,29.14154
POLPASPP_6_N002,38.57552299994369,-121.49770299452835,28.61752
POMERADO_6_N001,32.941482719314884,-117.032882,28.60009
POMERADO_6_N004,32.9414021403303,-117.03282656531631,28.60009
POMERADO_6_N008,32.9414021403303,-117.03293743468369,28.60009
PORTOLA_LNODE31,39.803943999985336,-120.46453157749829,30.83932
PORTOLA_LNODE32,39.803943999985336,-120.46464842250171,30.83932
POSOMT_1_N001,35.559194,-118.957501,28.85571
POST_1_N001,39.11,-121.64,26.94367
POTRERO_1_N001,37.46005423161257,-122.4,30.63739
POTRERO_1_N013,37.45997288417899,-122.39994083241324,30.63739
POTRERO_1_N016,37.45997288417899,-122.40005916758676,30.63739
POUST_LNODEIGQ,37.69046956305469,-121.02049571463989,28.63568
POUST_LNODELD2,37.6904056145667,-121.02057652662188,28.63568
POWAY_6_N001,32.978722999988655,-117.03130363648788,28.74273
POWAY_6_N010,32.978722999988655,-117.03141036351212,28.74273
PP1_LNODEOAD,34.59026131985074,-118.4546210726575,28.11752
PP1_PP2_LNODELMW,34.59026131985074,-118.4547309273425,28.11461
PP2_LNODEAUX,34.53433699995089,-118.52522278142764,28.11752
PP2_LNODEOAD,34.534427436468654,-118.525113,28.11752
PPSTLTAP_1_N001,38.01999999998606,-122.36994265860079,30.6293
PPSTLTAP_1_N104,38.01999999998606,-122.3700573413992,30.6293
PRAXAIR_1_B1,37.99999999998611,-121.80994266753221,30.12331
PRCTRVLY_1_N001,32.665044,-116.986801,28.61465
PRSCOT_LNODEAEJ,37.6903903214879,-121.02068916599474,28.62695
PRSCOT_LNODETKD,37.69042164442615,-121.02079637755577,28.62695
PRUNEDLE_1_N001,36.785518920972784,-121.671051,29.64661
PRUNEDLE_1_N002,36.785438039499425,-121.67099269323379,29.64661
PSARBLS_6_N001,35.61564884893555,-120.67989,29.12694
PSARBLS_6_N005,35.61556807551859,-120.67983263488163,29.12694
PSARBLS_6_N007,35.61556807551859,-120.67994736511837,29.12694
PTMRTTI_6_N001,37.030856,-122.187639,30.3189
PTR_PP_LNODEROM,35.24801901925079,-118.1756473615291,27.75946
PUEBLOPG_1_N001,38.345348999986,-122.29956355419145,30.68338
PUEBLOPG_1_N010,38.345348999986,-122.29967844580855,30.68338
PURISIMA_1_N001,34.700622,-120.435261,29.64219
QUEBEC_1_N001,36.07,-119.56,28.88191
RADUM_6_N001,37.67264599998626,-121.85946487140774,30.46064
RADUM_6_N004,37.67264599998626,-121.85957912859226,30.46064
RAINBOW_1_N001,36.709983,-119.538157,29.30161
RANCHRS_1_N001,36.700797999986875,-119.75437400116115,29.37164
RANDSBRG_1_N001,35.375699,-117.655868,29.31286
RAWSON_6_N001,40.145295999985066,-122.21242808907787,35.52202
RAWSON_6_N002,40.145295999985066,-122.21254591092213,35.52202
RCARMEL_6_N001,32.99378371822819,-117.077745,28.82715
RCARMEL_6_N004,32.9937031408736,-117.07768953360795,28.82715
RCARMEL_6_N011,32.9937031408736,-117.07780046639205,28.82715
RECTOR_6_N001,36.29851,-119.242336,27.77231
REDBLFF_6_N001,40.1825869024183,-122.244610070096,37.10561
REDBLFF_6_N004,40.1825869024183,-122.24484592990399,37.10561
REDBLFF_6_N005,40.18276709746204,-122.24484593021722,37.10561
REDBUD_1_N001,39.02788699998577,-122.66224734180834,29.85549
REDBUD_1_N004,39.02788699998577,-122.66236265819167,29.85549
REDWOOD_6_N001,37.490252,-122.213021,30.61376
REDWOOD_6_N002,37.49025199994532,-122.2129070707913,30.61376
REDWOOD_6_N005,37.49016160208324,-122.213021,30.61376
REDWOOD_6_N006,37.49025199994532,-122.21313492920869,30.61376
REDWOOD_6_N007,37.49034239791678,-122.213021,30.61376
REEDLEY_1_N001,36.605116999986976,-119.3758071174397,29.4064
REEDLEY_6_N001,36.605116999986976,-119.3759188825603,29.42387
REINWY_LNODEGME,37.63942160426353,-120.92024637744797,28.62112
REINWY_LNODEQAC,37.6395070719657,-120.92028370125492,28.62112
RENFRO_1_N001,35.409999999987434,-119.16994483454441,28.54714
RENFRO_1_N010,35.409999999987434,-119.1700551654556,28.57625
RESERVR_LNODEFFW,37.651919999986276,-120.67483288823061,28.61239
RESERVR_LNODEPMW,37.651919999986276,-120.67494711176938,28.61239
RICE_6_N002,39.402805999985674,-122.01287205646442,35.85245
RICE_6_N101,39.402805999985674,-122.01298794353558,35.85245
RICHMOND_1_B1,37.92597623462323,-122.369629,30.81851
RICHMOND_1_N001,37.92589488267337,-122.36956945615904,30.82142
RINCON_1_N001,33.285967608914305,-116.9585228047856,30.17825
RINCON_1_N003,33.28578839099371,-116.95852280500573,30.17825
RINCON_6_N001,33.28578839099371,-116.95873719499427,28.90866
RINCON_6_N008,33.285967608914305,-116.9587371952144,28.90866
RIN_SUB_LNODEONA,34.28105422156671,-118.479,28.19029
RIN_SUB_LNODEONB,34.28097288920359,-118.47894317065887,28.19029
RIN_SUB_LNODEONC,34.28097288920359,-118.47905682934115,28.19029
RIOBRVO_1_N001,35.44252289360183,-119.26010566010629,28.61992
RIOBRVO_1_N006,35.44234310629778,-119.26010566035274,28.61992
RIOBRVTM_1_N001,35.44252289360183,-119.26032633989371,28.46854
RIODELL_6_N001,40.495382,-124.099276,51.25517
RIOHONDO_6_N001,34.10610615849042,-117.97947,28.57541
RIOHONDO_LNODEONDO,34.1060249207417,-117.97952664559254,27.57316
RIPON_1_N001,37.72,-121.13,29.52831
RIVERROC_6_N001,36.902618,-119.771768,29.50778
RIVRBANK_1_N001,37.76895425952452,-120.908163,28.44355
RIVRSIDE_6_N001,34.021990939807104,-117.33196554960466,28.30043
ROADWAY_1_N001,34.590373,-117.431752,28.57698
ROBROY_1_N001,36.979885,-121.867457,30.3569
ROCKET_1_N001,34.933939,-117.692217,29.11951
ROCKLIN_6_N001,38.788043999985874,-121.23171544490323,25.87396
ROCKLIN_6_N003,38.788043999985874,-121.23183055509676,25.87396
ROEDING_LNODEDR1,37.587341764588,-120.935901626126,28.47266
ROEDING_LNODEDR2,37.5872777703549,-120.935976143427,28.46975
ROEDING_LNODEDR3,37.5871231822836,-120.935612409,28.46975
ROEDING_LNODEDR5,37.5870085148256,-120.935981028585,28.47266
ROEDING_LNODEDR6,37.5871259671814,-120.935792411292,28.47266
ROEDING_LNODEDR7,37.5871257817397,-120.935692486018,28.46975
ROGERS_LNODEDR1,37.4749114287345,-121.178218328626,28.63568
ROGERS_LNODEDR2,37.4751811958932,-121.178206809282,28.63277
ROGERS_LNODEDR3,37.4750639771164,-121.17821700138,28.63277
ROGERS_LNODEDR5,37.4748414013345,-121.178225065561,28.63568
ROGERS_LNODEDR7,37.4749721097043,-121.178220428168,28.63568
ROGH-RDY_6_N001,37.95526599998612,-121.33253531114549,28.41444
ROSECYN_6_N001,32.84459772910598,-117.236988,29.26963
ROSECYN_6_N017,32.84451713543481,-117.23693261581597,29.26963
ROSEDAL_1_N001,35.37703397144563,-119.077971,28.62865
ROSELE_LNODEHMV,37.68013999998623,-120.94014286544196,28.63277
ROSELE_LNODERLV,37.68013999998623,-120.94025713455804,28.63277
ROSEMR_LNODEAEI,37.64253,-121.0423,28.63859
ROSE_6_N001,32.84451713543481,-117.23704338418403,29.03037
ROSSMOOR_2_N001,37.86470199998613,-122.08030973806707,30.51987
ROSSMOOR_2_N101,37.86470199998613,-122.08042426193292,30.51987
RSC_LNODE8LD,38.761389,-121.264722,28.46393
RSM_SUB_LNODEONB,34.244054210355124,-118.392,28.19611
RSM_SUB_LNODEONC,34.24397289480934,-118.39194320739797,28.19611
RSM_SUB_LNODEOND,34.24397289480934,-118.39205679260202,28.19611
RSNTAFE_6_N009,33.014261,-117.198557,29.12699
RSVTNRD_6_N001,36.624374,-121.68835,30.73533
RTRACK_1_N001,37.979737,-120.414515,27.06373
RUSSRCH_6_N001,40.819848,-123.826638,51.94508
RVRBANK_1_N001,37.76887287022286,-120.90810355553742,27.85469
RVRBANK_1_N005,37.76887287022286,-120.90822244446258,27.85469
SAFEWAY_1_N001,37.71,-121.4,29.41614
SALINAS_1_N001,36.683239999986945,-121.65120502290527,29.84747
SALINAS_1_N024,36.683239999986945,-121.65131697709472,29.84747
SANARDO_6_N001,36.073766,-120.936804,28.73461
SANCRLS_6_N001,37.49972924078839,-122.243974,30.63431
SANCRLS_6_N002,37.499647879591045,-122.24391479097326,30.63431
SANCRLS_6_N004,37.499647879591045,-122.24403320902674,30.63431
SANDCRK_6_N001,36.64502999998689,-119.15920293037858,29.62764
SANGER_1_N001,36.70707499998684,-119.6108700066517,29.21427
SANJOQN_6_N001,36.62101099998692,-120.17805409852517,28.83395
SANJOQN_6_N006,36.62101099998692,-120.17816590147483,28.83686
SANLUSRY_6_N013,36.77962699998679,-120.72995490173179,28.98743
SANLUSRY_6_N014,36.77962699998679,-120.73006709826822,28.98743
SANLUSRY_6_N101,33.211532999988535,-117.33442746812834,28.98743
SANLUSRY_6_N201,33.211532999988535,-117.33453453187165,28.98743
SANMATEO_1_N001,37.58333525489619,-122.319035,29.01654
SANMATEO_1_N001A,37.58325387253711,-122.31897570912398,30.32625
SANMATEO_1_N009,33.409472,-117.590641,29.01654
SANMATO_6_N001,37.58325387253711,-122.31909429087602,30.3379
SANMIGL_6_N001,35.75192,-120.684163,29.38602
SANMRCOS_6_N001,33.12885155124498,-117.19722253462301,29.03983
SANMRCOS_6_N007,33.12877399995433,-117.19716906934049,29.03983
SANMRCOS_6_N011,33.12869644873215,-117.19722253471747,29.03983
SANPBLO_1_N001,37.984803,-122.336618,30.63803
SANRAFL_1_N001,37.970858222937125,-122.527065,30.62773
SANRAFL_1_N006,37.97077688851645,-122.52700543261207,30.62773
SANRAFL_1_N007,37.97077688851645,-122.52712456738792,30.62773
SANRAMON_2_N001,37.745125434987564,-121.93600563263105,30.75532
SANRAMON_2_N004,37.74494456490202,-121.93600563291054,30.75532
SANRAMON_2_N023,37.74494456490202,-121.93623436708945,30.75532
SANRAMON_2_N024,37.745125434987564,-121.93623436736895,30.75532
SANTAFE_LNODEPLNT,38.77997308074166,-122.67005981025191,27.57316
SANTARO_1_N001,33.78461699446498,-116.41025972078828,28.10231
SANTARO_1_N014,33.78443700544048,-116.41025972101585,28.10231
SANTARO_1_N017,33.78443700544048,-116.41047627898415,28.10231
SANTARO_1_N021,33.78461699446498,-116.41047627921172,28.10231
SANTEE_1_N001,32.85452999998873,-116.96829070198787,23.94638
SANTEE_1_N004,32.85452999998873,-116.96839729801214,23.94638
SANYSDRO_6_N001,32.562237999988916,-117.02641779453799,29.21432
SANYSDRO_6_N004,32.562237999988916,-117.02652420546201,29.21432
SARATOGA_2_N001,37.28099617234283,-122.014883,29.82813
SARATOGA_2_N006,37.28091491381397,-122.0148240379766,29.82813
SARATOGA_2_N011,37.28091491381397,-122.0149419620234,29.82813
SAUGUS_6_N001,34.4222099999511,-118.5721663854507,28.30743
SAUSALTO_6_N001,37.86340599998612,-122.49836873883264,31.4894
SAUSALTO_6_N002,37.86340599998612,-122.49848326116737,31.4894
SCA_GS_LNODE1AUX,33.91807886040714,-118.42789938920775,28.1932
SCA_GS_LNODE2AUX,33.91816402577284,-118.42793487934084,28.1932
SCA_GS_LNODE4AUX,33.91825400500674,-118.42792894664778,28.19029
SCA_GS_LNODE5AUX,33.91833643226557,-118.42788506116258,28.19029
SCA_GS_LNODE6AUX,33.91840200617013,-118.42781057548723,28.19029
SCA_GS_LNODE7AUX,33.91844466871178,-118.42771492357166,28.19029
SCA_LA_LNODE3SS,33.91846141326686,-118.42760822199088,28.19029
SCA_SUB_LNODEONA,33.918451884282646,-118.42750023805854,28.1932
SCA_SUB_LNODEONB,33.91841787609632,-118.42739967533626,28.1932
SCHINDLR_1_N005,36.402237,-120.138272,28.79354
SCHMLBCH_1_N001,38.3,-121.87,30.60988
SCLARA_6_N001,34.3007956214976,-119.18563240503143,28.85778
SCRIPPS_6_N001,32.91119872129761,-117.112589,29.13281
SCRIPPS_6_N008,32.91111813933897,-117.11253358224198,29.13281
SCRIPPS_6_N013,32.91111813933897,-117.112644417758,29.13281
SCWAX_1_N001,36.700797999986875,-119.75448599883885,29.36873
SCY_LNODE102,38.508556628165735,-121.46418309094265,28.47557
SCY_LNODE103,38.50837670505527,-121.4641830912299,28.47557
SCY_LNODE105,38.50837670505527,-121.4644130198821,28.47557
SCY_LNODE106,38.508556628165735,-121.46441302016935,28.47557
SEARLES_7_N001,35.75666699998737,-117.38050076336167,27.77381
SEMITRPC_1_N001,35.600398,-119.437498,28.55878
SERRMNTE_1_N011,37.69171986891291,-122.4557633854276,30.72472
SFIA-MA_1_N001,37.63904926020716,-122.385896,30.60554
SFIA_1_N001,37.63896786988162,-122.38583665888167,30.55314
SFIA_1_N007,37.63896786988162,-122.38595534111833,30.55314
SHADOWR_1_N001,33.141540731105856,-117.238793,29.03692
SHADOWR_1_N006,33.141460134434745,-117.23873742707973,29.03692
SHADOWR_1_N008,33.141460134434745,-117.23884857292028,29.03692
SHADYGLN_6_N001,39.115058,-120.95331,25.73921
SHAFTER_7_N022,39.77608299994151,-122.10394676937125,28.59081
SHARON_1_N001,37.097275,-120.156454,28.97763
SHAWROAD_1_N001,37.55,-122.42,30.45708
SHLLCHM_6_N001,38.031607,-121.945728,30.18784
SHNGLESR_1_N001,38.65969989665331,-120.946938,25.76861
SHNGLESR_1_N004,38.659619051658225,-120.94687822587784,25.76861
SHNGLESR_1_N103,38.659619051658225,-120.94699777412217,25.76861
SHREDDER_1_N001,37.511676999986356,-122.20767698568532,30.44492
SIERABRK_LNODE19,39.646142,-120.217943,30.84223
SILVERDO_1_N001,38.49950299998593,-122.45908751973128,30.20376
SILVERDO_1_N002,38.49950299998593,-122.45920248026871,30.20376
SISK_LNODEKZH,37.69048760173528,-121.02087456863451,28.62695
SISK_LNODEYUP,37.69057307242136,-121.0209119194331,28.62695
SISQUOC_1_N001,34.87826099998756,-120.33120693531723,29.42678
SISQUOC_1_N020,34.87826099998756,-120.33131706468278,29.42678
SLMNCRK_6_N001,38.343592,-123.044809,31.48888
SMRTVLTP_6_N101,39.207939,-121.301476,13.90717
SMTRPCWS_1_N001,35.59,-119.44,28.55878
SNANDRES_6_N001,37.603294,-122.420424,30.67541
SNBRNRD_6_N001,35.092421,-118.878241,28.90228
SNJOSEB_1_N001,37.34102432531631,-121.9009493888098,30.5956
SNJOSEB_1_N005,37.34084367457506,-121.9009493890831,30.5956
SNJOSEB_1_N009,37.34084367457506,-121.9011766109169,30.5956
SNJOSEB_1_N013,37.34102432531631,-121.9011766111902,30.5956
SNJSEA_1_N001,37.328246190599145,-121.902531,30.57814
SNJSEA_1_N005,37.32816490468582,-121.90247198103432,30.57814
SNJSEA_1_N101,37.32816490468582,-121.90259001896567,30.57814
SNLNDRO_1_N001,37.711237436769906,-122.14880668270004,31.38684
SNLNDRO_1_N014,37.71105656311971,-122.14880668297907,31.38684
SNLNDRO_1_N017,37.71105656311971,-122.14903531702092,31.38684
SNLNDRO_1_N027,37.711237436769906,-122.14903531729996,31.38684
SNROSA_LNODEMEA,37.5099999999863,-121.22994301594794,28.63568
SNROSA_LNODEYWX,37.5099999999863,-121.23005698405206,28.63568
SNTAMRA_1_N001,33.12877399995433,-117.19738293065951,29.41513
SNTAMRA_1_N005,33.12885155124498,-117.19732946537698,29.41513
SNTANLA_6_N001,37.085979,-121.013273,28.78275
SNTARSA_1_N001,38.43691201584367,-122.71331,30.56934
SNTARSA_1_N002,38.43683099206306,-122.71325027901105,30.56934
SNTARSA_1_N006,38.43683099206306,-122.71336972098895,30.56934
SNTARTA_6_N001,37.055061,-120.634086,28.87694
SNTAYNZ_1_N001,34.625273999987726,-120.11813905143147,29.62764
SNTAYNZ_1_N002,34.625273999987726,-120.11824894856854,29.62764
SNTHLNE_6_N001,37.6223639999863,-122.44717791303894,30.80041
SNTHLNE_6_N002,37.6223639999863,-122.44729208696106,30.80041
SOBRANTE_1_N001,37.90594,-122.208144,30.53323
SOLEDAD_6_N001,36.429513,-121.331901,30.09782
SONOFRE_2_N067,33.3697279999884,-117.55438367777961,28.88554
SOUTHBAS_1_N001,34.881503,-117.892023,29.95206
SOUTHBY_6_N001,38.575612901218726,-121.497588,29.56406
SOUTH_LNODE108,40.39538221,-121.8791458,27.59936
SOUTH_LNODE204,40.39538220993951,-121.87902727370097,27.59936
SOUTH_LNODEC542,40.39529194143137,-121.87902727385986,27.59936
SOUTH_LNODEC544,40.39522811201244,-121.87911108453021,27.59936
SOUTH_LNODEC546,40.39521284740522,-121.87922790359386,27.59936
SOUTH_LNODEC547,40.39524411201219,-121.8793390934442,27.59936
SOUTH_LNODEC548,40.39530994650243,-121.87942018597366,27.59936
SOUTH_LNODEC549,40.395395258043976,-121.87945892278287,27.59936
SOUTH_LNODEC550,40.3954853917418,-121.8794524474595,27.59936
SOUTH_LNODEC552,40.39556796052161,-121.87940454742642,27.59936
SPANSHCK_6_N001,40.026139,-120.961748,21.54953
SPENCE_6_N001,36.613591,-121.566779,29.99884
SPICAMIN_1_N001,38.73992576174639,-120.67723108004192,25.73659
SPRINGVL_6_N001,36.10586253074472,-118.93516918490357,27.91204
SPRNGVLY_6_N001,32.73903399998875,-117.00264674817954,31.86217
SPRNGVLY_6_N010,32.73903399998875,-117.00275325182045,31.86217
SQAWVLY_LNODE01,39.20568653401713,-120.20123845453338,30.8073
SQAWVLY_LNODE81,39.20550746586879,-120.20123845482796,30.8073
SQAWVLY_LNODE82,39.20550746586879,-120.20146954517205,30.8073
SQAWVLY_LNODE83,39.20568653401713,-120.20146954546662,30.8073
STAFFORD_6_N002,38.12003299998604,-122.61362861905879,30.50838
STAFFORD_6_N101,38.12003299998604,-122.6137433809412,30.50838
STAGG_2_N001,37.99164936143144,-121.34848834268168,28.32953
STAGG_2_N014,37.99146863845723,-121.34848834296415,28.32953
STAGG_6_N001,37.99146863845723,-121.34871765703586,28.34699
STAGG_6_N003,37.99164936143144,-121.34871765731833,28.34699
STAMPEDE_LNODE19,39.46748199998557,-120.10518300964912,30.87425
STATELN_LNODE01,38.95238461856907,-119.94181675988908,28.65897
STATELN_LNODE22,38.952205381317675,-119.94181676018052,28.65897
STATELN_LNODE23,38.952205381317675,-119.94204723981947,28.65897
STATELN_LNODELY,38.95238461856907,-119.94204724011091,28.65606
STATIN-L_7_N001,37.81024899998616,-122.271385771776,30.8656
STATIND_1_N001,37.837585251800924,-122.263503,30.79865
STATIND_1_N010,37.83750387408463,-122.26344350874284,30.79865
STATIND_1_N013,37.83750387408463,-122.26356249125715,30.79865
STATINJ_1_N001,37.76334825993251,-122.214444,31.86134
STATINJ_1_N012,37.763266870018874,-122.21438455959633,31.86134
STATINJ_1_N027,37.763266870018874,-122.21450344040367,31.86134
STATINL_1_N001,37.81024899998616,-122.271500228224,30.85978
STATINX_1_N001,37.80554442667025,-122.23091354965457,30.85978
STATINX_1_N012,37.805363573219,-122.23091354993484,30.85978
STATINX_1_N014,37.805363573219,-122.23114245006515,30.85978
STATINX_1_N024,37.80554442667025,-122.23114245034543,30.85978
STB_LNODE201,38.57233333333333,-121.483291944444,28.47848
STB_LNODE202,38.57233333327705,-121.48317695138249,28.47848
STB_LNODE203,38.57224342921349,-121.48317695152639,28.47848
STB_LNODE204,38.57217985749196,-121.48325826382802,28.47848
STB_LNODE205,38.572164654514715,-121.48337160056485,28.47848
STB_LNODE206,38.57219579290459,-121.48347947588752,28.47848
STB_LNODE207,38.5722613616095,-121.48355815106362,28.47848
STB_LNODE208,38.57234632872595,-121.48359573311588,28.47848
STB_LNODE209,38.57243609852223,-121.48358945079376,28.47848
STB_LNODE210,38.57251833393617,-121.48354297863219,28.47848
STB_LNODE211,38.572583755229644,-121.4834641025941,28.47848
STB_LNODE212,38.57262631848412,-121.48336281268834,28.47848
STCKTNAR_6_N001,37.963279,-121.323476,28.42026
STCRUZ_LNODECXA,37.627559999986325,-120.97504290860819,28.60366
STCRUZ_LNODEWLS,37.627559999986325,-120.97515709139182,28.60366
STDDRD_LNODECEA,37.704079999986206,-121.06864284680097,28.62986
STDDRD_LNODEWZO,37.704079999986206,-121.06875715319903,28.62986
STDOIL_1_N009,37.94,-122.38,30.62639
STD_LNODENE1,38.57225,-121.500568888889,28.47848
STD_LNODENE2,38.572249999943736,-121.50045389586575,28.47848
STD_LNODENE4,38.57217214071853,-121.50051139243968,28.47848
STD_LNODENE5,38.57217214071853,-121.50062638533832,28.47848
STD_LNODENE6,38.572249999943736,-121.50068388191225,28.47848
STD_LNODENE7,38.57232785925329,-121.50062638546294,28.47848
STD_LNODENE8,38.57232785925329,-121.50051139231506,28.47848
STELLING_1_N001,37.3360521934471,-122.042805,29.923
STELLING_1_N004,37.33597090326187,-122.04274597179945,29.923
STELLING_1_N007,37.33597090326187,-122.04286402820055,29.923
STE_SM_LNODE301,38.58631666666667,-121.472838888889,28.47848
STE_SM_LNODE302,38.586316666610415,-121.47272388936047,28.47848
STE_SM_LNODE303,38.58622677499287,-121.47272388950444,28.47848
STE_SM_LNODE304,38.58616321207191,-121.47280520637891,28.47848
STE_SM_LNODE305,38.58614801119931,-121.4729185494895,28.47848
STE_SM_LNODE306,38.58617914527848,-121.47302643087885,28.47848
STE_SM_LNODE307,38.58624470490619,-121.47310511047952,28.47848
STE_SM_LNODE308,38.586329660260105,-121.47314269464546,28.47848
STE_SM_LNODE309,38.58641941762905,-121.47313641197016,28.47848
STF_LNODEDAX,37.69055999998624,-121.02097285725026,28.62112
STF_LNODEIPN,37.69055999998624,-121.02108714274974,28.62112
STJ_SUB_LNODEONB,34.067054141297895,-118.226,28.20485
STJ_SUB_LNODEONC,34.06697292933807,-118.22594339850212,28.20485
STJ_SUB_LNODEOND,34.06697292933807,-118.22605660149787,28.20485
STKTONA_1_N001,37.94722338217881,-121.28911838573319,28.20641
STKTONA_1_N003,37.947042617710025,-121.28911838601516,28.20641
STKTONA_6_N001,37.947042617710025,-121.28934761398483,28.65897
STKTONA_6_N004,37.94722338217881,-121.2893476142668,28.65897
STLLWATR_6_N001,40.677845,-122.34971,35.66746
STOCKDLE_1_N001,35.316584007161445,-119.06818269302951,28.72471
STOCKDL_2_N001,35.31640399273835,-119.06818269327503,28.60827
STOCKDL_2_N002,35.31640399273835,-119.06840330672496,28.60827
STOCKDL_2_N101,35.316584007161445,-119.0684033069705,28.60827
STOCKM_LNODEVZF,37.62761110994497,-120.9752808828705,28.62695
STOCKM_LNODEXFA,37.62770154232185,-120.9751667,28.62695
STONCRRL_6_N001,36.472251999987044,-119.18811326795893,29.88672
STONCRRL_6_N003,36.472251999987044,-119.18822473204106,29.88672
STONE_1_N001,37.303708999986505,-121.86757223713448,30.36239
STONE_1_N005,37.303708999986505,-121.8676857628655,30.36239
STONYPT_1_N001,38.42,-122.78,30.62482
STOREY1_2_N001,36.98288702744317,-120.033746,29.11137
STOREY2_2_N001,36.98280598626407,-120.03380457310557,29.1201
STREAMVW_6_N001,32.745604999988714,-117.07864474591278,31.15776
STREAMVW_6_N007,32.745604999988714,-117.07875125408721,31.15776
STROUD_6_N001,36.530868,-120.104386,29.1105
STUART_6_N001,33.256701,-117.416547,29.35131
STURLOCK_LNODEDR3,37.4835881458663,-120.846727672541,28.54835
STURLOCK_LNODEDR4,37.4835360336794,-120.846797393384,28.54835
STURLOCK_LNODEDR7,37.4834830942642,-120.846867453726,28.54835
STURLOCK_LNODER13,37.483522165007,-120.846657059231,28.54835
SUISUN_1_N001,38.24526219208727,-122.04122215940386,30.62444
SUISUN_1_N008,38.24508180780079,-122.04122215968883,30.62444
SUISUN_1_N009,38.24508180780079,-122.04145184031117,30.62444
SUMMIT_6_N001,39.319203,-120.378897,36.34966
SUNOL_6_N001,37.586891,-121.869379,30.63085
SURF_1_N009,34.61,-120.22,29.57524
SWEETWTR_6_N017,32.65811799998879,-117.0916867727539,29.02219
SWEETWTR_6_N018,32.65811799998879,-117.0917932272461,29.02219
SWIFT_1_N001,37.3225281884819,-121.796729,30.23172
SWIFT_1_N003,37.322446905744414,-121.79666998783091,30.23172
SWIFT_1_N006,37.322446905744414,-121.79678801216909,30.23172
SYCAMORE_1_N101,39.76991684305054,-121.824218,23.31943
SYCAMORE_1_N201,39.76983607845885,-121.82415733357864,23.31943
SYCAMORE_1_N301,39.76983607845885,-121.82427866642136,23.32234
SYLVANCM_LNODECPR,37.688469999986225,-120.97663285888366,28.62986
SYLVANCM_LNODEHGR,37.688469999986225,-120.97674714111633,28.62986
TAFT1_1_N001,35.14999999998751,-119.47994486994581,28.46563
TAFT1_1_N004,35.14999999998751,-119.48005513005418,28.46563
TAHDONR_LNODE07,39.337309,-120.221277,30.96449
TAHOCTY_LNODE01,39.165971540038264,-120.14445351203682,30.84223
TAHOCTY_LNODE71,39.16579245984778,-120.14445351233086,30.84223
TAHOCTY_LNODE72,39.16579245984778,-120.14468448766914,30.84223
TAHOCTY_LNODE73,39.165971540038264,-120.14468448796318,30.84223
TAMARACK_6_N001,39.313743,-120.496804,36.86345
TAMARISK_1_N001,33.817316,-116.454898,28.01498
TAP710_1_N004,32.595376662064226,-117.0577334243903,-49.84388
TAP801_1_N001,34.109614,-116.411837,28.2917
TAP807_1_N001,34.0,-116.5,27.85213
TAR_SUB_LNODEONA,34.17905418777958,-118.544,28.18156
TAR_SUB_LNODEONB,34.1789729060972,-118.54394327481864,28.18156
TAR_SUB_LNODEONC,34.1789729060972,-118.54405672518136,28.18156
TASSAJAR_2_N001,37.79959499998613,-121.9077887787453,30.35944
TASSAJAR_2_N002,37.79959499998613,-121.9079032212547,30.35944
TAYLOR_LNODEDR1,37.5369331958297,-120.809398426319,28.49595
TAYLOR_LNODEDR5,37.5369383829719,-120.809348192848,28.49595
TAYLOR_LNODEDR7,37.536937531095,-120.809217269976,28.49304
TAYLOR_LNODEDR8,37.5369366699963,-120.809289591436,28.49595
TECUYA_6_N001,35.018589,-118.979536,28.90811
TEICHERT_1_N001,37.79,-121.36,29.3259
TEJON_6_N001,35.019534,-118.954779,28.91975
TELECYN_1_N001,32.6379177816674,-117.01607,28.64958
TELECYN_1_N006,32.63783710915427,-117.01601469007429,28.64958
TELECYN_1_N014,32.63783710915427,-117.01612530992571,28.64958
TEMBLOR_1_N003,35.382795999987465,-119.69634883811833,28.70742
TEMPLETN_2_N008,35.554496,-120.679996,28.93208
TERMNOUS_6_N001,38.116464,-121.422007,28.641
TESSUB_2_N001,37.73,-121.93,30.3545
TEVIS_1_N001,35.319191999987495,-119.12859784623319,28.73636
TEVIS_1_N003,35.319191999987495,-119.12870815376681,28.71307
TEXSUN1G_7_N001,35.36999999998748,-119.4800551602316,28.38703
TEXSUN2G_7_N001,35.3599999999875,-119.48005515895167,28.38703
THORNHIL_1_N001,33.833699,-116.524642,28.0559
TIDEWATR_2_N001,38.01989465330933,-122.06150068264388,30.24933
TIDEWATR_2_N014,38.02007534657929,-122.06150068292666,30.24933
TLRELKE_6_N001,36.003703,-119.948802,29.2201
TOCALOMA_6_N001,38.05521,-122.760914,30.64229
TOL_SUB_LNODEONA,34.175740310821865,-118.36069083905292,28.20485
TOL_SUB_LNODEONB,34.1755596890815,-118.36069083928658,28.20194
TOL_SUB_LNODEONC,34.1755596890815,-118.36090916071342,28.20485
TOL_SUB_LNODEOND,34.175740310821865,-118.36090916094707,28.20194
TOREYPNS_6_N001,32.89877953728695,-117.23987836114813,29.19976
TOREYPNS_6_N007,32.89860046262259,-117.23987836136372,29.19976
TOREYPNS_6_N008,32.89860046262259,-117.24009163863627,29.19976
TOREYPNS_6_N009,32.89877953728695,-117.24009163885188,29.19976
TORTILLA_1_N007,34.874547,-117.064691,27.58283
TRABUCO_1_N001,33.5630767991568,-117.67324523376014,29.03401
TRABUCO_1_N005,33.562897200749894,-117.67324523398426,29.03401
TRABUCO_1_N009,33.562897200749894,-117.67346076601574,29.03401
TRABUCO_1_N013,33.5630767991568,-117.67346076623986,29.03401
TRACY_1_N001,37.748395999944734,-121.41564562794372,29.59388
TRACY_1_N002,37.748305565247314,-121.41576,29.59388
TRACY_1_N007,37.748395999944734,-121.41587437205628,29.59388
TRACY_1_N101,37.74848643475262,-121.41576,29.59388
TRESVIS_6_N001,39.486707,-121.687993,23.59566
TRIMBLE_1_N004,37.42009036798162,-121.72988621524279,30.65416
TRIMBLE_1_N010,37.41990963190925,-121.72988621551741,30.65416
TRIMBLE_1_N016,37.41990963190925,-121.7301137844826,30.65416
TRIMBLE_1_N020,37.42009036798162,-121.73011378475721,30.65416
TRINIDAD_6_N001,41.064242,-124.128367,52.45742
TRUCKEE_LNODE02,39.330431720184855,-120.181195,30.90336
TRUCKEE_LNODE03,39.33035113989209,-120.18113485420918,30.90336
TRUCKEE_LNODE49,39.33035113989209,-120.18125514579083,30.89463
TUDOR_6_N001,38.982071,-121.635205,24.80019
TULUCAY_6_N001,38.247946,-122.268228,30.34363
TUPMAN_1_N101,35.354039,-119.270638,28.5355
TVYVLLY_6_N001,36.770622,-119.393233,29.53723
TXROSDL_1_N001,35.37695301426363,-119.07791367489159,28.62865
TXROSDL_1_N002,35.37695301426363,-119.0780283251084,28.62865
TYLER_6_N001,40.138392982499205,-122.20848578836895,35.53949
TYLER_6_N002,40.138392982499205,-122.20860821163106,35.53949
UCM_6_N001,32.88368472395273,-117.222424,29.2347
UCM_6_N002,32.88360413801135,-117.22236859671557,29.2347
UCM_6_N006,32.88360413801135,-117.22247940328444,29.2347
UKIAH_1_N001,39.142823455087914,-123.19204845611492,30.71972
UKIAH_1_N005,39.14300254479826,-123.19204845640866,30.71972
UPPRLKE_6_N001,39.145906,-122.916845,30.76373
URBAN_6_N001,32.71330799998875,-117.15140275665348,29.1299
URBAN_6_N005,32.71330799998875,-117.15150924334651,29.1299
URICH_6_N001,38.029918,-122.103005,30.8942
VACA-DIX_1_N001,38.401616982566644,-121.91986928712716,30.22272
VACAVIL_1_N001,38.356520058867716,-121.97951,30.25183
VACAVIL_1_N101,38.35643897055109,-121.97945029786577,30.29841
VACAVIL_1_N102,38.35643897055109,-121.97956970213424,30.29841
VALCNTR_6_N001,33.230683,-117.018401,28.71362
VALLEYSC_1_N001,33.738397971600605,-117.156432,28.03262
VALLEYSC_1_N107,33.738317014186954,-117.15648820699798,28.03262
VALLYHM_1_N001,37.85575599998615,-120.94408374338772,28.99183
VALLYVW_1_N001,37.96607299998612,-122.27841868352904,30.7543
VALLYVW_1_N003,37.96607299998612,-122.27853331647096,30.7543
VAL_GS_LNODE5AUX,34.24482148241572,-118.3914027121072,28.19611
VAL_GS_LNODE6AUX,34.24485277566131,-118.39150524618782,28.19611
VAL_GS_LNODE7AUX,34.24491867043375,-118.39158002588233,28.19611
VAL_GS_LNODE8AUX,34.245004060069334,-118.391615747079,28.19611
VAL_LNODELSS,34.24509427625119,-118.39160977576542,28.19611
VASCO_6_N001,37.71132099998621,-121.71587984128799,30.30876
VASCO_6_N003,37.71132099998621,-121.71599415871201,30.30876
VASONA_2_N001,37.26,-121.9,29.80792
VEDDER_1_N001,35.61,-118.96,28.85571
VEL_SUB_LNODEONA,34.01555411723447,-118.204,28.20485
VEL_SUB_LNODEONB,34.01547294136984,-118.20394345800285,28.20485
VEL_SUB_LNODEONC,34.01547294136984,-118.20405654199715,28.20485
VESTAL_6_N001,35.85713659527842,-119.08872645400277,27.91786
VICTOR_1_N001,38.145651267656454,-121.17732422029407,28.54495
VICTOR_6_N001,38.145470732231836,-121.17755377942188,27.74173
VICTOR_6_N002,38.145651267656454,-121.17755377970593,27.74173
VIEJOSC_2_N001,36.578772821150025,-121.908968,28.7167
VIEJOSC_2_N004,33.667334,-117.642727,28.7167
VIEJO_6_N001,36.578692089410936,-121.90890995739635,29.9872
VIEJO_6_N003,36.578692089410936,-121.90902604260364,29.9872
VIERRA_1_N001,37.85,-121.24,29.67745
VINA_6_N001,39.941614,-122.041739,37.67326
VINEYARD_2_N001,37.66967326170019,-121.85436,30.18087
VINEYARD_2_N002,37.66959186913507,-121.85430063276966,30.18087
VINEYARD_6_N001,37.66959186913507,-121.85441936723034,30.46064
VN_SUB_LNODEONA,34.18009031354033,-118.44489083013903,28.20485
VN_SUB_LNODEONB,34.17990968636295,-118.44489083037274,28.20485
VN_SUB_LNODEONC,34.17990968636295,-118.44510916962726,28.20485
VN_SUB_LNODEOND,34.18009031354033,-118.44510916986097,28.20485
VSTA_1_N001,34.04125299995202,-117.32061812723687,28.22765
VSTA_6_N001,34.04125299995202,-117.32083587276313,28.23056
WAHTOKE_1_N001,36.61618299998699,-119.452409104289,29.33671
WAHTOKE_1_N002,36.61618299998699,-119.45252089571099,29.33671
WALNUT_6_N001,34.00840381020035,-117.94966020073771,28.67953
WARENCYN_6_N001,33.01545499998868,-117.00226861385794,28.80678
WARENCYN_6_N002,33.01545499998868,-117.00237538614206,28.80678
WARNERS_6_N001,33.247186,-116.675942,25.11364
WARNER_LNODERV1,41.50091505739131,-120.533072,27.99525
WARNER_LNODERV3,41.50083397128745,-120.53300949206302,27.99525
WARNER_LNODESC1,41.50083397128745,-120.53313450793698,27.99525
WASCO_7_N008,39.77617274317707,-122.10383,28.71307
WASHNGT_LNODEDR1,37.4893772928244,-120.903967825898,28.58328
WASHNGT_LNODEDR2,37.4895172164325,-120.904092990936,28.58328
WASHNGT_LNODEDR3,37.4894692627508,-120.903968029781,28.58328
WASHNGT_LNODEDR4,37.489297130992,-120.993988447763,28.58328
WASHNGT_LNODEDR5,37.4894207521695,-120.904091725093,28.58328
WASHNGT_LNODEDR6,37.4892474344412,-120.904090188054,28.58328
WASHNGT_LNODEDR7,37.4892029595549,-120.903964429204,28.58328
WASHNGT_LNODER15,37.4893341220127,-120.90409199878,28.58328
WATRSHED_6_N001,37.487815,-122.310237,30.69013
WEBER_6_N001,37.919828,-121.240232,28.71719
WEC_SY_LNODEUX1,37.4878752249074,-120.89565231921667,28.55999
WEC_SY_LNODEUX2,37.4878752249074,-120.89576624369113,28.54544
WELFLDPM_LNODELPMP,34.16127269818337,-114.38198913123861,27.89628
WELFLDPM_LNODERALS,34.16145330172,-114.38198913147205,27.89628
WEMRSWS_6_N001,39.035984,-120.987909,25.54708
WESTLANE_6_N001,37.990674,-121.282373,28.52456
WESTLNDS_1_N001,36.3999999999871,-120.31994434326373,28.75279
WESTLNDS_1_N019,36.3999999999871,-120.32005565673627,28.75279
WESTPARK_1_N001,35.374163973003284,-119.039839,28.69851
WESTPARK_1_N005,35.374083013484764,-119.03978167527592,28.69851
WESTPARK_1_N009,35.374083013484764,-119.03989632472408,28.69851
WESTPLAT_1_N001,35.42,-119.3,28.49765
WESTPORT_LNODEDR1,37.5225825838401,-120.993998352649,28.5105
WESTPORT_LNODEDR3,37.5223769944682,-120.993990429526,28.5105
WESTPORT_LNODEDR5,37.5225172095941,-120.993995815213,28.5105
WESTPORT_LNODEDR7,37.5224455031416,-120.903973009416,28.5105
WHEATLND_6_N001,39.013055,-121.418524,19.41314
WHEELER_6_N001,35.089761,-118.976591,28.81204
WHISMAN_1_N001,37.40491321634772,-122.068856,30.31631
WHISMAN_1_N004,37.404831891811426,-122.06879689262591,30.31631
WHISMAN_1_N009,37.404831891811426,-122.06891510737408,30.31631
WHITMORE_6_N001,40.628753,-121.915711,33.80219
WILDWOOD_1_N001,40.387138,-123.045061,37.83093
WILKINS_6_N001,39.00552,-121.867233,25.42024
WILLIAMS_6_N002,39.15758,-122.14762,33.09685
WILLITS_6_N001,39.405666,-123.327366,31.39782
WILLOWS_6_N001,39.531805,-122.185874,36.23379
WIL_SUB_LNODEONB,33.797999999988214,-118.25794584458627,28.21067
WIL_SUB_LNODEONC,33.797999999988214,-118.25805415541372,28.21067
WINTERS_6_N001,38.517708,-121.951331,30.77581
WOHLER_6_N001,38.512048,-122.880906,30.90668
WOLFE_1_N001,37.335142193117605,-122.020824,29.92882
WOLFE_1_N002,37.335060903426545,-122.02076497287341,29.92882
WOLFE_1_N007,37.335060903426545,-122.02088302712659,29.92882
WOODACRE_6_N001,38.012118,-122.65455,30.68013
WOODLD_1_N001,38.67823188725648,-121.760143,26.27572
WOODLD_1_N005,38.67815105635662,-121.76008322082818,26.27572
WOODLD_1_N012,38.67815105635662,-121.76020277917182,26.27572
WOODSIDE_6_N003,37.43624399998641,-122.2420270905538,30.65382
WOODSIDE_6_N004,37.43624399998641,-122.24214090944619,30.65382
WOODWARD_1_N005,36.8966369999867,-119.74995475043866,29.11205
WOODWARD_1_N006,36.8966369999867,-119.75006724956134,29.11205
WPBART_1_N001,38.02005420797604,-121.98,30.33632
WPBART_1_N004,38.01997289599686,-121.97994040909197,30.33632
WPBART_1_N026,38.01997289599686,-121.98005959090804,30.33632
WSCOPRSN_1_N001,35.61,-119.37,28.60536
WSCRMNO_1_N004,38.58939293336201,-121.545027,26.95565
WSCRMNO_1_N013,38.58931203330379,-121.54496724378153,26.95565
WSCRMNO_1_N201,38.58931203330379,-121.54508675621847,26.95565
WSTFRSO_1_N001,36.71841899998688,-119.81853697917856,29.30469
WSTFRSO_1_N004,36.71841899998688,-119.81864902082144,29.30469
WSTLD1RA_1_N001,36.72,-120.72,28.43257
WYANDTTE_1_N001,39.491682744465926,-121.541161,23.87979
WYANDTTE_1_N003,39.49160212775149,-121.54110068770393,23.87979
WYANDTTE_1_N102,39.49160212775149,-121.54122131229607,23.87979
ZACA_1_N001,34.696829,-120.151374,29.58688
ZANKER_1_N001,37.469999999986335,-121.8099430557453,30.6105
ZANKER_1_N003,37.469999999986335,-121.8100569442547,30.6105
AGER_LNODE35,41.8675,-122.46414,0.0
ALTURAS_LNODE17,41.49972,-120.53306,0.0
BIGSPRIN_LNODELD1,41.616776,-122.39929,0.0
CAMERON_LNODEKM,32.65324599998863,-116.48817922595589,0.0
CASTELLA_LNODE,41.146254,-122.319747,0.0
CEDARVIL_LNODED1,41.53156,-120.18194,0.0
CLEARLAO_LNODE44,41.704981,-121.276741,0.0
COPCO2_LNODE21,41.97667,-122.36167,0.0
DAVISCR_LNODED1,41.73,-120.37,0.0
DELNORTE_LNODE50,41.86761799998422,-124.13905472462552,0.0
DELNORTE_LNODE51,41.86761799998422,-124.13917527537447,0.0
DOGCREEK_LNODE,40.94013311,-122.431008,0.0
DORRIS_LNODE06,41.96694,-121.91333,0.0
EAGLEMTN_LNODEHI,33.8199729920039,-115.44005630685402,0.0
FLINT_LNODE_LDT1,38.88530299998586,-121.06681059075832,0.0
GASQUET_LNODE42,41.84833,-123.96667,0.0
INTERNAT_LNODELD,41.432568,-122.38296,0.0
LITTLESH_LNODELD1,41.70174123,-122.3696599,0.0
LUCERNE_LNODELD,41.60361,-122.5225,0.0
MACDOEL_LNODE20,41.83166999998427,-122.00465973878569,0.0
MACDOEL_LNODE45,41.83166999998427,-122.00478026121432,0.0
MADISON_LNODE1,38.67065905446531,-121.9691977771112,0.0
MOTT_LNODE,41.262727,-122.270475,0.0
NDUNSMUI_LNODE7,41.2207989999844,-122.27643096616978,0.0
NDUNSMUI_LNODE9,41.2207989999844,-122.27655103383022,0.0
NEWELL_LNODE90,41.888139999984205,-121.37845028379793,0.0
NUTGLADE_LNODE,41.178254,-122.290711,0.0
PATRICKS_LNODE49,41.88139,-123.86472,0.0
PEREZ_LNODED1,41.63306,-121.22639,0.0
PRAXAIR_LNODEPM,37.99999999998611,-121.81005733246779,0.0
REDWOODU_LNODED2,41.76083,-124.16347,0.0
SDUNSMUI_LNODE,41.201244,-122.2764098,0.0
SHASTINA_LNODELD1,41.548666,-122.364174,0.0
SHOTGUNC_LNODE,41.053889,-122.381667,0.0
TULELAKE_LNODE35,41.95333,-121.47111,0.0
TUNNEL_LNODE33,41.925559999984245,-121.56576970013403,0.0
TUNNEL_LNODE40,41.925559999984245,-121.56589029986597,0.0
WEED_LNODER1,41.43139,-122.38944,0.0
YREKA_LNODE76,41.72897989068449,-122.63154955171838,0.0
YREKA_LNODED1,41.72880010918983,-122.63154955205546,0.0
YREKA_LNODED2,41.72880010918983,-122.63179044794454,0.0
YREKA_LNODED3,41.72897989068449,-122.63179044828162,0.0
