node_id,lat,lon,price_dp
12TH_S_LNODENMZ,37.63715677998629,-120.99316020050249,38.85873
12TH_S_LNODEXWQ,37.63715677998629,-120.99327439949751,38.85873
8TH_ST_LNODEBXG,37.64197726998626,-121.00603849646912,38.85873
8TH_ST_LNODELZF,37.64197726998626,-121.00615270353089,38.85873
AEC300_1_N001,37.74,-121.48,39.31386
AGNEW_1_N003,37.51,-121.84,40.69495
AIRPROD_1_N001,36.65,-119.54,38.46245
AIR_SUB_LNODENAA,33.96205409081493,-118.376,38.14465
AIR_SUB_LNODENAB,33.961972954579615,-118.37594352117388,38.14072
AIR_SUB_LNODEONC,33.961972954579615,-118.37605647882611,38.14072
ALAMITOS_2_N001,33.771584,-118.100596,38.99469
ALAMITOS_2_N040,33.77,-118.1,38.99469
ALAMT1G_7_N002,33.77149401717401,-118.1004877514908,38.99469
ALAMT2G_7_N002,33.771415173499584,-118.10067098425147,38.99469
ALAMT3G_7_N002,33.77144633917227,-118.10077253262283,38.99469
ALAMT4G_7_N002,33.771511965310076,-118.10084659342048,38.99469
ALAMT5G_7_N002,33.771597006833865,-118.1008819712055,38.99469
ALAMT6G_7_N002,33.77176916262267,-118.10083231072662,38.99469
ALHAMBRA_1_N001,37.99408499998608,-122.13031167024367,39.59243
ALHAMBRA_1_N002,37.99408499998608,-122.13042632975633,39.59243
ALLEGHNY_6_N001,39.464893,-120.844946,41.77
ALMADEN_6_N001,37.26027,-121.890082,42.09565
ALMOND_LNODEAUX,37.574202045609525,-120.98511610244,38.65863
ALPAUGH_7_N002,35.963463732836644,-119.456796,38.49384
ALPINE_6_N001,32.82778299998866,-116.78987271391081,39.57748
ALPINE_6_N005,32.82778299998866,-116.78997928608918,39.57748
ALTO_6_N001,37.89825299998615,-122.52430271885964,40.69102
ALTO_6_N101,37.89825299998615,-122.52441728114036,40.69102
ALTTA_BP_LNODEPRT,41.51205899998436,-120.5236838478691,38.04263
ALTTA_BP_LNODETON,41.51205899998436,-120.5238041521309,38.04263
AMERIGAS_1_N001,38.43,-121.79,39.03921
AMESBS_1_N004,37.41751022008469,-122.066192,40.45561
AMESBS_1_N101,37.41742888994297,-122.06613287861066,40.45561
AMESDST_1_N001,37.41742888994297,-122.06625112138934,40.45953
AMFORST_6_N001,38.369191999986,-120.79657754861613,39.34132
ANDERSON_6_N001,40.449838,-122.305068,38.69786
ANGIOLA_6_N001,35.992007,-119.57137,38.69002
ANITA_6_N001,39.811047,-121.919761,39.82
ANNAPOLS_6_N001,38.680315,-123.311782,42.80189
ANTELOPE_6_N001,35.658117,-119.996015,38.10149
ANTLER_6_N001,40.893581,-122.379244,38.94112
APPLEHL_1_N001,38.73992576174639,-120.67700091995808,39.51396
APPLEHL_1_N002,38.73974623814083,-120.67700092024737,39.51396
APPMAT_1_N001,37.359999999986435,-121.97994317305394,40.52623
APPMAT_1_N010,37.359999999986435,-121.98005682694607,40.52623
ARBUCKLE_6_N001,39.017625,-122.061575,39.41587
ARCATA_6_N001,40.867132,-124.088286,41.19716
ARVINED_1_N001,35.15044599998752,-118.87870286987292,38.48207
ARVIN_6_N001,35.15044599998752,-118.87881313012709,38.39575
ASHLAN_2_N001,36.79263892472445,-119.82749,37.7876
ASHLAN_2_N007,36.7925580376235,-119.82743168375806,37.7876
ASHLAN_2_N008,36.7925580376235,-119.82754831624194,37.7876
ASH_6_N001,33.1365697302963,-117.070292,39.29424
ASH_6_N005,33.13648913483958,-117.0702364310647,39.29424
ASH_6_N101,33.13648913483958,-117.07034756893529,39.29424
ASPEN_LNODESPEN,37.69337956,-122.069288,37.08921
ATASCDRO_6_N001,35.465309,-120.671582,39.17654
ATWATER_1_B2,37.35999599998639,-120.6146481730584,38.63901
ATWATER_1_N001,37.35999599998639,-120.6147618269416,38.63901
ATW_SUB_LNODEONB,34.1096541600031,-118.254,38.13287
ATW_SUB_LNODEONC,34.10957291998536,-118.25394335044959,38.13287
ATW_SUB_LNODEOND,34.10957291998536,-118.2540566495504,38.13287
AUBERRY_6_N001,37.06806099998665,-119.495719527536,39.92986
AUBERRY_6_N003,37.06806099998665,-119.495832472464,39.92986
AUBURN_6_N001,38.903397,-121.069921,40.09464
AUGUST_LNODEDR1,37.4182520696912,-120.831252690486,38.74102
AUGUST_LNODEDR3,37.4182452743243,-120.831131410372,38.74102
AUGUST_LNODEDR4,37.4182458785436,-120.830989786937,38.73318
AUGUST_LNODEDR5,37.4182557186304,-120.831363604619,38.74102
AVENA_1_N001,37.842208,-121.054122,40.10641
AVOCADO_6_N001,33.38466699998843,-117.23692330729693,39.53358
AVOCADO_6_N002,33.38466699998843,-117.23703069270306,39.53358
BAFOOD1_6_N001,36.33,-121.16,38.13287
BAHIA_2_N001,38.08095331088854,-122.13739126700075,39.51004
BAHIA_2_N011,38.08077268899996,-122.13739126728416,39.51004
BAILYJ1_1_N010,34.77604,-118.77504,39.57281
BAIR_1_N001,37.496937,-122.214157,40.9539
BAKER_1_N001,35.284771,-116.064256,37.23792
BALFOUR_6_N001,37.92596,-121.678546,39.56889
BANGOR_6_N001,39.388064,-121.402937,38.52131
BANGS_LNODEKGC,37.70469,-121.0418,38.85088
BANNING_1_N001,33.922289,-116.87283,38.29318
BANTA_6_N001,37.7528989999862,-121.35057581075783,39.97301
BARRETT_6_N001,32.667194,-116.700208,39.83251
BARRE_6_N001,33.80900298319592,-117.98332966316445,39.02381
BARRE_6_N002,33.80900298319592,-117.98354633683554,39.02381
BARRE_6_N003,33.80918301670945,-117.9835463370635,39.03166
BARRY_6_N001,39.069323,-121.690208,39.31778
BARTON_1_N001,36.76408490976673,-119.735935,38.08579
BARTON_1_N007,36.76400404510246,-119.73587672164825,38.08579
BARTON_1_N008,36.76400404510246,-119.73599327835174,38.08579
BASALT_6_N002,38.26328599998595,-122.26916657483297,39.37271
BASALT_6_N101,38.26328599998595,-122.26928142516702,39.37271
BATAVIA_6_N001,38.385820999985995,-121.77570654480984,39.18046
BATIQTOS_1_N001,33.1011727252775,-117.250399,39.51788
BATIQTOS_1_N008,33.101092137348985,-117.25034345864424,39.51788
BATIQTOS_1_N015,33.101092137348985,-117.25045454135577,39.51788
BAYMDWS_1_N001,37.55162541726735,-122.29307795256243,40.94213
BAYMDWS_1_N004,37.551444582623034,-122.29307795283914,40.94213
BAYMDWS_1_N008,37.551444582623034,-122.29330604716085,40.94213
BAYMDWS_1_N012,37.55162541726735,-122.29330604743757,40.94213
BAYSHOR1_1_N001,37.74603599998622,-122.40302381566526,41.56205
BAYSHOR2_1_N001,37.74603599998622,-122.40313818433472,41.56205
BAYWOOD_6_N001,35.360177,-120.811564,40.00048
BCN_PP_LNODESS1,35.25680070871138,-118.02736892630813,38.15642
BCN_PP_LNODESS2,35.256766720360744,-118.02726679027704,38.15642
BEARTAP_1_N001,35.38,-119.0,38.48992
BELLEF_7_CN10,39.776083,-122.10383,38.19565
BELLEF_7_CN11,39.77608299994151,-122.10371323062876,38.19565
BELLPGE_1_N001,38.947418999985814,-121.0911283822858,39.7376
BELLPGE_1_N005,38.947418999985814,-121.0912436177142,39.7376
BELLVUE_1_N001,38.379084046922976,-122.712022,39.73368
BELLVUE_1_N003,38.37900297652332,-122.711962292445,39.73368
BELLVUE_1_N005,38.37900297652332,-122.712081707555,39.73368
BELMONT_1_N001,37.52332024549896,-122.264967,41.02452
BELMONT_1_N006,37.52323887723573,-122.26490776711239,41.02452
BELMONT_1_N008,37.52323887723573,-122.26502623288762,41.02452
BELRIDGE_1_N001,35.455722,-119.631903,38.1878
BERESFRD_6_N001,37.565013999986284,-122.31923796388803,40.83619
BERESFRD_6_N002,37.565013999986284,-122.31935203611197,40.83619
BERNARDO_6_N001,33.021575,-117.096228,39.17511
BERNARDO_6_N002,33.021574999954524,-117.09612121988424,39.17511
BERNARDO_6_N009,33.02148546856512,-117.096228,39.17511
BERNARDO_6_N013,33.021574999954524,-117.09633478011577,39.17511
BERNARDO_6_N014,33.0216645314348,-117.096228,39.17511
BERNARDO_LNODEARDO,33.02157451,-117.0962277,37.07744
BERVLLY_6_N001,37.586478,-120.125088,36.30058
BIGBASN_6_N001,37.129545,-122.172132,40.78519
BIGCRK1_7_N001,37.20203293082091,-119.24090286336467,34.637
BIGMDWS_6_N001,40.171215,-121.085128,36.88911
BIGRIVR_6_N001,39.311461,-123.786522,43.54343
BIOLA_6_N001,36.792525,-120.114116,38.1878
BIXLER_6_N001,37.9370142319286,-121.528389,39.7533
BKRSFLD_2_N001,35.388298999987455,-119.0044078374034,38.25058
BKRSFLD_2_N101,35.388298999987455,-119.0045181625966,38.25058
BLLEHVN_6_N001,37.4772652825887,-122.16793304841748,41.33056
BLLEHVN_6_N002,37.477186999945324,-122.16787609695427,41.33056
BLLEHVN_6_N004,37.477108717384,-122.1679330485368,41.33056
BLLEHVN_6_N006,37.477108717384,-122.1680469514632,41.33056
BLLEHVN_6_N007,37.477186999945324,-122.16810390304572,41.33056
BLUELKE_6_N001,40.88014,-123.980584,41.27955
BLUSTNPP_6_N003,38.575523,-121.497588,38.12895
BLYTHESC_1_N005,33.614957,-114.682935,37.42
BNAVSTA_6_N001,36.653344,-121.62946,39.12161
BNAVSTA_6_N002,36.65334399994771,-121.62934811906177,39.12161
BNTACRB_6_N001,37.7528989999862,-121.35069018924217,40.62825
BOGARD_6_N001,40.586552,-121.093959,37.23831
BOGUE_1_N001,39.09613073444745,-121.623771,38.39575
BOGUE_1_N201,39.096050132760894,-121.62371103865068,38.39575
BOLINAS_6_N001,37.941119,-122.707332,39.92593
BOLLMAN_1_N003,38.04,-121.98,39.43941
BOLTHSE_1_N009,35.36215899998747,-118.92362184077258,38.61547
BONITA_6_N001,36.967863,-120.20266,38.32513
BONNIEN_7_N001,39.214314999985774,-120.80917722077704,38.73318
BORDEN_2_N007,36.92227399998671,-119.98422371699712,37.87
BORDER_6_N001,32.56633480869927,-116.944389,39.37232
BORDER_6_N008,32.566254095638485,-116.94433370647506,39.37232
BORONDA_6_N001,36.689983,-121.679239,38.93328
BOSWELL_6_N001,36.085115,-119.552823,38.69002
BOWLES_6_N001,36.605651,-119.773312,38.22312
BRDGVLT_7_N001,40.47956799998481,-123.78034162638289,39.54927
BREEZE_LNODEYT1,35.123880999987534,-118.37403687435777,37.29324
BREEZE_LNODEYT2,35.123880999987534,-118.37414712564222,37.23535
BRENTWOD_2_N001,37.91959423612686,-121.676423,39.12161
BRENTWOD_2_N006,37.91951288192155,-121.67636345967551,39.12161
BRENTWOD_2_N011,37.91951288192155,-121.67648254032449,39.12161
BRGSMR_LNODEGZB,37.66621999998627,-120.97704287657282,38.85481
BRGSMR_LNODETHU,37.66621999998627,-120.97715712342718,38.85481
BRITTN_1_N001,37.37433620668406,-122.015575,40.51839
BRITTN_1_N005,37.37425489664326,-122.01551592726007,40.51839
BRITTN_1_N006,37.37425489664326,-122.01563407273993,40.51839
BRKRSLG_1_N005,38.57552299994369,-121.49747300547165,39.64344
BROCKWAY_LNODE01,39.243063530935196,-120.02634939696748,39.39233
BROCKWAY_LNODE02,39.242884468950564,-120.02634939726258,39.39233
BROCKWAY_LNODE51,39.242884468950564,-120.02658060273741,39.39233
BROCKWAY_LNODE52,39.243063530935196,-120.02658060303253,39.39233
BRRNDAC_6_N001,35.658183,-120.040362,38.10149
BRUNSWCK_1_N003,39.23119771901711,-121.034946,39.29817
BRUNSWCK_1_N008,39.23111714047599,-121.03488594065819,39.29817
BRUNSWCK_1_N101,39.23111714047599,-121.03500605934181,39.06275
BRWNSVY_6_N001,39.226226,-121.422634,37.6032
BUELLTON_1_N001,34.625261999987686,-120.18631205143852,40.54193
BUELLTON_1_N003,34.625261999987686,-120.18642194856149,40.54193
BUENAVS1_7_B1,36.653254242119594,-121.62934811919219,38.23096
BUENAVS1_7_B3,36.65319077379855,-121.6294272308971,38.23096
BUENAVS1_7_B4,36.653175595551595,-121.62953750035395,38.23096
BUENAVS1_7_B5,36.65320668330105,-121.62964245619625,38.23096
BUENAVS1_7_B6,36.653272145363964,-121.6297190021347,38.23096
BUENAVS1_7_B7,36.65335697428145,-121.62975556706088,38.23096
BUENAVS2_7_B1,36.65344659805961,-121.62974945473616,38.21135
BUENAVS2_7_B3,36.653528699704175,-121.62970424026268,38.21135
BUENAVS2_7_B4,36.653594014575496,-121.62962749889522,38.21135
BUENAVS2_7_B5,36.653636508590544,-121.62952895027708,38.21135
BULLARD_1_N001,36.824388,-119.769224,37.98378
BULLARD_1_N004,36.824387999947184,-119.76911168846675,37.98378
BULLARD_1_N005,36.824298097276774,-119.769224,37.98378
BULLARD_1_N006,36.824387999947184,-119.76933631153325,37.98378
BURLNGME_1_N001,37.589627,-122.363434,40.89897
BUTTE_1_N010,39.7118129999855,-121.81325170045862,38.68609
BUTTE_1_N101,39.7118129999855,-121.81336829954137,38.68609
BWILLIAM_LNODEILLW,34.16145330172,-114.38177086852794,37.17161
B_6_N001,32.714377595830264,-117.16944251257752,39.54723
B_6_N003,32.714198404079745,-117.16944251279143,39.54723
B_6_N005,32.714198404079745,-117.16965548720856,39.54723
B_6_N007,32.714377595830264,-117.16965548742249,39.54723
CABRILLO_1_N001,32.70751759908557,-117.24492651689708,40.46738
CABRILLO_6_N001,32.70733840082447,-117.24492651711095,39.71821
CABRILLO_6_N004,32.70733840082447,-117.24513948288904,39.71821
CALAVE_1_N001,36.71900181109094,-119.76554095699167,38.39183
CALAVE_1_N002,36.718822188804005,-119.76554095725366,38.39183
CALAVE_1_N004,36.718822188804005,-119.76576504274634,38.39183
CALCMENT_7_N4,37.37,-120.64,38.23096
CALISTGA_6_N001,38.592664,-122.57862,41.36587
CALLENDR_1_N001,35.04,-120.6,41.55028
CALPELLA_1_N001,39.197538,-123.192135,40.73418
CALSUB_LNODEET,39.521219,-120.008761,38.3212
CAMDEN_6_N001,36.446258999987045,-119.79904229562648,38.92935
CAMDEN_6_N002,36.446258999987045,-119.79915370437352,38.92935
CAMERON_6_N001,32.65324599998863,-116.48807277404411,278.41
CAMINO_2_N001,34.83,-114.99,37.36386
CAMPHORA_6_N001,36.46829799998704,-121.39017127220814,39.50611
CAMPHORA_6_N003,36.46829799998704,-121.39028272779186,39.50611
CANAL_6_N001,37.066368999986636,-120.8354215297125,39.14122
CANAL_6_N006,37.066368999986636,-120.8355344702875,39.14122
CANBY_BP_LNODEACW,41.444925999984385,-120.88087787131334,38.10541
CANBY_BP_LNODEVEC,41.444925999984385,-120.88099812868666,38.10541
CAN_SUB_LNODEONA,34.18955419166312,-118.592,38.16426
CAN_SUB_LNODEONB,34.189472904155366,-118.59194326369176,38.15249
CAN_SUB_LNODEONC,34.189472904155366,-118.59205673630824,38.15249
CAPAY_6_N001,39.775993256822886,-122.10383,38.88227
CARBONA_6_N003,37.69218399998622,-121.41818185598439,40.36537
CARBONA_6_N101,37.69218399998622,-121.4182961440156,40.36537
CARLOTTA_6_N001,40.541122999984744,-124.06382054930958,40.0044
CARLOTTA_6_N003,40.541122999984744,-124.06393945069041,40.0044
CARLTNHS_1_N001,32.85503754591703,-117.01185140348343,39.00578
CARLTNHS_1_N004,32.85485845399255,-117.01185140369861,39.00578
CARNATIO_6_N001,35.311332,-119.083574,38.82342
CARNERAS_6_N001,35.541055,-119.805238,38.02302
CAROLNDS_6_N001,37.55291899998627,-122.37633097506193,41.04806
CAROLNDS_6_N002,37.55291899998627,-122.37644502493806,41.04806
CARQUINZ_1_N001,38.09103799998602,-122.24848662968667,40.21627
CARQUINZ_1_N002,38.09103799998602,-122.24860137031332,40.21627
CARRIZO_1_N001,35.3805629695311,-120.040252,38.28589
CARRIZO_LNODEHILL,35.38048201522088,-120.04019467441788,37.31286
CARRIZO_LNODEZOT1,35.38048201522088,-120.04030932558213,37.0539
CARTWRT_1_N001,37.78999999998617,-122.24994278512781,40.07895
CARTWRT_1_N010,37.78999999998617,-122.25005721487219,40.07895
CARUTHRS_6_N001,36.531554,-119.882758,37.85038
CAR_SM_LNODENE1,38.642773175556165,-121.3294330286556,38.87442
CAR_SM_LNODENE2,38.64259349099788,-121.32943302894401,38.87442
CAR_SM_LNODENE3,38.64259349099788,-121.329663082168,38.87442
CAR_SM_LNODENE4,38.642773175556165,-121.3296630824564,38.87442
CASTLE_LNODEDR1,37.36195490350885,-120.56264978595905,38.70571
CASTLE_LNODEDR2,37.36187666885442,-120.5625929569803,38.70571
CASTLE_LNODEDR3,37.36179843428164,-120.56264978607754,38.69786
CASTLE_LNODEDR4,37.36179843428164,-120.56276344403506,38.69786
CASTLE_LNODEDR5,37.36187666885442,-120.5628202731323,38.70571
CASTLE_LNODEDR6,37.36195490350885,-120.56276344415355,38.70571
CASTROVL_2_N001,37.69127699998625,-122.06100285669102,39.94163
CASTROVL_2_N003,37.69127699998625,-122.06111714330898,39.94163
CASTROVL_2_N006,36.76278384840137,-121.73625384648868,39.94163
CAS_LA_LNODESMW,34.587237,-118.656638,38.16034
CAS_PP_LNODE1AUX,34.58734037344726,-118.65692220263387,38.16034
CAS_PP_LNODE2AUX,34.58742309555189,-118.65687780855163,38.15642
CAS_PP_LNODE3AUX,34.587488904018386,-118.65680245963806,38.15642
CAS_PP_LNODE4AUX,34.58753171916694,-118.65670569917606,38.15642
CAS_PP_LNODE5AUX,34.58754852361777,-118.65659776098718,38.16034
CAS_PP_LNODE6AUX,34.58753896054594,-118.65648852558515,38.15642
CATALYST_7_N001,37.33647699998642,-121.87909619952335,40.59686
CATLETT_6_N001,38.808811,-121.516115,39.04314
CAWELOB_6_N001,35.57097799998741,-119.11546380934058,38.59193
CAWELOC_1_N001,35.57097799998741,-119.11557419065942,38.50561
CAYUCOS_6_N001,35.44865399998744,-120.8703058292383,40.04756
CAYUCOS_6_N006,35.44865399998744,-120.8704161707617,40.04756
CCOSTA_2_N001,37.998693,-121.783314,39.07452
CCSUB_1_N001,38.03,-121.75,39.10199
CCSUB_2_N001,38.01999999998606,-121.75994265860079,39.08629
CCSUB_2_N010,38.01999999998606,-121.7600573413992,39.08629
CEDRCRK_6_N101,40.79116899998464,-121.93795172476342,35.21376
CENTERS_6_N001,33.928884073837764,-118.105463,38.90001
CENTERS_6_N200,33.9288029630683,-118.10551943910147,38.90001
CEN_SUB_LNODEONB,33.948054083699034,-118.255,38.12503
CEN_SUB_LNODEONC,33.94797295813763,-118.25494353789466,38.12503
CEN_SUB_LNODEOND,33.94797295813763,-118.25505646210534,38.12503
CERES_LNODEDR1,37.6088562120824,-120.956729570412,38.6704
CERES_LNODEDR3,37.6089710504,-120.956595705015,38.6704
CERES_LNODEDR4,37.6089019185376,-120.956592000755,38.6704
CERES_LNODEDR5,37.6087606610128,-120.956712881849,38.6704
CERES_LNODEDR7,37.6089324750351,-120.956712057352,38.6704
CERES_LNODEDR8,37.6090011903052,-120.956714357349,38.6704
CERTTEED_1_N001,37.059999999986665,-120.07994353791257,37.96024
CERTTEED_1_N002,37.059999999986665,-120.08005646208743,37.96024
CHALLNGE_6_N001,39.48543,-121.220509,38.39575
CHANNEL_6_N001,37.95526599998612,-121.33242068885451,38.74495
CHARKA_1_N001,35.608038,-119.325523,38.34475
CHCARITA_1_N001,32.9600895309367,-117.08989329478639,39.11006
CHCARITA_1_N004,32.95991046897258,-117.08989329500262,39.11006
CHCARITA_1_N008,32.95991046897258,-117.09010670499737,39.11006
CHC_LNODE31A,38.95999999998579,-120.89994237638588,37.04213
CHC_LNODE33A,38.95999999998579,-120.90005762361412,37.04213
CHEROKEE_6_N001,38.005513,-121.237769,39.2707
CHESTER_6_N001,40.304405,-121.224282,37.76406
CHICOA_6_N001,39.71879299998543,-121.82096169136352,38.70179
CHICOA_6_N010,39.71879299998543,-121.82107830863647,38.70179
CHICOB_1_N001,39.725493999985424,-121.84718768259572,38.47815
CHICOB_1_N002,39.725493999985424,-121.84730431740428,38.47815
CHINO_6_N007,33.998301818402325,-117.67886922357054,38.73211
CHINO_6_N008,33.998301818402325,-117.67908677642946,38.73211
CHLDHOSP_1_N001,36.87,-119.81,37.88962
CHOLLAS_6_N001,32.744058749573895,-117.046316,39.57748
CHOLLAS_6_N008,32.743978125200904,-117.04626065732346,39.57748
CHOLLAS_6_N009,32.743978125200904,-117.04637134267654,39.57748
CHSTN_1_N001,38.09,-120.3,38.85481
CHWCHLLA_1_N001,37.12073295026913,-120.25055224215674,37.91316
CHWCHLLA_1_N002,37.12073295026913,-120.25066975784326,37.91316
CIG_SM_LNODESS,38.44525,-121.461543055556,38.90974
CIMA_2_N101,35.2691,-115.49292,37.63523
CITYUKH_1_B1,39.14300254479826,-123.19181754359136,40.68317
CLAIRMNT_6_N008,32.825996732119705,-117.184096,39.69973
CLAMMNA_1_N001,37.807826,-121.276142,39.85923
CLARIBEL_LNODEGFP,37.71028,-120.9688,38.86265
CLARKRD_7_N001,39.6546447946953,-121.635292,37.76014
CLARMNT_1_N001,32.82591613392796,-117.18404062431202,39.88277
CLAUS_LNODEKSN,37.639389999986214,-120.91954289863075,38.85481
CLAUS_LNODESME,37.639389999986214,-120.91965710136925,38.85481
CLAYTN_1_N001,38.34245511038229,-120.93484110965764,39.09807
CLAYTN_1_N004,37.943825,-121.969415,39.09807
CLAYTN_1_N029,38.3422748895056,-120.93484110994348,39.09807
CLAYTN_1_N030,38.3422748895056,-120.93507089005652,39.09807
CLAY_6_N001,38.34245511038229,-120.93507089034236,39.06668
CLERLKE_6_N001,39.007954999985856,-122.89377935245265,40.74988
CLERLKE_6_N012,39.007954999985856,-122.89389464754734,40.74988
CLMBAHL_6_N001,39.331874,-121.101368,41.49142
CLOUGH_LNODEIYF,37.62761111,-120.9751667,38.84696
CLOUGH_LNODEYBR,37.62761110994497,-120.97505251712948,38.84696
CLOVIS_1_N001,36.826043942491545,-119.681281,38.23096
CLOVIS_1_N004,36.825963028740034,-119.68122263908639,38.19173
CLOVIS_1_N101,36.825963028740034,-119.68133936091361,38.23096
CLOVRDLE_1_N001,38.795757,-123.011412,39.5375
CLRKSVLE_1_N001,38.655559898770534,-121.060175,39.54143
CLRKSVLE_1_N003,38.655479050599546,-121.06011522698469,39.54143
CLRKSVLE_1_N004,38.655479050599546,-121.0602347730153,39.54143
CLSAJCT_6_N001,39.190857,-121.990506,39.09807
CLWTER_2_N003,35.39850993300358,-118.93957167203409,40.62432
CMPEVRS_1_N001,37.041635999986624,-122.02530956161661,40.09857
CMPEVRS_1_N002,37.041635999986624,-122.02542243838339,40.09857
CNTRYCB_6_N001,37.97966036733168,-121.31639835392943,39.66698
CNTRYCB_6_N002,37.979479632557,-121.31639835421177,39.66698
CNTRYCB_6_N004,37.979479632557,-121.31662764578823,39.66698
CNTRYCB_6_N006,37.97966036733168,-121.31662764607057,39.66698
COLLEG_LNODEDR1,37.6091056801805,-120.992876143573,38.74102
COLLEG_LNODEDR2,37.6091096218649,-120.992789582042,38.74102
COLLEG_LNODEDR5,37.6090266914486,-120.992698116343,38.74102
COLLEG_LNODER15,37.6090419641747,-120.993034819943,38.74102
COLNGA1_6_N001,36.13602399998719,-120.34444457141348,38.49384
COLNGA1_6_N002,36.13602399998719,-120.34455542858652,38.49384
COLNGA2_6_N001,36.236577,-120.315114,38.34867
COLONY_6_N001,38.190132,-121.181632,39.79253
COLUMBUS_1_N001,35.398330066896115,-118.93957167228022,38.50169
COLUMBUS_1_N003,35.398330066896115,-118.93979232771979,38.50169
COLUMBUS_1_N005,35.39850993300358,-118.9397923279659,38.50169
COLUSA_6_N001,39.213610999985775,-122.00296022131043,39.18046
COLUSA_6_N004,39.213610999985775,-122.00307577868956,39.18046
COLWATER_1_N001,34.86012489309556,-116.85312978164612,37.00682
COLWATER_1_N002,34.86012489309556,-116.85324421835388,37.00682
COMMONS_LNODEDR1,37.6091045275098,-120.992962913259,38.77241
COMMONS_LNODEDR3,37.5166183000533,-120.867554724081,38.78026
COMMONS_LNODEDR4,37.516699044633,-120.867555122205,38.77241
COMMONS_LNODEDR5,37.5164895041446,-120.867550987033,38.78026
COMMONS_LNODEDR7,37.5165532160667,-120.867553025577,38.78026
COMMONS_LNODEDR8,37.5008689404211,-120.913270146673,38.77241
CONCHO_1_N002,33.785845,-116.342689,38.30344
CONTADNA_1_N001,36.29,-119.71,38.24273
CONTROLX_1_N001,37.342839,-118.471988,0.0363
CONTROL_7_N001,37.34291722503321,-118.47193119226046,2.71292
COOPER_LNODEDR1,37.3189566034476,-120.5119493179366,38.69002
COOPER_LNODEDR2,37.31895660339336,-120.51183575699493,38.69002
COOPER_LNODEDR3,37.318866291449055,-120.51183575713138,38.69002
COOPER_LNODEDR4,37.318802431310424,-120.51191605677509,38.69002
COOPER_LNODEDR5,37.318787159360575,-120.51202798203006,38.69002
COOPER_LNODEDR6,37.31881843902539,-120.51213451388375,38.69002
COOPER_LNODEDR7,37.318884305211256,-120.51221220923813,38.69002
COOPER_LNODEDR8,37.318969657813994,-120.51224932323211,38.70963
COOPER_LNODEDR9,37.31905983488123,-120.51224311913526,38.70963
COOPER_LNODER14,37.31914244338007,-120.5121972257278,38.72925
COOPER_LNODER15,37.31920816147405,-120.51211933201114,38.72925
COOPER_LNODER16,37.31925091782716,-120.51201930357878,38.72925
COOPER_LNODER17,37.31926769919903,-120.51190771989396,38.72925
COPUS_6_N001,35.093593,-119.278466,38.7371
CORCORAN_1_N001,36.10957699998725,-119.55797958991954,38.59193
CORCORAN_1_N005,36.10957699998725,-119.55809041008045,38.59193
CORDELIA_6_N001,38.216066,-122.112082,39.35702
CORDPMP_6_N003,38.575433098781254,-121.497588,39.4198
CORNING_6_N004,39.93198099998522,-122.18732639815484,39.7376
CORNING_6_N006,39.93198099998522,-122.18744360184516,39.7376
CORONADO_6_N001,32.698823762005226,-117.173249,39.56684
CORONADO_6_N002,32.69874311898509,-117.17319367259638,39.56684
CORONA_1_N001,32.69874311898509,-117.17330432740361,39.42764
CORRAL_6_N001,38.1014979999861,-120.92635462577833,39.25893
CORRAL_6_N003,38.1014979999861,-120.92646937422167,39.25893
CORSGOLD_1_N001,37.22751499998653,-119.69108432761332,38.14465
CORSGOLD_1_N003,37.22751499998653,-119.69119767238668,38.14465
CORTEZ_LNODEDR1,37.5005587104299,-120.913235680039,38.71748
CORTEZ_LNODEDR3,37.5007571927422,-120.913267914805,38.71748
CORTEZ_LNODEDR5,37.5006522266335,-120.913263660994,38.71748
CORTEZ_LNODEDR6,37.5008124927682,-120.913424010622,38.71748
CORTEZ_LNODEDR7,37.5007095209272,-120.913352769965,38.71748
CORTINA_1_N106,39.121407,-122.224176,38.77634
COR_LNODENE1,38.55393333331922,-121.20798139654603,38.89796
COR_LNODENE3,38.55393333331922,-121.20809638123197,38.89796
COTATI_6_N101,38.30970399998603,-122.73153156284509,41.53458
COTATI_6_N102,38.30970399998603,-122.73164643715491,41.53458
COTTLEA_2_N001,37.772676259234935,-120.825545,38.91758
COTTLE_7_N001,37.77259487036768,-120.82548555286246,38.92151
COTWDPGE_1_N001,34.38040399998781,-116.87675022716886,38.45853
COVELO6_6_N001,39.78628299998532,-123.24850460152904,44.15551
CPLECEF_1_N001,37.25999999998651,-121.63994328855216,40.6047
CPLECEF_1_N005,37.25999999998651,-121.64005671144784,40.6047
CPP_LNODESS1,38.3383555554995,-121.12458988828622,38.90581
CPP_LNODESS2,38.33844566948052,-121.124475,38.90581
CRABTREE_LNODENK1,37.64506,-120.60683,38.85873
CRCANAL_6_N001,40.1384740349693,-122.208547,40.40068
CREELMAN_6_N001,33.01815871873613,-116.853026,40.08475
CREELMAN_6_N004,33.01807814061963,-116.85297051775382,40.08475
CREELMAN_6_N014,33.01807814061963,-116.85308148224618,40.08867
CRESSEY_1_N001,37.42852799998634,-120.6386900986629,38.68609
CRESTWD_6_N001,32.699023999988746,-116.35373376108788,39.74619
CROWLNDG_LNODEDR1,37.4627004272953,-120.740076630976,38.67825
CROWLNDG_LNODEDR3,37.462786962981,-120.740080933369,38.67432
CROWLNDG_LNODEDR4,37.462613876709,-120.740078364387,38.67432
CROWLNDG_LNODEDR5,37.4625421344261,-120.740074305354,38.67432
CROWLNDG_LNODEDR7,37.4627827502437,-120.740270351347,38.67825
CRUSHER_6_N001,37.021645,-122.154383,40.94213
CRWSLDG_6_N001,37.377307,-121.085672,40.23589
CRYSTLSG_6_N001,37.528913,-122.361067,40.84404
CSG_LNODESS,38.51068967879612,-121.47509029333828,38.91366
CSTRVLLE_1_N001,36.762604151493385,-121.73625384675147,38.43499
CURTIS1_7_N001,37.974949221777045,-120.320668,38.94112
CURTISS_1_N101,37.974867889096444,-120.32072756943327,38.93328
CYMRIC_1_N001,35.31,-119.63,38.09364
DAIRYLND_1_N001,37.055221,-120.317015,37.88962
DALYCTY_1_N001,37.69180126214444,-122.455704,41.73468
DALYCTY_1_N005,37.69171986891291,-122.45564461457239,41.73468
DANISHCM_1_N001,36.71900181109094,-119.76576504300833,38.38398
DAVIS_1_N001,39.06008956957949,-121.70988464738468,39.71014
DAVIS_1_N007,39.05991043030674,-121.70988464767737,39.71014
DAVIS_1_N012,39.05991043030674,-121.71011535232263,39.71014
DECPTSG_2_N001,38.05999999998602,-121.86994264179833,39.03529
DECPTSG_2_N018,38.05999999998602,-121.87005735820168,39.03529
DEEPWATR_1_N101,38.55162999998592,-121.56020750817653,39.65521
DEEPWATR_1_N104,38.55162999998592,-121.56032249182347,39.65521
DELAMO_2_N001,33.84836303124857,-118.096994,39.06976
DELAMO_2_N014,33.84828198436281,-118.09693765855927,39.06976
DELAMO_2_N022,33.84828198436281,-118.09705034144073,39.06976
DELMAR_6_N001,38.7988788301003,-121.220655,39.75414
DELMAR_6_N001A,38.798798084934575,-121.22059518327069,39.36879
DELMAR_6_N005,38.798798084934575,-121.22071481672931,39.36879
DELMAR_6_N010,32.980789999988666,-117.25535963525417,39.75414
DELMAR_6_N011,32.980789999988666,-117.25546636474583,39.75414
DELMNTE_1_N010,36.599053999987,-121.8539621246086,38.95682
DELMNTE_1_N201,36.599053999987,-121.85407387539139,38.95682
DESCANSO_6_N001,32.86524,-116.633752,39.85605
DEVLDNPP_6_N003,35.774930999987355,-119.97393475743563,38.08972
DEVLSDN_6_N001,35.774930999987355,-119.97404524256437,38.08579
DFS_1_N001,36.72,-120.6,38.00732
DIABLO1_7_N001,35.215922999950024,-120.84743471985068,37.35209
DIABLO2_7_N001,35.215922999950024,-120.84765528014933,37.36386
DIABLOCN_2_N001,35.21601309719158,-120.847545,38.85088
DINUBAE_7_N001,36.56893330486095,-119.41841731957626,38.56054
DINUBA_6_N001,36.56893330486095,-119.41864068042374,38.6037
DINUBA_6_N005,36.56911269503489,-119.41864068068313,38.6037
DIRYVLLE_6_N001,40.12799,-122.097838,40.01225
DIVISION_6_N001,32.6815959999886,-117.12003376624276,39.48445
DIVISION_6_N009,32.6815959999886,-117.12014023375725,39.48445
DIXON-J1_6_N101,38.44545401121386,-121.826237,39.28247
DIXONLD_1_N001,37.457825231051295,-121.921353,40.65963
DIXONLD_1_N002,37.457743884459624,-121.92129383478914,40.65963
DIXONLD_1_N008,37.457743884459624,-121.92141216521087,40.65963
DIXON_6_B1,38.445372994377905,-121.8261772770627,39.28247
DIXON_6_N002,38.445372994377905,-121.8262967229373,39.28247
DMNDSPR_1_N001,38.69304699998593,-120.82566347343,39.53358
DMNDSPR_1_N003,38.69304699998593,-120.82577852656999,39.53358
DOBBINS_6_N001,39.339604,-121.197378,38.39575
DOLANRD_1_N001,36.800296,-121.769123,38.39575
DOMTAR_1_N001,38.13,-121.65,39.10591
DONNER_LNODE07,39.327305,-120.281812,39.94555
DONPEDRO_LNODENSS,37.6962503274167,-120.4206077500803,38.61939
DOSPALS_6_N001,36.97484,-120.635012,38.23881
DUKMOSS1_7_N001,36.85999999998676,-121.76005620188538,38.10149
DUKMOSS2_7_N001,36.84999999994714,-121.75988762218331,38.10149
DUKMOSS3_7_N001,36.84999999994714,-121.76011237781668,38.10149
DUKMOSS3_7_N002,36.85008992566386,-121.76,38.10149
DUKMOSS4_7_N001,36.84999999994714,-121.71988762218332,38.10541
DUKMOSS5_7_N001,36.83999999998681,-121.72005617595099,38.10541
DUKMOSS6_7_N001,36.84999999994714,-121.72011237781669,38.10541
DUKMOSS6_7_N002,36.85008992566386,-121.72,38.10541
DUMBARTN_1_N001,37.557155251259346,-122.057606,40.72633
DUMBARTN_1_N003,37.55707387435557,-122.05754673393427,40.72633
DUMBARTN_1_N011,37.55707387435557,-122.05766526606573,40.72633
DUNBAR_6_N001,38.38322299998598,-122.52777754540057,39.89847
DUNBAR_6_N002,38.38322299998598,-122.52789245459942,39.89847
DUNHILL_6_N001,32.901543,-117.229958,39.6709
DUNLAP_6_N001,36.64502999998689,-119.15909106962141,38.70963
DUNNIGAN_6_N001,38.924808,-121.989951,40.37322
DUNNSIDE_1_N001,35.03321,-116.467335,37.13237
EAGLEMTN_2_N001,33.82005401596653,-115.44,37.65347
EAGLEMTN_2_N002,33.8199729920039,-115.43994369314599,37.65347
EAGLROCK_2_N001,38.8293359999859,-122.81077743066047,38.46638
EAGLROCK_2_N012,38.8293359999859,-122.81089256933953,38.46638
EASTGATE_6_N101,32.88493613808494,-117.20083859603457,39.67061
EASTGATE_6_N201,32.88493613808494,-117.20094940396542,39.67061
EBMUDGRY_1_N001,37.93,-122.04,39.39233
ECY_LNODE101,38.55445658675582,-121.43093112608555,38.88619
ECY_LNODE102,38.55427674646514,-121.4309311263732,38.88619
ECY_LNODE103,38.55427674646514,-121.43116109584881,38.88619
ECY_LNODE104,38.55445658675582,-121.43116109613645,38.88619
EDENVALE_1_N001,37.24503626216962,-121.7958386130011,39.61205
EDENVALE_1_N004,37.24485573772219,-121.79583861327271,39.61205
EDENVALE_1_N006,37.24485573772219,-121.79606538672729,39.61205
EDENVALE_1_N008,37.24503626216962,-121.7960653869989,39.61205
EDES_1_N001,37.738786999986225,-122.19371982090533,41.05983
EDES_1_N003,37.738786999986225,-122.19383417909467,41.10692
EDMON1AP_7_N001,34.986313,-118.738787,36.92442
EDMON2AP_7_N001,34.986312999950265,-118.73867680688261,36.92442
EDMON3AP_7_N001,34.98622271993701,-118.73867680700413,36.92442
EDMON3AP_7_N002,34.98615888237297,-118.73875472524391,36.92442
EDMON4AP_7_N001,34.98614361582445,-118.738863331203,36.92442
EDMON4AP_7_N002,34.98617488443967,-118.73896670370384,36.92442
EDMON5AP_7_N001,34.98624072734969,-118.73904209487607,36.92442
EDMON5AP_7_N002,34.986326049781965,-118.73907810817316,36.92442
EDMON6AP_7_N001,34.986416194964555,-118.73907208804029,36.92442
EDMON6AP_7_N002,34.98649877424742,-118.73902755565565,36.92442
EDMON7AP_7_N001,34.98656446909455,-118.73895197200041,36.92442
EDMON7AP_7_N002,34.98660721032227,-118.7388549100885,36.92442
EDMON8AP_7_N001,34.98662398575978,-118.738746635625,36.92442
EDMON8AP_7_N002,34.986614439197844,-118.738637059907,36.92442
EDWARDS_1_N001,34.991871,-117.890005,38.41145
EELRIVR_6_N001,40.602658,-124.210199,40.31044
EIGHTMI_2_N017,38.058077,-121.375292,39.45118
EISENHOW_1_N001,33.830599,-116.497612,38.50672
EISEN_6_N001,35.35714,-118.97131,38.42714
ELCAJNGT_7_N001,32.795346131065216,-116.97233863745876,40.24056
ELCAJNGT_7_N004,32.795346131065216,-116.97244936254124,40.28372
ELCAPTN_1_N001,37.335801999986415,-120.50517320028958,38.54877
ELCAPTN_1_N004,37.335801999986415,-120.50528679971042,38.54877
ELCAPTN_1_N005,37.365512,-120.578993,38.54877
ELCRRTO_1_N001,37.91620499998609,-122.30313670905946,39.78468
ELCRRTO_1_N023,37.91620499998609,-122.30325129094054,39.78468
ELKCREEK_6_N001,39.12957472883464,-123.711777,40.22412
ELKHIL1G_7_N001,35.22604999998747,-119.37772885850012,37.94847
ELKHIL2G_7_N001,35.22604999998747,-119.37783914149988,37.94847
ELK_6_N001,39.1294941355673,-123.71183698354646,43.12754
ELK_SM_LNODENE2,38.37273738362879,-121.354256944444,38.90581
ELK_SM_LNODENE7,38.372656308170484,-121.35419723840097,38.90974
ELK_SM_LNODENE8,38.372656308170484,-121.35431665048702,38.90974
ELLIOTT_6_N001,32.81585999998874,-117.08840071898302,39.28435
ELLIOTT_6_N004,32.81585999998874,-117.08850728101697,39.28435
ELLIS_6_N001,37.716505,-121.548766,39.33348
ELLIS_6_N105,33.685126,-117.943596,39.33348
ELLSGTY_1_N001,33.685294,-117.943088,39.1373
ELNIDO_1_N004,37.12061299998659,-120.47270746040512,38.30159
ELNIDO_2_N001,37.12061299998659,-120.47282053959488,39.25893
ELNIDO_2_N012,33.89624399998809,-118.37271472929694,39.25893
ELNIDO_7_N001,33.89624399998809,-118.37282327070305,38.30159
ELPATIO_1_N001,37.29223717683988,-121.935913,40.63609
ELPATIO_1_N006,37.29215591156547,-121.93585402427247,40.63609
ELPATIO_1_N015,37.29215591156547,-121.93597197572753,40.63609
ELV_LNODENE1,38.71426666661026,-121.47683299057677,38.85481
ELV_LNODENE2,38.71418891290697,-121.47689052312896,38.85481
ELV_LNODENE3,38.71418891290697,-121.47700558798303,38.85481
ELV_LNODENE4,38.71426666661026,-121.47706312053523,38.85481
ELV_LNODENE5,38.71434442039811,-121.4770055881082,38.85481
ELV_LNODENE6,38.71434442039811,-121.4768905230038,38.85873
EMBRCDR_2_N001,37.780090430972514,-122.37988558363396,41.45219
EMBRCDR_2_N008,37.77990956891692,-122.37988558391392,41.45219
EMBRCDR_2_N101,37.77990956891692,-122.38011441608609,41.45219
EMBRCDR_2_N104,37.780090430972514,-122.38011441636604,41.45219
EMRLDLE_6_N001,37.462178,-122.277933,40.77734
EMRYSVE_1_N001,39.163430999985756,-121.56151425780503,38.56839
EMRYSVE_1_N003,39.163430999985756,-121.56162974219497,38.56839
ENCINAL_6_N001,39.247383,-121.637248,38.98428
ENCINA_1_N001,33.13699513479889,-117.33531843066032,39.48257
ENCINA_1_N049,33.13699513479889,-117.33542956933968,39.48257
ENCNITAS_6_N001,33.05068472041646,-117.285325,39.81299
ENCNITAS_6_N004,33.05060413977941,-117.28526949553299,39.81299
ENCNITAS_6_N011,33.05060413977941,-117.285380504467,39.81299
ENSLEN_LNODEHKQ,37.65224426097517,-121.0013,38.85481
ENSLEN_LNODELOU,37.65216286949752,-121.00124064749899,38.85481
ENSLEN_LNODEWFN,37.65216286949752,-121.00135935250101,38.85481
ERTA_6_N001,36.930594,-121.763827,39.62774
ESCNDIDO_6_N001,33.12543545233769,-117.116857,39.29424
ESCNDIDO_6_N046,33.12552499995441,-117.11696392572938,39.29424
ESCNDIDO_6_N053,33.12561454766245,-117.116857,39.29424
ESCO_6_N001,33.115770727187964,-117.089119,39.34525
ESCO_6_N004,33.11569013639368,-117.08906344744015,39.34525
ESQUON_6_N001,39.607876,-121.768445,38.72533
ESTGRND_1_N001,37.653951261060854,-122.403031,41.59736
ESTGRND_1_N005,37.65386986945481,-122.402971646041,41.59736
ESTGRND_1_N009,37.65386986945481,-122.403090353959,41.59736
ESTPRTL_1_N001,37.876677,-122.186415,39.71406
ESTQNCY_6_N001,39.938128,-120.910322,35.59042
ETIWANDA_6_N001,34.0883812512724,-117.5255740237224,38.54304
ETIWANDA_6_N003,34.08814499998799,-117.52552751207779,38.54696
EUREKAA_6_N001,40.793883999984665,-124.18290627263764,40.92251
EUREKA_6_N001,40.793883999984665,-124.18302572736236,40.91859
EVRGREEN_1_N001,37.303338999986465,-121.8408102375639,40.43207
EVRGREEN_1_N019,37.303338999986465,-121.84092376243609,40.43207
EXXONBH_7_N001,38.08095331088854,-122.13762073299924,39.52573
FAIRGRND_LNODEDR1,37.5006945896515,-120.867048786933,38.75279
FAIRGRND_LNODEDR3,37.5005735349484,-120.866718665766,38.75279
FAIRGRND_LNODEDR4,37.5005721589657,-120.866803820595,38.75279
FAIRGRND_LNODEDR5,37.5005181954718,-120.867051337755,38.75279
FAIRGRND_LNODEDR7,37.5005718981617,-120.866887330714,38.75279
FAIRGRND_LNODEDR8,37.5005716373084,-120.866970837622,38.75279
FAIRHAVN_6_N001,40.80028,-124.195714,41.01668
FAIRWAY_1_N001,34.91059499998762,-120.44635292480474,40.2712
FAIRWAY_1_N002,34.91059499998762,-120.44646307519525,40.2712
FAMOSO_1_N001,35.60500099998741,-119.20248280260235,38.46245
FARREL_1_N001,33.85654399998807,-116.49686777574072,38.36155
FARREL_1_N002,33.85654399998807,-116.49697622425927,38.36155
FAR_SUB_LNODEONA,34.03809021316632,-118.37089113436087,38.14072
FAR_SUB_LNODEONB,34.0379097867377,-118.37089113459244,38.14072
FAR_SUB_LNODEONC,34.0379097867377,-118.37110886540755,38.14072
FAR_SUB_LNODEOND,34.03809021316632,-118.37110886563912,38.14072
FELICITA_6_N001,33.093263724336374,-117.073637,39.31386
FELICITA_6_N005,33.09318313781945,-117.07358146461416,39.31386
FELICITA_6_N009,33.09318313781945,-117.07369253538583,39.31386
FELLOWSG_7_N001,35.195188999987465,-119.58505586292793,38.16034
FIGARDN_2_N001,36.8220309999868,-119.85852484727552,37.78368
FIGARDN_2_N101,36.8220309999868,-119.85863715272448,37.7876
FINNEY_LNODESNV,37.627520677678156,-120.9751667,38.85481
FIREBAGH_6_N001,36.850688,-120.466577,38.6704
FIREHOUS_LNODEBUSH,34.8569,-114.6245,37.19907
FIY_LNODE0LD,38.762778,-121.356944,38.85873
FLINT_1_N001,38.88530299998586,-121.06669540924167,39.7533
FMC_1_N001,37.347699999986396,-121.92219018683774,40.73026
FMC_1_N003,37.347699999986396,-121.92230381316226,40.73026
FOOTHILL_1_N001,35.27,-120.7,39.09414
FORSTHL_6_N001,39.01927,-120.830271,160.0
FORTORD_6_N001,36.643363,-121.792138,39.12945
FORTRSS_6_N001,38.539559,-123.223713,42.11134
FOSTERW_7_N001,38.02007534657929,-122.06127131707333,39.24716
FRANKLIN_6_N003,38.012317,-122.264655,40.20058
FRA_SM_LNODENE1,38.38101134187077,-121.4768906014164,38.91366
FRA_SM_LNODENE2,38.380933333277234,-121.47683314740071,38.91366
FRA_SM_LNODENE3,38.38085532476781,-121.47689060154032,38.91366
FRA_SM_LNODENE4,38.38085532476781,-121.47700550957168,38.91366
FRA_SM_LNODENE5,38.380933333277234,-121.47706296371129,38.91366
FRA_SM_LNODENE6,38.38101134187077,-121.4770055096956,38.91366
FREDONIA_LNODELD,34.1733,-114.574,37.09314
FREMNT_1_N001,37.54118124868743,-121.962063,40.45561
FREMNT_1_N007,37.54109987564155,-121.96200374944321,40.45561
FREMNT_1_N013,37.54109987564155,-121.96212225055679,40.45561
FRIARS_1_N001,32.77904499998872,-117.15675673371696,39.29054
FRIARS_1_N009,32.77904499998872,-117.15686326628304,39.29054
FRNCHGLH_6_N001,40.68692,-122.641204,39.07845
FROGTOWN_7_N001,38.056504,-120.53381,39.21185
FRTSWRD_6_N001,40.21377199998503,-123.59658599020719,41.60521
FRUITLND_6_N001,40.28584,-123.837372,41.21285
FRUITVLE_6_N001,35.376774999987504,-119.0924868388967,38.35259
FRUITVLE_6_N101,35.376774999987504,-119.09259716110328,38.35259
FSTREET_LNODEDR1,37.4895796064313,-120.838424090027,38.74887
FSTREET_LNODEDR3,37.4896984214952,-120.838270217479,38.74887
FSTREET_LNODEDR4,37.4896152090171,-120.838173674241,38.74887
FSTREET_LNODEDR5,37.4894938869083,-120.83833925837,38.74887
FTCHMTN_6_N001,38.60608399998592,-122.85282549557644,40.38499
FTCHMTN_6_N003,38.60608399998592,-122.85294050442356,40.38499
FTL_LNODENE1,38.69308721315885,-121.348651111111,38.86658
FTL_LNODENE2,38.693006393405355,-121.34859132777218,38.86658
FTL_LNODENE3,38.693006393405355,-121.34871089444981,38.86658
FULTON_2_N010,38.49657200829278,-122.75943026543568,39.2707
FULTON_2_N049,38.49657200829278,-122.75954973456432,39.2707
F_6_N001,32.75497274686537,-117.126027,39.51418
F_6_N002,32.75489212655523,-117.12597165333155,39.51418
F_6_N005,32.75489212655523,-117.12608234666845,39.51418
GABILAN_6_N001,36.731511,-121.61325,38.93328
GALE_1_N001,34.85946599998758,-116.86535894183864,37.01467
GANSNER_6_N101,39.939187,-120.948157,37.31678
GANSO_1_N001,35.501698,-119.449132,38.09756
GARCIA_6_N001,38.88879,-123.550318,43.21386
GAREY_1_N002,34.98,-120.26,40.17311
GARFIELD_6_N001,32.795125,-116.996848,39.89642
GARNET_7_N001,33.93858299995228,-116.57633536031197,38.28308
GEER_LNODEDR1,37.52250334748,-120.843709746797,38.72925
GEER_LNODEDR2,37.5224993081714,-120.843588348711,38.72533
GEER_LNODEDR3,37.5224318250334,-120.843496861832,38.72533
GEER_LNODEDR4,37.5224297824039,-120.843426269924,38.72533
GEER_LNODEDR5,37.5224263420376,-120.843557323915,38.72925
GEER_LNODEDR7,37.5224225565731,-120.843630755159,38.72925
GEER_LNODEDR8,37.522425898329,-120.843709042834,38.72925
GENESEE_6_N001,32.87974054062765,-117.2133823800825,39.74937
GENESEE_6_N005,32.87956145928191,-117.21338238029792,39.74937
GENESEE_6_N011,32.87956145928191,-117.21359561970208,39.74937
GENESEE_6_N015,32.87974054062765,-117.2135956199175,39.74937
GENE_2_N001,34.3,-114.23,37.35209
GERBER_6_N101,40.064207,-122.156114,39.75722
GEYSR5-6_7_N001,38.777006613720275,-122.74238837921152,38.61547
GIFFEN_6_N001,36.545076,-120.334519,38.30159
GILROYF_1_N001,37.14,-121.58,40.0868
GILSTRAP_LNODEDR1,37.5800948624588,-120.975549487551,38.67825
GILSTRAP_LNODEDR3,37.5801662132492,-120.9757670064,38.67825
GILSTRAP_LNODEDR5,37.5799830759229,-120.975550499689,38.67825
GILSTRAP_LNODEDR7,37.58017229934,-120.975552395649,38.67825
GILSTRAP_LNODEDR8,37.5801700030066,-120.975645212521,38.67825
GILSTRAP_LNODER17,37.5801611951015,-120.976018315921,38.67825
GIRVAN_6_N001,40.51347,-122.378916,38.85481
GLENCLIF_6_N001,32.798367,-116.498315,39.8482
GLENSHIR_LNODERE,39.352238,-120.08626,39.59243
GLENWOOD_6_N001,37.45733023092607,-122.186967,41.11476
GLENWOOD_6_N004,37.457248884522265,-122.18690783531744,41.11476
GLENWOOD_6_N005,37.457248884522265,-122.18702616468256,41.11476
GLRYCGG1_7_N001,37.12999999998655,-121.5600565514771,40.0868
GOLDTREE_1_N001,35.32012199998752,-120.69284284611503,39.19223
GOLDTREE_1_N002,35.32012199998752,-120.69295315388497,39.19223
GOLETA_6_N200,34.46880142976412,-119.88445868708224,39.79646
GONZALES_6_N001,36.50885299998702,-121.44685522795733,39.59243
GONZALES_6_N003,36.50885299998702,-121.44696677204267,39.59243
GORMAN_6_N001,34.8014,-118.818908,37.09706
GOSELKE_1_N001,35.601596,-119.579654,38.18388
GOULD_2_N001,34.22145799998786,-118.18701737338756,38.48599
GOULD_2_N007,34.22145799998786,-118.18712662661244,38.48599
GRANDIS_1_N004,38.23108199998597,-121.59029758372996,39.25501
GRANDIS_1_N009,38.23108199998597,-121.59041241627003,39.25501
GRANITE_6_N001,32.804473,-116.92086,39.84036
GRANITE_6_N007,32.804472999954854,-116.9207534473782,39.84036
GRANITE_6_N008,32.80438343993102,-116.92086,39.84036
GRANITE_6_N009,32.804472999954854,-116.92096655262179,39.8482
GRANTRK_6_N001,37.67099326174171,-122.160116,39.96517
GRANT_1_N001,37.67091186911436,-122.16005663166834,40.92251
GRANT_1_N005,37.67091186911436,-122.16017536833166,40.92643
GRBRVLLE_6_N001,40.10263,-123.792873,42.17412
GRDNEAST_1_N101,36.47999999998696,-119.60994425959105,38.33298
GRDNEAST_1_N102,36.47999999998696,-119.61005574040897,38.33298
GRDNWEST_1_N001,36.59,-119.57,38.3212
GREENBRE_6_N001,37.93780399998614,-122.51415869769995,40.61255
GREENBRE_6_N003,37.93780399998614,-122.51427330230004,40.61255
GRIMWAY_1_N001,35.27,-118.87,38.50561
GRNTHLL_1_N001,32.80456256006898,-116.92086,39.16664
GRNVALY_1_N001,36.952139010813255,-121.76018,39.51004
GRNVALY_1_N011,36.95205799457908,-121.76012146857028,39.51004
GRSSVLY_6_N101,39.209514,-121.061004,41.54635
GRYSFLT_6_N001,40.021612,-121.065532,37.0696
GUALALA_6_N001,38.786699,-123.522777,54.49
GUSTINE_6_N001,37.253223999986524,-121.01302629664288,41.23639
GUSTINE_6_N002,37.253223999986524,-121.01313970335713,41.23639
GYSRVLLE_6_N001,38.70981887157317,-122.907957,40.43992
GYSRVLLE_6_N003,38.70973806419826,-122.90789721183104,40.43992
HALSEYF_7_N001,38.90131699998584,-121.08772559737287,40.5537
HAL_SUB_LNODEON1,33.84769999998815,-118.30334578612137,38.1211
HAL_SUB_LNODEONA,33.84769999998815,-118.30345421387864,38.1211
HAMILTON_6_N001,39.746242,-122.011361,38.98821
HAMMER_6_N001,38.02138220754234,-121.320367,39.86316
HAMMER_6_N003,38.02130089621381,-121.32030740848892,39.86316
HAMMER_6_N004,38.02130089621381,-121.32042659151108,39.86316
HAMMONDS_1_N001,36.72011,-120.603287,37.88569
HARBORG_7_N101,33.770089981295506,-118.25010824500784,39.12553
HARDING_6_N001,37.96379937479765,-121.2904483692276,39.45903
HARDING_6_N004,37.96361862509118,-121.29044836950978,39.45903
HARDWICK_6_N001,36.404261,-119.68624,38.59585
HARRIS_6_N001,40.78104299998464,-124.13194328500423,40.77342
HARRIS_6_N003,40.78104299998464,-124.13206271499577,40.77342
HARTER_6_N001,39.14325399998575,-121.6480072716394,38.34475
HARTER_6_N003,39.14325399998575,-121.6481227283606,38.34475
HARTLEY_6_N001,39.077268,-122.932322,41.05983
HAR_GS_LNODE10AUX,33.77070285420546,-118.26588005129787,38.1211
HAR_GS_LNODE11AUX,33.770785160786886,-118.2658363056699,38.1211
HAR_GS_LNODE12AUX,33.77085063868779,-118.26576205737284,38.1211
HAR_GS_LNODE13AUX,33.770893238769126,-118.26566671029164,38.1211
HAR_GS_LNODE14AUX,33.77090995880947,-118.26556034876025,38.1211
HAR_GS_LNODE1AUX,33.770900443776654,-118.26545270896402,38.1211
HAR_GS_LNODE2AUX,33.770866485380765,-118.26535246672638,38.1211
HAR_GS_LNODE5AUX,33.77081149182394,-118.26526678898045,38.1211
HAR_SUB_LNODEONA,33.77073997374512,-118.26520109800133,38.1211
HAR_SUB_LNODEONB,33.77065707494083,-118.26515900180253,38.1211
HAR_SUB_LNODEONC,33.77056816417163,-118.26514234955444,38.1211
HATTON_6_N001,36.55679,-121.897162,39.19615
HAWKINS_LNODEDR1,37.5799617816957,-120.645598336747,38.68217
HAWKINS_LNODEDR3,37.5799481743814,-120.645311774451,38.68217
HAWKINS_LNODEDR5,37.5798175544824,-120.645562968772,38.68217
HAWKINS_LNODEDR7,37.5799502934699,-120.645479899093,38.68217
HAY_GS_LNODE10AUX,33.765034221459466,-118.09919670179296,38.13287
HAY_GS_LNODE12AUX,33.76505094051277,-118.09909035381168,38.13287
HAY_GS_LNODE14AUX,33.765041426041684,-118.09898272772843,38.13287
HAY_GS_LNODE15AUX,33.7650074696504,-118.0988824982613,38.13287
HAY_GS_LNODE9AUX,33.7649524793399,-118.09879683143038,38.13287
HAY_LNODESS1,33.76488096548275,-118.09873114881994,38.13287
HAY_LNODESS2,33.76479807157197,-118.09868905798392,38.13287
HED_LNODENE1,38.50998333333333,-121.355746944444,38.90189
HED_LNODENE2,38.50998333327719,-121.35563197930773,38.90189
HED_LNODENE3,38.50989337309517,-121.35563197945136,38.90189
HED_LNODENE4,38.50982976169183,-121.355713272007,38.90189
HED_LNODENE5,38.50981454922492,-121.35582658122124,38.90189
HED_LNODENE6,38.509845707051696,-121.35593443034743,38.90189
HED_LNODENE7,38.509911316684935,-121.35601308641768,38.90189
HED_LNODENE8,38.50999633683837,-121.3560506593429,38.90189
HENRITTA_6_N101,36.24160599998715,-119.9029965105001,38.11326
HERDLYN_6_N001,37.816383,-121.586176,38.81949
HERSHEY_LNODESLL,37.75083,-120.8453,38.83126
HERSHEY_LNODEXF1,37.7508299999447,-120.8451856244636,38.83126
HERSHEY_LNODEXF2,37.75073956547022,-120.8453,38.83126
HERSHEY_LNODEXF3,37.7508299999447,-120.84541437553641,38.83126
HERSHEY_LNODEXF4,37.750920434529704,-120.8453,38.83126
HICKS_2_N001,37.234159254320986,-121.90015163922017,39.76507
HICKS_2_N002,37.23397874557105,-121.9001516394916,39.76507
HICKS_2_N007,37.23397874557105,-121.90037836050841,39.76507
HIDESERT_2_N001,34.145263999987954,-116.18586145110677,38.39575
HIDESERT_2_N018,34.145263999987954,-116.18597054889322,38.39575
HIGGINS_1_N001,39.043590575891166,-121.09071766620363,39.4865
HIGGINS_1_N002,39.04341142399536,-121.0907176664961,39.4865
HIGGINS_1_N004,39.04341142399536,-121.09094833350389,39.4865
HIGHLD_1_N001,38.93741777608508,-122.609034,38.98036
HIGHLD_1_N005,38.937337111942234,-122.60909387327588,38.98036
HIGHWAY_1_N001,38.166048151820924,-122.253616,40.41637
HIGHWAY_1_N002,38.16596692407439,-122.25355635179834,40.41637
HILLSDLE_6_N001,37.536271,-122.322394,40.97744
HILLSIDE_1_N001,37.879999999986126,-122.23994272916374,39.57674
HILLSIDE_1_N004,37.879999999986126,-122.24005727083625,39.57674
HILMAR_LNODEDR1,37.4189785637285,-120.849304571346,38.75672
HILMAR_LNODEDR2,37.4188603223578,-120.849075716434,38.75672
HILMAR_LNODEDR4,37.4189333711687,-120.849077780203,38.75672
HILMAR_LNODEDR5,37.4188652133943,-120.849148221032,38.75672
HILMAR_LNODEDR7,37.4188555229834,-120.849223847561,38.75672
HILMAR_LNODER17,37.4189123657556,-120.849307362712,38.75672
HINSON_6_N001,33.81885999995258,-118.22236564005779,39.15299
HLFMNBY_6_N002,37.46874323375435,-122.43018,40.84404
HLFMNBY_6_N004,37.46866188310803,-122.43012082319957,40.84404
HLFMNBY_6_N101,37.46866188310803,-122.43023917680043,40.84404
HMBLTBY_6_N003,40.78280899998469,-124.11247771670773,40.82442
HOBARTTP_LNODE19,39.400047,-120.149888,39.58458
HOLLISTR_1_N001,36.862728962246265,-121.405867,39.14122
HOLLISTR_1_N004,36.86264801886252,-121.40580858969733,39.14122
HOLLISTR_1_N101,36.86264801886252,-121.40592541030266,39.14122
HOMEGRND_1_N001,38.96,-122.84,38.99605
HOMEPROC_1_N001,38.94,-122.85,38.98821
HONCUT_1_N001,39.320099,-121.595289,38.3369
HOOPA_6_N001,41.056514,-123.682252,41.68368
HORSESHE_1_N001,38.744281999985915,-121.16156545871566,39.57674
HORSESHE_1_N002,38.744281999985915,-121.16168054128434,39.57674
HPLNDJT_6_N001,38.972898,-123.081134,40.38499
HSK_LA_LNODEKSS,34.487,-118.514,38.16034
HUGHSON_LNODEDR1,37.5949433309328,-120.846755674049,38.57623
HUGHSON_LNODEDR2,37.5949478453779,-120.846639431615,38.56839
HUGHSON_LNODEDR3,37.5948895849844,-120.846669736494,38.56839
HUGHSON_LNODEDR4,37.5949564824944,-120.846831604577,38.57623
HUGHSON_LNODEDR5,37.594883530932,-120.846800432358,38.57623
HUGHSON_LNODEDR8,37.5948895004896,-120.84669840193,38.56839
HUNT1G_7_N002,33.64610399995311,-117.97753404459904,39.32563
HUNT2G_7_N002,33.645950581890766,-117.97761038065147,39.32563
HUNT3G_7_N002,33.64596651133317,-117.97781805443613,39.32563
HUNT4G_7_N002,33.646116990569396,-117.97792719657157,39.32563
HURLEY_LNODE12LD3,38.587283,-121.418244,36.88219
HURON_6_N001,36.185797,-120.104535,38.11326
HUR_LNODENE1,38.58818333333333,-121.418666944444,38.8705
HUR_LNODENE2,38.58818333327699,-121.41855194404475,38.8705
HUR_LNODENE3,38.58810548632912,-121.41860944430671,38.8705
HUR_LNODENE4,38.58810548632912,-121.41872444458129,38.8705
HUR_LNODENE5,38.58818333327699,-121.41878194484326,38.8705
HUR_LNODENE7,38.58826118030932,-121.41872444470597,38.8705
HUR_LNODENE8,38.58826118030932,-121.41860944418204,38.8705
HWD_SUB_LNODEONA,34.088090251059334,-118.34689102435425,38.13287
HWD_SUB_LNODEONB,34.0879097488445,-118.34689102458658,38.13287
HWD_SUB_LNODEONC,34.0879097488445,-118.34710897541342,38.13287
HWD_SUB_LNODEOND,34.088090251059334,-118.34710897564575,38.13287
HYATT_2_N212,39.54,-121.47,38.30551
IBM-CTLE_1_N001,37.33,-121.74,39.61597
IBM-HRRS_1_N001,37.339999999986375,-121.73994319553019,39.55712
IBM-HRRS_1_N101,37.339999999986375,-121.74005680446982,39.55712
IGNACIO_1_N102,38.07555099998604,-122.54000436436782,39.36094
IMHOFF_1_N001,38.001509,-122.066739,39.46295
IMPRLBCH_6_N001,32.58332899998902,-117.09716179037093,39.49509
IMPRLBCH_6_N004,32.58332899998902,-117.09726820962906,39.49509
INDIANW_1_N001,33.75822999998817,-116.36079489140164,38.31913
INDIANW_1_N005,33.75822999998817,-116.36090310859835,38.31913
INDNFLT_6_N001,37.66547,-119.841331,36.60269
INDUSTRL_LNODEDR1,37.4786063003132,-120.866935168966,38.76064
INDUSTRL_LNODEDR2,37.4784258031614,-120.866836967643,38.76456
INDUSTRL_LNODEDR3,37.4784244272802,-120.866662034426,38.76456
INDUSTRL_LNODEDR5,37.4785292936467,-120.866935824384,38.76064
INDUSTRL_LNODEDR7,37.4784403782944,-120.866928290638,38.76064
INDUSTRL_LNODEDR8,37.4784247171011,-120.866748607625,38.76456
INGRMC_1_N001,37.83,-121.17,39.66698
INYOKERN_1_N001,35.65261399998741,-117.79478579202693,34.03278
INYOKERN_1_N008,35.65261399998741,-117.79489620797307,34.03278
IRONMTN_2_N001,34.16,-115.12,37.56812
IUKA_6_N001,37.665987,-121.831011,39.77684
JACINTO_6_N001,39.582923,-122.010645,39.02352
JAMACHA_6_N001,32.744163749547276,-116.957239,39.78543
JAMACHA_6_N006,32.74408312521416,-116.95718365728564,39.78543
JAMACHA_6_N015,32.74408312521416,-116.95729434271436,39.78543
JAMESON_1_N001,38.205743,-122.147539,39.69444
JANSCRK_6_N001,40.905394259900845,-124.072573,40.90682
JANSCRK_6_N003,40.90531287003298,-124.0725108262728,40.90682
JARVIS_1_N014,37.59572442721241,-122.01803387245575,40.84796
JARVIS_1_N016,37.595543572677634,-122.01803387273313,40.84796
JARVIS_1_N017,37.595543572677634,-122.01826212726687,40.84796
JARVIS_1_N101,37.59572442721241,-122.01826212754425,40.84796
JCBSCRNR_6_N001,36.22245499998718,-119.77977650530629,38.27412
JCBSCRNR_6_N003,36.22245499998718,-119.77988749469371,38.27412
JENNY_1_N001,37.769999999986226,-122.25994279875593,41.19716
JENNY_1_N008,37.769999999986226,-122.26005720124407,41.19716
JESSUP_1_N001,40.462102,-122.328061,38.52131
JMSCNPMP_1_N001,38.19,-122.47,40.05149
JOHANNA_2_N001,33.71362395818503,-117.852576,39.40802
JOHANNA_2_N007,33.71354302089469,-117.85251982319095,39.40802
JOLON_6_N001,36.013308,-121.167635,38.69002
KAMM_1_N001,36.58,-120.52,37.93277
KANAKA_1_N001,39.439999999985574,-121.38994201903363,37.43841
KEARNEY_6_N001,36.704357999986875,-119.88278399673257,37.85038
KEARNEY_6_N099,36.704357999986875,-119.88289600326743,37.85038
KEARNEY_7_N001,32.832849999988746,-117.13199871171014,39.65543
KEARNEY_7_N003,32.832849999988746,-117.13210528828985,39.72606
KELSO_2_N001,37.797722,-121.601591,39.09022
KERMAN_6_N001,36.69205999998684,-120.05918901200307,38.36436
KERMAN_6_N002,36.69205999998684,-120.05930098799692,38.36436
KERNOIL_1_N001,35.44070999998741,-119.02061483035583,38.537
KERNOIL_1_N012,35.44070999998741,-119.02072516964418,38.537
KERNPWR_1_N002,35.37980096994444,-119.097984,38.30159
KERNPWR_1_N201,35.37972001501422,-119.09792667452027,38.30159
KERNRDGE_1_N001,35.48320899998747,-119.76358482417542,38.34867
KERNRV_1_N001,35.37972001501422,-119.09804132547973,38.51346
KERNWATR_1_N001,35.400666,-119.035603,38.34867
KESWICK_6_N001,40.623725,-122.462027,38.98036
KETTLEMN_6_N001,36.044075,-120.112696,38.32905
KETTNER_6_N001,32.733172,-117.173774,39.53659
KIERNAN_LNODETUB,37.71047,-121.0139,38.84304
KINGCTY_6_N001,36.21683446252504,-121.1266820197143,38.3369
KINGCTY_6_N002,36.21683446252504,-121.1269039802857,38.3369
KINGCTY_6_N005,36.217013537372516,-121.12690398053972,38.3369
KINGSBRG_1_N001,36.48869063297857,-119.58234525016937,38.36829
KINGSBRG_1_N008,36.48861299994815,-119.58228950045047,38.36829
KIRKER_1_N001,38.0212542075842,-121.905844,38.98821
KIRKER_1_N005,38.02117289619287,-121.90578440854696,38.98821
KIRKER_1_N006,38.02117289619287,-121.90590359145303,38.98821
KNA_LNODENA2,40.654722,-122.389167,38.49384
KNGHTSLD_1_N001,38.809281,-121.74515,39.23147
KONOCTI6_6_N001,38.9325,-122.741085,39.95732
KYOCERA_6_N001,32.819776,-117.140362,39.59266
LADDCM_LNODEARD,37.73258,-121.01392,38.84304
LAFRESA_6_N001,33.86979104273171,-118.33319,39.204
LAFRESA_6_N007,33.869709978621295,-118.33324636755688,39.204
LAGNANL_1_N001,33.49498074466377,-117.70295838393929,39.59635
LAGNANL_1_N002,33.494801255243225,-117.70295838416239,39.59635
LAGNANL_1_N005,33.494801255243225,-117.70317361583761,39.59635
LAGNANL_1_N006,33.49498074466377,-117.70317361606071,39.59635
LAGRANG_LNODEOAD,37.6697612035926,-120.443808701526,38.61939
LAGUBELL_6_N001,33.975996097823064,-118.14794,38.82258
LAGUBELL_6_N210,33.97591495107552,-118.14799649540468,38.82258
LAGUNATP_6_N001,36.748942999986895,-121.60530194075191,40.94605
LAGUNITS_6_N001,36.748942999986895,-121.60541405924809,38.93328
LAJOLLA_6_N001,32.840121999988746,-117.27517670850455,39.81351
LAJOLLA_6_N007,32.840121999988746,-117.27528329149546,39.81351
LAKEVIEW_6_N101,35.093678,-119.10139,38.54877
LAKEVLLE_1_N001,38.251505,-122.580692,39.22362
LAKEWOOD_1_N001,37.909008286572075,-122.05701271293042,39.41587
LAKEWOOD_1_N003,37.90892999994441,-122.05695542598274,39.41587
LAKEWOOD_1_N004,37.90885171340006,-122.05701271305232,39.41587
LAKEWOOD_1_N006,37.90885171340006,-122.05712728694768,39.41587
LAKEWOOD_1_N007,37.90892999994441,-122.05718457401727,39.41587
LAKEWOOD_1_N009,37.909008286572075,-122.05712728706959,39.41587
LAK_SM_LNODENE2,38.658077794318025,-121.13012359377534,38.90189
LAK_SM_LNODENE3,38.65799999994368,-121.13006607656462,38.90189
LAK_SM_LNODENE4,38.657922205653776,-121.13012359390028,38.90189
LAK_SM_LNODENE6,38.657922205653776,-121.13023862832172,38.90189
LAK_SM_LNODENE7,38.65799999994368,-121.13029614565738,38.90189
LAK_SM_LNODENE8,38.658077794318025,-121.13023862844666,38.90189
LAMONT_1_N001,35.296667999987505,-118.86162984910735,38.48599
LAMONT_1_N002,35.296667999987505,-118.86174015089266,38.48599
LAPHAM_LNODEQBZ,37.639494,-120.919982,38.85873
LAPHAM_LNODEXBC,37.63949399994495,-120.91986779708742,38.85873
LAPLMG1_7_N001,35.29516599994997,-119.59192469860037,37.83861
LAPLMG2_7_N001,35.2950123151544,-119.59200269352937,37.83861
LAPLMG3_7_N001,35.29502827228419,-119.59221488028864,37.83861
LAPLMG4_7_N001,35.29517901313358,-119.59232639423358,37.83861
LASPALMS_1_N001,36.8,-119.69,38.3212
LASPLGS_6_N001,33.31288499998846,-117.46694237728786,41.14615
LASPULGS_6_N001,33.31288499998846,-117.46704962271214,40.06326
LAURELES_6_N001,36.47781599998705,-121.7268922619553,40.98921
LAWRENCE_1_N001,37.397207,-122.010126,40.47523
LAWRENCE_1_N003,37.39720699994556,-122.01001226428907,40.47523
LAWRENCE_1_N004,37.39711664332103,-122.010126,40.47523
LAWRENCE_LNODEENCE,37.397297356679005,-122.010126,37.08529
LBEACH2G_7_N002,33.818691093192,-118.22254906136247,39.15299
LCIENEGA_6_N001,34.000751,-118.378408,39.34917
LEGRAND_1_N001,37.184412,-120.273463,37.81114
LEMOORE_6_N002,36.30998799998711,-119.79822042969916,38.43106
LEMOORE_6_N101,36.30998799998711,-119.79833157030085,38.43106
LEPRINO_1_N001,37.748396,-121.41576,39.56889
LERDO_1_N001,35.50010399998744,-119.15188082156193,38.52523
LERDO_1_N004,35.50010399998744,-119.15199117843807,38.52523
LILAC_6_N001,33.25325899998847,-117.08580343192692,39.3374
LILAC_6_N010,33.25325899998847,-117.08591056807307,39.3374
LIMESTNE_6_N001,38.63377399998596,-120.97960448884528,39.29817
LINCON_LNODECRZ,37.63940356621228,-120.91986779722644,38.85873
LINCON_LNODEFCN,37.639339619957,-120.91994855081084,38.85873
LINDEN_6_N101,38.016891,-121.095875,40.06326
LITEHIPE_6_N001,33.88040091918611,-118.17506849549716,39.07452
LITEHIPE_6_N008,33.88058108071875,-118.17528550473195,39.07452
LIVERMRE_6_N001,37.68013099998621,-121.78059286544908,39.78076
LIVERMRE_6_N003,37.68013099998621,-121.78070713455092,39.78076
LIVNGSTN_6_N001,37.363379203022006,-120.760425,39.10199
LLAGAS_1_N001,37.006958040367174,-121.557391,40.08287
LLAGAS_1_N003,37.00687697980194,-121.55733239433584,40.08287
LLAGAS_1_N005,37.00687697980194,-121.55744960566416,40.08287
LMEC1_1_N001,38.030625,-121.896783,38.87835
LMEC1_1_N101,38.03062499994427,-121.89666830800388,38.87835
LMEC1_1_N601,38.0305346591732,-121.89666830814532,38.87835
LMEC1_1_N801,38.03047077865233,-121.89674940756281,38.87835
LMECCT1_7_N001,38.0304867914731,-121.89697004046927,38.88227
LMECCT2_7_N001,38.03063805852326,-121.89708599331652,38.88227
LMECST1_7_N001,38.03081089924409,-121.89703337694175,38.88227
LMPC-CTY_1_N001,34.6,-120.39,40.86758
LOCKHD1_1_N001,37.409054,-122.03213,40.51054
LOCKHD2_1_N001,37.416224,-122.030655,40.54193
LOGANCR_2_N001,39.53955399998549,-122.26277291112409,38.61547
LOGANCR_2_N010,39.53955399998549,-122.26288908887592,38.61547
LONESTAR_1_N001,37.511676999986356,-122.20756301431467,40.93821
LOSALTS_6_N004,37.3939352129738,-122.114735,40.74988
LOSALTS_6_N005,37.393853893498445,-122.11467590496156,40.74988
LOSALTS_6_N101,37.393853893498445,-122.11479409503845,40.74988
LOSCCHS_6_N001,32.85981772690813,-116.899263,38.16426
LOSCOCHS_6_N001,32.85973713653372,-116.89920760858072,39.2479
LOSCOCHS_6_N034,32.85973713653372,-116.89931839141927,39.2479
LOSGATS_6_N002,37.226423999986494,-121.97722832893687,41.72684
LOSGATS_6_N201,37.226423999986494,-121.97734167106313,41.72684
LOSOSTS_6_N001,36.293864,-121.20007,38.37613
LOVELAND_6_N001,32.796957,-116.792258,39.56179
LOWGAP_7_N001,40.4327289999849,-123.47220368717633,39.59635
LOYALTON_LNODETY,39.6680639999855,-120.24305624345052,39.58851
LOYOLA_6_N001,37.360660999986344,-122.09993417231678,40.47523
LOYOLA_6_N004,37.360660999986344,-122.10004782768323,40.47523
LPFLKBD_6_N001,40.90531287003298,-124.07263517372719,40.89897
LSGLLNS_1_N001,38.022339207228725,-122.537978,39.54143
LSGLLNS_1_N002,38.0222578963706,-122.53791840805536,39.54143
LSGLLNS_1_N003,38.0222578963706,-122.53803759194464,39.54143
LSPSTAS_2_N001,37.700982436898656,-121.73360569835381,39.77291
LSPSTAS_2_N002,37.70080156299109,-121.73360569863272,39.77291
LSPSTAS_2_N010,37.70080156299109,-121.7338343013673,39.77291
LSPSTAS_2_N011,37.700982436898656,-121.73383430164618,39.77291
LSTHLLS_6_N001,35.785755,-119.866138,38.04656
LUCERNE_1_N001,39.110189,-122.81298,40.19273
LUCERNE_1_N004,39.11,-122.81,40.19273
LUIS#3_1_N001,36.65,-120.73,37.85823
LUIS#5_1_N001,36.72,-120.75,37.85823
LVNGSTN_7_N002,37.36329789847426,-120.76036593987695,38.74887
LYOTH-SP_6_N001,37.721862,-121.390858,39.96909
LYTNVLLE_6_N001,39.684962,-123.476979,43.54736
MABURY_1_N001,37.36089599998639,-121.86395517205479,40.78519
MABURY_6_N001,37.36089599998639,-121.86406882794522,40.43207
MADISON_1_N002,38.67073989103906,-121.969138,39.07452
MADISON_1_N201,38.67065905446531,-121.9690782228888,39.07452
MAGUNDEN_1_N002,35.36215899998747,-118.92373215922743,38.61155
MAINE-PR_6_N001,38.385820999985995,-121.77582145519017,39.18046
MALAGA_1_N001,36.69415479048744,-119.72474601890697,38.47815
MALAGA_1_N004,36.69397520940774,-119.72474601916853,38.47815
MALAGA_1_N005,36.69397520940774,-119.72496998083147,38.47815
MALAGA_1_N206,36.69415479048744,-119.72496998109303,38.47815
MANCHSTR_1_N001,36.78803392229639,-119.787488,38.23489
MANCHSTR_1_N002,36.787953038837564,-119.78742968988867,38.23489
MANCHSTR_1_N005,36.787953038837564,-119.78754631011132,38.23489
MANDLY1G_7_N002,34.207498198093205,-119.249016,39.03529
MANDLY2G_7_N002,34.20741690094034,-119.2489592448821,39.03529
MANDLY3G_7_N001,34.20741690094034,-119.2490727551179,39.03529
MANTECA_1_N001,37.80151542742815,-121.22356755493873,40.17704
MANTECA_1_N002,37.80133457246114,-121.22356755521895,40.17704
MANTECA_1_N012,37.80133457246114,-121.22379644478104,40.17704
MANTECA_1_N013,37.80151542742815,-121.22379644506127,40.17704
MANVILLE_1_N001,34.53,-120.43,40.78911
MARGARTA_1_N001,33.55007578845692,-117.62798626281774,39.56104
MARGARTA_1_N002,33.54989621144975,-117.62798626304166,39.56104
MARGARTA_1_N008,33.54989621144975,-117.62820173695833,39.56104
MARGARTA_1_N009,33.55007578845692,-117.62820173718225,39.56104
MARICOPA_6_N001,35.107547,-119.398151,38.08972
MARIPOS2_6_N001,37.50445799998627,-120.00773602136582,35.93569
MARIPOS2_6_N003,37.50445799998627,-120.00784997863418,35.93569
MARPOS_LNODEKSA,37.63932432741219,-120.92006110878681,38.85873
MARPOS_LNODENOX,37.63935564925701,-120.92016824287315,38.85873
MARSHALL_LNODEDR1,37.43587720766,-121.132527674588,38.83911
MARSHALL_LNODEDR2,37.4358760484777,-121.13220043951,38.83911
MARSHALL_LNODEDR3,37.4358798082574,-121.132682875263,38.83911
MARSHALL_LNODEDR4,37.4358789493306,-121.132046059332,38.83911
MARSHALL_LNODEDR5,37.4358787251639,-121.131895544498,38.83911
MARSHALL_LNODER8C,37.435876146414,-121.132374308977,38.83911
MARTELL_6_N001,38.369191999986,-120.79669245138386,39.34525
MARTINEZ_1_N001,38.02,-122.16,39.58066
MCARTHR_6_N001,41.05270199998445,-121.40878106361407,37.88569
MCCALL_1_N026,36.61141783540495,-119.639697,38.24273
MCCALL_1_N030,36.61133708228342,-119.63963891745578,38.24273
MCC_LNODEMCC,38.63008971070796,-121.51320976638306,38.86658
MCDISLE_6_N001,37.93693288402067,-121.52832945017714,41.62875
MCFRLND_6_N001,35.688444,-119.276835,38.48207
MCKEE_1_N001,37.366407204044364,-121.843789,40.67925
MCKEE_1_N005,37.36632589796316,-121.84372993637959,40.67925
MCKEE_1_N101,37.36632589796316,-121.84384806362041,40.67925
MCMULLN1_2_N001,36.592775,-119.989065,37.81507
MCY_LNODE101,38.563116666666666,-121.464371944444,38.88619
MCY_LNODE102,38.563116666610455,-121.4642569555954,38.88619
MCY_LNODE103,38.56302675430868,-121.46425695573926,38.88619
MCY_LNODE104,38.562963176761876,-121.46433826506194,38.88619
MCY_LNODE105,38.562947972391605,-121.46445159764659,38.88619
MCY_LNODE106,38.5629791136348,-121.46455946901716,38.88619
MCY_LNODE107,38.56304468834792,-121.46463814131086,38.88619
MCY_LNODE108,38.56312966325024,-121.46467572198618,38.88619
MDLRIVR_6_N001,37.93693288402067,-121.52844854982285,40.96567
MDWYPS_6_N001,35.402824999987416,-119.45497183549746,38.51346
MECCTG1_7_N100,37.239909741275135,-121.77988662517618,39.46295
MECCTG2_7_N100,37.2400902586168,-121.78011337509535,39.46295
MEDWLNE_1_N001,37.963141225082815,-122.052361,39.38056
MEDWLNE_1_N002,37.963059887443606,-122.05230143651556,39.38056
MEDWLNE_1_N006,37.963059887443606,-122.05242056348443,39.38056
MELROSE_6_N001,33.206560573300976,-117.25285494469412,39.65128
MELROSE_6_N004,33.20638142660739,-117.25285494491321,39.65128
MELROSE_6_N005,33.20638142660739,-117.25306905508678,39.65128
MELROSE_6_N009,33.206560573300976,-117.25306905530589,39.65128
MENLO_6_N001,37.4330313740754,-122.20260718789906,41.18539
MENLO_6_N002,37.43285062581547,-122.2026071881739,41.18539
MENLO_6_N003,37.43285062581547,-122.2028348118261,41.18539
MENLO_6_N004,37.4330313740754,-122.20283481210093,41.18539
MERCEDFL_7_N001,37.27292328168154,-120.48675154649395,33.71889
MERCED_1_N001,37.27274271821013,-120.48697845323395,38.76456
MERCED_1_N002,37.27292328168154,-120.48697845350604,38.76456
MERIDIAN_6_N101,37.225299,-121.744182,39.15299
MESACAL_6_N001,34.037454,-118.109265,38.66006
MESAHGTS_6_N001,32.829628731503114,-117.157263,39.58481
MESAHGTS_6_N007,32.82954813423625,-117.15720762268285,39.58481
MESARIM_6_N001,32.90498753633711,-117.17294735480384,39.75352
MESARIM_6_N007,32.90480846357245,-117.1729473550195,39.75352
MESARIM_6_N008,32.90480846357245,-117.1731606449805,39.75352
MESARIM_6_N012,32.90498753633711,-117.17316064519616,39.75352
METCALF_1_N018,37.22435199998651,-121.74197733145253,39.5532
METTLER_6_N001,38.078067,-121.2867,40.12603
MEYERS_LNODE31,38.877195,-119.986125,37.96024
MEYERS_LNODE32,38.87719499994345,-119.98600982501117,37.96024
MEYERS_LNODE33,38.87710533707398,-119.986125,37.96024
MEYERS_LNODE34,38.87719499994345,-119.98624017498884,37.96024
MEYERS_LNODE35,38.87728466292607,-119.986125,37.96024
MI-WUK_1_N001,38.052745,-120.217268,38.63509
MIDDLTWN_6_N002,38.7527889999859,-122.60852945612646,41.76215
MIDDLTWN_6_N101,38.7527889999859,-122.60864454387354,41.76215
MILLBRAE_1_N001,37.605189,-122.391045,41.17754
MILLBRAE_1_N004,37.60518899994505,-122.39093085578821,41.17754
MILLBRAE_1_N201,37.60518899994505,-122.3911591442118,41.17754
MILLBRAE_6_N001,37.6052794289691,-122.391045,41.29917
MILLER_1_N001,37.81,-121.1,39.61597
MILPITAS_1_N001,37.415395,-121.888564,40.56939
MILPITAS_1_N003,37.41539499994551,-121.8884502251851,40.56939
MILPITAS_1_N005,37.41530463419468,-121.888564,40.56939
MILPITAS_1_N006,37.41539499994551,-121.88867777481491,40.56939
MINNIER_LNODEJFF,37.71289,-120.93858,38.86265
MIRABEL_6_N001,38.489406,-122.894261,39.94947
MIRALOMA_6_N001,34.004371186293284,-117.56506721001799,38.65478
MIRAMAR_6_N001,32.89408253805123,-117.13552936589245,39.70251
MIRAMAR_6_N004,32.89390346185827,-117.135529366108,39.70251
MIRAMAR_6_N017,32.89390346185827,-117.135742633892,39.70251
MISSION_6_N001,32.784191999954906,-117.13741946348074,39.40825
MISSION_6_N031,32.78411443272647,-117.13747273178681,39.40825
MISSION_6_N040,32.78411443272647,-117.13757926821319,39.40825
MISSION_6_N049,32.784191999954906,-117.13763253651926,39.40825
MKT_SUB_LNODEONA,34.0434902173762,-118.24599112234871,38.12895
MKT_SUB_LNODEONB,34.04330978252786,-118.24599112258036,38.13287
MKT_SUB_LNODEONC,34.04330978252786,-118.24620887741963,38.13287
MKT_SUB_LNODEOND,34.0434902173762,-118.24620887765128,38.13287
MNDCTP_6_N001,39.251247,-123.196582,40.78911
MOFTFLD_1_N002,37.41,-122.04,40.49092
MOLINO_6_N002,38.42527299998595,-122.83215753598292,40.49092
MOLINO_6_N101,38.42527299998595,-122.83227246401708,40.49092
MONOLITH_6_N029,34.92999999998754,-118.4199449189089,38.23489
MONOLITH_6_N101,34.92999999998754,-118.4200550810911,38.23489
MONROE_1_N001,38.45321800700051,-122.743668,39.5532
MONROE_1_N002,38.45313699648462,-122.74360827529611,39.56889
MONROE_1_N101,38.45313699648462,-122.74372772470389,39.56889
MONSRATE_6_N001,33.32908099998846,-117.23541536188321,39.63167
MONSRATE_6_N007,33.32908099998846,-117.23552263811678,39.63167
MONTAGUE_1_N001,37.40375521599691,-121.905675,40.76165
MONTAGUE_1_N006,37.403673891986756,-121.90561589392182,40.76165
MONTAGUE_1_N007,37.403673891986756,-121.90573410607819,40.76165
MONTCLLO_1_N008,38.48,-122.32,39.32563
MONTEREY_6_N001,36.599917,-121.890341,39.11768
MONTERO_6_N001,38.47145299998595,-123.01207452586034,41.19324
MONTERO_6_N004,38.47145299998595,-123.01218947413966,41.19324
MONTGMRY_6_N001,32.631633999988686,-117.09951777952129,39.29891
MONTGMRY_6_N002,32.631633999988686,-117.0996242204787,39.29891
MONTPELR_LNODEDR3,37.5513950204046,-120.771210942368,38.71748
MONTPELR_LNODEDR4,37.5513208784333,-120.77132554154,38.71748
MONTPELR_LNODEDR5,37.5513203022304,-120.771217224249,38.71748
MONTPELR_LNODEDR7,37.551320342333,-120.771557696814,38.71356
MONTPELR_LNODEDR8,37.5513195014288,-120.771445581179,38.71356
MOORPARK_6_N001,34.28245799998789,-118.90073231455499,38.54485
MORAGA_1_N001,37.848008,-122.160732,39.65521
MORGAN_1_N001,37.12745917114046,-121.65871690356438,38.16034
MORMON_6_N001,37.968746,-121.185898,39.96517
MOROHILL_6_N001,33.252187,-117.300305,39.69052
MORROBY_1_N001,35.373004,-120.855187,38.88619
MOSSLD_1_N001,36.804150842399494,-121.78373687034716,38.34082
MOSSLND6_7_ND001,36.80399515757413,-121.78384912953872,38.72533
MOSSLND7_7_ND001,36.804150842399494,-121.78384912965284,38.72533
MPLECRK_6_N001,40.767881,-123.87365,40.67533
MREIS-Q_1_N001,38.12,-122.33,40.43992
MRGNHIL_1_N001,37.12727882875214,-121.65871690383386,39.98479
MRGNHIL_1_N004,37.12727882875214,-121.65894309616613,39.98479
MRGNHIL_1_N007,37.12745917114046,-121.65894309643562,39.98479
MRTSVAL_LNODE32,39.329538,-120.170031,39.35702
MRYSVLLE_6_N001,39.13944599998575,-121.58327227419691,38.90581
MRYSVLLE_6_N003,39.13944599998575,-121.58338772580308,38.90581
MSHR60V_6_N001,38.02150699998609,-121.28089465794243,40.27905
MSHR60V_6_N006,38.02150699998609,-121.28100934205757,40.27905
MTEDEN_1_N001,37.63264525976642,-122.10124,40.78519
MTEDEN_1_N005,37.632563870101905,-122.10118066447778,40.78519
MTEDEN_1_N009,37.632563870101905,-122.10129933552223,40.78519
MTNHOUSE_LNODE1KV,37.79428,-121.55964,38.76849
MTNPASS_1_N001,35.508179,-115.53125,37.31619
MTNQUAR_6_N001,38.914515,-121.015694,40.25551
MTVIEW_1_N001,34.07927114678052,-117.240376,40.19273
MTVIEW_1_N004,34.079189926596804,-117.24031938460595,40.19273
MTVIEW_1_N005,34.079189926596804,-117.24043261539406,40.19273
MURRAY_6_N001,32.79087756459772,-117.0229334582287,39.75125
MURRAY_6_N004,32.790698435312095,-117.02293345844329,39.75125
MURRAY_6_N005,32.790698435312095,-117.02314654155671,39.75125
MURRAY_6_N015,32.79087756459772,-117.0231465417713,39.75125
MUSLSLGH_6_N001,36.264507,-119.907357,38.1368
NARROWS1_7_N001,33.13712344927391,-116.2943780565384,36.46145
NARROWS_6_N010,33.137302550634665,-116.29459194367982,39.97551
NATNLCTY_6_N001,32.67305199998863,-117.10726576866911,39.45306
NATNLCTY_6_N005,32.67305199998863,-117.10737223133088,39.45306
NAT_LNODENE1,38.65097779957077,-121.48672359559271,38.86265
NAT_LNODENE2,38.65089999994365,-121.48666608019934,38.86265
NAT_LNODENE3,38.650822200401045,-121.48672359571763,38.86265
NAT_LNODENE4,38.650822200401045,-121.48683862650437,38.85873
NAT_LNODENE5,38.65089999994365,-121.48689614202266,38.85873
NAT_LNODENE6,38.65097779957077,-121.4868386266293,38.85873
NAVSTMTR_6_N001,32.67041199998878,-117.11463876940559,39.48445
NAVSTMTR_6_N011,32.67041199998878,-117.11474523059441,39.48445
NAVY35R_1_N001,35.29,-119.45,38.0034
NBRANCH_6_N001,38.199837,-120.719506,39.27462
NCMETER_1_N001,33.089572,-117.203236,39.49042
NCPA1GY1_7_N001,38.329999999986036,-122.63005744213352,38.82342
NCPA1GY2_7_N001,38.33999999998601,-122.64005744453604,38.83126
NCPA2GY1_7_N001,38.34999999998599,-122.65005744690819,39.01175
NCPA2GY2_7_N001,38.329999999986036,-122.68005744213352,38.99605
NDUBLIN_2_N002,37.86,-121.88,39.08237
NEWARKD_1_N001,37.50049924095103,-121.987091,40.41637
NEWARKD_1_N012,37.500417879509776,-121.98703179018516,40.41637
NEWBURG_6_N001,40.59455299998477,-124.13512748525541,40.25551
NEWBURG_6_N003,40.59455299998477,-124.13524651474458,40.25551
NEWELL_LNODEWELL,41.888139999984205,-121.37832971620207,37.08137
NEWHALL_1_N001,36.86718099998678,-120.32825478878492,37.9367
NEWHALL_1_N002,36.86718099998678,-120.32836721121508,37.9367
NEWMAN_6_B2,37.31543099998646,-121.01505122358405,40.76557
NEWMAN_6_N001,37.31543099998646,-121.01516477641594,40.76557
NOISLMTR_6_N004,32.70244776093939,-117.182166,39.57469
NOISLMTR_6_N009,32.702367119518385,-117.18211067144682,39.57469
NORCO_1_N001,35.28535,-119.308893,38.22312
NORD1_1_N001,39.759998999985385,-121.90689363690683,38.79203
NORD1_1_N003,39.759998999985385,-121.90701036309318,38.79203
NORTECH_1_N001,37.46,-121.76,40.62825
NORTHOAK_6_N003,35.96338313356797,-119.45673850749412,38.15249
NORTHOAK_6_N004,35.96338313356797,-119.45685349250587,38.15249
NORTHOAK_6_N005,37.36329789847426,-120.76048406012305,38.15249
NOVATO_6_N001,38.10860199998601,-122.56828762317217,39.40802
NOVATO_6_N002,38.10860199998601,-122.56840237682783,39.40802
NRTHTWR_1_N001,38.066061192073654,-122.195674,40.12603
NRTHTWR_1_N002,38.06597990394814,-122.1956143891305,40.12603
NRTHTWR_1_N004,38.06597990394814,-122.19573361086951,40.12603
NR_SUB_LNODEONA,34.22909034238915,-118.54339073176756,38.15642
NR_SUB_LNODEONB,34.228909657513995,-118.54339073200198,38.15642
NR_SUB_LNODEONC,34.228909657513995,-118.54360926799801,38.15642
NR_SUB_LNODEOND,34.22909034238915,-118.54360926823244,38.15642
NUMITAP_1_N003,37.5,-122.04,40.65571
NVYSCHL_6_N001,36.59909,-121.877082,39.0706
NWKDIST_2_N001,37.47999999998637,-121.97994304564625,40.32221
NWKDIST_2_N004,37.47999999998637,-121.98005695435374,40.32221
NWKDIST_2_N017,37.96361862509118,-121.29067763049022,40.32221
OAKC12_7_N002,37.79751331310943,-122.28096478011268,40.07503
OAKDAL_LNODEMTS,37.66746999998627,-120.95814287556452,38.85873
OAKDAL_LNODENDN,37.66746999998627,-120.95825712443548,38.85873
OAKHURST_1_N001,37.32379499998641,-119.63394921398016,38.28982
OAKHURST_1_N002,37.32379499998641,-119.63406278601984,38.28982
OAKLAND_1_N001,37.79743499994459,-122.28090756034669,40.05933
OAKLAND_1_N006,37.797356686862834,-122.280964780234,40.05933
OAKLAND_1_N033,37.797356686862834,-122.28107921976599,40.05933
OCEANO_1_N001,35.10177099998753,-120.58099587832989,41.91124
OCEANO_1_N004,35.10177099998753,-120.5811061216701,41.91124
OCEANSDE_6_N001,33.19681799998853,-117.381743480479,39.91024
OCEANSDE_6_N002,33.19681799998853,-117.381850519521,39.91024
OIGLASS_1_N001,37.75,-121.31,39.69837
OILDALE_1_N001,35.42,-118.98,38.50169
OILFLDS_6_N001,35.95646873409211,-120.85121,37.33247
OILFLDS_6_N007,35.95638813294024,-120.8511525112428,37.33247
OLDRIVR_6_N001,35.208404,-119.100252,38.55269
OLDTOWN_6_N001,32.766092,-117.192529,39.39648
OLEMA_6_N001,38.042497,-122.786541,39.96517
OLETA_6_N001,38.48064499998599,-120.84462852385393,39.34525
OLETA_6_N003,38.48064499998599,-120.84474347614606,39.34525
OLINDA_6_N001,33.94616008273055,-117.922244,38.82277
OLIVHRST_1_N001,39.0918869999858,-121.54288430472884,38.85873
OLIVHRST_1_N002,39.0918869999858,-121.54299969527116,38.85873
OLY_SUB_LNODEONA,34.03409021003063,-118.45989114327803,38.14857
OLY_SUB_LNODEONB,34.03390978987338,-118.45989114350952,38.14857
OLY_SUB_LNODEONC,34.03390978987338,-118.46010885649046,38.14857
OLY_SUB_LNODEOND,34.03409021003063,-118.46010885672197,38.14857
OMAR_2_N001,35.475983864148716,-118.98698399999999,37.12845
OMWD_6_N001,33.068479,-117.141404,39.37271
ONEILPMP_7_LN001,37.098611,-121.0475,38.82342
OREGNTRL_1_N001,40.61902099998471,-122.32226045686366,38.70179
OREGNTRL_6_N001,40.61902099998471,-122.32237954313634,38.75672
OREGON_LNODENK1,37.63168999998624,-120.9742429051075,38.86265
OREGON_LNODENK2,37.63168999998624,-120.9743570948925,38.86265
ORICK_6_N001,41.294542,-124.056522,41.53066
ORLANDB_6_N001,39.725068,-122.178873,38.95682
OROLOMA_6_N001,36.886866,-120.655928,38.08972
OROSI_6_N006,36.544759,-119.251776,38.72533
OROVILLE_6_N001,39.50524442035656,-121.5593758990519,38.3212
OROVILLE_6_N005,39.50524442035656,-121.5596081009481,38.3212
OROVILLE_6_N102,39.50542357952801,-121.55960810124742,38.3212
ORV_LNODENE1,38.68455,-121.267326944444,38.8705
ORV_LNODENE2,38.68454999994364,-121.26721189591703,38.8705
ORV_LNODENE3,38.68446019318104,-121.26721189606141,38.8705
ORV_LNODENE4,38.68439669026182,-121.26729324758281,38.8705
ORV_LNODENE5,38.68438150373832,-121.26740663898543,38.87442
ORV_LNODENE6,38.6844126084275,-121.26751456633991,38.87442
ORV_LNODENE7,38.6844781061685,-121.26759327946426,38.87442
ORV_LNODENE8,38.68456298132683,-121.2676308796447,38.87442
OTAY_6_N001,32.595376662064226,-117.05752057560969,39.37738
OTAY_6_N014,32.59519733784581,-117.05752057582266,39.37738
OTTER_6_N001,36.47781599998705,-121.7270037380447,40.98921
OVES_SUB_LNODEBKB,37.43792099998635,-118.55704491120122,18.16599
OVES_SUB_LNODEBKC,36.443,-118.0438,38.16034
OVES_SUB_LNODEBKD,37.342,-118.441,18.27977
OXFORD_1_N001,36.7,-120.68,37.8543
P0504GT1_7_CN1,37.96379937479765,-121.2906776307724,37.83861
PACFCBCH_6_N001,32.799218999988646,-117.24014772581532,39.67113
PACFCBCH_6_N004,32.799218999988646,-117.24025427418468,39.67113
PACIFICA_6_N001,37.59458399998625,-122.48892793722666,41.91124
PACIFICA_6_N003,37.59458399998625,-122.48904206277334,41.91124
PADUA_6_N001,34.120216,-117.639076,38.64878
PALMR_1_N001,34.825223,-120.298953,40.29082
PALOMAR_1_N001,33.12281772819047,-117.287925,39.50611
PALOMAR_1_N004,33.1227371358924,-117.28786944194597,39.50611
PALOMAR_1_N013,33.1227371358924,-117.28798055805403,39.50611
PANAMA_6_N001,35.29556801570901,-119.021525,38.83911
PANAMA_LNODECOUERCRK1,35.29548699213203,-119.02146768568419,37.93277
PANAMA_LNODECOUERCRK2,35.29548699213203,-119.02158231431581,37.93277
PANRAMA_1_N001,40.434409,-122.2679,38.37613
PARADISE_1_N001,39.7615578392488,-121.618634,38.72533
PARADISE_LNODEDISE,39.76147708035982,-121.61857334522642,37.08921
PARADISX_6_N001,39.76147708035982,-121.61869465477358,39.35663
PARADS_LNODEFEG,37.69056,-121.02061,38.85873
PARADS_LNODEKHB,37.690559999944874,-121.02049571450051,38.85873
PARKWAY_2_N001,38.17,-122.25,39.30601
PAR_LNODEAPM,37.668079999986205,-120.9174128750731,38.85873
PAR_LNODEFVM,37.668079999986205,-120.9175271249269,38.85873
PAULSWT_1_N001,36.99234705413821,-121.98202825128297,40.16527
PAULSWT_1_N004,36.9921669457552,-121.98202825154998,40.16527
PAULSWT_1_N101,36.99234705413821,-121.98225374871703,40.16527
PEABODY_2_N002,38.28558699998594,-121.97025256896055,39.04314
PEABODY_2_N006,38.28558699998594,-121.97036743103946,39.04314
PEACHTON_6_N001,39.3784769999856,-121.68494608007006,39.16477
PEACHTON_6_N004,39.3784769999856,-121.68506191992994,39.16477
PEARBMAP_7_B1,34.508883999950896,-117.91829825412502,38.48992
PEARBMAP_7_B3,34.50879356514072,-117.9182982542441,38.48992
PEARBMAP_7_B4,34.50872961811796,-117.91837585623696,38.48992
PEARBMBP_7_B1,34.50871432539329,-117.91848402139897,38.48992
PEARBMBP_7_B3,34.50874564762435,-117.91858697434263,38.48992
PEARBMBP_7_B4,34.5088116034329,-117.91866205952238,38.48992
PEARBMCP_7_B1,34.50889707216307,-117.91869792664747,38.48992
PEARBMCP_7_B3,34.50898737191128,-117.91869193094361,38.48992
PEARBMDP_7_B1,34.50907009278566,-117.91864757930026,38.48992
PEASE_1_N001,39.17010299998576,-121.66113925312504,38.72533
PEASE_1_N009,39.17010299998576,-121.66125474687495,38.72533
PENDLETN_6_N001,33.30925299998849,-117.3349783807102,39.69444
PENDLETN_6_N004,33.30925299998849,-117.3350856192898,39.69444
PENNGRVE_1_N001,38.315547,-122.681119,39.61597
PENRYN_6_N001,38.8444299999859,-121.16613942513398,40.18881
PENRYN_6_N004,38.8444299999859,-121.16625457486602,40.18881
PERMNNTE_6_N002,34.355793,-116.855947,40.05149
PERRY_6_N008,35.570805,-121.055868,40.30652
PETLMAA_6_N001,38.234002,-122.636285,39.27855
PETLMAC_6_N002,38.2390641182539,-122.636804,39.91808
PETLMAC_6_N003,38.23898294085798,-122.63674432895719,39.91808
PETLMAC_6_N004,38.23898294085798,-122.6368636710428,39.91808
PGG_LNODESS1,38.531716666610464,-121.39934830807131,38.88227
PGG_LNODESS2,38.531794557439916,-121.39929082076439,38.88227
PHILLIPS_1_N001,37.34,-122.03,40.4203
PHILO_6_N001,39.063719,-123.437524,42.33106
PICO_1_N001,33.45676299998844,-117.58919323286267,39.49042
PICO_1_N004,33.45676299998844,-117.58930076713733,39.49042
PIERCY_1_N201,37.28,-121.83,40.09072
PIKECTY_6_N001,39.438734,-120.997847,41.62875
PIONEER_LNODEBUS,37.39756017328021,-120.7270641608972,38.68609
PIONEER_LNODEDR1,37.39756017322573,-120.72695042442128,38.69786
PIONEER_LNODEDR2,37.3974698163648,-120.7269504245584,38.69786
PIONEER_LNODEDR3,37.3974059244655,-120.72703084832322,38.69786
PIONEER_LNODEDR4,37.39739064492007,-120.72714294658331,38.69786
PIONEER_LNODEDR5,37.39742194014138,-120.72724964310564,38.70963
PIONEER_LNODEDR6,37.397487839085414,-120.72732745855615,38.70963
PIONEER_LNODEDR7,37.39757323413797,-120.72736462991926,38.69786
PIONEER_LNODEDR8,37.397663456054794,-120.72735841623376,38.69786
PIONEER_LNODEDR9,37.39774610563929,-120.72731245188831,38.69786
PIONEER_LNODER15,37.397811856418734,-120.72723443776906,38.70963
PIT1_6_N001,38.030670659249246,-121.86908630802888,37.46587
PIT3_7_N001,38.030606778782065,-121.8691674075287,37.28931
PIT5_7_B1,38.030591501969816,-121.86928044765509,37.59143
PITSBURG_1_N001,38.03101263810665,-121.86937270758541,38.91758
PITTSBRG_6_N101,38.031055408073875,-121.8692716827705,39.11768
PLACERVL_1_N001,38.73027886166341,-120.788047,39.55712
PLACER_1_N001,38.901310999985846,-121.08802340262966,39.78468
PLACER_7_N009,38.901310999985846,-121.08813859737035,39.78468
PLAINFLD_6_N001,38.61887,-121.793976,42.05249
PLANETRN_LNODEANET,34.16127269818337,-114.38177086876138,37.23438
PLOALTO_1_N001,33.356029648193925,-117.1119886715524,41.04414
PLOALTO_1_N007,33.35585035171371,-117.11198867177347,41.04414
PLOALTO_1_N013,33.35585035171371,-117.11220332822651,41.04414
PLUMAS_6_N001,39.026121,-121.54308,39.03921
PNEDLE_1_N001,36.829999999986725,-119.82994383698444,37.93277
PNEDLE_1_N002,36.829999999986725,-119.83005616301556,37.95239
PNEGRVE_6_N001,38.41271199998601,-120.6602245387678,40.1535
PNEGRVE_6_N002,38.41271199998601,-120.6603394612322,40.1535
PNTARNA_6_N001,38.912571,-123.679495,43.21386
POC_LNODENE2,38.490383333333334,-121.470263055556,38.90974
POC_LNODENE3,38.49038333327713,-121.4701480990094,38.90974
POC_LNODENE4,38.490293355392375,-121.470263055556,38.90974
POC_LNODENE7,38.49038333327713,-121.47037801210259,38.90974
POC_LNODENE8,38.49047331127424,-121.470263055556,38.90974
POINTLMA_6_N013,32.74152175021991,-117.233364,39.56911
POINTLMA_6_N014,32.74144112487782,-117.23330865823404,39.56911
POLPASPP_6_N002,38.57552299994369,-121.49770299452835,38.19565
POMERADO_6_N001,32.941482719314884,-117.032882,38.78885
POMERADO_6_N004,32.9414021403303,-117.03282656531631,38.78885
POMERADO_6_N008,32.9414021403303,-117.03293743468369,38.78885
PORTOLA_LNODE31,39.803943999985336,-120.46453157749829,39.58851
PORTOLA_LNODE32,39.803943999985336,-120.46464842250171,39.58851
POSOMT_1_N001,35.559194,-118.957501,38.62332
POST_1_N001,39.11,-121.64,39.60813
POTRERO_1_N001,37.46005423161257,-122.4,41.58167
POTRERO_1_N013,37.45997288417899,-122.39994083241324,41.58167
POTRERO_1_N016,37.45997288417899,-122.40005916758676,41.58167
POUST_LNODEIGQ,37.69046956305469,-121.02049571463989,38.85873
POUST_LNODELD2,37.6904056145667,-121.02057652662188,38.85873
POWAY_6_N001,32.978722999988655,-117.03130363648788,39.01197
POWAY_6_N010,32.978722999988655,-117.03141036351212,39.01197
PP1_LNODEOAD,34.59026131985074,-118.4546210726575,38.16034
PP1_PP2_LNODELMW,34.59026131985074,-118.4547309273425,38.15642
PP2_LNODEAUX,34.53433699995089,-118.52522278142764,38.16034
PP2_LNODEOAD,34.534427436468654,-118.525113,38.16034
PPSTLTAP_1_N001,38.01999999998606,-122.36994265860079,39.83177
PPSTLTAP_1_N104,38.01999999998606,-122.3700573413992,39.83177
PRAXAIR_1_B1,37.99999999998611,-121.80994266753221,39.06668
PRCTRVLY_1_N001,32.665044,-116.986801,38.81291
PRSCOT_LNODEAEJ,37.6903903214879,-121.02068916599474,38.85088
PRSCOT_LNODETKD,37.69042164442615,-121.02079637755577,38.85088
PRUNEDLE_1_N001,36.785518920972784,-121.671051,38.68217
PRUNEDLE_1_N002,36.785438039499425,-121.67099269323379,38.68217
PSARBLS_6_N001,35.61564884893555,-120.67989,39.01567
PSARBLS_6_N005,35.61556807551859,-120.67983263488163,39.01567
PSARBLS_6_N007,35.61556807551859,-120.67994736511837,39.01567
PTMRTTI_6_N001,37.030856,-122.187639,40.94213
PTR_PP_LNODEROM,35.24801901925079,-118.1756473615291,38.15642
PUEBLOPG_1_N001,38.345348999986,-122.29956355419145,39.71798
PUEBLOPG_1_N010,38.345348999986,-122.29967844580855,39.71798
PURISIMA_1_N001,34.700622,-120.435261,40.71064
QUEBEC_1_N001,36.07,-119.56,38.66255
RADUM_6_N001,37.67264599998626,-121.85946487140774,39.74937
RADUM_6_N004,37.67264599998626,-121.85957912859226,39.74937
RAINBOW_1_N001,36.709983,-119.538157,38.28589
RANCHRS_1_N001,36.700797999986875,-119.75437400116115,38.49384
RANDSBRG_1_N001,35.375699,-117.655868,35.68851
RAWSON_6_N001,40.145295999985066,-122.21242808907787,40.37714
RAWSON_6_N002,40.145295999985066,-122.21254591092213,40.37714
RCARMEL_6_N001,32.99378371822819,-117.077745,39.15828
RCARMEL_6_N004,32.9937031408736,-117.07768953360795,39.15828
RCARMEL_6_N011,32.9937031408736,-117.07780046639205,39.15828
RECTOR_6_N001,36.29851,-119.242336,36.85772
REDBLFF_6_N001,40.1825869024183,-122.244610070096,39.5532
REDBLFF_6_N004,40.1825869024183,-122.24484592990399,39.5532
REDBLFF_6_N005,40.18276709746204,-122.24484593021722,39.5532
REDBUD_1_N001,39.02788699998577,-122.66224734180834,39.51788
REDBUD_1_N004,39.02788699998577,-122.66236265819167,39.51788
REDWOOD_6_N001,37.490252,-122.213021,41.26778
REDWOOD_6_N002,37.49025199994532,-122.2129070707913,41.26778
REDWOOD_6_N005,37.49016160208324,-122.213021,41.26778
REDWOOD_6_N006,37.49025199994532,-122.21313492920869,41.26778
REDWOOD_6_N007,37.49034239791678,-122.213021,41.26778
REEDLEY_1_N001,36.605116999986976,-119.3758071174397,38.43499
REEDLEY_6_N001,36.605116999986976,-119.3759188825603,38.4703
REINWY_LNODEGME,37.63942160426353,-120.92024637744797,38.86265
REINWY_LNODEQAC,37.6395070719657,-120.92028370125492,38.86265
RENFRO_1_N001,35.409999999987434,-119.16994483454441,38.20742
RENFRO_1_N010,35.409999999987434,-119.1700551654556,38.23489
RESERVR_LNODEFFW,37.651919999986276,-120.67483288823061,38.85873
RESERVR_LNODEPMW,37.651919999986276,-120.67494711176938,38.85873
RICE_6_N002,39.402805999985674,-122.01287205646442,39.02352
RICE_6_N101,39.402805999985674,-122.01298794353558,39.02352
RICHMOND_1_B1,37.92597623462323,-122.369629,39.96124
RICHMOND_1_N001,37.92589488267337,-122.36956945615904,39.96517
RINCON_1_N001,33.285967608914305,-116.9585228047856,39.25108
RINCON_1_N003,33.28578839099371,-116.95852280500573,39.25108
RINCON_6_N001,33.28578839099371,-116.95873719499427,38.88227
RINCON_6_N008,33.285967608914305,-116.9587371952144,38.88227
RIN_SUB_LNODEONA,34.28105422156671,-118.479,38.15249
RIN_SUB_LNODEONB,34.28097288920359,-118.47894317065887,38.15249
RIN_SUB_LNODEONC,34.28097288920359,-118.47905682934115,38.15249
RIOBRVO_1_N001,35.44252289360183,-119.26010566010629,38.25843
RIOBRVO_1_N006,35.44234310629778,-119.26010566035274,38.25843
RIOBRVTM_1_N001,35.44252289360183,-119.26032633989371,38.11326
RIODELL_6_N001,40.495382,-124.099276,39.47865
RIOHONDO_6_N001,34.10610615849042,-117.97947,38.62248
RIOHONDO_LNODEONDO,34.1060249207417,-117.97952664559254,37.08529
RIPON_1_N001,37.72,-121.13,40.31436
RIVERROC_6_N001,36.902618,-119.771768,38.87835
RIVRBANK_1_N001,37.76895425952452,-120.908163,38.64686
RIVRSIDE_6_N001,34.021990939807104,-117.33196554960466,38.71111
ROADWAY_1_N001,34.590373,-117.431752,38.38006
ROBROY_1_N001,36.979885,-121.867457,39.84746
ROCKET_1_N001,34.933939,-117.692217,37.41094
ROCKLIN_6_N001,38.788043999985874,-121.23171544490323,39.35702
ROCKLIN_6_N003,38.788043999985874,-121.23183055509676,39.35702
ROEDING_LNODEDR1,37.587341764588,-120.935901626126,38.6704
ROEDING_LNODEDR2,37.5872777703549,-120.935976143427,38.6704
ROEDING_LNODEDR3,37.5871231822836,-120.935612409,38.6704
ROEDING_LNODEDR5,37.5870085148256,-120.935981028585,38.6704
ROEDING_LNODEDR6,37.5871259671814,-120.935792411292,38.6704
ROEDING_LNODEDR7,37.5871257817397,-120.935692486018,38.6704
ROGERS_LNODEDR1,37.4749114287345,-121.178218328626,38.85481
ROGERS_LNODEDR2,37.4751811958932,-121.178206809282,38.85481
ROGERS_LNODEDR3,37.4750639771164,-121.17821700138,38.85481
ROGERS_LNODEDR5,37.4748414013345,-121.178225065561,38.85481
ROGERS_LNODEDR7,37.4749721097043,-121.178220428168,38.85481
ROGH-RDY_6_N001,37.95526599998612,-121.33253531114549,38.74102
ROSECYN_6_N001,32.84459772910598,-117.236988,39.77427
ROSECYN_6_N017,32.84451713543481,-117.23693261581597,39.77427
ROSEDAL_1_N001,35.37703397144563,-119.077971,38.30943
ROSELE_LNODEHMV,37.68013999998623,-120.94014286544196,38.85873
ROSELE_LNODERLV,37.68013999998623,-120.94025713455804,38.85873
ROSEMR_LNODEAEI,37.64253,-121.0423,38.86265
ROSE_6_N001,32.84451713543481,-117.23704338418403,38.56054
ROSSMOOR_2_N001,37.86470199998613,-122.08030973806707,39.56104
ROSSMOOR_2_N101,37.86470199998613,-122.08042426193292,39.56104
RSC_LNODE8LD,38.761389,-121.264722,38.85873
RSM_SUB_LNODEONB,34.244054210355124,-118.392,38.14072
RSM_SUB_LNODEONC,34.24397289480934,-118.39194320739797,38.14072
RSM_SUB_LNODEOND,34.24397289480934,-118.39205679260202,38.14072
RSNTAFE_6_N009,33.014261,-117.198557,39.62353
RSVTNRD_6_N001,36.624374,-121.68835,40.28297
RTRACK_1_N001,37.979737,-120.414515,39.06668
RUSSRCH_6_N001,40.819848,-123.826638,41.0206
RVRBANK_1_N001,37.76887287022286,-120.90810355553742,39.18831
RVRBANK_1_N005,37.76887287022286,-120.90822244446258,39.18831
SAFEWAY_1_N001,37.71,-121.4,39.51788
SALINAS_1_N001,36.683239999986945,-121.65120502290527,38.93328
SALINAS_1_N024,36.683239999986945,-121.65131697709472,38.93328
SANARDO_6_N001,36.073766,-120.936804,37.71698
SANCRLS_6_N001,37.49972924078839,-122.243974,41.29132
SANCRLS_6_N002,37.499647879591045,-122.24391479097326,41.29132
SANCRLS_6_N004,37.499647879591045,-122.24403320902674,41.29132
SANDCRK_6_N001,36.64502999998689,-119.15920293037858,38.70963
SANGER_1_N001,36.70707499998684,-119.6108700066517,38.27412
SANJOQN_6_N001,36.62101099998692,-120.17805409852517,38.06225
SANJOQN_6_N006,36.62101099998692,-120.17816590147483,38.06617
SANLUSRY_6_N013,36.77962699998679,-120.72995490173179,39.47472
SANLUSRY_6_N014,36.77962699998679,-120.73006709826822,39.47472
SANLUSRY_6_N101,33.211532999988535,-117.33442746812834,39.47472
SANLUSRY_6_N201,33.211532999988535,-117.33453453187165,39.47472
SANMATEO_1_N001,37.58333525489619,-122.319035,39.52181
SANMATEO_1_N001A,37.58325387253711,-122.31897570912398,40.72241
SANMATEO_1_N009,33.409472,-117.590641,39.52181
SANMATO_6_N001,37.58325387253711,-122.31909429087602,40.74988
SANMIGL_6_N001,35.75192,-120.684163,39.60813
SANMRCOS_6_N001,33.12885155124498,-117.19722253462301,39.55712
SANMRCOS_6_N007,33.12877399995433,-117.19716906934049,39.55712
SANMRCOS_6_N011,33.12869644873215,-117.19722253471747,39.55712
SANPBLO_1_N001,37.984803,-122.336618,39.85923
SANRAFL_1_N001,37.970858222937125,-122.527065,39.62382
SANRAFL_1_N006,37.97077688851645,-122.52700543261207,39.62382
SANRAFL_1_N007,37.97077688851645,-122.52712456738792,39.62382
SANRAMON_2_N001,37.745125434987564,-121.93600563263105,39.54535
SANRAMON_2_N004,37.74494456490202,-121.93600563291054,39.54535
SANRAMON_2_N023,37.74494456490202,-121.93623436708945,39.54535
SANRAMON_2_N024,37.745125434987564,-121.93623436736895,39.54535
SANTAFE_LNODEPLNT,38.77997308074166,-122.67005981025191,37.07744
SANTARO_1_N001,33.78461699446498,-116.41025972078828,38.30344
SANTARO_1_N014,33.78443700544048,-116.41025972101585,38.30344
SANTARO_1_N017,33.78443700544048,-116.41047627898415,38.30344
SANTARO_1_N021,33.78461699446498,-116.41047627921172,38.30344
SANTEE_1_N001,32.85452999998873,-116.96829070198787,39.03097
SANTEE_1_N004,32.85452999998873,-116.96839729801214,39.03097
SANYSDRO_6_N001,32.562237999988916,-117.02641779453799,39.53824
SANYSDRO_6_N004,32.562237999988916,-117.02652420546201,39.53824
SARATOGA_2_N001,37.28099617234283,-122.014883,39.87885
SARATOGA_2_N006,37.28091491381397,-122.0148240379766,39.87885
SARATOGA_2_N011,37.28091491381397,-122.0149419620234,39.87885
SAUGUS_6_N001,34.4222099999511,-118.5721663854507,38.34475
SAUSALTO_6_N001,37.86340599998612,-122.49836873883264,41.31486
SAUSALTO_6_N002,37.86340599998612,-122.49848326116737,41.31486
SCA_GS_LNODE1AUX,33.91807886040714,-118.42789938920775,38.14465
SCA_GS_LNODE2AUX,33.91816402577284,-118.42793487934084,38.14465
SCA_GS_LNODE4AUX,33.91825400500674,-118.42792894664778,38.14857
SCA_GS_LNODE5AUX,33.91833643226557,-118.42788506116258,38.14857
SCA_GS_LNODE6AUX,33.91840200617013,-118.42781057548723,38.14857
SCA_GS_LNODE7AUX,33.91844466871178,-118.42771492357166,38.14857
SCA_LA_LNODE3SS,33.91846141326686,-118.42760822199088,38.14857
SCA_SUB_LNODEONA,33.918451884282646,-118.42750023805854,38.14465
SCA_SUB_LNODEONB,33.91841787609632,-118.42739967533626,38.14465
SCHINDLR_1_N005,36.402237,-120.138272,38.05833
SCHMLBCH_1_N001,38.3,-121.87,39.62774
SCLARA_6_N001,34.3007956214976,-119.18563240503143,39.03921
SCRIPPS_6_N001,32.91119872129761,-117.112589,39.5052
SCRIPPS_6_N008,32.91111813933897,-117.11253358224198,39.5052
SCRIPPS_6_N013,32.91111813933897,-117.112644417758,39.5052
SCWAX_1_N001,36.700797999986875,-119.75448599883885,38.48992
SCY_LNODE102,38.508556628165735,-121.46418309094265,38.89796
SCY_LNODE103,38.50837670505527,-121.4641830912299,38.89796
SCY_LNODE105,38.50837670505527,-121.4644130198821,38.89404
SCY_LNODE106,38.508556628165735,-121.46441302016935,38.89404
SEARLES_7_N001,35.75666699998737,-117.38050076336167,34.02101
SEMITRPC_1_N001,35.600398,-119.437498,38.17603
SERRMNTE_1_N011,37.69171986891291,-122.4557633854276,41.69545
SFIA-MA_1_N001,37.63904926020716,-122.385896,41.36195
SFIA_1_N001,37.63896786988162,-122.38583665888167,40.93821
SFIA_1_N007,37.63896786988162,-122.38595534111833,40.93821
SHADOWR_1_N001,33.141540731105856,-117.238793,39.51004
SHADOWR_1_N006,33.141460134434745,-117.23873742707973,39.51004
SHADOWR_1_N008,33.141460134434745,-117.23884857292028,39.51004
SHADYGLN_6_N001,39.115058,-120.95331,41.05591
SHAFTER_7_N022,39.77608299994151,-122.10394676937125,38.23096
SHARON_1_N001,37.097275,-120.156454,37.921
SHAWROAD_1_N001,37.55,-122.42,41.07161
SHLLCHM_6_N001,38.031607,-121.945728,40.07895
SHNGLESR_1_N001,38.65969989665331,-120.946938,39.49827
SHNGLESR_1_N004,38.659619051658225,-120.94687822587784,39.49827
SHNGLESR_1_N103,38.659619051658225,-120.94699777412217,39.49827
SHREDDER_1_N001,37.511676999986356,-122.20767698568532,40.93821
SIERABRK_LNODE19,39.646142,-120.217943,39.58851
SILVERDO_1_N001,38.49950299998593,-122.45908751973128,39.32563
SILVERDO_1_N002,38.49950299998593,-122.45920248026871,39.32563
SISK_LNODEKZH,37.69048760173528,-121.02087456863451,38.85088
SISK_LNODEYUP,37.69057307242136,-121.0209119194331,38.85088
SISQUOC_1_N001,34.87826099998756,-120.33120693531723,40.16134
SISQUOC_1_N020,34.87826099998756,-120.33131706468278,40.16134
SLMNCRK_6_N001,38.343592,-123.044809,41.64837
SMRTVLTP_6_N101,39.207939,-121.301476,36.48499
SMTRPCWS_1_N001,35.59,-119.44,38.17603
SNANDRES_6_N001,37.603294,-122.420424,41.46396
SNBRNRD_6_N001,35.092421,-118.878241,38.4546
SNJOSEB_1_N001,37.34102432531631,-121.9009493888098,40.69887
SNJOSEB_1_N005,37.34084367457506,-121.9009493890831,40.69887
SNJOSEB_1_N009,37.34084367457506,-121.9011766109169,40.69887
SNJOSEB_1_N013,37.34102432531631,-121.9011766111902,40.69887
SNJSEA_1_N001,37.328246190599145,-121.902531,40.69495
SNJSEA_1_N005,37.32816490468582,-121.90247198103432,40.69495
SNJSEA_1_N101,37.32816490468582,-121.90259001896567,40.69495
SNLNDRO_1_N001,37.711237436769906,-122.14880668270004,40.77734
SNLNDRO_1_N014,37.71105656311971,-122.14880668297907,40.77734
SNLNDRO_1_N017,37.71105656311971,-122.14903531702092,40.77734
SNLNDRO_1_N027,37.711237436769906,-122.14903531729996,40.77734
SNROSA_LNODEMEA,37.5099999999863,-121.22994301594794,38.86265
SNROSA_LNODEYWX,37.5099999999863,-121.23005698405206,38.86265
SNTAMRA_1_N001,33.12877399995433,-117.19738293065951,40.1535
SNTAMRA_1_N005,33.12885155124498,-117.19732946537698,40.1535
SNTANLA_6_N001,37.085979,-121.013273,38.80772
SNTARSA_1_N001,38.43691201584367,-122.71331,39.66698
SNTARSA_1_N002,38.43683099206306,-122.71325027901105,39.66698
SNTARSA_1_N006,38.43683099206306,-122.71336972098895,39.66698
SNTARTA_6_N001,37.055061,-120.634086,38.59978
SNTAYNZ_1_N001,34.625273999987726,-120.11813905143147,40.51446
SNTAYNZ_1_N002,34.625273999987726,-120.11824894856854,40.51446
SNTHLNE_6_N001,37.6223639999863,-122.44717791303894,41.73076
SNTHLNE_6_N002,37.6223639999863,-122.44729208696106,41.73076
SOBRANTE_1_N001,37.90594,-122.208144,39.52965
SOLEDAD_6_N001,36.429513,-121.331901,39.37664
SONOFRE_2_N067,33.3697279999884,-117.55438367777961,39.3531
SOUTHBAS_1_N001,34.881503,-117.892023,38.52915
SOUTHBY_6_N001,38.575612901218726,-121.497588,39.32563
SOUTH_LNODE108,40.39538221,-121.8791458,36.99505
SOUTH_LNODE204,40.39538220993951,-121.87902727370097,37.0029
SOUTH_LNODEC542,40.39529194143137,-121.87902727385986,37.0029
SOUTH_LNODEC544,40.39522811201244,-121.87911108453021,37.0029
SOUTH_LNODEC546,40.39521284740522,-121.87922790359386,37.0029
SOUTH_LNODEC547,40.39524411201219,-121.8793390934442,37.0029
SOUTH_LNODEC548,40.39530994650243,-121.87942018597366,37.0029
SOUTH_LNODEC549,40.395395258043976,-121.87945892278287,37.0029
SOUTH_LNODEC550,40.3954853917418,-121.8794524474595,37.0029
SOUTH_LNODEC552,40.39556796052161,-121.87940454742642,37.0029
SPANSHCK_6_N001,40.026139,-120.961748,37.0696
SPENCE_6_N001,36.613591,-121.566779,88.0
SPICAMIN_1_N001,38.73992576174639,-120.67723108004192,39.51396
SPRINGVL_6_N001,36.10586253074472,-118.93516918490357,36.92835
SPRNGVLY_6_N001,32.73903399998875,-117.00264674817954,39.56179
SPRNGVLY_6_N010,32.73903399998875,-117.00275325182045,39.56179
SQAWVLY_LNODE01,39.20568653401713,-120.20123845453338,39.39625
SQAWVLY_LNODE81,39.20550746586879,-120.20123845482796,39.39625
SQAWVLY_LNODE82,39.20550746586879,-120.20146954517205,39.39625
SQAWVLY_LNODE83,39.20568653401713,-120.20146954546662,39.39625
STAFFORD_6_N002,38.12003299998604,-122.61362861905879,39.45511
STAFFORD_6_N101,38.12003299998604,-122.6137433809412,39.45511
STAGG_2_N001,37.99164936143144,-121.34848834268168,39.49827
STAGG_2_N014,37.99146863845723,-121.34848834296415,39.49827
STAGG_6_N001,37.99146863845723,-121.34871765703586,39.53358
STAGG_6_N003,37.99164936143144,-121.34871765731833,39.53358
STAMPEDE_LNODE19,39.46748199998557,-120.10518300964912,39.58458
STATELN_LNODE01,38.95238461856907,-119.94181675988908,37.96024
STATELN_LNODE22,38.952205381317675,-119.94181676018052,37.96024
STATELN_LNODE23,38.952205381317675,-119.94204723981947,37.96024
STATELN_LNODELY,38.95238461856907,-119.94204724011091,37.96024
STATIN-L_7_N001,37.81024899998616,-122.271385771776,40.03971
STATIND_1_N001,37.837585251800924,-122.263503,39.94947
STATIND_1_N010,37.83750387408463,-122.26344350874284,39.94947
STATIND_1_N013,37.83750387408463,-122.26356249125715,39.94947
STATINJ_1_N001,37.76334825993251,-122.214444,41.16185
STATINJ_1_N012,37.763266870018874,-122.21438455959633,41.16185
STATINJ_1_N027,37.763266870018874,-122.21450344040367,41.16185
STATINL_1_N001,37.81024899998616,-122.271500228224,40.03579
STATINX_1_N001,37.80554442667025,-122.23091354965457,40.0201
STATINX_1_N012,37.805363573219,-122.23091354993484,40.0201
STATINX_1_N014,37.805363573219,-122.23114245006515,40.0201
STATINX_1_N024,37.80554442667025,-122.23114245034543,40.0201
STB_LNODE201,38.57233333333333,-121.483291944444,38.88227
STB_LNODE202,38.57233333327705,-121.48317695138249,38.88227
STB_LNODE203,38.57224342921349,-121.48317695152639,38.88227
STB_LNODE204,38.57217985749196,-121.48325826382802,38.88227
STB_LNODE205,38.572164654514715,-121.48337160056485,38.88227
STB_LNODE206,38.57219579290459,-121.48347947588752,38.88227
STB_LNODE207,38.5722613616095,-121.48355815106362,38.88227
STB_LNODE208,38.57234632872595,-121.48359573311588,38.88227
STB_LNODE209,38.57243609852223,-121.48358945079376,38.88227
STB_LNODE210,38.57251833393617,-121.48354297863219,38.88227
STB_LNODE211,38.572583755229644,-121.4834641025941,38.88227
STB_LNODE212,38.57262631848412,-121.48336281268834,38.88227
STCKTNAR_6_N001,37.963279,-121.323476,38.74495
STCRUZ_LNODECXA,37.627559999986325,-120.97504290860819,38.82342
STCRUZ_LNODEWLS,37.627559999986325,-120.97515709139182,38.82342
STDDRD_LNODECEA,37.704079999986206,-121.06864284680097,38.85088
STDDRD_LNODEWZO,37.704079999986206,-121.06875715319903,38.85088
STDOIL_1_N009,37.94,-122.38,39.86708
STD_LNODENE1,38.57225,-121.500568888889,38.88619
STD_LNODENE2,38.572249999943736,-121.50045389586575,38.88619
STD_LNODENE4,38.57217214071853,-121.50051139243968,38.88619
STD_LNODENE5,38.57217214071853,-121.50062638533832,38.88619
STD_LNODENE6,38.572249999943736,-121.50068388191225,38.88619
STD_LNODENE7,38.57232785925329,-121.50062638546294,38.88619
STD_LNODENE8,38.57232785925329,-121.50051139231506,38.88619
STELLING_1_N001,37.3360521934471,-122.042805,40.1378
STELLING_1_N004,37.33597090326187,-122.04274597179945,40.1378
STELLING_1_N007,37.33597090326187,-122.04286402820055,40.1378
STE_SM_LNODE301,38.58631666666667,-121.472838888889,38.88619
STE_SM_LNODE302,38.586316666610415,-121.47272388936047,38.88619
STE_SM_LNODE303,38.58622677499287,-121.47272388950444,38.88619
STE_SM_LNODE304,38.58616321207191,-121.47280520637891,38.88619
STE_SM_LNODE305,38.58614801119931,-121.4729185494895,38.88619
STE_SM_LNODE306,38.58617914527848,-121.47302643087885,38.88619
STE_SM_LNODE307,38.58624470490619,-121.47310511047952,38.88619
STE_SM_LNODE308,38.586329660260105,-121.47314269464546,38.88619
STE_SM_LNODE309,38.58641941762905,-121.47313641197016,38.88619
STF_LNODEDAX,37.69055999998624,-121.02097285725026,38.84304
STF_LNODEIPN,37.69055999998624,-121.02108714274974,38.84304
STJ_SUB_LNODEONB,34.067054141297895,-118.226,38.13287
STJ_SUB_LNODEONC,34.06697292933807,-118.22594339850212,38.13287
STJ_SUB_LNODEOND,34.06697292933807,-118.22605660149787,38.13287
STKTONA_1_N001,37.94722338217881,-121.28911838573319,39.17654
STKTONA_1_N003,37.947042617710025,-121.28911838601516,39.17654
STKTONA_6_N001,37.947042617710025,-121.28934761398483,39.15299
STKTONA_6_N004,37.94722338217881,-121.2893476142668,39.15299
STLLWATR_6_N001,40.677845,-122.34971,38.83519
STOCKDLE_1_N001,35.316584007161445,-119.06818269302951,38.42322
STOCKDL_2_N001,35.31640399273835,-119.06818269327503,38.28982
STOCKDL_2_N002,35.31640399273835,-119.06840330672496,38.28982
STOCKDL_2_N101,35.316584007161445,-119.0684033069705,38.28982
STOCKM_LNODEVZF,37.62761110994497,-120.9752808828705,38.84696
STOCKM_LNODEXFA,37.62770154232185,-120.9751667,38.84696
STONCRRL_6_N001,36.472251999987044,-119.18811326795893,38.96074
STONCRRL_6_N003,36.472251999987044,-119.18822473204106,38.96074
STONE_1_N001,37.303708999986505,-121.86757223713448,40.54585
STONE_1_N005,37.303708999986505,-121.8676857628655,40.54585
STONYPT_1_N001,38.42,-122.78,39.7376
STOREY1_2_N001,36.98288702744317,-120.033746,37.921
STOREY2_2_N001,36.98280598626407,-120.03380457310557,37.94454
STREAMVW_6_N001,32.745604999988714,-117.07864474591278,39.61671
STREAMVW_6_N007,32.745604999988714,-117.07875125408721,39.61671
STROUD_6_N001,36.530868,-120.104386,38.10933
STUART_6_N001,33.256701,-117.416547,40.02402
STURLOCK_LNODEDR3,37.4835881458663,-120.846727672541,38.75279
STURLOCK_LNODEDR4,37.4835360336794,-120.846797393384,38.75279
STURLOCK_LNODEDR7,37.4834830942642,-120.846867453726,38.74887
STURLOCK_LNODER13,37.483522165007,-120.846657059231,38.74887
SUISUN_1_N001,38.24526219208727,-122.04122215940386,39.65128
SUISUN_1_N008,38.24508180780079,-122.04122215968883,39.65128
SUISUN_1_N009,38.24508180780079,-122.04145184031117,39.65128
SUMMIT_6_N001,39.319203,-120.378897,40.1378
SUNOL_6_N001,37.586891,-121.869379,40.18096
SURF_1_N009,34.61,-120.22,40.45561
SWEETWTR_6_N017,32.65811799998879,-117.0916867727539,39.3813
SWEETWTR_6_N018,32.65811799998879,-117.0917932272461,39.3813
SWIFT_1_N001,37.3225281884819,-121.796729,40.33398
SWIFT_1_N003,37.322446905744414,-121.79666998783091,40.33398
SWIFT_1_N006,37.322446905744414,-121.79678801216909,40.33398
SYCAMORE_1_N101,39.76991684305054,-121.824218,38.78811
SYCAMORE_1_N201,39.76983607845885,-121.82415733357864,38.78811
SYCAMORE_1_N301,39.76983607845885,-121.82427866642136,38.78811
SYLVANCM_LNODECPR,37.688469999986225,-120.97663285888366,38.85481
SYLVANCM_LNODEHGR,37.688469999986225,-120.97674714111633,38.85481
TAFT1_1_N001,35.14999999998751,-119.47994486994581,38.15642
TAFT1_1_N004,35.14999999998751,-119.48005513005418,38.15642
TAHDONR_LNODE07,39.337309,-120.221277,39.72191
TAHOCTY_LNODE01,39.165971540038264,-120.14445351203682,39.43549
TAHOCTY_LNODE71,39.16579245984778,-120.14445351233086,39.43549
TAHOCTY_LNODE72,39.16579245984778,-120.14468448766914,39.43549
TAHOCTY_LNODE73,39.165971540038264,-120.14468448796318,39.43549
TAMARACK_6_N001,39.313743,-120.496804,40.05541
TAMARISK_1_N001,33.817316,-116.454898,38.20927
TAP710_1_N004,32.595376662064226,-117.0577334243903,-8.0
TAP801_1_N001,34.109614,-116.411837,38.94223
TAP807_1_N001,34.0,-116.5,38.23992
TAR_SUB_LNODEONA,34.17905418777958,-118.544,38.15249
TAR_SUB_LNODEONB,34.1789729060972,-118.54394327481864,38.15249
TAR_SUB_LNODEONC,34.1789729060972,-118.54405672518136,38.15249
TASSAJAR_2_N001,37.79959499998613,-121.9077887787453,39.7376
TASSAJAR_2_N002,37.79959499998613,-121.9079032212547,39.7376
TAYLOR_LNODEDR1,37.5369331958297,-120.809398426319,38.69002
TAYLOR_LNODEDR5,37.5369383829719,-120.809348192848,38.69002
TAYLOR_LNODEDR7,37.536937531095,-120.809217269976,38.68609
TAYLOR_LNODEDR8,37.5369366699963,-120.809289591436,38.69002
TECUYA_6_N001,35.018589,-118.979536,38.49776
TEICHERT_1_N001,37.79,-121.36,39.33348
TEJON_6_N001,35.019534,-118.954779,38.50953
TELECYN_1_N001,32.6379177816674,-117.01607,38.86897
TELECYN_1_N006,32.63783710915427,-117.01601469007429,38.86897
TELECYN_1_N014,32.63783710915427,-117.01612530992571,38.86897
TEMBLOR_1_N003,35.382795999987465,-119.69634883811833,38.28589
TEMPLETN_2_N008,35.554496,-120.679996,38.78026
TERMNOUS_6_N001,38.116464,-121.422007,40.06718
TESSUB_2_N001,37.73,-121.93,40.47915
TEVIS_1_N001,35.319191999987495,-119.12859784623319,38.43891
TEVIS_1_N003,35.319191999987495,-119.12870815376681,38.41145
TEXSUN1G_7_N001,35.36999999998748,-119.4800551602316,37.6542
TEXSUN2G_7_N001,35.3599999999875,-119.48005515895167,37.6542
THORNHIL_1_N001,33.833699,-116.524642,38.51064
TIDEWATR_2_N001,38.01989465330933,-122.06150068264388,39.23147
TIDEWATR_2_N014,38.02007534657929,-122.06150068292666,39.23147
TLRELKE_6_N001,36.003703,-119.948802,38.52915
TOCALOMA_6_N001,38.05521,-122.760914,39.66698
TOL_SUB_LNODEONA,34.175740310821865,-118.36069083905292,38.13287
TOL_SUB_LNODEONB,34.1755596890815,-118.36069083928658,38.13287
TOL_SUB_LNODEONC,34.1755596890815,-118.36090916071342,38.13287
TOL_SUB_LNODEOND,34.175740310821865,-118.36090916094707,38.13287
TOREYPNS_6_N001,32.89877953728695,-117.23987836114813,39.69837
TOREYPNS_6_N007,32.89860046262259,-117.23987836136372,39.69837
TOREYPNS_6_N008,32.89860046262259,-117.24009163863627,39.69837
TOREYPNS_6_N009,32.89877953728695,-117.24009163885188,39.69837
TORTILLA_1_N007,34.874547,-117.064691,37.41094
TRABUCO_1_N001,33.5630767991568,-117.67324523376014,39.54535
TRABUCO_1_N005,33.562897200749894,-117.67324523398426,39.54535
TRABUCO_1_N009,33.562897200749894,-117.67346076601574,39.54535
TRABUCO_1_N013,33.5630767991568,-117.67346076623986,39.54535
TRACY_1_N001,37.748395999944734,-121.41564562794372,39.58458
TRACY_1_N002,37.748305565247314,-121.41576,39.58458
TRACY_1_N007,37.748395999944734,-121.41587437205628,39.58458
TRACY_1_N101,37.74848643475262,-121.41576,39.58458
TRESVIS_6_N001,39.486707,-121.687993,38.83519
TRIMBLE_1_N004,37.42009036798162,-121.72988621524279,40.72241
TRIMBLE_1_N010,37.41990963190925,-121.72988621551741,40.72241
TRIMBLE_1_N016,37.41990963190925,-121.7301137844826,40.72241
TRIMBLE_1_N020,37.42009036798162,-121.73011378475721,40.72241
TRINIDAD_6_N001,41.064242,-124.128367,41.38941
TRUCKEE_LNODE02,39.330431720184855,-120.181195,39.59243
TRUCKEE_LNODE03,39.33035113989209,-120.18113485420918,39.59243
TRUCKEE_LNODE49,39.33035113989209,-120.18125514579083,39.57674
TUDOR_6_N001,38.982071,-121.635205,39.09414
TULUCAY_6_N001,38.247946,-122.268228,39.19615
TUPMAN_1_N101,35.354039,-119.270638,38.18388
TVYVLLY_6_N001,36.770622,-119.393233,38.7371
TXROSDL_1_N001,35.37695301426363,-119.07791367489159,38.30943
TXROSDL_1_N002,35.37695301426363,-119.0780283251084,38.30943
TYLER_6_N001,40.138392982499205,-122.20848578836895,40.4046
TYLER_6_N002,40.138392982499205,-122.20860821163106,40.4046
UCM_6_N001,32.88368472395273,-117.222424,39.74153
UCM_6_N002,32.88360413801135,-117.22236859671557,39.74153
UCM_6_N006,32.88360413801135,-117.22247940328444,39.74153
UKIAH_1_N001,39.142823455087914,-123.19204845611492,40.67533
UKIAH_1_N005,39.14300254479826,-123.19204845640866,40.67533
UPPRLKE_6_N001,39.145906,-122.916845,40.99313
URBAN_6_N001,32.71330799998875,-117.15140275665348,39.59039
URBAN_6_N005,32.71330799998875,-117.15150924334651,39.49622
URICH_6_N001,38.029918,-122.103005,40.05149
VACA-DIX_1_N001,38.401616982566644,-121.91986928712716,39.01175
VACAVIL_1_N001,38.356520058867716,-121.97951,39.06668
VACAVIL_1_N101,38.35643897055109,-121.97945029786577,39.11768
VACAVIL_1_N102,38.35643897055109,-121.97956970213424,39.11768
VALCNTR_6_N001,33.230683,-117.018401,38.39968
VALLEYSC_1_N001,33.738397971600605,-117.156432,37.63959
VALLEYSC_1_N107,33.738317014186954,-117.15648820699798,37.64351
VALLYHM_1_N001,37.85575599998615,-120.94408374338772,40.07503
VALLYVW_1_N001,37.96607299998612,-122.27841868352904,39.92201
VALLYVW_1_N003,37.96607299998612,-122.27853331647096,39.92201
VAL_GS_LNODE5AUX,34.24482148241572,-118.3914027121072,38.14072
VAL_GS_LNODE6AUX,34.24485277566131,-118.39150524618782,38.14072
VAL_GS_LNODE7AUX,34.24491867043375,-118.39158002588233,38.14072
VAL_GS_LNODE8AUX,34.245004060069334,-118.391615747079,38.14072
VAL_LNODELSS,34.24509427625119,-118.39160977576542,38.14072
VASCO_6_N001,37.71132099998621,-121.71587984128799,39.69837
VASCO_6_N003,37.71132099998621,-121.71599415871201,39.69837
VASONA_2_N001,37.26,-121.9,39.82784
VEDDER_1_N001,35.61,-118.96,38.62332
VEL_SUB_LNODEONA,34.01555411723447,-118.204,38.12895
VEL_SUB_LNODEONB,34.01547294136984,-118.20394345800285,38.12895
VEL_SUB_LNODEONC,34.01547294136984,-118.20405654199715,38.12895
VESTAL_6_N001,35.85713659527842,-119.08872645400277,36.97151
VICTOR_1_N001,38.145651267656454,-121.17732422029407,38.49384
VICTOR_6_N001,38.145470732231836,-121.17755377942188,39.6199
VICTOR_6_N002,38.145651267656454,-121.17755377970593,39.6199
VIEJOSC_2_N001,36.578772821150025,-121.908968,39.14122
VIEJOSC_2_N004,33.667334,-117.642727,39.14122
VIEJO_6_N001,36.578692089410936,-121.90890995739635,39.25108
VIEJO_6_N003,36.578692089410936,-121.90902604260364,39.25108
VIERRA_1_N001,37.85,-121.24,39.85923
VINA_6_N001,39.941614,-122.041739,40.25551
VINEYARD_2_N001,37.66967326170019,-121.85436,40.32613
VINEYARD_2_N002,37.66959186913507,-121.85430063276966,40.32613
VINEYARD_6_N001,37.66959186913507,-121.85441936723034,39.74937
VN_SUB_LNODEONA,34.18009031354033,-118.44489083013903,38.13287
VN_SUB_LNODEONB,34.17990968636295,-118.44489083037274,38.13287
VN_SUB_LNODEONC,34.17990968636295,-118.44510916962726,38.13287
VN_SUB_LNODEOND,34.18009031354033,-118.44510916986097,38.13287
VSTA_1_N001,34.04125299995202,-117.32061812723687,38.60909
VSTA_6_N001,34.04125299995202,-117.32083587276313,38.61694
WAHTOKE_1_N001,36.61618299998699,-119.452409104289,38.3879
WAHTOKE_1_N002,36.61618299998699,-119.45252089571099,38.3879
WALNUT_6_N001,34.00840381020035,-117.94966020073771,38.82443
WARENCYN_6_N001,33.01545499998868,-117.00226861385794,39.1112
WARENCYN_6_N002,33.01545499998868,-117.00237538614206,39.1112
WARNERS_6_N001,33.247186,-116.675942,39.55961
WARNER_LNODERV1,41.50091505739131,-120.533072,38.10149
WARNER_LNODERV3,41.50083397128745,-120.53300949206302,38.10149
WARNER_LNODESC1,41.50083397128745,-120.53313450793698,38.10149
WASCO_7_N008,39.77617274317707,-122.10383,38.3212
WASHNGT_LNODEDR1,37.4893772928244,-120.903967825898,38.78418
WASHNGT_LNODEDR2,37.4895172164325,-120.904092990936,38.78418
WASHNGT_LNODEDR3,37.4894692627508,-120.903968029781,38.78418
WASHNGT_LNODEDR4,37.489297130992,-120.993988447763,38.78418
WASHNGT_LNODEDR5,37.4894207521695,-120.904091725093,38.78418
WASHNGT_LNODEDR6,37.4892474344412,-120.904090188054,38.78418
WASHNGT_LNODEDR7,37.4892029595549,-120.903964429204,38.78418
WASHNGT_LNODER15,37.4893341220127,-120.90409199878,38.78418
WATRSHED_6_N001,37.487815,-122.310237,41.01275
WEBER_6_N001,37.919828,-121.240232,39.29424
WEC_SY_LNODEUX1,37.4878752249074,-120.89565231921667,38.74495
WEC_SY_LNODEUX2,37.4878752249074,-120.89576624369113,38.7371
WELFLDPM_LNODELPMP,34.16127269818337,-114.38198913123861,37.17161
WELFLDPM_LNODERALS,34.16145330172,-114.38198913147205,37.17161
WEMRSWS_6_N001,39.035984,-120.987909,41.00098
WESTLANE_6_N001,37.990674,-121.282373,39.87885
WESTLNDS_1_N001,36.3999999999871,-120.31994434326373,38.03479
WESTLNDS_1_N019,36.3999999999871,-120.32005565673627,38.03479
WESTPARK_1_N001,35.374163973003284,-119.039839,38.4036
WESTPARK_1_N005,35.374083013484764,-119.03978167527592,38.4036
WESTPARK_1_N009,35.374083013484764,-119.03989632472408,38.4036
WESTPLAT_1_N001,35.42,-119.3,38.14465
WESTPORT_LNODEDR1,37.5225825838401,-120.993998352649,38.71356
WESTPORT_LNODEDR3,37.5223769944682,-120.993990429526,38.70963
WESTPORT_LNODEDR5,37.5225172095941,-120.993995815213,38.71356
WESTPORT_LNODEDR7,37.5224455031416,-120.903973009416,38.70963
WHEATLND_6_N001,39.013055,-121.418524,37.41094
WHEELER_6_N001,35.089761,-118.976591,38.39183
WHISMAN_1_N001,37.40491321634772,-122.068856,40.39283
WHISMAN_1_N004,37.404831891811426,-122.06879689262591,40.39283
WHISMAN_1_N009,37.404831891811426,-122.06891510737408,40.39283
WHITMORE_6_N001,40.628753,-121.915711,36.72432
WILDWOOD_1_N001,40.387138,-123.045061,39.19223
WILKINS_6_N001,39.00552,-121.867233,40.30259
WILLIAMS_6_N002,39.15758,-122.14762,38.62332
WILLITS_6_N001,39.405666,-123.327366,42.09957
WILLOWS_6_N001,39.531805,-122.185874,39.02744
WIL_SUB_LNODEONB,33.797999999988214,-118.25794584458627,38.1211
WIL_SUB_LNODEONC,33.797999999988214,-118.25805415541372,38.1211
WINTERS_6_N001,38.517708,-121.951331,39.79253
WOHLER_6_N001,38.512048,-122.880906,40.26728
WOLFE_1_N001,37.335142193117605,-122.020824,40.14173
WOLFE_1_N002,37.335060903426545,-122.02076497287341,40.14173
WOLFE_1_N007,37.335060903426545,-122.02088302712659,40.14173
WOODACRE_6_N001,38.012118,-122.65455,39.75722
WOODLD_1_N001,38.67823188725648,-121.760143,39.46688
WOODLD_1_N005,38.67815105635662,-121.76008322082818,39.46688
WOODLD_1_N012,38.67815105635662,-121.76020277917182,39.46688
WOODSIDE_6_N003,37.43624399998641,-122.2420270905538,41.0206
WOODSIDE_6_N004,37.43624399998641,-122.24214090944619,41.0206
WOODWARD_1_N005,36.8966369999867,-119.74995475043866,37.96416
WOODWARD_1_N006,36.8966369999867,-119.75006724956134,37.96416
WPBART_1_N001,38.02005420797604,-121.98,39.27855
WPBART_1_N004,38.01997289599686,-121.97994040909197,39.27855
WPBART_1_N026,38.01997289599686,-121.98005959090804,39.27855
WSCOPRSN_1_N001,35.61,-119.37,38.23096
WSCRMNO_1_N004,38.58939293336201,-121.545027,39.59243
WSCRMNO_1_N013,38.58931203330379,-121.54496724378153,39.59243
WSCRMNO_1_N201,38.58931203330379,-121.54508675621847,39.59243
WSTFRSO_1_N001,36.71841899998688,-119.81853697917856,38.39183
WSTFRSO_1_N004,36.71841899998688,-119.81864902082144,38.39183
WSTLD1RA_1_N001,36.72,-120.72,37.85038
WYANDTTE_1_N001,39.491682744465926,-121.541161,38.29374
WYANDTTE_1_N003,39.49160212775149,-121.54110068770393,38.29374
WYANDTTE_1_N102,39.49160212775149,-121.54122131229607,38.29374
ZACA_1_N001,34.696829,-120.151374,40.43599
ZANKER_1_N001,37.469999999986335,-121.8099430557453,40.72241
ZANKER_1_N003,37.469999999986335,-121.8100569442547,40.72241
AGER_LNODE35,41.8675,-122.46414,0.0
ALTURAS_LNODE17,41.49972,-120.53306,0.0
BIGSPRIN_LNODELD1,41.616776,-122.39929,0.0
CAMERON_LNODEKM,32.65324599998863,-116.48817922595589,0.0
CASTELLA_LNODE,41.146254,-122.319747,0.0
CEDARVIL_LNODED1,41.53156,-120.18194,0.0
CLEARLAO_LNODE44,41.704981,-121.276741,0.0
COPCO2_LNODE21,41.97667,-122.36167,0.0
DAVISCR_LNODED1,41.73,-120.37,0.0
DELNORTE_LNODE50,41.86761799998422,-124.13905472462552,0.0
DELNORTE_LNODE51,41.86761799998422,-124.13917527537447,0.0
DOGCREEK_LNODE,40.94013311,-122.431008,0.0
DORRIS_LNODE06,41.96694,-121.91333,0.0
EAGLEMTN_LNODEHI,33.8199729920039,-115.44005630685402,0.0
FLINT_LNODE_LDT1,38.88530299998586,-121.06681059075832,0.0
GASQUET_LNODE42,41.84833,-123.96667,0.0
INTERNAT_LNODELD,41.432568,-122.38296,0.0
LITTLESH_LNODELD1,41.70174123,-122.3696599,0.0
LUCERNE_LNODELD,41.60361,-122.5225,0.0
MACDOEL_LNODE20,41.83166999998427,-122.00465973878569,0.0
MACDOEL_LNODE45,41.83166999998427,-122.00478026121432,0.0
MADISON_LNODE1,38.67065905446531,-121.9691977771112,0.0
MOTT_LNODE,41.262727,-122.270475,0.0
NDUNSMUI_LNODE7,41.2207989999844,-122.27643096616978,0.0
NDUNSMUI_LNODE9,41.2207989999844,-122.27655103383022,0.0
NEWELL_LNODE90,41.888139999984205,-121.37845028379793,0.0
NUTGLADE_LNODE,41.178254,-122.290711,0.0
PATRICKS_LNODE49,41.88139,-123.86472,0.0
PEREZ_LNODED1,41.63306,-121.22639,0.0
PRAXAIR_LNODEPM,37.99999999998611,-121.81005733246779,0.0
REDWOODU_LNODED2,41.76083,-124.16347,0.0
SDUNSMUI_LNODE,41.201244,-122.2764098,0.0
SHASTINA_LNODELD1,41.548666,-122.364174,0.0
SHOTGUNC_LNODE,41.053889,-122.381667,0.0
TULELAKE_LNODE35,41.95333,-121.47111,0.0
TUNNEL_LNODE33,41.925559999984245,-121.56576970013403,0.0
TUNNEL_LNODE40,41.925559999984245,-121.56589029986597,0.0
WEED_LNODER1,41.43139,-122.38944,0.0
YREKA_LNODE76,41.72897989068449,-122.63154955171838,0.0
YREKA_LNODED1,41.72880010918983,-122.63154955205546,0.0
YREKA_LNODED2,41.72880010918983,-122.63179044794454,0.0
YREKA_LNODED3,41.72897989068449,-122.63179044828162,0.0
