node_id,lat,lon,price_dp
12TH_S_LNODENMZ,37.63715677998629,-120.99316020050249,33.20057
12TH_S_LNODEXWQ,37.63715677998629,-120.99327439949751,33.20057
8TH_ST_LNODEBXG,37.64197726998626,-121.00603849646912,33.20057
8TH_ST_LNODELZF,37.64197726998626,-121.00615270353089,33.20057
AEC300_1_N001,37.74,-121.48,33.73304
AGNEW_1_N003,37.51,-121.84,35.69092
AIRPROD_1_N001,36.65,-119.54,33.87832
AIR_SUB_LNODENAA,33.96205409081493,-118.376,32.24167
AIR_SUB_LNODENAB,33.961972954579615,-118.37594352117388,32.24167
AIR_SUB_LNODEONC,33.961972954579615,-118.37605647882611,32.24167
ALAMITOS_2_N001,33.771584,-118.100596,32.99661
ALAMITOS_2_N040,33.77,-118.1,32.99661
ALAMT1G_7_N002,33.77149401717401,-118.1004877514908,32.99661
ALAMT2G_7_N002,33.771415173499584,-118.10067098425147,32.99661
ALAMT3G_7_N002,33.77144633917227,-118.10077253262283,32.99661
ALAMT4G_7_N002,33.771511965310076,-118.10084659342048,32.99661
ALAMT5G_7_N002,33.771597006833865,-118.1008819712055,32.99661
ALAMT6G_7_N002,33.77176916262267,-118.10083231072662,32.99661
ALHAMBRA_1_N001,37.99408499998608,-122.13031167024367,34.94977
ALHAMBRA_1_N002,37.99408499998608,-122.13042632975633,34.94977
ALLEGHNY_6_N001,39.464893,-120.844946,36.26267
ALMADEN_6_N001,37.26027,-121.890082,35.0778
ALMOND_LNODEAUX,37.574202045609525,-120.98511610244,32.7729
ALPAUGH_7_N002,35.963463732836644,-119.456796,32.55559
ALPINE_6_N001,32.82778299998866,-116.78987271391081,32.78278
ALPINE_6_N005,32.82778299998866,-116.78997928608918,32.78278
ALTO_6_N001,37.89825299998615,-122.52430271885964,35.79995
ALTO_6_N101,37.89825299998615,-122.52441728114036,35.79995
ALTTA_BP_LNODEPRT,41.51205899998436,-120.5236838478691,31.96436
ALTTA_BP_LNODETON,41.51205899998436,-120.5238041521309,31.96436
AMERIGAS_1_N001,38.43,-121.79,33.43222
AMESBS_1_N004,37.41751022008469,-122.066192,34.8853
AMESBS_1_N101,37.41742888994297,-122.06613287861066,34.8853
AMESDST_1_N001,37.41742888994297,-122.06625112138934,34.8853
AMFORST_6_N001,38.369191999986,-120.79657754861613,33.3157
ANDERSON_6_N001,40.449838,-122.305068,32.78654
ANGIOLA_6_N001,35.992007,-119.57137,33.78757
ANITA_6_N001,39.811047,-121.919761,33.60446
ANNAPOLS_6_N001,38.680315,-123.311782,35.94027
ANTELOPE_6_N001,35.658117,-119.996015,32.48919
ANTLER_6_N001,40.893581,-122.379244,32.77652
APPLEHL_1_N001,38.73992576174639,-120.67700091995808,33.42047
APPLEHL_1_N002,38.73974623814083,-120.67700092024737,33.42047
APPMAT_1_N001,37.359999999986435,-121.97994317305394,34.84996
APPMAT_1_N010,37.359999999986435,-121.98005682694607,34.84996
ARBUCKLE_6_N001,39.017625,-122.061575,33.71568
ARCATA_6_N001,40.867132,-124.088286,35.95833
ARVINED_1_N001,35.15044599998752,-118.87870286987292,32.72598
ARVIN_6_N001,35.15044599998752,-118.87881313012709,31.99428
ASHLAN_2_N001,36.79263892472445,-119.82749,33.06362
ASHLAN_2_N007,36.7925580376235,-119.82743168375806,33.06362
ASHLAN_2_N008,36.7925580376235,-119.82754831624194,33.06362
ASH_6_N001,33.1365697302963,-117.070292,33.10019
ASH_6_N005,33.13648913483958,-117.0702364310647,33.10019
ASH_6_N101,33.13648913483958,-117.07034756893529,33.10019
ASPEN_LNODESPEN,37.69337956,-122.069288,31.19924
ATASCDRO_6_N001,35.465309,-120.671582,33.55619
ATWATER_1_B2,37.35999599998639,-120.6146481730584,33.3253
ATWATER_1_N001,37.35999599998639,-120.6147618269416,33.3253
ATW_SUB_LNODEONB,34.1096541600031,-118.254,32.24167
ATW_SUB_LNODEONC,34.10957291998536,-118.25394335044959,32.24167
ATW_SUB_LNODEOND,34.10957291998536,-118.2540566495504,32.24167
AUBERRY_6_N001,37.06806099998665,-119.495719527536,34.35663
AUBERRY_6_N003,37.06806099998665,-119.495832472464,34.35663
AUBURN_6_N001,38.903397,-121.069921,33.83035
AUGUST_LNODEDR1,37.4182520696912,-120.831252690486,32.97671
AUGUST_LNODEDR3,37.4182452743243,-120.831131410372,32.97671
AUGUST_LNODEDR4,37.4182458785436,-120.830989786937,32.97003
AUGUST_LNODEDR5,37.4182557186304,-120.831363604619,32.97671
AVENA_1_N001,37.842208,-121.054122,33.72075
AVOCADO_6_N001,33.38466699998843,-117.23692330729693,34.02901
AVOCADO_6_N002,33.38466699998843,-117.23703069270306,34.02901
BAFOOD1_6_N001,36.33,-121.16,33.06742
BAHIA_2_N001,38.08095331088854,-122.13739126700075,34.18619
BAHIA_2_N011,38.08077268899996,-122.13739126728416,34.18619
BAILYJ1_1_N010,34.77604,-118.77504,34.23503
BAIR_1_N001,37.496937,-122.214157,35.19277
BAKER_1_N001,35.284771,-116.064256,32.16134
BALFOUR_6_N001,37.92596,-121.678546,34.18285
BANGOR_6_N001,39.388064,-121.402937,32.47183
BANGS_LNODEKGC,37.70469,-121.0418,33.1872
BANNING_1_N001,33.922289,-116.87283,31.98092
BANTA_6_N001,37.7528989999862,-121.35057581075783,34.31493
BARRETT_6_N001,32.667194,-116.700208,32.55224
BARRE_6_N001,33.80900298319592,-117.98332966316445,33.06677
BARRE_6_N002,33.80900298319592,-117.98354633683554,33.06677
BARRE_6_N003,33.80918301670945,-117.9835463370635,33.06677
BARRY_6_N001,39.069323,-121.690208,33.25741
BARTON_1_N001,36.76408490976673,-119.735935,33.29028
BARTON_1_N007,36.76400404510246,-119.73587672164825,33.29028
BARTON_1_N008,36.76400404510246,-119.73599327835174,33.29028
BASALT_6_N002,38.26328599998595,-122.26916657483297,33.99909
BASALT_6_N101,38.26328599998595,-122.26928142516702,33.99909
BATAVIA_6_N001,38.385820999985995,-121.77570654480984,33.50907
BATIQTOS_1_N001,33.1011727252775,-117.250399,33.26724
BATIQTOS_1_N008,33.101092137348985,-117.25034345864424,33.26724
BATIQTOS_1_N015,33.101092137348985,-117.25045454135577,33.26724
BAYMDWS_1_N001,37.55162541726735,-122.29307795256243,35.19903
BAYMDWS_1_N004,37.551444582623034,-122.29307795283914,35.19903
BAYMDWS_1_N008,37.551444582623034,-122.29330604716085,35.19903
BAYMDWS_1_N012,37.55162541726735,-122.29330604743757,35.19903
BAYSHOR1_1_N001,37.74603599998622,-122.40302381566526,35.53894
BAYSHOR2_1_N001,37.74603599998622,-122.40313818433472,35.53894
BAYWOOD_6_N001,35.360177,-120.811564,34.10079
BCN_PP_LNODESS1,35.25680070871138,-118.02736892630813,31.78728
BCN_PP_LNODESS2,35.256766720360744,-118.02726679027704,31.78728
BEARTAP_1_N001,35.38,-119.0,32.73935
BELLEF_7_CN10,39.776083,-122.10383,32.2482
BELLEF_7_CN11,39.77608299994151,-122.10371323062876,32.25155
BELLPGE_1_N001,38.947418999985814,-121.0911283822858,33.71675
BELLPGE_1_N005,38.947418999985814,-121.0912436177142,33.71675
BELLVUE_1_N001,38.379084046922976,-122.712022,34.43009
BELLVUE_1_N003,38.37900297652332,-122.711962292445,34.43009
BELLVUE_1_N005,38.37900297652332,-122.712081707555,34.43009
BELMONT_1_N001,37.52332024549896,-122.264967,35.25184
BELMONT_1_N006,37.52323887723573,-122.26490776711239,35.25184
BELMONT_1_N008,37.52323887723573,-122.26502623288762,35.25184
BELRIDGE_1_N001,35.455722,-119.631903,33.00664
BERESFRD_6_N001,37.565013999986284,-122.31923796388803,35.16282
BERESFRD_6_N002,37.565013999986284,-122.31935203611197,35.16282
BERNARDO_6_N001,33.021575,-117.096228,32.86297
BERNARDO_6_N002,33.021574999954524,-117.09612121988424,32.86297
BERNARDO_6_N009,33.02148546856512,-117.096228,32.86297
BERNARDO_6_N013,33.021574999954524,-117.09633478011577,32.86297
BERNARDO_6_N014,33.0216645314348,-117.096228,32.86297
BERNARDO_LNODEARDO,33.02157451,-117.0962277,31.18588
BERVLLY_6_N001,37.586478,-120.125088,32.05956
BIGBASN_6_N001,37.129545,-122.172132,34.89128
BIGCRK1_7_N001,37.20203293082091,-119.24090286336467,29.04742
BIGMDWS_6_N001,40.171215,-121.085128,30.67604
BIGRIVR_6_N001,39.311461,-123.786522,35.73078
BIOLA_6_N001,36.792525,-120.114116,33.74241
BIXLER_6_N001,37.9370142319286,-121.528389,33.60058
BKRSFLD_2_N001,35.388298999987455,-119.0044078374034,32.64245
BKRSFLD_2_N101,35.388298999987455,-119.0045181625966,32.64245
BLLEHVN_6_N001,37.4772652825887,-122.16793304841748,35.46728
BLLEHVN_6_N002,37.477186999945324,-122.16787609695427,35.46728
BLLEHVN_6_N004,37.477108717384,-122.1679330485368,35.46728
BLLEHVN_6_N006,37.477108717384,-122.1680469514632,35.46728
BLLEHVN_6_N007,37.477186999945324,-122.16810390304572,35.46728
BLUELKE_6_N001,40.88014,-123.980584,35.84139
BLUSTNPP_6_N003,38.575523,-121.497588,32.68965
BLYTHESC_1_N005,33.614957,-114.682935,31.3862
BNAVSTA_6_N001,36.653344,-121.62946,42.37
BNAVSTA_6_N002,36.65334399994771,-121.62934811906177,42.37
BNTACRB_6_N001,37.7528989999862,-121.35069018924217,35.25712
BOGARD_6_N001,40.586552,-121.093959,30.83814
BOGUE_1_N001,39.09613073444745,-121.623771,32.59145
BOGUE_1_N201,39.096050132760894,-121.62371103865068,32.59145
BOLINAS_6_N001,37.941119,-122.707332,34.74082
BOLLMAN_1_N003,38.04,-121.98,34.86397
BOLTHSE_1_N009,35.36215899998747,-118.92362184077258,32.87633
BONITA_6_N001,36.967863,-120.20266,33.52135
BONNIEN_7_N001,39.214314999985774,-120.80917722077704,33.19566
BORDEN_2_N007,36.92227399998671,-119.98422371699712,33.06696
BORDER_6_N001,32.56633480869927,-116.944389,33.10019
BORDER_6_N008,32.566254095638485,-116.94433370647506,33.10019
BORONDA_6_N001,36.689983,-121.679239,34.11076
BOSWELL_6_N001,36.085115,-119.552823,33.78757
BOWLES_6_N001,36.605651,-119.773312,33.45173
BRDGVLT_7_N001,40.47956799998481,-123.78034162638289,34.29834
BREEZE_LNODEYT1,35.123880999987534,-118.37403687435777,31.41642
BREEZE_LNODEYT2,35.123880999987534,-118.37414712564222,31.38954
BRENTWOD_2_N001,37.91959423612686,-121.676423,33.959
BRENTWOD_2_N006,37.91951288192155,-121.67636345967551,33.959
BRENTWOD_2_N011,37.91951288192155,-121.67648254032449,33.959
BRGSMR_LNODEGZB,37.66621999998627,-120.97704287657282,33.19388
BRGSMR_LNODETHU,37.66621999998627,-120.97715712342718,33.19388
BRITTN_1_N001,37.37433620668406,-122.015575,34.84209
BRITTN_1_N005,37.37425489664326,-122.01551592726007,34.84209
BRITTN_1_N006,37.37425489664326,-122.01563407273993,34.84209
BRKRSLG_1_N005,38.57552299994369,-121.49747300547165,33.91776
BROCKWAY_LNODE01,39.243063530935196,-120.02634939696748,33.39769
BROCKWAY_LNODE02,39.242884468950564,-120.02634939726258,33.39769
BROCKWAY_LNODE51,39.242884468950564,-120.02658060273741,33.39769
BROCKWAY_LNODE52,39.243063530935196,-120.02658060303253,33.39769
BRRNDAC_6_N001,35.658183,-120.040362,32.50255
BRUNSWCK_1_N003,39.23119771901711,-121.034946,33.82152
BRUNSWCK_1_N008,39.23111714047599,-121.03488594065819,33.82152
BRUNSWCK_1_N101,39.23111714047599,-121.03500605934181,32.563
BRWNSVY_6_N001,39.226226,-121.422634,31.27559
BUELLTON_1_N001,34.625261999987686,-120.18631205143852,34.38144
BUELLTON_1_N003,34.625261999987686,-120.18642194856149,34.38144
BUENAVS1_7_B1,36.653254242119594,-121.62934811919219,32.589
BUENAVS1_7_B3,36.65319077379855,-121.6294272308971,32.589
BUENAVS1_7_B4,36.653175595551595,-121.62953750035395,32.589
BUENAVS1_7_B5,36.65320668330105,-121.62964245619625,32.589
BUENAVS1_7_B6,36.653272145363964,-121.6297190021347,32.589
BUENAVS1_7_B7,36.65335697428145,-121.62975556706088,32.589
BUENAVS2_7_B1,36.65344659805961,-121.62974945473616,32.55559
BUENAVS2_7_B3,36.653528699704175,-121.62970424026268,32.55559
BUENAVS2_7_B4,36.653594014575496,-121.62962749889522,32.55559
BUENAVS2_7_B5,36.653636508590544,-121.62952895027708,32.55559
BULLARD_1_N001,36.824388,-119.769224,33.19059
BULLARD_1_N004,36.824387999947184,-119.76911168846675,33.19059
BULLARD_1_N005,36.824298097276774,-119.769224,33.19059
BULLARD_1_N006,36.824387999947184,-119.76933631153325,33.19059
BURLNGME_1_N001,37.589627,-122.363434,35.14104
BUTTE_1_N010,39.7118129999855,-121.81325170045862,32.48358
BUTTE_1_N101,39.7118129999855,-121.81336829954137,32.48358
BWILLIAM_LNODEILLW,34.16145330172,-114.38177086852794,31.26273
B_6_N001,32.714377595830264,-117.16944251257752,33.12691
B_6_N003,32.714198404079745,-117.16944251279143,33.12691
B_6_N005,32.714198404079745,-117.16965548720856,33.12691
B_6_N007,32.714377595830264,-117.16965548742249,33.12691
CABRILLO_1_N001,32.70751759908557,-117.24492651689708,34.42154
CABRILLO_6_N001,32.70733840082447,-117.24492651711095,33.28729
CABRILLO_6_N004,32.70733840082447,-117.24513948288904,33.28729
CALAVE_1_N001,36.71900181109094,-119.76554095699167,33.61771
CALAVE_1_N002,36.718822188804005,-119.76554095725366,33.61771
CALAVE_1_N004,36.718822188804005,-119.76576504274634,33.61771
CALCMENT_7_N4,37.37,-120.64,32.37851
CALISTGA_6_N001,38.592664,-122.57862,35.49591
CALLENDR_1_N001,35.04,-120.6,34.12364
CALPELLA_1_N001,39.197538,-123.192135,33.96054
CALSUB_LNODEET,39.521219,-120.008761,32.42209
CAMDEN_6_N001,36.446258999987045,-119.79904229562648,34.26869
CAMDEN_6_N002,36.446258999987045,-119.79915370437352,34.26869
CAMERON_6_N001,32.65324599998863,-116.48807277404411,32.44199
CAMINO_2_N001,34.83,-114.99,29.55
CAMPHORA_6_N001,36.46829799998704,-121.39017127220814,34.61527
CAMPHORA_6_N003,36.46829799998704,-121.39028272779186,34.61527
CANAL_6_N001,37.066368999986636,-120.8354215297125,33.6272
CANAL_6_N006,37.066368999986636,-120.8355344702875,33.6272
CANBY_BP_LNODEACW,41.444925999984385,-120.88087787131334,32.04788
CANBY_BP_LNODEVEC,41.444925999984385,-120.88099812868666,32.04788
CAN_SUB_LNODEONA,34.18955419166312,-118.592,32.23818
CAN_SUB_LNODEONB,34.189472904155366,-118.59194326369176,32.24501
CAN_SUB_LNODEONC,34.189472904155366,-118.59205673630824,32.24501
CAPAY_6_N001,39.775993256822886,-122.10383,32.97967
CARBONA_6_N003,37.69218399998622,-121.41818185598439,34.60894
CARBONA_6_N101,37.69218399998622,-121.4182961440156,34.60894
CARLOTTA_6_N001,40.541122999984744,-124.06382054930958,35.47387
CARLOTTA_6_N003,40.541122999984744,-124.06393945069041,35.47387
CARLTNHS_1_N001,32.85503754591703,-117.01185140348343,32.67587
CARLTNHS_1_N004,32.85485845399255,-117.01185140369861,32.67587
CARNATIO_6_N001,35.311332,-119.083574,33.13026
CARNERAS_6_N001,35.541055,-119.805238,32.5226
CAROLNDS_6_N001,37.55291899998627,-122.37633097506193,35.46018
CAROLNDS_6_N002,37.55291899998627,-122.37644502493806,35.46018
CARQUINZ_1_N001,38.09103799998602,-122.24848662968667,34.8778
CARQUINZ_1_N002,38.09103799998602,-122.24860137031332,34.8778
CARRIZO_1_N001,35.3805629695311,-120.040252,33.30787
CARRIZO_LNODEHILL,35.38048201522088,-120.04019467441788,31.33957
CARRIZO_LNODEZOT1,35.38048201522088,-120.04030932558213,31.10569
CARTWRT_1_N001,37.78999999998617,-122.24994278512781,35.04486
CARTWRT_1_N010,37.78999999998617,-122.25005721487219,35.04486
CARUTHRS_6_N001,36.531554,-119.882758,33.03409
CAR_SM_LNODENE1,38.642773175556165,-121.3294330286556,33.11704
CAR_SM_LNODENE2,38.64259349099788,-121.32943302894401,33.11704
CAR_SM_LNODENE3,38.64259349099788,-121.329663082168,33.11704
CAR_SM_LNODENE4,38.642773175556165,-121.3296630824564,33.11704
CASTLE_LNODEDR1,37.36195490350885,-120.56264978595905,32.90655
CASTLE_LNODEDR2,37.36187666885442,-120.5625929569803,32.90655
CASTLE_LNODEDR3,37.36179843428164,-120.56264978607754,32.89987
CASTLE_LNODEDR4,37.36179843428164,-120.56276344403506,32.89987
CASTLE_LNODEDR5,37.36187666885442,-120.5628202731323,32.90655
CASTLE_LNODEDR6,37.36195490350885,-120.56276344415355,32.90655
CASTROVL_2_N001,37.69127699998625,-122.06100285669102,34.63751
CASTROVL_2_N003,37.69127699998625,-122.06111714330898,34.63751
CASTROVL_2_N006,36.76278384840137,-121.73625384648868,34.63751
CAS_LA_LNODESMW,34.587237,-118.656638,32.19155
CAS_PP_LNODE1AUX,34.58734037344726,-118.65692220263387,32.19155
CAS_PP_LNODE2AUX,34.58742309555189,-118.65687780855163,32.19155
CAS_PP_LNODE3AUX,34.587488904018386,-118.65680245963806,32.19155
CAS_PP_LNODE4AUX,34.58753171916694,-118.65670569917606,32.19155
CAS_PP_LNODE5AUX,34.58754852361777,-118.65659776098718,32.19155
CAS_PP_LNODE6AUX,34.58753896054594,-118.65648852558515,32.19155
CATALYST_7_N001,37.33647699998642,-121.87909619952335,35.25189
CATLETT_6_N001,38.808811,-121.516115,32.94
CAWELOB_6_N001,35.57097799998741,-119.11546380934058,32.87299
CAWELOC_1_N001,35.57097799998741,-119.11557419065942,32.91643
CAYUCOS_6_N001,35.44865399998744,-120.8703058292383,34.17429
CAYUCOS_6_N006,35.44865399998744,-120.8704161707617,34.17429
CCOSTA_2_N001,37.998693,-121.783314,34.09264
CCSUB_1_N001,38.03,-121.75,34.07928
CCSUB_2_N001,38.01999999998606,-121.75994265860079,34.07259
CCSUB_2_N010,38.01999999998606,-121.7600573413992,34.07259
CEDRCRK_6_N101,40.79116899998464,-121.93795172476342,29.15476
CENTERS_6_N001,33.928884073837764,-118.105463,32.89304
CENTERS_6_N200,33.9288029630683,-118.10551943910147,32.89304
CEN_SUB_LNODEONB,33.948054083699034,-118.255,32.23833
CEN_SUB_LNODEONC,33.94797295813763,-118.25494353789466,32.23833
CEN_SUB_LNODEOND,33.94797295813763,-118.25505646210534,32.23833
CERES_LNODEDR1,37.6088562120824,-120.956729570412,32.78627
CERES_LNODEDR3,37.6089710504,-120.956595705015,32.78627
CERES_LNODEDR4,37.6089019185376,-120.956592000755,32.79295
CERES_LNODEDR5,37.6087606610128,-120.956712881849,32.78627
CERES_LNODEDR7,37.6089324750351,-120.956712057352,32.79295
CERES_LNODEDR8,37.6090011903052,-120.956714357349,32.79295
CERTTEED_1_N001,37.059999999986665,-120.07994353791257,33.04131
CERTTEED_1_N002,37.059999999986665,-120.08005646208743,33.04131
CHALLNGE_6_N001,39.48543,-121.220509,32.27309
CHANNEL_6_N001,37.95526599998612,-121.33242068885451,33.14377
CHARKA_1_N001,35.608038,-119.325523,32.74937
CHCARITA_1_N001,32.9600895309367,-117.08989329478639,32.78946
CHCARITA_1_N004,32.95991046897258,-117.08989329500262,32.78946
CHCARITA_1_N008,32.95991046897258,-117.09010670499737,32.78946
CHC_LNODE31A,38.95999999998579,-120.89994237638588,31.1391
CHC_LNODE33A,38.95999999998579,-120.90005762361412,31.1391
CHEROKEE_6_N001,38.005513,-121.237769,33.5447
CHESTER_6_N001,40.304405,-121.224282,31.47122
CHICOA_6_N001,39.71879299998543,-121.82096169136352,32.4936
CHICOA_6_N010,39.71879299998543,-121.82107830863647,32.4936
CHICOB_1_N001,39.725493999985424,-121.84718768259572,32.33991
CHICOB_1_N002,39.725493999985424,-121.84730431740428,32.33991
CHINO_6_N007,33.998301818402325,-117.67886922357054,32.73601
CHINO_6_N008,33.998301818402325,-117.67908677642946,32.73601
CHLDHOSP_1_N001,36.87,-119.81,33.10372
CHOLLAS_6_N001,32.744058749573895,-117.046316,33.04673
CHOLLAS_6_N008,32.743978125200904,-117.04626065732346,33.04673
CHOLLAS_6_N009,32.743978125200904,-117.04637134267654,33.04673
CHSTN_1_N001,38.09,-120.3,31.28723
CHWCHLLA_1_N001,37.12073295026913,-120.25055224215674,32.97115
CHWCHLLA_1_N002,37.12073295026913,-120.25066975784326,32.97115
CIG_SM_LNODESS,38.44525,-121.461543055556,33.1304
CIMA_2_N101,35.2691,-115.49292,31.79381
CITYUKH_1_B1,39.14300254479826,-123.19181754359136,33.96388
CLAIRMNT_6_N008,32.825996732119705,-117.184096,33.27392
CLAMMNA_1_N001,37.807826,-121.276142,34.34112
CLARIBEL_LNODEGFP,37.71028,-120.9688,33.19388
CLARKRD_7_N001,39.6546447946953,-121.635292,31.08085
CLARMNT_1_N001,32.82591613392796,-117.18404062431202,34.87446
CLAUS_LNODEKSN,37.639389999986214,-120.91954289863075,33.1872
CLAUS_LNODESME,37.639389999986214,-120.91965710136925,33.1872
CLAYTN_1_N001,38.34245511038229,-120.93484110965764,34.54818
CLAYTN_1_N004,37.943825,-121.969415,34.54818
CLAYTN_1_N029,38.3422748895056,-120.93484110994348,34.54818
CLAYTN_1_N030,38.3422748895056,-120.93507089005652,34.54818
CLAY_6_N001,38.34245511038229,-120.93507089034236,32.64414
CLERLKE_6_N001,39.007954999985856,-122.89377935245265,33.61026
CLERLKE_6_N012,39.007954999985856,-122.89389464754734,33.61026
CLMBAHL_6_N001,39.331874,-121.101368,35.46081
CLOUGH_LNODEIYF,37.62761111,-120.9751667,33.1872
CLOUGH_LNODEYBR,37.62761110994497,-120.97505251712948,33.1872
CLOVIS_1_N001,36.826043942491545,-119.681281,33.44731
CLOVIS_1_N004,36.825963028740034,-119.68122263908639,33.40722
CLOVIS_1_N101,36.825963028740034,-119.68133936091361,33.44731
CLOVRDLE_1_N001,38.795757,-123.011412,33.00344
CLRKSVLE_1_N001,38.655559898770534,-121.060175,33.49063
CLRKSVLE_1_N003,38.655479050599546,-121.06011522698469,33.49063
CLRKSVLE_1_N004,38.655479050599546,-121.0602347730153,33.49063
CLSAJCT_6_N001,39.190857,-121.990506,33.09423
CLWTER_2_N003,35.39850993300358,-118.93957167203409,35.06359
CMPEVRS_1_N001,37.041635999986624,-122.02530956161661,34.69211
CMPEVRS_1_N002,37.041635999986624,-122.02542243838339,34.69211
CNTRYCB_6_N001,37.97966036733168,-121.31639835392943,33.80531
CNTRYCB_6_N002,37.979479632557,-121.31639835421177,33.80531
CNTRYCB_6_N004,37.979479632557,-121.31662764578823,33.80531
CNTRYCB_6_N006,37.97966036733168,-121.31662764607057,33.80531
COLLEG_LNODEDR1,37.6091056801805,-120.992876143573,32.88984
COLLEG_LNODEDR2,37.6091096218649,-120.992789582042,32.88984
COLLEG_LNODEDR5,37.6090266914486,-120.992698116343,32.88984
COLLEG_LNODER15,37.6090419641747,-120.993034819943,32.88984
COLNGA1_6_N001,36.13602399998719,-120.34444457141348,32.84668
COLNGA1_6_N002,36.13602399998719,-120.34455542858652,32.84668
COLNGA2_6_N001,36.236577,-120.315114,32.74645
COLONY_6_N001,38.190132,-121.181632,33.24834
COLUMBUS_1_N001,35.398330066896115,-118.93957167228022,32.74603
COLUMBUS_1_N003,35.398330066896115,-118.93979232771979,32.74603
COLUMBUS_1_N005,35.39850993300358,-118.9397923279659,32.74603
COLUSA_6_N001,39.213610999985775,-122.00296022131043,33.16439
COLUSA_6_N004,39.213610999985775,-122.00307577868956,33.16439
COLWATER_1_N001,34.86012489309556,-116.85312978164612,42.63746
COLWATER_1_N002,34.86012489309556,-116.85324421835388,42.63746
COMMONS_LNODEDR1,37.6091045275098,-120.992962913259,32.92994
COMMONS_LNODEDR3,37.5166183000533,-120.867554724081,32.93328
COMMONS_LNODEDR4,37.516699044633,-120.867555122205,32.92994
COMMONS_LNODEDR5,37.5164895041446,-120.867550987033,32.93328
COMMONS_LNODEDR7,37.5165532160667,-120.867553025577,32.93328
COMMONS_LNODEDR8,37.5008689404211,-120.913270146673,32.92994
CONCHO_1_N002,33.785845,-116.342689,31.6301
CONTADNA_1_N001,36.29,-119.71,33.14112
CONTROLX_1_N001,37.342839,-118.471988,-116.96007
CONTROL_7_N001,37.34291722503321,-118.47193119226046,-116.99014
COOPER_LNODEDR1,37.3189566034476,-120.5119493179366,32.88984
COOPER_LNODEDR2,37.31895660339336,-120.51183575699493,32.88984
COOPER_LNODEDR3,37.318866291449055,-120.51183575713138,32.88984
COOPER_LNODEDR4,37.318802431310424,-120.51191605677509,32.88984
COOPER_LNODEDR5,37.318787159360575,-120.51202798203006,32.88984
COOPER_LNODEDR6,37.31881843902539,-120.51213451388375,32.88984
COOPER_LNODEDR7,37.318884305211256,-120.51221220923813,32.88984
COOPER_LNODEDR8,37.318969657813994,-120.51224932323211,32.91657
COOPER_LNODEDR9,37.31905983488123,-120.51224311913526,32.91657
COOPER_LNODER14,37.31914244338007,-120.5121972257278,32.92994
COOPER_LNODER15,37.31920816147405,-120.51211933201114,32.92994
COOPER_LNODER16,37.31925091782716,-120.51201930357878,32.92994
COOPER_LNODER17,37.31926769919903,-120.51190771989396,32.92994
COPUS_6_N001,35.093593,-119.278466,32.40189
CORCORAN_1_N001,36.10957699998725,-119.55797958991954,33.67397
CORCORAN_1_N005,36.10957699998725,-119.55809041008045,33.67397
CORDELIA_6_N001,38.216066,-122.112082,33.96902
CORDPMP_6_N003,38.575433098781254,-121.497588,33.96902
CORNING_6_N004,39.93198099998522,-122.18732639815484,33.63453
CORNING_6_N006,39.93198099998522,-122.18744360184516,33.63453
CORONADO_6_N001,32.698823762005226,-117.173249,33.14696
CORONADO_6_N002,32.69874311898509,-117.17319367259638,33.14696
CORONA_1_N001,32.69874311898509,-117.17330432740361,34.28643
CORRAL_6_N001,38.1014979999861,-120.92635462577833,32.94484
CORRAL_6_N003,38.1014979999861,-120.92646937422167,32.94484
CORSGOLD_1_N001,37.22751499998653,-119.69108432761332,33.08033
CORSGOLD_1_N003,37.22751499998653,-119.69119767238668,33.08033
CORTEZ_LNODEDR1,37.5005587104299,-120.913235680039,32.9266
CORTEZ_LNODEDR3,37.5007571927422,-120.913267914805,32.92325
CORTEZ_LNODEDR5,37.5006522266335,-120.913263660994,32.9266
CORTEZ_LNODEDR6,37.5008124927682,-120.913424010622,32.9266
CORTEZ_LNODEDR7,37.5007095209272,-120.913352769965,32.92325
CORTINA_1_N106,39.121407,-122.224176,33.17442
COR_LNODENE1,38.55393333331922,-121.20798139654603,33.12706
COR_LNODENE3,38.55393333331922,-121.20809638123197,33.12706
COTATI_6_N101,38.30970399998603,-122.73153156284509,35.63289
COTATI_6_N102,38.30970399998603,-122.73164643715491,35.63289
COTTLEA_2_N001,37.772676259234935,-120.825545,32.85075
COTTLE_7_N001,37.77259487036768,-120.82548555286246,32.85409
COTWDPGE_1_N001,34.38040399998781,-116.87675022716886,32.43239
COVELO6_6_N001,39.78628299998532,-123.24850460152904,36.48372
CPLECEF_1_N001,37.25999999998651,-121.63994328855216,35.56396
CPLECEF_1_N005,37.25999999998651,-121.64005671144784,35.56396
CPP_LNODESS1,38.3383555554995,-121.12458988828622,33.1137
CPP_LNODESS2,38.33844566948052,-121.124475,33.1137
CRABTREE_LNODENK1,37.64506,-120.60683,33.13709
CRCANAL_6_N001,40.1384740349693,-122.208547,33.67194
CREELMAN_6_N001,33.01815871873613,-116.853026,33.20376
CREELMAN_6_N004,33.01807814061963,-116.85297051775382,33.20376
CREELMAN_6_N014,33.01807814061963,-116.85308148224618,33.20376
CRESSEY_1_N001,37.42852799998634,-120.6386900986629,33.39881
CRESTWD_6_N001,32.699023999988746,-116.35373376108788,32.20477
CROWLNDG_LNODEDR1,37.4627004272953,-120.740076630976,32.79963
CROWLNDG_LNODEDR3,37.462786962981,-120.740080933369,32.79629
CROWLNDG_LNODEDR4,37.462613876709,-120.740078364387,32.79629
CROWLNDG_LNODEDR5,37.4625421344261,-120.740074305354,32.79629
CROWLNDG_LNODEDR7,37.4627827502437,-120.740270351347,32.79963
CRUSHER_6_N001,37.021645,-122.154383,34.98149
CRWSLDG_6_N001,37.377307,-121.085672,34.41462
CRYSTLSG_6_N001,37.528913,-122.361067,35.20819
CSG_LNODESS,38.51068967879612,-121.47509029333828,33.12706
CSTRVLLE_1_N001,36.762604151493385,-121.73625384675147,33.46927
CURTIS1_7_N001,37.974949221777045,-120.320668,30.42523
CURTISS_1_N101,37.974867889096444,-120.32072756943327,30.33502
CYMRIC_1_N001,35.31,-119.63,32.51883
DAIRYLND_1_N001,37.055221,-120.317015,32.87533
DALYCTY_1_N001,37.69180126214444,-122.455704,35.64532
DALYCTY_1_N005,37.69171986891291,-122.45564461457239,35.64532
DANISHCM_1_N001,36.71900181109094,-119.76576504300833,33.61103
DAVIS_1_N001,39.06008956957949,-121.70988464738468,33.91776
DAVIS_1_N007,39.05991043030674,-121.70988464767737,33.91776
DAVIS_1_N012,39.05991043030674,-121.71011535232263,33.91776
DECPTSG_2_N001,38.05999999998602,-121.86994264179833,34.49634
DECPTSG_2_N018,38.05999999998602,-121.87005735820168,34.49634
DEEPWATR_1_N101,38.55162999998592,-121.56020750817653,33.76072
DEEPWATR_1_N104,38.55162999998592,-121.56032249182347,33.76072
DELAMO_2_N001,33.84836303124857,-118.096994,33.09016
DELAMO_2_N014,33.84828198436281,-118.09693765855927,33.09016
DELAMO_2_N022,33.84828198436281,-118.09705034144073,33.09016
DELMAR_6_N001,38.7988788301003,-121.220655,33.42427
DELMAR_6_N001A,38.798798084934575,-121.22059518327069,33.33974
DELMAR_6_N005,38.798798084934575,-121.22071481672931,33.33974
DELMAR_6_N010,32.980789999988666,-117.25535963525417,33.42427
DELMAR_6_N011,32.980789999988666,-117.25546636474583,33.42427
DELMNTE_1_N010,36.599053999987,-121.8539621246086,33.88356
DELMNTE_1_N201,36.599053999987,-121.85407387539139,33.88356
DESCANSO_6_N001,32.86524,-116.633752,32.52552
DEVLDNPP_6_N003,35.774930999987355,-119.97393475743563,32.64622
DEVLSDN_6_N001,35.774930999987355,-119.97404524256437,32.59944
DFS_1_N001,36.72,-120.6,32.5479
DIABLO1_7_N001,35.215922999950024,-120.84743471985068,31.95085
DIABLO2_7_N001,35.215922999950024,-120.84765528014933,31.95753
DIABLOCN_2_N001,35.21601309719158,-120.847545,33.47266
DINUBAE_7_N001,36.56893330486095,-119.41841731957626,33.87163
DINUBA_6_N001,36.56893330486095,-119.41864068042374,33.91841
DINUBA_6_N005,36.56911269503489,-119.41864068068313,33.91841
DIRYVLLE_6_N001,40.12799,-122.097838,34.52995
DIVISION_6_N001,32.6815959999886,-117.12003376624276,33.08682
DIVISION_6_N009,32.6815959999886,-117.12014023375725,33.08682
DIXON-J1_6_N101,38.44545401121386,-121.826237,33.57923
DIXONLD_1_N001,37.457825231051295,-121.921353,34.98204
DIXONLD_1_N002,37.457743884459624,-121.92129383478914,34.98204
DIXONLD_1_N008,37.457743884459624,-121.92141216521087,34.98538
DIXON_6_B1,38.445372994377905,-121.8261772770627,33.57923
DIXON_6_N002,38.445372994377905,-121.8262967229373,33.57923
DMNDSPR_1_N001,38.69304699998593,-120.82566347343,33.44386
DMNDSPR_1_N003,38.69304699998593,-120.82577852656999,33.44386
DOBBINS_6_N001,39.339604,-121.197378,32.27309
DOLANRD_1_N001,36.800296,-121.769123,33.46593
DOMTAR_1_N001,38.13,-121.65,34.08596
DONNER_LNODE07,39.327305,-120.281812,33.68169
DONPEDRO_LNODENSS,37.6962503274167,-120.4206077500803,32.73281
DOSPALS_6_N001,36.97484,-120.635012,32.63984
DUKMOSS1_7_N001,36.85999999998676,-121.76005620188538,33.29553
DUKMOSS2_7_N001,36.84999999994714,-121.75988762218331,33.29553
DUKMOSS3_7_N001,36.84999999994714,-121.76011237781668,33.29553
DUKMOSS3_7_N002,36.85008992566386,-121.76,33.29553
DUKMOSS4_7_N001,36.84999999994714,-121.71988762218332,33.37237
DUKMOSS5_7_N001,36.83999999998681,-121.72005617595099,33.37237
DUKMOSS6_7_N001,36.84999999994714,-121.72011237781669,33.37237
DUKMOSS6_7_N002,36.85008992566386,-121.72,33.37237
DUMBARTN_1_N001,37.557155251259346,-122.057606,35.06312
DUMBARTN_1_N003,37.55707387435557,-122.05754673393427,35.06312
DUMBARTN_1_N011,37.55707387435557,-122.05766526606573,35.06312
DUNBAR_6_N001,38.38322299998598,-122.52777754540057,34.61051
DUNBAR_6_N002,38.38322299998598,-122.52789245459942,34.61051
DUNHILL_6_N001,32.901543,-117.229958,33.36747
DUNLAP_6_N001,36.64502999998689,-119.15909106962141,33.99525
DUNNIGAN_6_N001,38.924808,-121.989951,34.51086
DUNNSIDE_1_N001,35.03321,-116.467335,32.4186
EAGLEMTN_2_N001,33.82005401596653,-115.44,30.37
EAGLEMTN_2_N002,33.8199729920039,-115.43994369314599,30.37
EAGLROCK_2_N001,38.8293359999859,-122.81077743066047,32.52886
EAGLROCK_2_N012,38.8293359999859,-122.81089256933953,32.52886
EASTGATE_6_N101,32.88493613808494,-117.20083859603457,33.36747
EASTGATE_6_N201,32.88493613808494,-117.20094940396542,33.36747
EBMUDGRY_1_N001,37.93,-122.04,34.69465
ECY_LNODE101,38.55445658675582,-121.43093112608555,33.1304
ECY_LNODE102,38.55427674646514,-121.4309311263732,33.1304
ECY_LNODE103,38.55427674646514,-121.43116109584881,33.1304
ECY_LNODE104,38.55445658675582,-121.43116109613645,33.1304
EDENVALE_1_N001,37.24503626216962,-121.7958386130011,34.27006
EDENVALE_1_N004,37.24485573772219,-121.79583861327271,34.27006
EDENVALE_1_N006,37.24485573772219,-121.79606538672729,34.27006
EDENVALE_1_N008,37.24503626216962,-121.7960653869989,34.27006
EDES_1_N001,37.738786999986225,-122.19371982090533,35.967
EDES_1_N003,37.738786999986225,-122.19383417909467,35.32235
EDMON1AP_7_N001,34.986313,-118.738787,31.87066
EDMON2AP_7_N001,34.986312999950265,-118.73867680688261,31.87066
EDMON3AP_7_N001,34.98622271993701,-118.73867680700413,31.87066
EDMON3AP_7_N002,34.98615888237297,-118.73875472524391,31.87066
EDMON4AP_7_N001,34.98614361582445,-118.738863331203,31.87066
EDMON4AP_7_N002,34.98617488443967,-118.73896670370384,31.87066
EDMON5AP_7_N001,34.98624072734969,-118.73904209487607,31.87066
EDMON5AP_7_N002,34.986326049781965,-118.73907810817316,31.87066
EDMON6AP_7_N001,34.986416194964555,-118.73907208804029,31.87066
EDMON6AP_7_N002,34.98649877424742,-118.73902755565565,31.87066
EDMON7AP_7_N001,34.98656446909455,-118.73895197200041,31.87066
EDMON7AP_7_N002,34.98660721032227,-118.7388549100885,31.87066
EDMON8AP_7_N001,34.98662398575978,-118.738746635625,31.87066
EDMON8AP_7_N002,34.986614439197844,-118.738637059907,31.87066
EDWARDS_1_N001,34.991871,-117.890005,45.03861
EELRIVR_6_N001,40.602658,-124.210199,35.76788
EIGHTMI_2_N017,38.058077,-121.375292,33.64827
EISENHOW_1_N001,33.830599,-116.497612,31.74704
EISEN_6_N001,35.35714,-118.97131,32.72598
ELCAJNGT_7_N001,32.795346131065216,-116.97233863745876,33.451
ELCAJNGT_7_N004,32.795346131065216,-116.97244936254124,33.36413
ELCAPTN_1_N001,37.335801999986415,-120.50517320028958,33.25514
ELCAPTN_1_N004,37.335801999986415,-120.50528679971042,33.25514
ELCAPTN_1_N005,37.365512,-120.578993,33.25514
ELCRRTO_1_N001,37.91620499998609,-122.30313670905946,34.89785
ELCRRTO_1_N023,37.91620499998609,-122.30325129094054,34.89785
ELKCREEK_6_N001,39.12957472883464,-123.711777,36.41099
ELKHIL1G_7_N001,35.22604999998747,-119.37772885850012,32.42528
ELKHIL2G_7_N001,35.22604999998747,-119.37783914149988,32.42528
ELK_6_N001,39.1294941355673,-123.71183698354646,35.38999
ELK_SM_LNODENE2,38.37273738362879,-121.354256944444,33.12706
ELK_SM_LNODENE7,38.372656308170484,-121.35419723840097,33.12706
ELK_SM_LNODENE8,38.372656308170484,-121.35431665048702,33.12706
ELLIOTT_6_N001,32.81585999998874,-117.08840071898302,32.87967
ELLIOTT_6_N004,32.81585999998874,-117.08850728101697,32.87967
ELLIS_6_N001,37.716505,-121.548766,33.2639
ELLIS_6_N105,33.685126,-117.943596,33.2639
ELLSGTY_1_N001,33.685294,-117.943088,33.58549
ELNIDO_1_N004,37.12061299998659,-120.47270746040512,32.98505
ELNIDO_2_N001,37.12061299998659,-120.47282053959488,33.34743
ELNIDO_2_N012,33.89624399998809,-118.37271472929694,33.34743
ELNIDO_7_N001,33.89624399998809,-118.37282327070305,32.98505
ELPATIO_1_N001,37.29223717683988,-121.935913,35.23053
ELPATIO_1_N006,37.29215591156547,-121.93585402427247,35.23053
ELPATIO_1_N015,37.29215591156547,-121.93597197572753,35.23053
ELV_LNODENE1,38.71426666661026,-121.47683299057677,33.10367
ELV_LNODENE2,38.71418891290697,-121.47689052312896,33.10367
ELV_LNODENE3,38.71418891290697,-121.47700558798303,33.10367
ELV_LNODENE4,38.71426666661026,-121.47706312053523,33.10367
ELV_LNODENE5,38.71434442039811,-121.4770055881082,33.10367
ELV_LNODENE6,38.71434442039811,-121.4768905230038,33.10367
EMBRCDR_2_N001,37.780090430972514,-122.37988558363396,35.47749
EMBRCDR_2_N008,37.77990956891692,-122.37988558391392,35.47749
EMBRCDR_2_N101,37.77990956891692,-122.38011441608609,35.47749
EMBRCDR_2_N104,37.780090430972514,-122.38011441636604,35.47749
EMRLDLE_6_N001,37.462178,-122.277933,35.0712
EMRYSVE_1_N001,39.163430999985756,-121.56151425780503,32.60094
EMRYSVE_1_N003,39.163430999985756,-121.56162974219497,32.60094
ENCINAL_6_N001,39.247383,-121.637248,32.49349
ENCINA_1_N001,33.13699513479889,-117.33531843066032,33.25054
ENCINA_1_N049,33.13699513479889,-117.33542956933968,33.25054
ENCNITAS_6_N001,33.05068472041646,-117.285325,33.42093
ENCNITAS_6_N004,33.05060413977941,-117.28526949553299,33.42093
ENCNITAS_6_N011,33.05060413977941,-117.285380504467,33.42093
ENSLEN_LNODEHKQ,37.65224426097517,-121.0013,33.19723
ENSLEN_LNODELOU,37.65216286949752,-121.00124064749899,33.19723
ENSLEN_LNODEWFN,37.65216286949752,-121.00135935250101,33.19723
ERTA_6_N001,36.930594,-121.763827,34.49499
ESCNDIDO_6_N001,33.12543545233769,-117.116857,33.06677
ESCNDIDO_6_N046,33.12552499995441,-117.11696392572938,33.06677
ESCNDIDO_6_N053,33.12561454766245,-117.116857,33.06677
ESCO_6_N001,33.115770727187964,-117.089119,33.14362
ESCO_6_N004,33.11569013639368,-117.08906344744015,33.14362
ESQUON_6_N001,39.607876,-121.768445,32.51365
ESTGRND_1_N001,37.653951261060854,-122.403031,35.58249
ESTGRND_1_N005,37.65386986945481,-122.402971646041,35.58249
ESTGRND_1_N009,37.65386986945481,-122.403090353959,35.58249
ESTPRTL_1_N001,37.876677,-122.186415,34.78759
ESTQNCY_6_N001,39.938128,-120.910322,29.71714
ETIWANDA_6_N001,34.0883812512724,-117.5255740237224,32.50213
ETIWANDA_6_N003,34.08814499998799,-117.52552751207779,32.50213
EUREKAA_6_N001,40.793883999984665,-124.18290627263764,35.87814
EUREKA_6_N001,40.793883999984665,-124.18302572736236,35.85475
EVRGREEN_1_N001,37.303338999986465,-121.8408102375639,35.03771
EVRGREEN_1_N019,37.303338999986465,-121.84092376243609,35.03771
EXXONBH_7_N001,38.08095331088854,-122.13762073299924,34.21292
FAIRGRND_LNODEDR1,37.5006945896515,-120.867048786933,32.90321
FAIRGRND_LNODEDR3,37.5005735349484,-120.866718665766,32.90655
FAIRGRND_LNODEDR4,37.5005721589657,-120.866803820595,32.90655
FAIRGRND_LNODEDR5,37.5005181954718,-120.867051337755,32.90321
FAIRGRND_LNODEDR7,37.5005718981617,-120.866887330714,32.90655
FAIRGRND_LNODEDR8,37.5005716373084,-120.866970837622,32.90321
FAIRHAVN_6_N001,40.80028,-124.195714,35.75452
FAIRWAY_1_N001,34.91059499998762,-120.44635292480474,34.12084
FAIRWAY_1_N002,34.91059499998762,-120.44646307519525,34.12084
FAMOSO_1_N001,35.60500099998741,-119.20248280260235,32.86297
FARREL_1_N001,33.85654399998807,-116.49686777574072,31.64012
FARREL_1_N002,33.85654399998807,-116.49697622425927,31.64012
FAR_SUB_LNODEONA,34.03809021316632,-118.37089113436087,32.24167
FAR_SUB_LNODEONB,34.0379097867377,-118.37089113459244,32.24167
FAR_SUB_LNODEONC,34.0379097867377,-118.37110886540755,32.24167
FAR_SUB_LNODEOND,34.03809021316632,-118.37110886563912,32.24167
FELICITA_6_N001,33.093263724336374,-117.073637,33.07012
FELICITA_6_N005,33.09318313781945,-117.07358146461416,33.07012
FELICITA_6_N009,33.09318313781945,-117.07369253538583,33.07012
FELLOWSG_7_N001,35.195188999987465,-119.58505586292793,32.57897
FIGARDN_2_N001,36.8220309999868,-119.85852484727552,33.06362
FIGARDN_2_N101,36.8220309999868,-119.85863715272448,33.06362
FINNEY_LNODESNV,37.627520677678156,-120.9751667,33.20057
FIREBAGH_6_N001,36.850688,-120.466577,32.33634
FIREHOUS_LNODEBUSH,34.8569,-114.6245,31.30282
FIY_LNODE0LD,38.762778,-121.356944,33.11036
FLINT_1_N001,38.88530299998586,-121.06669540924167,33.68334
FMC_1_N001,37.347699999986396,-121.92219018683774,35.44667
FMC_1_N003,37.347699999986396,-121.92230381316226,35.44667
FOOTHILL_1_N001,35.27,-120.7,33.62247
FORSTHL_6_N001,39.01927,-120.830271,33.83035
FORTORD_6_N001,36.643363,-121.792138,34.01053
FORTRSS_6_N001,38.539559,-123.223713,35.62955
FOSTERW_7_N001,38.02007534657929,-122.06127131707333,34.54991
FRANKLIN_6_N003,38.012317,-122.264655,35.1785
FRA_SM_LNODENE1,38.38101134187077,-121.4768906014164,33.1304
FRA_SM_LNODENE2,38.380933333277234,-121.47683314740071,33.1304
FRA_SM_LNODENE3,38.38085532476781,-121.47689060154032,33.1304
FRA_SM_LNODENE4,38.38085532476781,-121.47700550957168,33.1304
FRA_SM_LNODENE5,38.380933333277234,-121.47706296371129,33.1304
FRA_SM_LNODENE6,38.38101134187077,-121.4770055096956,33.1304
FREDONIA_LNODELD,34.1733,-114.574,31.14579
FREMNT_1_N001,37.54118124868743,-121.962063,34.85696
FREMNT_1_N007,37.54109987564155,-121.96200374944321,34.85696
FREMNT_1_N013,37.54109987564155,-121.96212225055679,34.85696
FRIARS_1_N001,32.77904499998872,-117.15675673371696,32.93981
FRIARS_1_N009,32.77904499998872,-117.15686326628304,32.93981
FRNCHGLH_6_N001,40.68692,-122.641204,32.92353
FROGTOWN_7_N001,38.056504,-120.53381,31.81793
FRTSWRD_6_N001,40.21377199998503,-123.59658599020719,36.03452
FRUITLND_6_N001,40.28584,-123.837372,35.7266
FRUITVLE_6_N001,35.376774999987504,-119.0924868388967,32.72598
FRUITVLE_6_N101,35.376774999987504,-119.09259716110328,32.72598
FSTREET_LNODEDR1,37.4895796064313,-120.838424090027,32.90321
FSTREET_LNODEDR3,37.4896984214952,-120.838270217479,32.89987
FSTREET_LNODEDR4,37.4896152090171,-120.838173674241,32.89987
FSTREET_LNODEDR5,37.4894938869083,-120.83833925837,32.90321
FTCHMTN_6_N001,38.60608399998592,-122.85282549557644,35.1217
FTCHMTN_6_N003,38.60608399998592,-122.85294050442356,35.1217
FTL_LNODENE1,38.69308721315885,-121.348651111111,33.11036
FTL_LNODENE2,38.693006393405355,-121.34859132777218,33.11036
FTL_LNODENE3,38.693006393405355,-121.34871089444981,33.11036
FULTON_2_N010,38.49657200829278,-122.75943026543568,34.03584
FULTON_2_N049,38.49657200829278,-122.75954973456432,34.03584
F_6_N001,32.75497274686537,-117.126027,33.0768
F_6_N002,32.75489212655523,-117.12597165333155,33.0768
F_6_N005,32.75489212655523,-117.12608234666845,33.0768
GABILAN_6_N001,36.731511,-121.61325,34.61861
GALE_1_N001,34.85946599998758,-116.86535894183864,42.6408
GANSNER_6_N101,39.939187,-120.948157,31.06027
GANSO_1_N001,35.501698,-119.449132,32.50213
GARCIA_6_N001,38.88879,-123.550318,35.41004
GAREY_1_N002,34.98,-120.26,34.09077
GARFIELD_6_N001,32.795125,-116.996848,33.25388
GARNET_7_N001,33.93858299995228,-116.57633536031197,31.56328
GEER_LNODEDR1,37.52250334748,-120.843709746797,32.8698
GEER_LNODEDR2,37.5224993081714,-120.843588348711,32.86646
GEER_LNODEDR3,37.5224318250334,-120.843496861832,32.86646
GEER_LNODEDR4,37.5224297824039,-120.843426269924,32.86646
GEER_LNODEDR5,37.5224263420376,-120.843557323915,32.8698
GEER_LNODEDR7,37.5224225565731,-120.843630755159,32.8698
GEER_LNODEDR8,37.522425898329,-120.843709042834,32.8698
GENESEE_6_N001,32.87974054062765,-117.2133823800825,33.44098
GENESEE_6_N005,32.87956145928191,-117.21338238029792,33.44098
GENESEE_6_N011,32.87956145928191,-117.21359561970208,33.44098
GENESEE_6_N015,32.87974054062765,-117.2135956199175,33.44098
GENE_2_N001,34.3,-114.23,31.28597
GERBER_6_N101,40.064207,-122.156114,34.48048
GEYSR5-6_7_N001,38.777006613720275,-122.74238837921152,32.27842
GIFFEN_6_N001,36.545076,-120.334519,32.4037
GILROYF_1_N001,37.14,-121.58,34.56073
GILSTRAP_LNODEDR1,37.5800948624588,-120.975549487551,32.79963
GILSTRAP_LNODEDR3,37.5801662132492,-120.9757670064,32.80632
GILSTRAP_LNODEDR5,37.5799830759229,-120.975550499689,32.79963
GILSTRAP_LNODEDR7,37.58017229934,-120.975552395649,32.79963
GILSTRAP_LNODEDR8,37.5801700030066,-120.975645212521,32.80632
GILSTRAP_LNODER17,37.5801611951015,-120.976018315921,32.80632
GIRVAN_6_N001,40.51347,-122.378916,32.70636
GLENCLIF_6_N001,32.798367,-116.498315,32.41192
GLENSHIR_LNODERE,39.352238,-120.08626,33.48122
GLENWOOD_6_N001,37.45733023092607,-122.186967,35.30744
GLENWOOD_6_N004,37.457248884522265,-122.18690783531744,35.30744
GLENWOOD_6_N005,37.457248884522265,-122.18702616468256,35.30744
GLRYCGG1_7_N001,37.12999999998655,-121.5600565514771,34.56407
GOLDTREE_1_N001,35.32012199998752,-120.69284284611503,33.66925
GOLDTREE_1_N002,35.32012199998752,-120.69295315388497,33.66925
GOLETA_6_N200,34.46880142976412,-119.88445868708224,33.54121
GONZALES_6_N001,36.50885299998702,-121.44685522795733,34.89926
GONZALES_6_N003,36.50885299998702,-121.44696677204267,34.89926
GORMAN_6_N001,34.8014,-118.818908,31.90741
GOSELKE_1_N001,35.601596,-119.579654,32.49545
GOULD_2_N001,34.22145799998786,-118.18701737338756,32.54222
GOULD_2_N007,34.22145799998786,-118.18712662661244,32.54222
GRANDIS_1_N004,38.23108199998597,-121.59029758372996,33.31021
GRANDIS_1_N009,38.23108199998597,-121.59041241627003,33.31021
GRANITE_6_N001,32.804473,-116.92086,33.1336
GRANITE_6_N007,32.804472999954854,-116.9207534473782,33.1336
GRANITE_6_N008,32.80438343993102,-116.92086,33.1336
GRANITE_6_N009,32.804472999954854,-116.92096655262179,33.14028
GRANTRK_6_N001,37.67099326174171,-122.160116,34.77564
GRANT_1_N001,37.67091186911436,-122.16005663166834,35.23548
GRANT_1_N005,37.67091186911436,-122.16017536833166,35.23548
GRBRVLLE_6_N001,40.10263,-123.792873,36.48664
GRDNEAST_1_N101,36.47999999998696,-119.60994425959105,33.51694
GRDNEAST_1_N102,36.47999999998696,-119.61005574040897,33.51694
GRDNWEST_1_N001,36.59,-119.57,33.52028
GREENBRE_6_N001,37.93780399998614,-122.51415869769995,35.64626
GREENBRE_6_N003,37.93780399998614,-122.51427330230004,35.64626
GRIMWAY_1_N001,35.27,-118.87,32.72264
GRNTHLL_1_N001,32.80456256006898,-116.92086,32.80617
GRNVALY_1_N001,36.952139010813255,-121.76018,34.26111
GRNVALY_1_N011,36.95205799457908,-121.76012146857028,34.26111
GRSSVLY_6_N101,39.209514,-121.061004,34.85273
GRYSFLT_6_N001,40.021612,-121.065532,30.91994
GUALALA_6_N001,38.786699,-123.522777,36.54835
GUSTINE_6_N001,37.253223999986524,-121.01302629664288,34.80219
GUSTINE_6_N002,37.253223999986524,-121.01313970335713,34.80219
GYSRVLLE_6_N001,38.70981887157317,-122.907957,35.37229
GYSRVLLE_6_N003,38.70973806419826,-122.90789721183104,35.37229
HALSEYF_7_N001,38.90131699998584,-121.08772559737287,33.97402
HAL_SUB_LNODEON1,33.84769999998815,-118.30334578612137,32.23833
HAL_SUB_LNODEONA,33.84769999998815,-118.30345421387864,32.23833
HAMILTON_6_N001,39.746242,-122.011361,32.51526
HAMMER_6_N001,38.02138220754234,-121.320367,33.92559
HAMMER_6_N003,38.02130089621381,-121.32030740848892,33.92559
HAMMER_6_N004,38.02130089621381,-121.32042659151108,33.92559
HAMMONDS_1_N001,36.72011,-120.603287,32.46545
HARBORG_7_N101,33.770089981295506,-118.25010824500784,33.19374
HARDING_6_N001,37.96379937479765,-121.2904483692276,33.94229
HARDING_6_N004,37.96361862509118,-121.29044836950978,33.94229
HARDWICK_6_N001,36.404261,-119.68624,33.90785
HARRIS_6_N001,40.78104299998464,-124.13194328500423,35.65763
HARRIS_6_N003,40.78104299998464,-124.13206271499577,35.65763
HARTER_6_N001,39.14325399998575,-121.6480072716394,32.31694
HARTER_6_N003,39.14325399998575,-121.6481227283606,32.31694
HARTLEY_6_N001,39.077268,-122.932322,33.91764
HAR_GS_LNODE10AUX,33.77070285420546,-118.26588005129787,32.23833
HAR_GS_LNODE11AUX,33.770785160786886,-118.2658363056699,32.23833
HAR_GS_LNODE12AUX,33.77085063868779,-118.26576205737284,32.23833
HAR_GS_LNODE13AUX,33.770893238769126,-118.26566671029164,32.23833
HAR_GS_LNODE14AUX,33.77090995880947,-118.26556034876025,32.23833
HAR_GS_LNODE1AUX,33.770900443776654,-118.26545270896402,32.23833
HAR_GS_LNODE2AUX,33.770866485380765,-118.26535246672638,32.23833
HAR_GS_LNODE5AUX,33.77081149182394,-118.26526678898045,32.23833
HAR_SUB_LNODEONA,33.77073997374512,-118.26520109800133,32.23833
HAR_SUB_LNODEONB,33.77065707494083,-118.26515900180253,32.23833
HAR_SUB_LNODEONC,33.77056816417163,-118.26514234955444,32.23833
HATTON_6_N001,36.55679,-121.897162,34.07067
HAWKINS_LNODEDR1,37.5799617816957,-120.645598336747,32.81968
HAWKINS_LNODEDR3,37.5799481743814,-120.645311774451,32.81968
HAWKINS_LNODEDR5,37.5798175544824,-120.645562968772,32.81968
HAWKINS_LNODEDR7,37.5799502934699,-120.645479899093,32.81968
HAY_GS_LNODE10AUX,33.765034221459466,-118.09919670179296,32.24167
HAY_GS_LNODE12AUX,33.76505094051277,-118.09909035381168,32.24167
HAY_GS_LNODE14AUX,33.765041426041684,-118.09898272772843,32.24167
HAY_GS_LNODE15AUX,33.7650074696504,-118.0988824982613,32.24167
HAY_GS_LNODE9AUX,33.7649524793399,-118.09879683143038,32.24167
HAY_LNODESS1,33.76488096548275,-118.09873114881994,32.24167
HAY_LNODESS2,33.76479807157197,-118.09868905798392,32.24167
HED_LNODENE1,38.50998333333333,-121.355746944444,33.1304
HED_LNODENE2,38.50998333327719,-121.35563197930773,33.1304
HED_LNODENE3,38.50989337309517,-121.35563197945136,33.1304
HED_LNODENE4,38.50982976169183,-121.355713272007,33.1304
HED_LNODENE5,38.50981454922492,-121.35582658122124,33.1304
HED_LNODENE6,38.509845707051696,-121.35593443034743,33.1304
HED_LNODENE7,38.509911316684935,-121.35601308641768,33.1304
HED_LNODENE8,38.50999633683837,-121.3560506593429,33.1304
HENRITTA_6_N101,36.24160599998715,-119.9029965105001,32.76477
HERDLYN_6_N001,37.816383,-121.586176,33.19297
HERSHEY_LNODESLL,37.75083,-120.8453,33.16381
HERSHEY_LNODEXF1,37.7508299999447,-120.8451856244636,33.16381
HERSHEY_LNODEXF2,37.75073956547022,-120.8453,33.16381
HERSHEY_LNODEXF3,37.7508299999447,-120.84541437553641,33.16381
HERSHEY_LNODEXF4,37.750920434529704,-120.8453,33.16381
HICKS_2_N001,37.234159254320986,-121.90015163922017,34.30001
HICKS_2_N002,37.23397874557105,-121.9001516394916,34.30001
HICKS_2_N007,37.23397874557105,-121.90037836050841,34.30001
HIDESERT_2_N001,34.145263999987954,-116.18586145110677,32.35846
HIDESERT_2_N018,34.145263999987954,-116.18597054889322,32.35846
HIGGINS_1_N001,39.043590575891166,-121.09071766620363,33.64271
HIGGINS_1_N002,39.04341142399536,-121.0907176664961,33.64271
HIGGINS_1_N004,39.04341142399536,-121.09094833350389,33.64271
HIGHLD_1_N001,38.93741777608508,-122.609034,32.69706
HIGHLD_1_N005,38.937337111942234,-122.60909387327588,32.69706
HIGHWAY_1_N001,38.166048151820924,-122.253616,35.21859
HIGHWAY_1_N002,38.16596692407439,-122.25355635179834,35.21859
HILLSDLE_6_N001,37.536271,-122.322394,35.35994
HILLSIDE_1_N001,37.879999999986126,-122.23994272916374,34.71743
HILLSIDE_1_N004,37.879999999986126,-122.24005727083625,34.71743
HILMAR_LNODEDR1,37.4189785637285,-120.849304571346,32.99676
HILMAR_LNODEDR2,37.4188603223578,-120.849075716434,32.99342
HILMAR_LNODEDR4,37.4189333711687,-120.849077780203,32.99676
HILMAR_LNODEDR5,37.4188652133943,-120.849148221032,32.99342
HILMAR_LNODEDR7,37.4188555229834,-120.849223847561,32.99342
HILMAR_LNODER17,37.4189123657556,-120.849307362712,32.99676
HINSON_6_N001,33.81885999995258,-118.22236564005779,33.21378
HLFMNBY_6_N002,37.46874323375435,-122.43018,35.62723
HLFMNBY_6_N004,37.46866188310803,-122.43012082319957,35.62723
HLFMNBY_6_N101,37.46866188310803,-122.43023917680043,35.62723
HMBLTBY_6_N003,40.78280899998469,-124.11247771670773,30.0
HOBARTTP_LNODE19,39.400047,-120.149888,33.48122
HOLLISTR_1_N001,36.862728962246265,-121.405867,34.36134
HOLLISTR_1_N004,36.86264801886252,-121.40580858969733,34.36134
HOLLISTR_1_N101,36.86264801886252,-121.40592541030266,34.36134
HOMEGRND_1_N001,38.96,-122.84,32.70428
HOMEPROC_1_N001,38.94,-122.85,32.70094
HONCUT_1_N001,39.320099,-121.595289,32.40608
HOOPA_6_N001,41.056514,-123.682252,37.66563
HORSESHE_1_N001,38.744281999985915,-121.16156545871566,33.54355
HORSESHE_1_N002,38.744281999985915,-121.16168054128434,33.54355
HPLNDJT_6_N001,38.972898,-123.081134,33.69713
HSK_LA_LNODEKSS,34.487,-118.514,32.18487
HUGHSON_LNODEDR1,37.5949433309328,-120.846755674049,32.67935
HUGHSON_LNODEDR2,37.5949478453779,-120.846639431615,32.66933
HUGHSON_LNODEDR3,37.5948895849844,-120.846669736494,32.66933
HUGHSON_LNODEDR4,37.5949564824944,-120.846831604577,32.67935
HUGHSON_LNODEDR5,37.594883530932,-120.846800432358,32.67935
HUGHSON_LNODEDR8,37.5948895004896,-120.84669840193,32.66933
HUNT1G_7_N002,33.64610399995311,-117.97753404459904,33.26056
HUNT2G_7_N002,33.645950581890766,-117.97761038065147,33.26056
HUNT3G_7_N002,33.64596651133317,-117.97781805443613,33.26056
HUNT4G_7_N002,33.646116990569396,-117.97792719657157,33.26056
HURLEY_LNODE12LD3,38.587283,-121.418244,31.12225
HURON_6_N001,36.185797,-120.104535,32.5226
HUR_LNODENE1,38.58818333333333,-121.418666944444,33.11704
HUR_LNODENE2,38.58818333327699,-121.41855194404475,33.11704
HUR_LNODENE3,38.58810548632912,-121.41860944430671,33.11704
HUR_LNODENE4,38.58810548632912,-121.41872444458129,33.11704
HUR_LNODENE5,38.58818333327699,-121.41878194484326,33.11704
HUR_LNODENE7,38.58826118030932,-121.41872444470597,33.11704
HUR_LNODENE8,38.58826118030932,-121.41860944418204,33.11704
HWD_SUB_LNODEONA,34.088090251059334,-118.34689102435425,32.23833
HWD_SUB_LNODEONB,34.0879097488445,-118.34689102458658,32.23833
HWD_SUB_LNODEONC,34.0879097488445,-118.34710897541342,32.23833
HWD_SUB_LNODEOND,34.088090251059334,-118.34710897564575,32.23818
HYATT_2_N212,39.54,-121.47,32.21629
IBM-CTLE_1_N001,37.33,-121.74,34.26003
IBM-HRRS_1_N001,37.339999999986375,-121.73994319553019,34.16982
IBM-HRRS_1_N101,37.339999999986375,-121.74005680446982,34.16982
IGNACIO_1_N102,38.07555099998604,-122.54000436436782,34.31984
IMHOFF_1_N001,38.001509,-122.066739,34.88068
IMPRLBCH_6_N001,32.58332899998902,-117.09716179037093,33.05341
IMPRLBCH_6_N004,32.58332899998902,-117.09726820962906,33.05341
INDIANW_1_N001,33.75822999998817,-116.36079489140164,31.64346
INDIANW_1_N005,33.75822999998817,-116.36090310859835,31.64346
INDNFLT_6_N001,37.66547,-119.841331,32.25669
INDUSTRL_LNODEDR1,37.4786063003132,-120.866935168966,32.91991
INDUSTRL_LNODEDR2,37.4784258031614,-120.866836967643,32.92325
INDUSTRL_LNODEDR3,37.4784244272802,-120.866662034426,32.92325
INDUSTRL_LNODEDR5,37.4785292936467,-120.866935824384,32.91991
INDUSTRL_LNODEDR7,37.4784403782944,-120.866928290638,32.91991
INDUSTRL_LNODEDR8,37.4784247171011,-120.866748607625,32.92325
INGRMC_1_N001,37.83,-121.17,33.95021
INYOKERN_1_N001,35.65261399998741,-117.79478579202693,67.77798
INYOKERN_1_N008,35.65261399998741,-117.79489620797307,67.77798
IRONMTN_2_N001,34.16,-115.12,31.4597
IUKA_6_N001,37.665987,-121.831011,34.7127
JACINTO_6_N001,39.582923,-122.010645,32.18783
JAMACHA_6_N001,32.744163749547276,-116.957239,33.12357
JAMACHA_6_N006,32.74408312521416,-116.95718365728564,33.12357
JAMACHA_6_N015,32.74408312521416,-116.95729434271436,33.12357
JAMESON_1_N001,38.205743,-122.147539,33.89997
JANSCRK_6_N001,40.905394259900845,-124.072573,35.54737
JANSCRK_6_N003,40.90531287003298,-124.0725108262728,35.54737
JARVIS_1_N014,37.59572442721241,-122.01803387245575,35.13939
JARVIS_1_N016,37.595543572677634,-122.01803387273313,35.13939
JARVIS_1_N017,37.595543572677634,-122.01826212726687,35.13939
JARVIS_1_N101,37.59572442721241,-122.01826212754425,35.13939
JCBSCRNR_6_N001,36.22245499998718,-119.77977650530629,32.88505
JCBSCRNR_6_N003,36.22245499998718,-119.77988749469371,32.88505
JENNY_1_N001,37.769999999986226,-122.25994279875593,36.13072
JENNY_1_N008,37.769999999986226,-122.26005720124407,36.13072
JESSUP_1_N001,40.462102,-122.328061,32.37559
JMSCNPMP_1_N001,38.19,-122.47,34.77089
JOHANNA_2_N001,33.71362395818503,-117.852576,33.30733
JOHANNA_2_N007,33.71354302089469,-117.85251982319095,33.30733
JOLON_6_N001,36.013308,-121.167635,33.25118
KAMM_1_N001,36.58,-120.52,32.32566
KANAKA_1_N001,39.439999999985574,-121.38994201903363,32.32816
KEARNEY_6_N001,36.704357999986875,-119.88278399673257,33.03409
KEARNEY_6_N099,36.704357999986875,-119.88289600326743,33.03409
KEARNEY_7_N001,32.832849999988746,-117.13199871171014,33.37082
KEARNEY_7_N003,32.832849999988746,-117.13210528828985,33.27726
KELSO_2_N001,37.797722,-121.601591,33.64659
KERMAN_6_N001,36.69205999998684,-120.05918901200307,33.40937
KERMAN_6_N002,36.69205999998684,-120.05930098799692,33.40937
KERNOIL_1_N001,35.44070999998741,-119.02061483035583,32.85294
KERNOIL_1_N012,35.44070999998741,-119.02072516964418,32.85294
KERNPWR_1_N002,35.37980096994444,-119.097984,32.67587
KERNPWR_1_N201,35.37972001501422,-119.09792667452027,32.67587
KERNRDGE_1_N001,35.48320899998747,-119.76358482417542,33.14362
KERNRV_1_N001,35.37972001501422,-119.09804132547973,32.83624
KERNWATR_1_N001,35.400666,-119.035603,32.72932
KESWICK_6_N001,40.623725,-122.462027,32.48584
KETTLEMN_6_N001,36.044075,-120.112696,32.74311
KETTNER_6_N001,32.733172,-117.173774,33.12023
KIERNAN_LNODETUB,37.71047,-121.0139,33.18386
KINGCTY_6_N001,36.21683446252504,-121.1266820197143,33.25118
KINGCTY_6_N002,36.21683446252504,-121.1269039802857,33.25118
KINGCTY_6_N005,36.217013537372516,-121.12690398053972,33.25118
KINGSBRG_1_N001,36.48869063297857,-119.58234525016937,33.5136
KINGSBRG_1_N008,36.48861299994815,-119.58228950045047,33.5136
KIRKER_1_N001,38.0212542075842,-121.905844,34.50528
KIRKER_1_N005,38.02117289619287,-121.90578440854696,34.50528
KIRKER_1_N006,38.02117289619287,-121.90590359145303,34.50528
KNA_LNODENA2,40.654722,-122.389167,32.50228
KNGHTSLD_1_N001,38.809281,-121.74515,33.21785
KONOCTI6_6_N001,38.9325,-122.741085,32.46218
KYOCERA_6_N001,32.819776,-117.140362,33.19374
LADDCM_LNODEARD,37.73258,-121.01392,33.18386
LAFRESA_6_N001,33.86979104273171,-118.33319,33.30399
LAFRESA_6_N007,33.869709978621295,-118.33324636755688,33.30399
LAGNANL_1_N001,33.49498074466377,-117.70295838393929,33.38752
LAGNANL_1_N002,33.494801255243225,-117.70295838416239,33.38752
LAGNANL_1_N005,33.494801255243225,-117.70317361583761,33.38752
LAGNANL_1_N006,33.49498074466377,-117.70317361606071,33.38752
LAGRANG_LNODEOAD,37.6697612035926,-120.443808701526,32.73281
LAGUBELL_6_N001,33.975996097823064,-118.14794,32.88636
LAGUBELL_6_N210,33.97591495107552,-118.14799649540468,32.88636
LAGUNATP_6_N001,36.748942999986895,-121.60530194075191,35.21525
LAGUNITS_6_N001,36.748942999986895,-121.60541405924809,34.67541
LAJOLLA_6_N001,32.840121999988746,-117.27517670850455,33.44098
LAJOLLA_6_N007,32.840121999988746,-117.27528329149546,33.44098
LAKEVIEW_6_N101,35.093678,-119.10139,32.69257
LAKEVLLE_1_N001,38.251505,-122.580692,34.1628
LAKEWOOD_1_N001,37.909008286572075,-122.05701271293042,34.69131
LAKEWOOD_1_N003,37.90892999994441,-122.05695542598274,34.69131
LAKEWOOD_1_N004,37.90885171340006,-122.05701271305232,34.69131
LAKEWOOD_1_N006,37.90885171340006,-122.05712728694768,34.69131
LAKEWOOD_1_N007,37.90892999994441,-122.05718457401727,34.69131
LAKEWOOD_1_N009,37.909008286572075,-122.05712728706959,34.69131
LAK_SM_LNODENE2,38.658077794318025,-121.13012359377534,33.1304
LAK_SM_LNODENE3,38.65799999994368,-121.13006607656462,33.1304
LAK_SM_LNODENE4,38.657922205653776,-121.13012359390028,33.1304
LAK_SM_LNODENE6,38.657922205653776,-121.13023862832172,33.1304
LAK_SM_LNODENE7,38.65799999994368,-121.13029614565738,33.1304
LAK_SM_LNODENE8,38.658077794318025,-121.13023862844666,33.1304
LAMONT_1_N001,35.296667999987505,-118.86162984910735,32.70594
LAMONT_1_N002,35.296667999987505,-118.86174015089266,32.70594
LAPHAM_LNODEQBZ,37.639494,-120.919982,33.19723
LAPHAM_LNODEXBC,37.63949399994495,-120.91986779708742,33.19723
LAPLMG1_7_N001,35.29516599994997,-119.59192469860037,32.47206
LAPLMG2_7_N001,35.2950123151544,-119.59200269352937,32.47206
LAPLMG3_7_N001,35.29502827228419,-119.59221488028864,32.47206
LAPLMG4_7_N001,35.29517901313358,-119.59232639423358,32.47206
LASPALMS_1_N001,36.8,-119.69,33.59098
LASPLGS_6_N001,33.31288499998846,-117.46694237728786,35.46211
LASPULGS_6_N001,33.31288499998846,-117.46704962271214,33.7517
LAURELES_6_N001,36.47781599998705,-121.7268922619553,35.51068
LAWRENCE_1_N001,37.397207,-122.010126,34.88749
LAWRENCE_1_N003,37.39720699994556,-122.01001226428907,34.88749
LAWRENCE_1_N004,37.39711664332103,-122.010126,34.88749
LAWRENCE_LNODEENCE,37.397297356679005,-122.010126,31.1959
LBEACH2G_7_N002,33.818691093192,-118.22254906136247,33.21378
LCIENEGA_6_N001,34.000751,-118.378408,33.41425
LEGRAND_1_N001,37.184412,-120.273463,32.86477
LEMOORE_6_N002,36.30998799998711,-119.79822042969916,33.02872
LEMOORE_6_N101,36.30998799998711,-119.79833157030085,33.02872
LEPRINO_1_N001,37.748396,-121.41576,33.95635
LERDO_1_N001,35.50010399998744,-119.15188082156193,32.9064
LERDO_1_N004,35.50010399998744,-119.15199117843807,32.9064
LILAC_6_N001,33.25325899998847,-117.08580343192692,33.51448
LILAC_6_N010,33.25325899998847,-117.08591056807307,33.51448
LIMESTNE_6_N001,38.63377399998596,-120.97960448884528,33.33694
LINCON_LNODECRZ,37.63940356621228,-120.91986779722644,33.19388
LINCON_LNODEFCN,37.639339619957,-120.91994855081084,33.19388
LINDEN_6_N101,38.016891,-121.095875,33.959
LITEHIPE_6_N001,33.88040091918611,-118.17506849549716,33.1503
LITEHIPE_6_N008,33.88058108071875,-118.17528550473195,33.1503
LIVERMRE_6_N001,37.68013099998621,-121.78059286544908,34.60029
LIVERMRE_6_N003,37.68013099998621,-121.78070713455092,34.60029
LIVNGSTN_6_N001,37.363379203022006,-120.760425,33.74413
LLAGAS_1_N001,37.006958040367174,-121.557391,34.55739
LLAGAS_1_N003,37.00687697980194,-121.55733239433584,34.55739
LLAGAS_1_N005,37.00687697980194,-121.55744960566416,34.55739
LMEC1_1_N001,38.030625,-121.896783,34.4418
LMEC1_1_N101,38.03062499994427,-121.89666830800388,34.4418
LMEC1_1_N601,38.0305346591732,-121.89666830814532,34.4418
LMEC1_1_N801,38.03047077865233,-121.89674940756281,34.4418
LMECCT1_7_N001,38.0304867914731,-121.89697004046927,34.4418
LMECCT2_7_N001,38.03063805852326,-121.89708599331652,34.4418
LMECST1_7_N001,38.03081089924409,-121.89703337694175,34.4418
LMPC-CTY_1_N001,34.6,-120.39,34.4349
LOCKHD1_1_N001,37.409054,-122.03213,34.93634
LOCKHD2_1_N001,37.416224,-122.030655,34.88945
LOGANCR_2_N001,39.53955399998549,-122.26277291112409,32.50589
LOGANCR_2_N010,39.53955399998549,-122.26288908887592,32.50589
LONESTAR_1_N001,37.511676999986356,-122.20756301431467,35.17941
LOSALTS_6_N004,37.3939352129738,-122.114735,34.93137
LOSALTS_6_N005,37.393853893498445,-122.11467590496156,34.93137
LOSALTS_6_N101,37.393853893498445,-122.11479409503845,34.93137
LOSCCHS_6_N001,32.85981772690813,-116.899263,33.0741
LOSCOCHS_6_N001,32.85973713653372,-116.89920760858072,32.70594
LOSCOCHS_6_N034,32.85973713653372,-116.89931839141927,32.70594
LOSGATS_6_N002,37.226423999986494,-121.97722832893687,34.85453
LOSGATS_6_N201,37.226423999986494,-121.97734167106313,34.85453
LOSOSTS_6_N001,36.293864,-121.20007,33.32468
LOVELAND_6_N001,32.796957,-116.792258,32.74937
LOWGAP_7_N001,40.4327289999849,-123.47220368717633,34.29112
LOYALTON_LNODETY,39.6680639999855,-120.24305624345052,33.48122
LOYOLA_6_N001,37.360660999986344,-122.09993417231678,34.75764
LOYOLA_6_N004,37.360660999986344,-122.10004782768323,34.75764
LPFLKBD_6_N001,40.90531287003298,-124.07263517372719,35.55071
LSGLLNS_1_N001,38.022339207228725,-122.537978,34.45682
LSGLLNS_1_N002,38.0222578963706,-122.53791840805536,34.45682
LSGLLNS_1_N003,38.0222578963706,-122.53803759194464,34.45682
LSPSTAS_2_N001,37.700982436898656,-121.73360569835381,34.47379
LSPSTAS_2_N002,37.70080156299109,-121.73360569863272,34.47379
LSPSTAS_2_N010,37.70080156299109,-121.7338343013673,34.47379
LSPSTAS_2_N011,37.700982436898656,-121.73383430164618,34.47379
LSTHLLS_6_N001,35.785755,-119.866138,32.57271
LUCERNE_1_N001,39.110189,-122.81298,33.8353
LUCERNE_1_N004,39.11,-122.81,33.8353
LUIS#3_1_N001,36.65,-120.73,32.44206
LUIS#5_1_N001,36.72,-120.75,32.4454
LVNGSTN_7_N002,37.36329789847426,-120.76036593987695,33.42888
LYOTH-SP_6_N001,37.721862,-121.390858,34.30824
LYTNVLLE_6_N001,39.684962,-123.476979,36.18303
MABURY_1_N001,37.36089599998639,-121.86395517205479,34.97616
MABURY_6_N001,37.36089599998639,-121.86406882794522,35.04439
MADISON_1_N002,38.67073989103906,-121.969138,33.44893
MADISON_1_N201,38.67065905446531,-121.9690782228888,33.44893
MAGUNDEN_1_N002,35.36215899998747,-118.92373215922743,32.8496
MAINE-PR_6_N001,38.385820999985995,-121.77582145519017,33.50907
MALAGA_1_N001,36.69415479048744,-119.72474601890697,33.90839
MALAGA_1_N004,36.69397520940774,-119.72474601916853,33.90839
MALAGA_1_N005,36.69397520940774,-119.72496998083147,33.90839
MALAGA_1_N206,36.69415479048744,-119.72496998109303,33.90839
MANCHSTR_1_N001,36.78803392229639,-119.787488,33.5275
MANCHSTR_1_N002,36.787953038837564,-119.78742968988867,33.5275
MANCHSTR_1_N005,36.787953038837564,-119.78754631011132,33.5275
MANDLY1G_7_N002,34.207498198093205,-119.249016,32.98325
MANDLY2G_7_N002,34.20741690094034,-119.2489592448821,32.98325
MANDLY3G_7_N001,34.20741690094034,-119.2490727551179,32.98325
MANTECA_1_N001,37.80151542742815,-121.22356755493873,34.37841
MANTECA_1_N002,37.80133457246114,-121.22356755521895,34.37841
MANTECA_1_N012,37.80133457246114,-121.22379644478104,34.37841
MANTECA_1_N013,37.80151542742815,-121.22379644506127,34.37841
MANVILLE_1_N001,34.53,-120.43,34.37142
MARGARTA_1_N001,33.55007578845692,-117.62798626281774,33.36747
MARGARTA_1_N002,33.54989621144975,-117.62798626304166,33.36747
MARGARTA_1_N008,33.54989621144975,-117.62820173695833,33.36747
MARGARTA_1_N009,33.55007578845692,-117.62820173718225,33.36747
MARICOPA_6_N001,35.107547,-119.398151,32.5322
MARIPOS2_6_N001,37.50445799998627,-120.00773602136582,31.78559
MARIPOS2_6_N003,37.50445799998627,-120.00784997863418,31.78559
MARPOS_LNODEKSA,37.63932432741219,-120.92006110878681,33.19388
MARPOS_LNODENOX,37.63935564925701,-120.92016824287315,33.19388
MARSHALL_LNODEDR1,37.43587720766,-121.132527674588,33.15713
MARSHALL_LNODEDR2,37.4358760484777,-121.13220043951,33.15713
MARSHALL_LNODEDR3,37.4358798082574,-121.132682875263,33.15713
MARSHALL_LNODEDR4,37.4358789493306,-121.132046059332,33.15713
MARSHALL_LNODEDR5,37.4358787251639,-121.131895544498,33.15713
MARSHALL_LNODER8C,37.435876146414,-121.132374308977,33.15713
MARTELL_6_N001,38.369191999986,-120.79669245138386,33.25222
MARTINEZ_1_N001,38.02,-122.16,34.97369
MCARTHR_6_N001,41.05270199998445,-121.40878106361407,30.60761
MCCALL_1_N026,36.61141783540495,-119.639697,33.48687
MCCALL_1_N030,36.61133708228342,-119.63963891745578,33.48687
MCC_LNODEMCC,38.63008971070796,-121.51320976638306,33.11036
MCDISLE_6_N001,37.93693288402067,-121.52832945017714,34.32226
MCFRLND_6_N001,35.688444,-119.276835,32.72598
MCKEE_1_N001,37.366407204044364,-121.843789,34.87677
MCKEE_1_N005,37.36632589796316,-121.84372993637959,34.87677
MCKEE_1_N101,37.36632589796316,-121.84384806362041,34.87677
MCMULLN1_2_N001,36.592775,-119.989065,32.83136
MCY_LNODE101,38.563116666666666,-121.464371944444,33.12706
MCY_LNODE102,38.563116666610455,-121.4642569555954,33.12706
MCY_LNODE103,38.56302675430868,-121.46425695573926,33.12706
MCY_LNODE104,38.562963176761876,-121.46433826506194,33.12706
MCY_LNODE105,38.562947972391605,-121.46445159764659,33.12706
MCY_LNODE106,38.5629791136348,-121.46455946901716,33.12706
MCY_LNODE107,38.56304468834792,-121.46463814131086,33.12706
MCY_LNODE108,38.56312966325024,-121.46467572198618,33.12706
MDLRIVR_6_N001,37.93693288402067,-121.52844854982285,34.19196
MDWYPS_6_N001,35.402824999987416,-119.45497183549746,32.9064
MECCTG1_7_N100,37.239909741275135,-121.77988662517618,34.08571
MECCTG2_7_N100,37.2400902586168,-121.78011337509535,34.08571
MEDWLNE_1_N001,37.963141225082815,-122.052361,34.70802
MEDWLNE_1_N002,37.963059887443606,-122.05230143651556,34.70802
MEDWLNE_1_N006,37.963059887443606,-122.05242056348443,34.70802
MELROSE_6_N001,33.206560573300976,-117.25285494469412,33.51448
MELROSE_6_N004,33.20638142660739,-117.25285494491321,33.51448
MELROSE_6_N005,33.20638142660739,-117.25306905508678,33.51448
MELROSE_6_N009,33.206560573300976,-117.25306905530589,33.51448
MENLO_6_N001,37.4330313740754,-122.20260718789906,35.35756
MENLO_6_N002,37.43285062581547,-122.2026071881739,35.35756
MENLO_6_N003,37.43285062581547,-122.2028348118261,35.35756
MENLO_6_N004,37.4330313740754,-122.20283481210093,35.35756
MERCEDFL_7_N001,37.27292328168154,-120.48675154649395,30.80331
MERCED_1_N001,37.27274271821013,-120.48697845323395,33.43222
MERCED_1_N002,37.27292328168154,-120.48697845350604,33.43222
MERIDIAN_6_N101,37.225299,-121.744182,33.14769
MESACAL_6_N001,34.037454,-118.109265,32.72598
MESAHGTS_6_N001,32.829628731503114,-117.157263,33.18371
MESAHGTS_6_N007,32.82954813423625,-117.15720762268285,33.18371
MESARIM_6_N001,32.90498753633711,-117.17294735480384,33.53453
MESARIM_6_N007,32.90480846357245,-117.1729473550195,33.53453
MESARIM_6_N008,32.90480846357245,-117.1731606449805,33.53453
MESARIM_6_N012,32.90498753633711,-117.17316064519616,33.53453
METCALF_1_N018,37.22435199998651,-121.74197733145253,34.16982
METTLER_6_N001,38.078067,-121.2867,33.245
MEYERS_LNODE31,38.877195,-119.986125,32.14478
MEYERS_LNODE32,38.87719499994345,-119.98600982501117,32.14478
MEYERS_LNODE33,38.87710533707398,-119.986125,32.14478
MEYERS_LNODE34,38.87719499994345,-119.98624017498884,32.14478
MEYERS_LNODE35,38.87728466292607,-119.986125,32.14478
MI-WUK_1_N001,38.052745,-120.217268,29.18233
MIDDLTWN_6_N002,38.7527889999859,-122.60852945612646,31.39971
MIDDLTWN_6_N101,38.7527889999859,-122.60864454387354,31.39971
MILLBRAE_1_N001,37.605189,-122.391045,35.32642
MILLBRAE_1_N004,37.60518899994505,-122.39093085578821,35.32642
MILLBRAE_1_N201,37.60518899994505,-122.3911591442118,35.32642
MILLBRAE_6_N001,37.6052794289691,-122.391045,35.40434
MILLER_1_N001,37.81,-121.1,33.84997
MILPITAS_1_N001,37.415395,-121.888564,34.91575
MILPITAS_1_N003,37.41539499994551,-121.8884502251851,34.91575
MILPITAS_1_N005,37.41530463419468,-121.888564,34.91575
MILPITAS_1_N006,37.41539499994551,-121.88867777481491,34.91575
MINNIER_LNODEJFF,37.71289,-120.93858,33.19388
MIRABEL_6_N001,38.489406,-122.894261,34.47687
MIRALOMA_6_N001,34.004371186293284,-117.56506721001799,32.67252
MIRAMAR_6_N001,32.89408253805123,-117.13552936589245,33.48441
MIRAMAR_6_N004,32.89390346185827,-117.135529366108,33.48441
MIRAMAR_6_N017,32.89390346185827,-117.135742633892,33.48441
MISSION_6_N001,32.784191999954906,-117.13741946348074,33.01332
MISSION_6_N031,32.78411443272647,-117.13747273178681,33.01332
MISSION_6_N040,32.78411443272647,-117.13757926821319,33.01332
MISSION_6_N049,32.784191999954906,-117.13763253651926,33.01332
MKT_SUB_LNODEONA,34.0434902173762,-118.24599112234871,32.24167
MKT_SUB_LNODEONB,34.04330978252786,-118.24599112258036,32.24167
MKT_SUB_LNODEONC,34.04330978252786,-118.24620887741963,32.24167
MKT_SUB_LNODEOND,34.0434902173762,-118.24620887765128,32.24167
MNDCTP_6_N001,39.251247,-123.196582,34.03684
MOFTFLD_1_N002,37.41,-122.04,34.91963
MOLINO_6_N002,38.42527299998595,-122.83215753598292,34.89117
MOLINO_6_N101,38.42527299998595,-122.83227246401708,34.89117
MONOLITH_6_N029,34.92999999998754,-118.4199449189089,32.40858
MONOLITH_6_N101,34.92999999998754,-118.4200550810911,32.40858
MONROE_1_N001,38.45321800700051,-122.743668,34.23965
MONROE_1_N002,38.45313699648462,-122.74360827529611,34.23631
MONROE_1_N101,38.45313699648462,-122.74372772470389,34.23631
MONSRATE_6_N001,33.32908099998846,-117.23541536188321,33.97221
MONSRATE_6_N007,33.32908099998846,-117.23552263811678,33.97221
MONTAGUE_1_N001,37.40375521599691,-121.905675,35.64146
MONTAGUE_1_N006,37.403673891986756,-121.90561589392182,35.64146
MONTAGUE_1_N007,37.403673891986756,-121.90573410607819,35.64146
MONTCLLO_1_N008,38.48,-122.32,33.80531
MONTEREY_6_N001,36.599917,-121.890341,34.01053
MONTERO_6_N001,38.47145299998595,-123.01207452586034,35.19187
MONTERO_6_N004,38.47145299998595,-123.01218947413966,35.19187
MONTGMRY_6_N001,32.631633999988686,-117.09951777952129,32.90974
MONTGMRY_6_N002,32.631633999988686,-117.0996242204787,32.90974
MONTPELR_LNODEDR3,37.5513950204046,-120.771210942368,32.86311
MONTPELR_LNODEDR4,37.5513208784333,-120.77132554154,32.86311
MONTPELR_LNODEDR5,37.5513203022304,-120.771217224249,32.86311
MONTPELR_LNODEDR7,37.551320342333,-120.771557696814,32.85977
MONTPELR_LNODEDR8,37.5513195014288,-120.771445581179,32.85977
MOORPARK_6_N001,34.28245799998789,-118.90073231455499,32.589
MORAGA_1_N001,37.848008,-122.160732,34.61385
MORGAN_1_N001,37.12745917114046,-121.65871690356438,32.57897
MORMON_6_N001,37.968746,-121.185898,33.85876
MOROHILL_6_N001,33.252187,-117.300305,33.74168
MORROBY_1_N001,35.373004,-120.855187,33.39582
MOSSLD_1_N001,36.804150842399494,-121.78373687034716,33.40579
MOSSLND6_7_ND001,36.80399515757413,-121.78384912953872,33.36245
MOSSLND7_7_ND001,36.804150842399494,-121.78384912965284,33.36245
MPLECRK_6_N001,40.767881,-123.87365,35.77123
MREIS-Q_1_N001,38.12,-122.33,35.35892
MRGNHIL_1_N001,37.12727882875214,-121.65871690383386,34.49391
MRGNHIL_1_N004,37.12727882875214,-121.65894309616613,34.49391
MRGNHIL_1_N007,37.12745917114046,-121.65894309643562,34.49391
MRTSVAL_LNODE32,39.329538,-120.170031,33.35426
MRYSVLLE_6_N001,39.13944599998575,-121.58327227419691,32.3843
MRYSVLLE_6_N003,39.13944599998575,-121.58338772580308,32.3843
MSHR60V_6_N001,38.02150699998609,-121.28089465794243,34.18619
MSHR60V_6_N006,38.02150699998609,-121.28100934205757,34.18619
MTEDEN_1_N001,37.63264525976642,-122.10124,35.12856
MTEDEN_1_N005,37.632563870101905,-122.10118066447778,35.12856
MTEDEN_1_N009,37.632563870101905,-122.10129933552223,35.12856
MTNHOUSE_LNODE1KV,37.79428,-121.55964,33.19054
MTNPASS_1_N001,35.508179,-115.53125,31.56996
MTNQUAR_6_N001,38.914515,-121.015694,33.91054
MTVIEW_1_N001,34.07927114678052,-117.240376,34.57387
MTVIEW_1_N004,34.079189926596804,-117.24031938460595,34.57387
MTVIEW_1_N005,34.079189926596804,-117.24043261539406,34.57387
MURRAY_6_N001,32.79087756459772,-117.0229334582287,33.22047
MURRAY_6_N004,32.790698435312095,-117.02293345844329,33.22047
MURRAY_6_N005,32.790698435312095,-117.02314654155671,33.22047
MURRAY_6_N015,32.79087756459772,-117.0231465417713,33.22047
MUSLSLGH_6_N001,36.264507,-119.907357,32.78482
NARROWS1_7_N001,33.13712344927391,-116.2943780565384,30.0895
NARROWS_6_N010,33.137302550634665,-116.29459194367982,31.49646
NATNLCTY_6_N001,32.67305199998863,-117.10726576866911,33.05341
NATNLCTY_6_N005,32.67305199998863,-117.10737223133088,33.05341
NAT_LNODENE1,38.65097779957077,-121.48672359559271,33.10702
NAT_LNODENE2,38.65089999994365,-121.48666608019934,33.10702
NAT_LNODENE3,38.650822200401045,-121.48672359571763,33.10702
NAT_LNODENE4,38.650822200401045,-121.48683862650437,33.10702
NAT_LNODENE5,38.65089999994365,-121.48689614202266,33.10702
NAT_LNODENE6,38.65097779957077,-121.4868386266293,33.10702
NAVSTMTR_6_N001,32.67041199998878,-117.11463876940559,33.09016
NAVSTMTR_6_N011,32.67041199998878,-117.11474523059441,33.09016
NAVY35R_1_N001,35.29,-119.45,32.46538
NBRANCH_6_N001,38.199837,-120.719506,32.91143
NCMETER_1_N001,33.089572,-117.203236,33.22381
NCPA1GY1_7_N001,38.329999999986036,-122.63005744213352,33.90888
NCPA1GY2_7_N001,38.33999999998601,-122.64005744453604,33.90554
NCPA2GY1_7_N001,38.34999999998599,-122.65005744690819,33.78192
NCPA2GY2_7_N001,38.329999999986036,-122.68005744213352,33.75519
NDUBLIN_2_N002,37.86,-121.88,34.13608
NEWARKD_1_N001,37.50049924095103,-121.987091,34.83201
NEWARKD_1_N012,37.500417879509776,-121.98703179018516,34.83201
NEWBURG_6_N001,40.59455299998477,-124.13512748525541,35.73447
NEWBURG_6_N003,40.59455299998477,-124.13524651474458,35.73447
NEWELL_LNODEWELL,41.888139999984205,-121.37832971620207,31.18922
NEWHALL_1_N001,36.86718099998678,-120.32825478878492,32.68542
NEWHALL_1_N002,36.86718099998678,-120.32836721121508,32.68542
NEWMAN_6_B2,37.31543099998646,-121.01505122358405,34.74873
NEWMAN_6_N001,37.31543099998646,-121.01516477641594,34.74873
NOISLMTR_6_N004,32.70244776093939,-117.182166,33.15364
NOISLMTR_6_N009,32.702367119518385,-117.18211067144682,33.15364
NORCO_1_N001,35.28535,-119.308893,32.59568
NORD1_1_N001,39.759998999985385,-121.90689363690683,32.55708
NORD1_1_N003,39.759998999985385,-121.90701036309318,32.55708
NORTECH_1_N001,37.46,-121.76,35.57368
NORTHOAK_6_N003,35.96338313356797,-119.45673850749412,32.33841
NORTHOAK_6_N004,35.96338313356797,-119.45685349250587,32.33841
NORTHOAK_6_N005,37.36329789847426,-120.76048406012305,32.33841
NOVATO_6_N001,38.10860199998601,-122.56828762317217,34.35325
NOVATO_6_N002,38.10860199998601,-122.56840237682783,34.35325
NRTHTWR_1_N001,38.066061192073654,-122.195674,35.13841
NRTHTWR_1_N002,38.06597990394814,-122.1956143891305,35.13841
NRTHTWR_1_N004,38.06597990394814,-122.19573361086951,35.13841
NR_SUB_LNODEONA,34.22909034238915,-118.54339073176756,32.23833
NR_SUB_LNODEONB,34.228909657513995,-118.54339073200198,32.23833
NR_SUB_LNODEONC,34.228909657513995,-118.54360926799801,32.23833
NR_SUB_LNODEOND,34.22909034238915,-118.54360926823244,32.23833
NUMITAP_1_N003,37.5,-122.04,35.02736
NVYSCHL_6_N001,36.59909,-121.877082,33.97377
NWKDIST_2_N001,37.47999999998637,-121.97994304564625,34.62106
NWKDIST_2_N004,37.47999999998637,-121.98005695435374,34.62106
NWKDIST_2_N017,37.96361862509118,-121.29067763049022,34.62106
OAKC12_7_N002,37.79751331310943,-122.28096478011268,35.04152
OAKDAL_LNODEMTS,37.66746999998627,-120.95814287556452,33.19388
OAKDAL_LNODENDN,37.66746999998627,-120.95825712443548,33.19388
OAKHURST_1_N001,37.32379499998641,-119.63394921398016,33.2407
OAKHURST_1_N002,37.32379499998641,-119.63406278601984,33.2407
OAKLAND_1_N001,37.79743499994459,-122.28090756034669,35.02481
OAKLAND_1_N006,37.797356686862834,-122.280964780234,35.02481
OAKLAND_1_N033,37.797356686862834,-122.28107921976599,35.02481
OCEANO_1_N001,35.10177099998753,-120.58099587832989,34.18378
OCEANO_1_N004,35.10177099998753,-120.5811061216701,34.18378
OCEANSDE_6_N001,33.19681799998853,-117.381743480479,33.59133
OCEANSDE_6_N002,33.19681799998853,-117.381850519521,33.59133
OIGLASS_1_N001,37.75,-121.31,34.02371
OILDALE_1_N001,35.42,-118.98,32.82956
OILFLDS_6_N001,35.95646873409211,-120.85121,32.5295
OILFLDS_6_N007,35.95638813294024,-120.8511525112428,32.5295
OLDRIVR_6_N001,35.208404,-119.100252,32.8897
OLDTOWN_6_N001,32.766092,-117.192529,33.0367
OLEMA_6_N001,38.042497,-122.786541,34.76754
OLETA_6_N001,38.48064499998599,-120.84462852385393,33.25222
OLETA_6_N003,38.48064499998599,-120.84474347614606,33.25222
OLINDA_6_N001,33.94616008273055,-117.922244,32.80951
OLIVHRST_1_N001,39.0918869999858,-121.54288430472884,32.6254
OLIVHRST_1_N002,39.0918869999858,-121.54299969527116,32.6254
OLY_SUB_LNODEONA,34.03409021003063,-118.45989114327803,32.24501
OLY_SUB_LNODEONB,34.03390978987338,-118.45989114350952,32.24501
OLY_SUB_LNODEONC,34.03390978987338,-118.46010885649046,32.24501
OLY_SUB_LNODEOND,34.03409021003063,-118.46010885672197,32.24501
OMAR_2_N001,35.475983864148716,-118.98698399999999,31.78713
OMWD_6_N001,33.068479,-117.141404,33.08348
ONEILPMP_7_LN001,37.098611,-121.0475,33.10437
OREGNTRL_1_N001,40.61902099998471,-122.32226045686366,32.39563
OREGNTRL_6_N001,40.61902099998471,-122.32237954313634,32.409
OREGON_LNODENK1,37.63168999998624,-120.9742429051075,33.20057
OREGON_LNODENK2,37.63168999998624,-120.9743570948925,33.20057
ORICK_6_N001,41.294542,-124.056522,36.22562
ORLANDB_6_N001,39.725068,-122.178873,33.00974
OROLOMA_6_N001,36.886866,-120.655928,32.59694
OROSI_6_N006,36.544759,-119.251776,34.00862
OROVILLE_6_N001,39.50524442035656,-121.5593758990519,32.63554
OROVILLE_6_N005,39.50524442035656,-121.5596081009481,32.63554
OROVILLE_6_N102,39.50542357952801,-121.55960810124742,32.63554
ORV_LNODENE1,38.68455,-121.267326944444,33.11704
ORV_LNODENE2,38.68454999994364,-121.26721189591703,33.11704
ORV_LNODENE3,38.68446019318104,-121.26721189606141,33.11704
ORV_LNODENE4,38.68439669026182,-121.26729324758281,33.11704
ORV_LNODENE5,38.68438150373832,-121.26740663898543,33.12038
ORV_LNODENE6,38.6844126084275,-121.26751456633991,33.12038
ORV_LNODENE7,38.6844781061685,-121.26759327946426,33.12038
ORV_LNODENE8,38.68456298132683,-121.2676308796447,33.12038
OTAY_6_N001,32.595376662064226,-117.05752057560969,32.96654
OTAY_6_N014,32.59519733784581,-117.05752057582266,32.96654
OTTER_6_N001,36.47781599998705,-121.7270037380447,35.51068
OVES_SUB_LNODEBKB,37.43792099998635,-118.55704491120122,28.56311
OVES_SUB_LNODEBKC,36.443,-118.0438,29.94633
OVES_SUB_LNODEBKD,37.342,-118.441,28.57648
OXFORD_1_N001,36.7,-120.68,32.43538
P0504GT1_7_CN1,37.96379937479765,-121.2906776307724,32.43258
PACFCBCH_6_N001,32.799218999988646,-117.24014772581532,33.2639
PACFCBCH_6_N004,32.799218999988646,-117.24025427418468,33.2639
PACIFICA_6_N001,37.59458399998625,-122.48892793722666,35.77293
PACIFICA_6_N003,37.59458399998625,-122.48904206277334,35.77293
PADUA_6_N001,34.120216,-117.639076,32.60236
PALMR_1_N001,34.825223,-120.298953,34.19768
PALOMAR_1_N001,33.12281772819047,-117.287925,33.2639
PALOMAR_1_N004,33.1227371358924,-117.28786944194597,33.2639
PALOMAR_1_N013,33.1227371358924,-117.28798055805403,33.2639
PANAMA_6_N001,35.29556801570901,-119.021525,33.14362
PANAMA_LNODECOUERCRK1,35.29548699213203,-119.02146768568419,32.03786
PANAMA_LNODECOUERCRK2,35.29548699213203,-119.02158231431581,32.03786
PANRAMA_1_N001,40.434409,-122.2679,32.43239
PARADISE_1_N001,39.7615578392488,-121.618634,32.49026
PARADISE_LNODEDISE,39.76147708035982,-121.61857334522642,31.1959
PARADISX_6_N001,39.76147708035982,-121.61869465477358,32.87299
PARADS_LNODEFEG,37.69056,-121.02061,33.20725
PARADS_LNODEKHB,37.690559999944874,-121.02049571450051,33.20725
PARKWAY_2_N001,38.17,-122.25,33.95566
PAR_LNODEAPM,37.668079999986205,-120.9174128750731,33.19054
PAR_LNODEFVM,37.668079999986205,-120.9175271249269,33.19054
PAULSWT_1_N001,36.99234705413821,-121.98202825128297,34.72886
PAULSWT_1_N004,36.9921669457552,-121.98202825154998,34.72886
PAULSWT_1_N101,36.99234705413821,-121.98225374871703,34.72886
PEABODY_2_N002,38.28558699998594,-121.97025256896055,33.57577
PEABODY_2_N006,38.28558699998594,-121.97036743103946,33.57577
PEACHTON_6_N001,39.3784769999856,-121.68494608007006,32.61603
PEACHTON_6_N004,39.3784769999856,-121.68506191992994,32.61603
PEARBMAP_7_B1,34.508883999950896,-117.91829825412502,32.56561
PEARBMAP_7_B3,34.50879356514072,-117.9182982542441,32.56561
PEARBMAP_7_B4,34.50872961811796,-117.91837585623696,32.56561
PEARBMBP_7_B1,34.50871432539329,-117.91848402139897,32.56561
PEARBMBP_7_B3,34.50874564762435,-117.91858697434263,32.56561
PEARBMBP_7_B4,34.5088116034329,-117.91866205952238,32.56561
PEARBMCP_7_B1,34.50889707216307,-117.91869792664747,32.56561
PEARBMCP_7_B3,34.50898737191128,-117.91869193094361,32.56561
PEARBMDP_7_B1,34.50907009278566,-117.91864757930026,32.56561
PEASE_1_N001,39.17010299998576,-121.66113925312504,32.35036
PEASE_1_N009,39.17010299998576,-121.66125474687495,32.35036
PENDLETN_6_N001,33.30925299998849,-117.3349783807102,33.78511
PENDLETN_6_N004,33.30925299998849,-117.3350856192898,33.78511
PENNGRVE_1_N001,38.315547,-122.681119,34.37998
PENRYN_6_N001,38.8444299999859,-121.16613942513398,33.93726
PENRYN_6_N004,38.8444299999859,-121.16625457486602,33.93726
PERMNNTE_6_N002,34.355793,-116.855947,34.46028
PERRY_6_N008,35.570805,-121.055868,34.33467
PETLMAA_6_N001,38.234002,-122.636285,34.18285
PETLMAC_6_N002,38.2390641182539,-122.636804,34.68736
PETLMAC_6_N003,38.23898294085798,-122.63674432895719,34.68736
PETLMAC_6_N004,38.23898294085798,-122.6368636710428,34.68736
PGG_LNODESS1,38.531716666610464,-121.39934830807131,33.10038
PGG_LNODESS2,38.531794557439916,-121.39929082076439,33.12038
PHILLIPS_1_N001,37.34,-122.03,34.83445
PHILO_6_N001,39.063719,-123.437524,34.92612
PICO_1_N001,33.45676299998844,-117.58919323286267,33.31736
PICO_1_N004,33.45676299998844,-117.58930076713733,33.31736
PIERCY_1_N201,37.28,-121.83,34.49311
PIKECTY_6_N001,39.438734,-120.997847,35.8584
PIONEER_LNODEBUS,37.39756017328021,-120.7270641608972,32.88316
PIONEER_LNODEDR1,37.39756017322573,-120.72695042442128,32.89987
PIONEER_LNODEDR2,37.3974698163648,-120.7269504245584,32.89987
PIONEER_LNODEDR3,37.3974059244655,-120.72703084832322,32.89987
PIONEER_LNODEDR4,37.39739064492007,-120.72714294658331,32.89987
PIONEER_LNODEDR5,37.39742194014138,-120.72724964310564,32.90989
PIONEER_LNODEDR6,37.397487839085414,-120.72732745855615,32.90989
PIONEER_LNODEDR7,37.39757323413797,-120.72736462991926,32.89987
PIONEER_LNODEDR8,37.397663456054794,-120.72735841623376,32.89987
PIONEER_LNODEDR9,37.39774610563929,-120.72731245188831,32.89987
PIONEER_LNODER15,37.397811856418734,-120.72723443776906,32.90989
PIT1_6_N001,38.030670659249246,-121.86908630802888,28.2
PIT3_7_N001,38.030606778782065,-121.8691674075287,31.24576
PIT5_7_B1,38.030591501969816,-121.86928044765509,31.27917
PITSBURG_1_N001,38.03101263810665,-121.86937270758541,34.45183
PITTSBRG_6_N101,38.031055408073875,-121.8692716827705,34.08262
PLACERVL_1_N001,38.73027886166341,-120.788047,33.43383
PLACER_1_N001,38.901310999985846,-121.08802340262966,33.70673
PLACER_7_N009,38.901310999985846,-121.08813859737035,33.71675
PLAINFLD_6_N001,38.61887,-121.793976,34.92569
PLANETRN_LNODEANET,34.16127269818337,-114.38177086876138,31.31284
PLOALTO_1_N001,33.356029648193925,-117.1119886715524,35.26401
PLOALTO_1_N007,33.35585035171371,-117.11198867177347,35.26401
PLOALTO_1_N013,33.35585035171371,-117.11220332822651,35.26401
PLUMAS_6_N001,39.026121,-121.54308,32.41157
PNEDLE_1_N001,36.829999999986725,-119.82994383698444,33.15717
PNEDLE_1_N002,36.829999999986725,-119.83005616301556,33.17054
PNEGRVE_6_N001,38.41271199998601,-120.6602245387678,33.03839
PNEGRVE_6_N002,38.41271199998601,-120.6603394612322,33.03839
PNTARNA_6_N001,38.912571,-123.679495,35.41004
POC_LNODENE2,38.490383333333334,-121.470263055556,33.1304
POC_LNODENE3,38.49038333327713,-121.4701480990094,33.1304
POC_LNODENE4,38.490293355392375,-121.470263055556,33.1304
POC_LNODENE7,38.49038333327713,-121.47037801210259,33.1304
POC_LNODENE8,38.49047331127424,-121.470263055556,33.1304
POINTLMA_6_N013,32.74152175021991,-117.233364,33.16701
POINTLMA_6_N014,32.74144112487782,-117.23330865823404,33.16701
POLPASPP_6_N002,38.57552299994369,-121.49770299452835,32.74645
POMERADO_6_N001,32.941482719314884,-117.032882,32.46538
POMERADO_6_N004,32.9414021403303,-117.03282656531631,32.46538
POMERADO_6_N008,32.9414021403303,-117.03293743468369,32.46538
PORTOLA_LNODE31,39.803943999985336,-120.46453157749829,33.48122
PORTOLA_LNODE32,39.803943999985336,-120.46464842250171,33.48122
POSOMT_1_N001,35.559194,-118.957501,32.90974
POST_1_N001,39.11,-121.64,33.76741
POTRERO_1_N001,37.46005423161257,-122.4,35.54896
POTRERO_1_N013,37.45997288417899,-122.39994083241324,35.54896
POTRERO_1_N016,37.45997288417899,-122.40005916758676,35.54896
POUST_LNODEIGQ,37.69046956305469,-121.02049571463989,33.20725
POUST_LNODELD2,37.6904056145667,-121.02057652662188,33.20725
POWAY_6_N001,32.978722999988655,-117.03130363648788,32.64245
POWAY_6_N010,32.978722999988655,-117.03141036351212,32.64245
PP1_LNODEOAD,34.59026131985074,-118.4546210726575,32.18153
PP1_PP2_LNODELMW,34.59026131985074,-118.4547309273425,32.18153
PP2_LNODEAUX,34.53433699995089,-118.52522278142764,32.18487
PP2_LNODEOAD,34.534427436468654,-118.525113,32.18487
PPSTLTAP_1_N001,38.01999999998606,-122.36994265860079,34.93794
PPSTLTAP_1_N104,38.01999999998606,-122.3700573413992,34.93794
PRAXAIR_1_B1,37.99999999998611,-121.80994266753221,34.56542
PRCTRVLY_1_N001,32.665044,-116.986801,32.48876
PRSCOT_LNODEAEJ,37.6903903214879,-121.02068916599474,33.19388
PRSCOT_LNODETKD,37.69042164442615,-121.02079637755577,33.19388
PRUNEDLE_1_N001,36.785518920972784,-121.671051,33.86352
PRUNEDLE_1_N002,36.785438039499425,-121.67099269323379,33.86352
PSARBLS_6_N001,35.61564884893555,-120.67989,33.46264
PSARBLS_6_N005,35.61556807551859,-120.67983263488163,33.46264
PSARBLS_6_N007,35.61556807551859,-120.67994736511837,33.46264
PTMRTTI_6_N001,37.030856,-122.187639,34.97815
PTR_PP_LNODEROM,35.24801901925079,-118.1756473615291,31.78728
PUEBLOPG_1_N001,38.345348999986,-122.29956355419145,34.58378
PUEBLOPG_1_N010,38.345348999986,-122.29967844580855,34.58378
PURISIMA_1_N001,34.700622,-120.435261,34.33133
QUEBEC_1_N001,36.07,-119.56,32.64914
RADUM_6_N001,37.67264599998626,-121.85946487140774,34.69276
RADUM_6_N004,37.67264599998626,-121.85957912859226,34.69276
RAINBOW_1_N001,36.709983,-119.538157,33.62105
RANCHRS_1_N001,36.700797999986875,-119.75437400116115,33.93511
RANDSBRG_1_N001,35.375699,-117.655868,56.3297
RAWSON_6_N001,40.145295999985066,-122.21242808907787,33.65189
RAWSON_6_N002,40.145295999985066,-122.21254591092213,33.65189
RCARMEL_6_N001,32.99378371822819,-117.077745,32.80617
RCARMEL_6_N004,32.9937031408736,-117.07768953360795,32.80617
RCARMEL_6_N011,32.9937031408736,-117.07780046639205,32.80617
RECTOR_6_N001,36.29851,-119.242336,31.33274
REDBLFF_6_N001,40.1825869024183,-122.244610070096,33.37124
REDBLFF_6_N004,40.1825869024183,-122.24484592990399,33.37124
REDBLFF_6_N005,40.18276709746204,-122.24484593021722,33.37124
REDBUD_1_N001,39.02788699998577,-122.66224734180834,32.9693
REDBUD_1_N004,39.02788699998577,-122.66236265819167,32.9693
REDWOOD_6_N001,37.490252,-122.213021,35.42665
REDWOOD_6_N002,37.49025199994532,-122.2129070707913,35.42665
REDWOOD_6_N005,37.49016160208324,-122.213021,35.42665
REDWOOD_6_N006,37.49025199994532,-122.21313492920869,35.42665
REDWOOD_6_N007,37.49034239791678,-122.213021,35.42665
REEDLEY_1_N001,36.605116999986976,-119.3758071174397,33.74801
REEDLEY_6_N001,36.605116999986976,-119.3759188825603,33.78142
REINWY_LNODEGME,37.63942160426353,-120.92024637744797,33.1705
REINWY_LNODEQAC,37.6395070719657,-120.92028370125492,33.1705
RENFRO_1_N001,35.409999999987434,-119.16994483454441,32.589
RENFRO_1_N010,35.409999999987434,-119.1700551654556,32.6057
RESERVR_LNODEFFW,37.651919999986276,-120.67483288823061,33.16047
RESERVR_LNODEPMW,37.651919999986276,-120.67494711176938,33.16047
RICE_6_N002,39.402805999985674,-122.01287205646442,31.55302
RICE_6_N101,39.402805999985674,-122.01298794353558,31.55302
RICHMOND_1_B1,37.92597623462323,-122.369629,34.96133
RICHMOND_1_N001,37.92589488267337,-122.36956945615904,34.96133
RINCON_1_N001,33.285967608914305,-116.9585228047856,33.6583
RINCON_1_N003,33.28578839099371,-116.95852280500573,33.6583
RINCON_6_N001,33.28578839099371,-116.95873719499427,33.27726
RINCON_6_N008,33.285967608914305,-116.9587371952144,33.27726
RIN_SUB_LNODEONA,34.28105422156671,-118.479,32.23818
RIN_SUB_LNODEONB,34.28097288920359,-118.47894317065887,32.25169
RIN_SUB_LNODEONC,34.28097288920359,-118.47905682934115,32.25169
RIOBRVO_1_N001,35.44252289360183,-119.26010566010629,32.63577
RIOBRVO_1_N006,35.44234310629778,-119.26010566035274,32.63577
RIOBRVTM_1_N001,35.44252289360183,-119.26032633989371,32.52217
RIODELL_6_N001,40.495382,-124.099276,35.24667
RIOHONDO_6_N001,34.10610615849042,-117.97947,32.72598
RIOHONDO_LNODEONDO,34.1060249207417,-117.97952664559254,31.1959
RIPON_1_N001,37.72,-121.13,34.26535
RIVERROC_6_N001,36.902618,-119.771768,33.68507
RIVRBANK_1_N001,37.76895425952452,-120.908163,32.95152
RIVRSIDE_6_N001,34.021990939807104,-117.33196554960466,32.50213
ROADWAY_1_N001,34.590373,-117.431752,32.42528
ROBROY_1_N001,36.979885,-121.867457,34.50835
ROCKET_1_N001,34.933939,-117.692217,43.75897
ROCKLIN_6_N001,38.788043999985874,-121.23171544490323,33.33974
ROCKLIN_6_N003,38.788043999985874,-121.23183055509676,33.33974
ROEDING_LNODEDR1,37.587341764588,-120.935901626126,32.79295
ROEDING_LNODEDR2,37.5872777703549,-120.935976143427,32.78961
ROEDING_LNODEDR3,37.5871231822836,-120.935612409,32.78961
ROEDING_LNODEDR5,37.5870085148256,-120.935981028585,32.79295
ROEDING_LNODEDR6,37.5871259671814,-120.935792411292,32.79295
ROEDING_LNODEDR7,37.5871257817397,-120.935692486018,32.78961
ROGERS_LNODEDR1,37.4749114287345,-121.178218328626,33.18386
ROGERS_LNODEDR2,37.4751811958932,-121.178206809282,33.18386
ROGERS_LNODEDR3,37.4750639771164,-121.17821700138,33.18386
ROGERS_LNODEDR5,37.4748414013345,-121.178225065561,33.18386
ROGERS_LNODEDR7,37.4749721097043,-121.178220428168,33.18386
ROGH-RDY_6_N001,37.95526599998612,-121.33253531114549,33.13709
ROSECYN_6_N001,32.84459772910598,-117.236988,33.41091
ROSECYN_6_N017,32.84451713543481,-117.23693261581597,33.41091
ROSEDAL_1_N001,35.37703397144563,-119.077971,32.68589
ROSELE_LNODEHMV,37.68013999998623,-120.94014286544196,33.19054
ROSELE_LNODERLV,37.68013999998623,-120.94025713455804,33.19054
ROSEMR_LNODEAEI,37.64253,-121.0423,33.21393
ROSE_6_N001,32.84451713543481,-117.23704338418403,32.45201
ROSSMOOR_2_N001,37.86470199998613,-122.08030973806707,34.50026
ROSSMOOR_2_N101,37.86470199998613,-122.08042426193292,34.50026
RSC_LNODE8LD,38.761389,-121.264722,33.1137
RSM_SUB_LNODEONB,34.244054210355124,-118.392,32.24501
RSM_SUB_LNODEONC,34.24397289480934,-118.39194320739797,32.24501
RSM_SUB_LNODEOND,34.24397289480934,-118.39205679260202,32.24167
RSNTAFE_6_N009,33.014261,-117.198557,33.25054
RSVTNRD_6_N001,36.624374,-121.68835,35.15318
RTRACK_1_N001,37.979737,-120.414515,31.64473
RUSSRCH_6_N001,40.819848,-123.826638,36.36594
RVRBANK_1_N001,37.76887287022286,-120.90810355553742,32.70321
RVRBANK_1_N005,37.76887287022286,-120.90822244446258,32.70321
SAFEWAY_1_N001,37.71,-121.4,33.88339
SALINAS_1_N001,36.683239999986945,-121.65120502290527,34.11076
SALINAS_1_N024,36.683239999986945,-121.65131697709472,34.11076
SANARDO_6_N001,36.073766,-120.936804,32.7734
SANCRLS_6_N001,37.49972924078839,-122.243974,35.44616
SANCRLS_6_N002,37.499647879591045,-122.24391479097326,35.44616
SANCRLS_6_N004,37.499647879591045,-122.24403320902674,35.44616
SANDCRK_6_N001,36.64502999998689,-119.15920293037858,33.99525
SANGER_1_N001,36.70707499998684,-119.6108700066517,33.52416
SANJOQN_6_N001,36.62101099998692,-120.17805409852517,32.98505
SANJOQN_6_N006,36.62101099998692,-120.17816590147483,32.99173
SANLUSRY_6_N013,36.77962699998679,-120.72995490173179,33.27726
SANLUSRY_6_N014,36.77962699998679,-120.73006709826822,33.27726
SANLUSRY_6_N101,33.211532999988535,-117.33442746812834,33.27726
SANLUSRY_6_N201,33.211532999988535,-117.33453453187165,33.27726
SANMATEO_1_N001,37.58333525489619,-122.319035,33.3374
SANMATEO_1_N001A,37.58325387253711,-122.31897570912398,35.03532
SANMATEO_1_N009,33.409472,-117.590641,33.3374
SANMATO_6_N001,37.58325387253711,-122.31909429087602,35.05924
SANMIGL_6_N001,35.75192,-120.684163,33.62516
SANMRCOS_6_N001,33.12885155124498,-117.19722253462301,33.29397
SANMRCOS_6_N007,33.12877399995433,-117.19716906934049,33.29397
SANMRCOS_6_N011,33.12869644873215,-117.19722253471747,33.29397
SANPBLO_1_N001,37.984803,-122.336618,34.95799
SANRAFL_1_N001,37.970858222937125,-122.527065,34.51696
SANRAFL_1_N006,37.97077688851645,-122.52700543261207,34.51696
SANRAFL_1_N007,37.97077688851645,-122.52712456738792,34.51696
SANRAMON_2_N001,37.745125434987564,-121.93600563263105,34.66739
SANRAMON_2_N004,37.74494456490202,-121.93600563291054,34.66739
SANRAMON_2_N023,37.74494456490202,-121.93623436708945,34.66739
SANRAMON_2_N024,37.745125434987564,-121.93623436736895,34.66739
SANTAFE_LNODEPLNT,38.77997308074166,-122.67005981025191,31.18922
SANTARO_1_N001,33.78461699446498,-116.41025972078828,31.63344
SANTARO_1_N014,33.78443700544048,-116.41025972101585,31.63344
SANTARO_1_N017,33.78443700544048,-116.41047627898415,31.63344
SANTARO_1_N021,33.78461699446498,-116.41047627921172,31.63344
SANTEE_1_N001,32.85452999998873,-116.96829070198787,32.62909
SANTEE_1_N004,32.85452999998873,-116.96839729801214,32.62909
SANYSDRO_6_N001,32.562237999988916,-117.02641779453799,33.10353
SANYSDRO_6_N004,32.562237999988916,-117.02652420546201,33.10353
SARATOGA_2_N001,37.28099617234283,-122.014883,34.38227
SARATOGA_2_N006,37.28091491381397,-122.0148240379766,34.38227
SARATOGA_2_N011,37.28091491381397,-122.0149419620234,34.38227
SAUGUS_6_N001,34.4222099999511,-118.5721663854507,32.43196
SAUSALTO_6_N001,37.86340599998612,-122.49836873883264,36.21758
SAUSALTO_6_N002,37.86340599998612,-122.49848326116737,36.21758
SCA_GS_LNODE1AUX,33.91807886040714,-118.42789938920775,32.24167
SCA_GS_LNODE2AUX,33.91816402577284,-118.42793487934084,32.24167
SCA_GS_LNODE4AUX,33.91825400500674,-118.42792894664778,32.24501
SCA_GS_LNODE5AUX,33.91833643226557,-118.42788506116258,32.24501
SCA_GS_LNODE6AUX,33.91840200617013,-118.42781057548723,32.24501
SCA_GS_LNODE7AUX,33.91844466871178,-118.42771492357166,32.24501
SCA_LA_LNODE3SS,33.91846141326686,-118.42760822199088,32.24501
SCA_SUB_LNODEONA,33.918451884282646,-118.42750023805854,32.24167
SCA_SUB_LNODEONB,33.91841787609632,-118.42739967533626,32.24167
SCHINDLR_1_N005,36.402237,-120.138272,32.10181
SCHMLBCH_1_N001,38.3,-121.87,33.83983
SCLARA_6_N001,34.3007956214976,-119.18563240503143,32.98325
SCRIPPS_6_N001,32.91119872129761,-117.112589,33.24719
SCRIPPS_6_N008,32.91111813933897,-117.11253358224198,33.24719
SCRIPPS_6_N013,32.91111813933897,-117.112644417758,33.24719
SCWAX_1_N001,36.700797999986875,-119.75448599883885,33.93177
SCY_LNODE102,38.508556628165735,-121.46418309094265,33.1304
SCY_LNODE103,38.50837670505527,-121.4641830912299,33.1304
SCY_LNODE105,38.50837670505527,-121.4644130198821,33.1304
SCY_LNODE106,38.508556628165735,-121.46441302016935,33.1304
SEARLES_7_N001,35.75666699998737,-117.38050076336167,46.46173
SEMITRPC_1_N001,35.600398,-119.437498,32.55559
SERRMNTE_1_N011,37.69171986891291,-122.4557633854276,35.61859
SFIA-MA_1_N001,37.63904926020716,-122.385896,35.44723
SFIA_1_N001,37.63896786988162,-122.38583665888167,35.37761
SFIA_1_N007,37.63896786988162,-122.38595534111833,35.37761
SHADOWR_1_N001,33.141540731105856,-117.238793,33.25054
SHADOWR_1_N006,33.141460134434745,-117.23873742707973,33.25054
SHADOWR_1_N008,33.141460134434745,-117.23884857292028,33.25054
SHADYGLN_6_N001,39.115058,-120.95331,34.06423
SHAFTER_7_N022,39.77608299994151,-122.10394676937125,32.6057
SHARON_1_N001,37.097275,-120.156454,32.98785
SHAWROAD_1_N001,37.55,-122.42,35.24289
SHLLCHM_6_N001,38.031607,-121.945728,34.08262
SHNGLESR_1_N001,38.65969989665331,-120.946938,33.42715
SHNGLESR_1_N004,38.659619051658225,-120.94687822587784,33.42715
SHNGLESR_1_N103,38.659619051658225,-120.94699777412217,33.42715
SHREDDER_1_N001,37.511676999986356,-122.20767698568532,35.17941
SIERABRK_LNODE19,39.646142,-120.217943,33.48122
SILVERDO_1_N001,38.49950299998593,-122.45908751973128,33.58813
SILVERDO_1_N002,38.49950299998593,-122.45920248026871,33.58813
SISK_LNODEKZH,37.69048760173528,-121.02087456863451,33.19054
SISK_LNODEYUP,37.69057307242136,-121.0209119194331,33.19054
SISQUOC_1_N001,34.87826099998756,-120.33120693531723,34.07406
SISQUOC_1_N020,34.87826099998756,-120.33131706468278,34.07406
SLMNCRK_6_N001,38.343592,-123.044809,35.40904
SMRTVLTP_6_N101,39.207939,-121.301476,30.01934
SMTRPCWS_1_N001,35.59,-119.44,32.55559
SNANDRES_6_N001,37.603294,-122.420424,35.50177
SNBRNRD_6_N001,35.092421,-118.878241,32.33841
SNJOSEB_1_N001,37.34102432531631,-121.9009493888098,35.38296
SNJOSEB_1_N005,37.34084367457506,-121.9009493890831,35.38296
SNJOSEB_1_N009,37.34084367457506,-121.9011766109169,35.38296
SNJOSEB_1_N013,37.34102432531631,-121.9011766111902,35.38296
SNJSEA_1_N001,37.328246190599145,-121.902531,35.34997
SNJSEA_1_N005,37.32816490468582,-121.90247198103432,35.34997
SNJSEA_1_N101,37.32816490468582,-121.90259001896567,35.34997
SNLNDRO_1_N001,37.711237436769906,-122.14880668270004,35.55939
SNLNDRO_1_N014,37.71105656311971,-122.14880668297907,35.55939
SNLNDRO_1_N017,37.71105656311971,-122.14903531702092,35.55939
SNLNDRO_1_N027,37.711237436769906,-122.14903531729996,35.55939
SNROSA_LNODEMEA,37.5099999999863,-121.22994301594794,33.20057
SNROSA_LNODEYWX,37.5099999999863,-121.23005698405206,33.20057
SNTAMRA_1_N001,33.12877399995433,-117.19738293065951,34.03063
SNTAMRA_1_N005,33.12885155124498,-117.19732946537698,34.03063
SNTANLA_6_N001,37.085979,-121.013273,33.30872
SNTARSA_1_N001,38.43691201584367,-122.71331,34.3332
SNTARSA_1_N002,38.43683099206306,-122.71325027901105,34.3332
SNTARSA_1_N006,38.43683099206306,-122.71336972098895,34.3332
SNTARTA_6_N001,37.055061,-120.634086,33.06028
SNTAYNZ_1_N001,34.625273999987726,-120.11813905143147,34.38144
SNTAYNZ_1_N002,34.625273999987726,-120.11824894856854,34.38144
SNTHLNE_6_N001,37.6223639999863,-122.44717791303894,35.65933
SNTHLNE_6_N002,37.6223639999863,-122.44729208696106,35.65933
SOBRANTE_1_N001,37.90594,-122.208144,34.6907
SOLEDAD_6_N001,36.429513,-121.331901,34.5451
SONOFRE_2_N067,33.3697279999884,-117.55438367777961,33.23383
SOUTHBAS_1_N001,34.881503,-117.892023,45.1188
SOUTHBY_6_N001,38.575612901218726,-121.497588,33.75512
SOUTH_LNODE108,40.39538221,-121.8791458,31.10569
SOUTH_LNODE204,40.39538220993951,-121.87902727370097,31.10903
SOUTH_LNODEC542,40.39529194143137,-121.87902727385986,31.10903
SOUTH_LNODEC544,40.39522811201244,-121.87911108453021,31.10903
SOUTH_LNODEC546,40.39521284740522,-121.87922790359386,31.10903
SOUTH_LNODEC547,40.39524411201219,-121.8793390934442,31.10903
SOUTH_LNODEC548,40.39530994650243,-121.87942018597366,31.10903
SOUTH_LNODEC549,40.395395258043976,-121.87945892278287,31.10903
SOUTH_LNODEC550,40.3954853917418,-121.8794524474595,31.10903
SOUTH_LNODEC552,40.39556796052161,-121.87940454742642,31.10903
SPANSHCK_6_N001,40.026139,-120.961748,30.91994
SPENCE_6_N001,36.613591,-121.566779,34.87253
SPICAMIN_1_N001,38.73992576174639,-120.67723108004192,33.41713
SPRINGVL_6_N001,36.10586253074472,-118.93516918490357,31.47641
SPRNGVLY_6_N001,32.73903399998875,-117.00264674817954,33.02668
SPRNGVLY_6_N010,32.73903399998875,-117.00275325182045,33.02668
SQAWVLY_LNODE01,39.20568653401713,-120.20123845453338,33.3743
SQAWVLY_LNODE81,39.20550746586879,-120.20123845482796,33.3743
SQAWVLY_LNODE82,39.20550746586879,-120.20146954517205,33.3743
SQAWVLY_LNODE83,39.20568653401713,-120.20146954546662,33.3743
STAFFORD_6_N002,38.12003299998604,-122.61362861905879,34.38666
STAFFORD_6_N101,38.12003299998604,-122.6137433809412,34.38666
STAGG_2_N001,37.99164936143144,-121.34848834268168,33.70507
STAGG_2_N014,37.99146863845723,-121.34848834296415,33.70507
STAGG_6_N001,37.99146863845723,-121.34871765703586,33.72512
STAGG_6_N003,37.99164936143144,-121.34871765731833,33.72512
STAMPEDE_LNODE19,39.46748199998557,-120.10518300964912,33.48122
STATELN_LNODE01,38.95238461856907,-119.94181675988908,32.14478
STATELN_LNODE22,38.952205381317675,-119.94181676018052,32.14478
STATELN_LNODE23,38.952205381317675,-119.94204723981947,32.14478
STATELN_LNODELY,38.95238461856907,-119.94204724011091,32.14478
STATIN-L_7_N001,37.81024899998616,-122.271385771776,35.01145
STATIND_1_N001,37.837585251800924,-122.263503,34.92792
STATIND_1_N010,37.83750387408463,-122.26344350874284,34.92792
STATIND_1_N013,37.83750387408463,-122.26356249125715,34.92792
STATINJ_1_N001,37.76334825993251,-122.214444,36.08394
STATINJ_1_N012,37.763266870018874,-122.21438455959633,36.08394
STATINJ_1_N027,37.763266870018874,-122.21450344040367,36.08394
STATINL_1_N001,37.81024899998616,-122.271500228224,35.00476
STATINX_1_N001,37.80554442667025,-122.23091354965457,34.99808
STATINX_1_N012,37.805363573219,-122.23091354993484,34.99808
STATINX_1_N014,37.805363573219,-122.23114245006515,34.99808
STATINX_1_N024,37.80554442667025,-122.23114245034543,34.99808
STB_LNODE201,38.57233333333333,-121.483291944444,33.12706
STB_LNODE202,38.57233333327705,-121.48317695138249,33.12706
STB_LNODE203,38.57224342921349,-121.48317695152639,33.12706
STB_LNODE204,38.57217985749196,-121.48325826382802,33.12706
STB_LNODE205,38.572164654514715,-121.48337160056485,33.12706
STB_LNODE206,38.57219579290459,-121.48347947588752,33.12706
STB_LNODE207,38.5722613616095,-121.48355815106362,33.12706
STB_LNODE208,38.57234632872595,-121.48359573311588,33.12706
STB_LNODE209,38.57243609852223,-121.48358945079376,33.12706
STB_LNODE210,38.57251833393617,-121.48354297863219,33.12706
STB_LNODE211,38.572583755229644,-121.4834641025941,33.12706
STB_LNODE212,38.57262631848412,-121.48336281268834,33.12706
STCKTNAR_6_N001,37.963279,-121.323476,33.14377
STCRUZ_LNODECXA,37.627559999986325,-120.97504290860819,33.15713
STCRUZ_LNODEWLS,37.627559999986325,-120.97515709139182,33.15713
STDDRD_LNODECEA,37.704079999986206,-121.06864284680097,33.19388
STDDRD_LNODEWZO,37.704079999986206,-121.06875715319903,33.19388
STDOIL_1_N009,37.94,-122.38,34.97469
STD_LNODENE1,38.57225,-121.500568888889,33.1304
STD_LNODENE2,38.572249999943736,-121.50045389586575,33.1304
STD_LNODENE4,38.57217214071853,-121.50051139243968,33.1304
STD_LNODENE5,38.57217214071853,-121.50062638533832,33.1304
STD_LNODENE6,38.572249999943736,-121.50068388191225,33.1304
STD_LNODENE7,38.57232785925329,-121.50062638546294,33.1304
STD_LNODENE8,38.57232785925329,-121.50051139231506,33.1304
STELLING_1_N001,37.3360521934471,-122.042805,34.5438
STELLING_1_N004,37.33597090326187,-122.04274597179945,34.5438
STELLING_1_N007,37.33597090326187,-122.04286402820055,34.5438
STE_SM_LNODE301,38.58631666666667,-121.472838888889,33.12706
STE_SM_LNODE302,38.586316666610415,-121.47272388936047,33.12706
STE_SM_LNODE303,38.58622677499287,-121.47272388950444,33.12706
STE_SM_LNODE304,38.58616321207191,-121.47280520637891,33.12706
STE_SM_LNODE305,38.58614801119931,-121.4729185494895,33.12706
STE_SM_LNODE306,38.58617914527848,-121.47302643087885,33.12706
STE_SM_LNODE307,38.58624470490619,-121.47310511047952,33.12706
STE_SM_LNODE308,38.586329660260105,-121.47314269464546,33.12706
STE_SM_LNODE309,38.58641941762905,-121.47313641197016,33.12706
STF_LNODEDAX,37.69055999998624,-121.02097285725026,33.18052
STF_LNODEIPN,37.69055999998624,-121.02108714274974,33.18052
STJ_SUB_LNODEONB,34.067054141297895,-118.226,32.24167
STJ_SUB_LNODEONC,34.06697292933807,-118.22594339850212,32.24167
STJ_SUB_LNODEOND,34.06697292933807,-118.22605660149787,32.24167
STKTONA_1_N001,37.94722338217881,-121.28911838573319,33.01781
STKTONA_1_N003,37.947042617710025,-121.28911838601516,33.01781
STKTONA_6_N001,37.947042617710025,-121.28934761398483,33.40437
STKTONA_6_N004,37.94722338217881,-121.2893476142668,33.40437
STLLWATR_6_N001,40.677845,-122.34971,32.42905
STOCKDLE_1_N001,35.316584007161445,-119.06818269302951,32.7193
STOCKDL_2_N001,35.31640399273835,-119.06818269327503,32.66584
STOCKDL_2_N002,35.31640399273835,-119.06840330672496,32.66584
STOCKDL_2_N101,35.316584007161445,-119.0684033069705,32.66584
STOCKM_LNODEVZF,37.62761110994497,-120.9752808828705,33.19054
STOCKM_LNODEXFA,37.62770154232185,-120.9751667,33.19054
STONCRRL_6_N001,36.472251999987044,-119.18811326795893,34.24918
STONCRRL_6_N003,36.472251999987044,-119.18822473204106,34.24918
STONE_1_N001,37.303708999986505,-121.86757223713448,35.11121
STONE_1_N005,37.303708999986505,-121.8676857628655,35.11121
STONYPT_1_N001,38.42,-122.78,34.42007
STOREY1_2_N001,36.98288702744317,-120.033746,33.06028
STOREY2_2_N001,36.98280598626407,-120.03380457310557,33.07031
STREAMVW_6_N001,32.745604999988714,-117.07864474591278,33.08014
STREAMVW_6_N007,32.745604999988714,-117.07875125408721,33.08014
STROUD_6_N001,36.530868,-120.104386,33.02514
STUART_6_N001,33.256701,-117.416547,33.68822
STURLOCK_LNODEDR3,37.4835881458663,-120.846727672541,32.90321
STURLOCK_LNODEDR4,37.4835360336794,-120.846797393384,32.90321
STURLOCK_LNODEDR7,37.4834830942642,-120.846867453726,32.90655
STURLOCK_LNODER13,37.483522165007,-120.846657059231,32.90655
SUISUN_1_N001,38.24526219208727,-122.04122215940386,33.85654
SUISUN_1_N008,38.24508180780079,-122.04122215968883,33.85654
SUISUN_1_N009,38.24508180780079,-122.04145184031117,33.85654
SUMMIT_6_N001,39.319203,-120.378897,33.76537
SUNOL_6_N001,37.586891,-121.869379,34.97218
SURF_1_N009,34.61,-120.22,34.42154
SWEETWTR_6_N017,32.65811799998879,-117.0916867727539,32.97657
SWEETWTR_6_N018,32.65811799998879,-117.0917932272461,32.97657
SWIFT_1_N001,37.3225281884819,-121.796729,34.66366
SWIFT_1_N003,37.322446905744414,-121.79666998783091,34.66366
SWIFT_1_N006,37.322446905744414,-121.79678801216909,34.66366
SYCAMORE_1_N101,39.76991684305054,-121.824218,32.55374
SYCAMORE_1_N201,39.76983607845885,-121.82415733357864,32.55374
SYCAMORE_1_N301,39.76983607845885,-121.82427866642136,32.55708
SYLVANCM_LNODECPR,37.688469999986225,-120.97663285888366,33.19054
SYLVANCM_LNODEHGR,37.688469999986225,-120.97674714111633,33.19054
TAFT1_1_N001,35.14999999998751,-119.47994486994581,32.58231
TAFT1_1_N004,35.14999999998751,-119.48005513005418,32.58231
TAHDONR_LNODE07,39.337309,-120.221277,33.55806
TAHOCTY_LNODE01,39.165971540038264,-120.14445351203682,33.40103
TAHOCTY_LNODE71,39.16579245984778,-120.14445351233086,33.40103
TAHOCTY_LNODE72,39.16579245984778,-120.14468448766914,33.40103
TAHOCTY_LNODE73,39.165971540038264,-120.14468448796318,33.40103
TAMARACK_6_N001,39.313743,-120.496804,33.63895
TAMARISK_1_N001,33.817316,-116.454898,31.5733
TAP710_1_N004,32.595376662064226,-117.0577334243903,-120.0
TAP801_1_N001,34.109614,-116.411837,31.9475
TAP807_1_N001,34.0,-116.5,31.54991
TAR_SUB_LNODEONA,34.17905418777958,-118.544,32.24501
TAR_SUB_LNODEONB,34.1789729060972,-118.54394327481864,32.24501
TAR_SUB_LNODEONC,34.1789729060972,-118.54405672518136,32.24501
TASSAJAR_2_N001,37.79959499998613,-121.9077887787453,34.60786
TASSAJAR_2_N002,37.79959499998613,-121.9079032212547,34.60786
TAYLOR_LNODEDR1,37.5369331958297,-120.809398426319,32.8698
TAYLOR_LNODEDR5,37.5369383829719,-120.809348192848,32.8698
TAYLOR_LNODEDR7,37.536937531095,-120.809217269976,32.86646
TAYLOR_LNODEDR8,37.5369366699963,-120.809289591436,32.8698
TECUYA_6_N001,35.018589,-118.979536,32.42862
TEICHERT_1_N001,37.79,-121.36,33.72969
TEJON_6_N001,35.019534,-118.954779,32.42194
TELECYN_1_N001,32.6379177816674,-117.01607,32.52886
TELECYN_1_N006,32.63783710915427,-117.01601469007429,32.52886
TELECYN_1_N014,32.63783710915427,-117.01612530992571,32.52886
TEMBLOR_1_N003,35.382795999987465,-119.69634883811833,33.07346
TEMPLETN_2_N008,35.554496,-120.679996,33.24934
TERMNOUS_6_N001,38.116464,-121.422007,34.0893
TESSUB_2_N001,37.73,-121.93,34.94838
TEVIS_1_N001,35.319191999987495,-119.12859784623319,32.72932
TEVIS_1_N003,35.319191999987495,-119.12870815376681,32.72932
TEXSUN1G_7_N001,35.36999999998748,-119.4800551602316,32.46538
TEXSUN2G_7_N001,35.3599999999875,-119.48005515895167,32.46538
THORNHIL_1_N001,33.833699,-116.524642,31.75038
TIDEWATR_2_N001,38.01989465330933,-122.06150068264388,34.54323
TIDEWATR_2_N014,38.02007534657929,-122.06150068292666,34.54323
TLRELKE_6_N001,36.003703,-119.948802,32.56603
TOCALOMA_6_N001,38.05521,-122.760914,34.54703
TOL_SUB_LNODEONA,34.175740310821865,-118.36069083905292,32.23833
TOL_SUB_LNODEONB,34.1755596890815,-118.36069083928658,32.23833
TOL_SUB_LNODEONC,34.1755596890815,-118.36090916071342,32.23833
TOL_SUB_LNODEOND,34.175740310821865,-118.36090916094707,32.23833
TOREYPNS_6_N001,32.89877953728695,-117.23987836114813,33.3942
TOREYPNS_6_N007,32.89860046262259,-117.23987836136372,33.3942
TOREYPNS_6_N008,32.89860046262259,-117.24009163863627,33.3942
TOREYPNS_6_N009,32.89877953728695,-117.24009163885188,33.3942
TORTILLA_1_N007,34.874547,-117.064691,42.95596
TRABUCO_1_N001,33.5630767991568,-117.67324523376014,33.35745
TRABUCO_1_N005,33.562897200749894,-117.67324523398426,33.35745
TRABUCO_1_N009,33.562897200749894,-117.67346076601574,33.35745
TRABUCO_1_N013,33.5630767991568,-117.67346076623986,33.35745
TRACY_1_N001,37.748395999944734,-121.41564562794372,33.96972
TRACY_1_N002,37.748305565247314,-121.41576,33.96972
TRACY_1_N007,37.748395999944734,-121.41587437205628,33.96972
TRACY_1_N101,37.74848643475262,-121.41576,33.96972
TRESVIS_6_N001,39.486707,-121.687993,32.42117
TRIMBLE_1_N004,37.42009036798162,-121.72988621524279,35.56688
TRIMBLE_1_N010,37.41990963190925,-121.72988621551741,35.56688
TRIMBLE_1_N016,37.41990963190925,-121.7301137844826,35.56688
TRIMBLE_1_N020,37.42009036798162,-121.73011378475721,35.56688
TRINIDAD_6_N001,41.064242,-124.128367,36.1187
TRUCKEE_LNODE02,39.330431720184855,-120.181195,33.48122
TRUCKEE_LNODE03,39.33035113989209,-120.18113485420918,33.48122
TRUCKEE_LNODE49,39.33035113989209,-120.18125514579083,33.47788
TUDOR_6_N001,38.982071,-121.635205,33.07365
TULUCAY_6_N001,38.247946,-122.268228,33.88883
TUPMAN_1_N101,35.354039,-119.270638,32.56895
TVYVLLY_6_N001,36.770622,-119.393233,33.82152
TXROSDL_1_N001,35.37695301426363,-119.07791367489159,32.68589
TXROSDL_1_N002,35.37695301426363,-119.0780283251084,32.68589
TYLER_6_N001,40.138392982499205,-122.20848578836895,33.67528
TYLER_6_N002,40.138392982499205,-122.20860821163106,33.67528
UCM_6_N001,32.88368472395273,-117.222424,33.4343
UCM_6_N002,32.88360413801135,-117.22236859671557,33.4343
UCM_6_N006,32.88360413801135,-117.22247940328444,33.4343
UKIAH_1_N001,39.142823455087914,-123.19204845611492,33.95385
UKIAH_1_N005,39.14300254479826,-123.19204845640866,33.95385
UPPRLKE_6_N001,39.145906,-122.916845,33.94717
URBAN_6_N001,32.71330799998875,-117.15140275665348,33.14362
URBAN_6_N005,32.71330799998875,-117.15150924334651,33.14362
URICH_6_N001,38.029918,-122.103005,35.14175
VACA-DIX_1_N001,38.401616982566644,-121.91986928712716,33.40549
VACAVIL_1_N001,38.356520058867716,-121.97951,33.44558
VACAVIL_1_N101,38.35643897055109,-121.97945029786577,33.479
VACAVIL_1_N102,38.35643897055109,-121.97956970213424,33.479
VALCNTR_6_N001,33.230683,-117.018401,33.11021
VALLEYSC_1_N001,33.738397971600605,-117.156432,31.60337
VALLEYSC_1_N107,33.738317014186954,-117.15648820699798,31.60337
VALLYHM_1_N001,37.85575599998615,-120.94408374338772,34.70583
VALLYVW_1_N001,37.96607299998612,-122.27841868352904,34.96467
VALLYVW_1_N003,37.96607299998612,-122.27853331647096,34.96467
VAL_GS_LNODE5AUX,34.24482148241572,-118.3914027121072,32.24167
VAL_GS_LNODE6AUX,34.24485277566131,-118.39150524618782,32.24167
VAL_GS_LNODE7AUX,34.24491867043375,-118.39158002588233,32.24167
VAL_GS_LNODE8AUX,34.245004060069334,-118.391615747079,32.24167
VAL_LNODELSS,34.24509427625119,-118.39160977576542,32.24167
VASCO_6_N001,37.71132099998621,-121.71587984128799,34.43896
VASCO_6_N003,37.71132099998621,-121.71599415871201,34.43896
VASONA_2_N001,37.26,-121.9,34.34755
VEDDER_1_N001,35.61,-118.96,32.90974
VEL_SUB_LNODEONA,34.01555411723447,-118.204,32.24167
VEL_SUB_LNODEONB,34.01547294136984,-118.20394345800285,32.24167
VEL_SUB_LNODEONC,34.01547294136984,-118.20405654199715,32.24167
VESTAL_6_N001,35.85713659527842,-119.08872645400277,31.54323
VICTOR_1_N001,38.145651267656454,-121.17732422029407,32.49879
VICTOR_6_N001,38.145470732231836,-121.17755377942188,33.24166
VICTOR_6_N002,38.145651267656454,-121.17755377970593,33.24166
VIEJOSC_2_N001,36.578772821150025,-121.908968,33.07346
VIEJOSC_2_N004,33.667334,-117.642727,33.07346
VIEJO_6_N001,36.578692089410936,-121.90890995739635,34.11076
VIEJO_6_N003,36.578692089410936,-121.90902604260364,34.11076
VIERRA_1_N001,37.85,-121.24,34.35782
VINA_6_N001,39.941614,-122.041739,34.06219
VINEYARD_2_N001,37.66967326170019,-121.85436,34.70125
VINEYARD_2_N002,37.66959186913507,-121.85430063276966,34.70125
VINEYARD_6_N001,37.66959186913507,-121.85441936723034,34.69276
VN_SUB_LNODEONA,34.18009031354033,-118.44489083013903,32.23833
VN_SUB_LNODEONB,34.17990968636295,-118.44489083037274,32.23833
VN_SUB_LNODEONC,34.17990968636295,-118.44510916962726,32.23833
VN_SUB_LNODEOND,34.18009031354033,-118.44510916986097,32.23818
VSTA_1_N001,34.04125299995202,-117.32061812723687,32.42862
VSTA_6_N001,34.04125299995202,-117.32083587276313,32.43196
WAHTOKE_1_N001,36.61618299998699,-119.452409104289,33.6578
WAHTOKE_1_N002,36.61618299998699,-119.45252089571099,33.6578
WALNUT_6_N001,34.00840381020035,-117.94966020073771,32.81619
WARENCYN_6_N001,33.01545499998868,-117.00226861385794,32.66918
WARENCYN_6_N002,33.01545499998868,-117.00237538614206,32.66918
WARNERS_6_N001,33.247186,-116.675942,31.9
WARNER_LNODERV1,41.50091505739131,-120.533072,32.05791
WARNER_LNODERV3,41.50083397128745,-120.53300949206302,32.05791
WARNER_LNODESC1,41.50083397128745,-120.53313450793698,32.05791
WASCO_7_N008,39.77617274317707,-122.10383,32.62909
WASHNGT_LNODEDR1,37.4893772928244,-120.903967825898,33.0569
WASHNGT_LNODEDR2,37.4895172164325,-120.904092990936,33.0569
WASHNGT_LNODEDR3,37.4894692627508,-120.903968029781,33.0569
WASHNGT_LNODEDR4,37.489297130992,-120.993988447763,33.0569
WASHNGT_LNODEDR5,37.4894207521695,-120.904091725093,33.0569
WASHNGT_LNODEDR6,37.4892474344412,-120.904090188054,33.0569
WASHNGT_LNODEDR7,37.4892029595549,-120.903964429204,33.0569
WASHNGT_LNODER15,37.4893341220127,-120.90409199878,33.0569
WATRSHED_6_N001,37.487815,-122.310237,35.51363
WEBER_6_N001,37.919828,-121.240232,33.45783
WEC_SY_LNODEUX1,37.4878752249074,-120.89565231921667,33.02349
WEC_SY_LNODEUX2,37.4878752249074,-120.89576624369113,32.90321
WELFLDPM_LNODELPMP,34.16127269818337,-114.38198913123861,31.26273
WELFLDPM_LNODERALS,34.16145330172,-114.38198913147205,31.26273
WEMRSWS_6_N001,39.035984,-120.987909,33.99406
WESTLANE_6_N001,37.990674,-121.282373,33.92559
WESTLNDS_1_N001,36.3999999999871,-120.31994434326373,32.17531
WESTLNDS_1_N019,36.3999999999871,-120.32005565673627,32.17531
WESTPARK_1_N001,35.374163973003284,-119.039839,32.72598
WESTPARK_1_N005,35.374083013484764,-119.03978167527592,32.72598
WESTPARK_1_N009,35.374083013484764,-119.03989632472408,32.72598
WESTPLAT_1_N001,35.42,-119.3,32.54556
WESTPORT_LNODEDR1,37.5225825838401,-120.993998352649,32.85643
WESTPORT_LNODEDR3,37.5223769944682,-120.993990429526,32.85309
WESTPORT_LNODEDR5,37.5225172095941,-120.993995815213,32.85643
WESTPORT_LNODEDR7,37.5224455031416,-120.903973009416,32.85309
WHEATLND_6_N001,39.013055,-121.418524,31.04225
WHEELER_6_N001,35.089761,-118.976591,32.46872
WHISMAN_1_N001,37.40491321634772,-122.068856,34.8454
WHISMAN_1_N004,37.404831891811426,-122.06879689262591,34.8454
WHISMAN_1_N009,37.404831891811426,-122.06891510737408,34.8454
WHITMORE_6_N001,40.628753,-121.915711,30.11032
WILDWOOD_1_N001,40.387138,-123.045061,33.60565
WILKINS_6_N001,39.00552,-121.867233,33.70899
WILLIAMS_6_N002,39.15758,-122.14762,32.94722
WILLITS_6_N001,39.405666,-123.327366,35.28588
WILLOWS_6_N001,39.531805,-122.185874,33.59444
WIL_SUB_LNODEONB,33.797999999988214,-118.25794584458627,32.23833
WIL_SUB_LNODEONC,33.797999999988214,-118.25805415541372,32.23833
WINTERS_6_N001,38.517708,-121.951331,33.80642
WOHLER_6_N001,38.512048,-122.880906,34.73413
WOLFE_1_N001,37.335142193117605,-122.020824,34.54715
WOLFE_1_N002,37.335060903426545,-122.02076497287341,34.54715
WOLFE_1_N007,37.335060903426545,-122.02088302712659,34.54715
WOODACRE_6_N001,38.012118,-122.65455,34.61385
WOODLD_1_N001,38.67823188725648,-121.760143,33.3682
WOODLD_1_N005,38.67815105635662,-121.76008322082818,33.3682
WOODLD_1_N012,38.67815105635662,-121.76020277917182,33.3682
WOODSIDE_6_N003,37.43624399998641,-122.2420270905538,35.39863
WOODSIDE_6_N004,37.43624399998641,-122.24214090944619,35.39863
WOODWARD_1_N005,36.8966369999867,-119.74995475043866,33.13993
WOODWARD_1_N006,36.8966369999867,-119.75006724956134,33.13993
WPBART_1_N001,38.02005420797604,-121.98,34.72806
WPBART_1_N004,38.01997289599686,-121.97994040909197,34.72806
WPBART_1_N026,38.01997289599686,-121.98005959090804,34.72806
WSCOPRSN_1_N001,35.61,-119.37,32.61907
WSCRMNO_1_N004,38.58939293336201,-121.545027,33.74402
WSCRMNO_1_N013,38.58931203330379,-121.54496724378153,33.74402
WSCRMNO_1_N201,38.58931203330379,-121.54508675621847,33.74402
WSTFRSO_1_N001,36.71841899998688,-119.81853697917856,33.61383
WSTFRSO_1_N004,36.71841899998688,-119.81864902082144,33.61383
WSTLD1RA_1_N001,36.72,-120.72,32.43538
WYANDTTE_1_N001,39.491682744465926,-121.541161,32.32816
WYANDTTE_1_N003,39.49160212775149,-121.54110068770393,32.32816
WYANDTTE_1_N102,39.49160212775149,-121.54122131229607,32.32816
ZACA_1_N001,34.696829,-120.151374,34.31796
ZANKER_1_N001,37.469999999986335,-121.8099430557453,35.39753
ZANKER_1_N003,37.469999999986335,-121.8100569442547,35.39753
AGER_LNODE35,41.8675,-122.46414,0.0
ALTURAS_LNODE17,41.49972,-120.53306,0.0
BIGSPRIN_LNODELD1,41.616776,-122.39929,0.0
CAMERON_LNODEKM,32.65324599998863,-116.48817922595589,0.0
CASTELLA_LNODE,41.146254,-122.319747,0.0
CEDARVIL_LNODED1,41.53156,-120.18194,0.0
CLEARLAO_LNODE44,41.704981,-121.276741,0.0
COPCO2_LNODE21,41.97667,-122.36167,0.0
DAVISCR_LNODED1,41.73,-120.37,0.0
DELNORTE_LNODE50,41.86761799998422,-124.13905472462552,0.0
DELNORTE_LNODE51,41.86761799998422,-124.13917527537447,0.0
DOGCREEK_LNODE,40.94013311,-122.431008,0.0
DORRIS_LNODE06,41.96694,-121.91333,0.0
EAGLEMTN_LNODEHI,33.8199729920039,-115.44005630685402,0.0
FLINT_LNODE_LDT1,38.88530299998586,-121.06681059075832,0.0
GASQUET_LNODE42,41.84833,-123.96667,0.0
INTERNAT_LNODELD,41.432568,-122.38296,0.0
LITTLESH_LNODELD1,41.70174123,-122.3696599,0.0
LUCERNE_LNODELD,41.60361,-122.5225,0.0
MACDOEL_LNODE20,41.83166999998427,-122.00465973878569,0.0
MACDOEL_LNODE45,41.83166999998427,-122.00478026121432,0.0
MADISON_LNODE1,38.67065905446531,-121.9691977771112,0.0
MOTT_LNODE,41.262727,-122.270475,0.0
NDUNSMUI_LNODE7,41.2207989999844,-122.27643096616978,0.0
NDUNSMUI_LNODE9,41.2207989999844,-122.27655103383022,0.0
NEWELL_LNODE90,41.888139999984205,-121.37845028379793,0.0
NUTGLADE_LNODE,41.178254,-122.290711,0.0
PATRICKS_LNODE49,41.88139,-123.86472,0.0
PEREZ_LNODED1,41.63306,-121.22639,0.0
PRAXAIR_LNODEPM,37.99999999998611,-121.81005733246779,0.0
REDWOODU_LNODED2,41.76083,-124.16347,0.0
SDUNSMUI_LNODE,41.201244,-122.2764098,0.0
SHASTINA_LNODELD1,41.548666,-122.364174,0.0
SHOTGUNC_LNODE,41.053889,-122.381667,0.0
TULELAKE_LNODE35,41.95333,-121.47111,0.0
TUNNEL_LNODE33,41.925559999984245,-121.56576970013403,0.0
TUNNEL_LNODE40,41.925559999984245,-121.56589029986597,0.0
WEED_LNODER1,41.43139,-122.38944,0.0
YREKA_LNODE76,41.72897989068449,-122.63154955171838,0.0
YREKA_LNODED1,41.72880010918983,-122.63154955205546,0.0
YREKA_LNODED2,41.72880010918983,-122.63179044794454,0.0
YREKA_LNODED3,41.72897989068449,-122.63179044828162,0.0
