node_id,lat,lon,price_dp
12TH_S_LNODENMZ,37.63715677998629,-120.99316020050249,15.92041
12TH_S_LNODEXWQ,37.63715677998629,-120.99327439949751,15.92041
8TH_ST_LNODEBXG,37.64197726998626,-121.00603849646912,15.92041
8TH_ST_LNODELZF,37.64197726998626,-121.00615270353089,15.92041
AEC300_1_N001,37.74,-121.48,17.9804
AGNEW_1_N003,37.51,-121.84,17.9822
AIRPROD_1_N001,36.65,-119.54,11.91355
AIR_SUB_LNODENAA,33.96205409081493,-118.376,15.70134
AIR_SUB_LNODENAB,33.961972954579615,-118.37594352117388,15.70134
AIR_SUB_LNODEONC,33.961972954579615,-118.37605647882611,15.70134
ALAMITOS_2_N001,33.771584,-118.100596,16.03394
ALAMITOS_2_N040,33.77,-118.1,16.03394
ALAMT1G_7_N002,33.77149401717401,-118.1004877514908,16.03394
ALAMT2G_7_N002,33.771415173499584,-118.10067098425147,16.03394
ALAMT3G_7_N002,33.77144633917227,-118.10077253262283,16.03394
ALAMT4G_7_N002,33.771511965310076,-118.10084659342048,16.03394
ALAMT5G_7_N002,33.771597006833865,-118.1008819712055,16.03394
ALAMT6G_7_N002,33.77176916262267,-118.10083231072662,16.03394
ALHAMBRA_1_N001,37.99408499998608,-122.13031167024367,17.92986
ALHAMBRA_1_N002,37.99408499998608,-122.13042632975633,17.92986
ALLEGHNY_6_N001,39.464893,-120.844946,17.12872
ALMADEN_6_N001,37.26027,-121.890082,17.68892
ALMOND_LNODEAUX,37.574202045609525,-120.98511610244,15.86124
ALPAUGH_7_N002,35.963463732836644,-119.456796,13.40109
ALPINE_6_N001,32.82778299998866,-116.78987271391081,16.08511
ALPINE_6_N005,32.82778299998866,-116.78997928608918,16.08511
ALTO_6_N001,37.89825299998615,-122.52430271885964,17.88817
ALTO_6_N101,37.89825299998615,-122.52441728114036,17.88817
ALTTA_BP_LNODEPRT,41.51205899998436,-120.5236838478691,15.60539
ALTTA_BP_LNODETON,41.51205899998436,-120.5238041521309,15.60539
AMERIGAS_1_N001,38.43,-121.79,17.46111
AMESBS_1_N004,37.41751022008469,-122.066192,17.86877
AMESBS_1_N101,37.41742888994297,-122.06613287861066,17.86877
AMESDST_1_N001,37.41742888994297,-122.06625112138934,17.86877
AMFORST_6_N001,38.369191999986,-120.79657754861613,17.748
ANDERSON_6_N001,40.449838,-122.305068,17.23873
ANGIOLA_6_N001,35.992007,-119.57137,13.2156
ANITA_6_N001,39.811047,-121.919761,17.37796
ANNAPOLS_6_N001,38.680315,-123.311782,17.58115
ANTELOPE_6_N001,35.658117,-119.996015,13.81257
ANTLER_6_N001,40.893581,-122.379244,17.15078
APPLEHL_1_N001,38.73992576174639,-120.67700091995808,17.64107
APPLEHL_1_N002,38.73974623814083,-120.67700092024737,17.64107
APPMAT_1_N001,37.359999999986435,-121.97994317305394,17.67325
APPMAT_1_N010,37.359999999986435,-121.98005682694607,17.67325
ARBUCKLE_6_N001,39.017625,-122.061575,17.40834
ARCATA_6_N001,40.867132,-124.088286,17.31229
ARVINED_1_N001,35.15044599998752,-118.87870286987292,14.2534
ARVIN_6_N001,35.15044599998752,-118.87881313012709,13.89041
ASHLAN_2_N001,36.79263892472445,-119.82749,12.4533
ASHLAN_2_N007,36.7925580376235,-119.82743168375806,12.4533
ASHLAN_2_N008,36.7925580376235,-119.82754831624194,12.4533
ASH_6_N001,33.1365697302963,-117.070292,16.08991
ASH_6_N005,33.13648913483958,-117.0702364310647,16.08991
ASH_6_N101,33.13648913483958,-117.07034756893529,16.08991
ASPEN_LNODESPEN,37.69337956,-122.069288,15.26319
ATASCDRO_6_N001,35.465309,-120.671582,13.81897
ATWATER_1_B2,37.35999599998639,-120.6146481730584,13.11043
ATWATER_1_N001,37.35999599998639,-120.6147618269416,13.11043
ATW_SUB_LNODEONB,34.1096541600031,-118.254,15.69334
ATW_SUB_LNODEONC,34.10957291998536,-118.25394335044959,15.69334
ATW_SUB_LNODEOND,34.10957291998536,-118.2540566495504,15.69334
AUBERRY_6_N001,37.06806099998665,-119.495719527536,12.19254
AUBERRY_6_N003,37.06806099998665,-119.495832472464,12.19254
AUBURN_6_N001,38.903397,-121.069921,17.48106
AUGUST_LNODEDR1,37.4182520696912,-120.831252690486,15.87564
AUGUST_LNODEDR3,37.4182452743243,-120.831131410372,15.87564
AUGUST_LNODEDR4,37.4182458785436,-120.830989786937,15.87883
AUGUST_LNODEDR5,37.4182557186304,-120.831363604619,15.87564
AVENA_1_N001,37.842208,-121.054122,17.98829
AVOCADO_6_N001,33.38466699998843,-117.23692330729693,30.42
AVOCADO_6_N002,33.38466699998843,-117.23703069270306,30.42
BAFOOD1_6_N001,36.33,-121.16,12.77878
BAHIA_2_N001,38.08095331088854,-122.13739126700075,17.73946
BAHIA_2_N011,38.08077268899996,-122.13739126728416,17.73946
BAILYJ1_1_N010,34.77604,-118.77504,17.15919
BAIR_1_N001,37.496937,-122.214157,18.09776
BAKER_1_N001,35.284771,-116.064256,15.77279
BALFOUR_6_N001,37.92596,-121.678546,17.84532
BANGOR_6_N001,39.388064,-121.402937,17.27584
BANGS_LNODEKGC,37.70469,-121.0418,15.92201
BANNING_1_N001,33.922289,-116.87283,15.87244
BANTA_6_N001,37.7528989999862,-121.35057581075783,18.06345
BARRETT_6_N001,32.667194,-116.700208,16.17306
BARRE_6_N001,33.80900298319592,-117.98332966316445,16.00676
BARRE_6_N002,33.80900298319592,-117.98354633683554,16.00676
BARRE_6_N003,33.80918301670945,-117.9835463370635,16.00516
BARRY_6_N001,39.069323,-121.690208,17.42157
BARTON_1_N001,36.76408490976673,-119.735935,12.17292
BARTON_1_N007,36.76400404510246,-119.73587672164825,12.17292
BARTON_1_N008,36.76400404510246,-119.73599327835174,12.17292
BASALT_6_N002,38.26328599998595,-122.26916657483297,17.56505
BASALT_6_N101,38.26328599998595,-122.26928142516702,17.56505
BATAVIA_6_N001,38.385820999985995,-121.77570654480984,17.4867
BATIQTOS_1_N001,33.1011727252775,-117.250399,16.06912
BATIQTOS_1_N008,33.101092137348985,-117.25034345864424,16.06912
BATIQTOS_1_N015,33.101092137348985,-117.25045454135577,16.06912
BAYMDWS_1_N001,37.55162541726735,-122.29307795256243,18.0338
BAYMDWS_1_N004,37.551444582623034,-122.29307795283914,18.0338
BAYMDWS_1_N008,37.551444582623034,-122.29330604716085,18.0338
BAYMDWS_1_N012,37.55162541726735,-122.29330604743757,18.0338
BAYSHOR1_1_N001,37.74603599998622,-122.40302381566526,18.03049
BAYSHOR2_1_N001,37.74603599998622,-122.40313818433472,18.03049
BAYWOOD_6_N001,35.360177,-120.811564,13.92462
BCN_PP_LNODESS1,35.25680070871138,-118.02736892630813,15.71093
BCN_PP_LNODESS2,35.256766720360744,-118.02726679027704,15.71093
BEARTAP_1_N001,35.38,-119.0,14.34774
BELLEF_7_CN10,39.776083,-122.10383,15.57981
BELLEF_7_CN11,39.77608299994151,-122.10371323062876,15.57661
BELLPGE_1_N001,38.947418999985814,-121.0911283822858,17.40899
BELLPGE_1_N005,38.947418999985814,-121.0912436177142,17.40899
BELLVUE_1_N001,38.379084046922976,-122.712022,17.63712
BELLVUE_1_N003,38.37900297652332,-122.711962292445,17.63712
BELLVUE_1_N005,38.37900297652332,-122.712081707555,17.63712
BELMONT_1_N001,37.52332024549896,-122.264967,18.09936
BELMONT_1_N006,37.52323887723573,-122.26490776711239,18.09936
BELMONT_1_N008,37.52323887723573,-122.26502623288762,18.09936
BELRIDGE_1_N001,35.455722,-119.631903,13.90469
BERESFRD_6_N001,37.565013999986284,-122.31923796388803,18.01141
BERESFRD_6_N002,37.565013999986284,-122.31935203611197,18.01141
BERNARDO_6_N001,33.021575,-117.096228,16.00676
BERNARDO_6_N002,33.021574999954524,-117.09612121988424,16.00676
BERNARDO_6_N009,33.02148546856512,-117.096228,16.00676
BERNARDO_6_N013,33.021574999954524,-117.09633478011577,16.00676
BERNARDO_6_N014,33.0216645314348,-117.096228,16.00676
BERNARDO_LNODEARDO,33.02157451,-117.0962277,15.25839
BERVLLY_6_N001,37.586478,-120.125088,12.21759
BIGBASN_6_N001,37.129545,-122.172132,17.44106
BIGCRK1_7_N001,37.20203293082091,-119.24090286336467,15.88523
BIGMDWS_6_N001,40.171215,-121.085128,16.58802
BIGRIVR_6_N001,39.311461,-123.786522,17.41474
BIOLA_6_N001,36.792525,-120.114116,11.65363
BIXLER_6_N001,37.9370142319286,-121.528389,18.09138
BKRSFLD_2_N001,35.388298999987455,-119.0044078374034,14.33815
BKRSFLD_2_N101,35.388298999987455,-119.0045181625966,14.33815
BLLEHVN_6_N001,37.4772652825887,-122.16793304841748,18.17931
BLLEHVN_6_N002,37.477186999945324,-122.16787609695427,18.17931
BLLEHVN_6_N004,37.477108717384,-122.1679330485368,18.17931
BLLEHVN_6_N006,37.477108717384,-122.1680469514632,18.17931
BLLEHVN_6_N007,37.477186999945324,-122.16810390304572,18.17931
BLUELKE_6_N001,40.88014,-123.980584,17.32668
BLUSTNPP_6_N003,38.575523,-121.497588,13.86534
BLYTHESC_1_N005,33.614957,-114.682935,15.30636
BNAVSTA_6_N001,36.653344,-121.62946,16.15387
BNAVSTA_6_N002,36.65334399994771,-121.62934811906177,16.15387
BNTACRB_6_N001,37.7528989999862,-121.35069018924217,18.19457
BOGARD_6_N001,40.586552,-121.093959,16.93651
BOGUE_1_N001,39.09613073444745,-121.623771,17.24567
BOGUE_1_N201,39.096050132760894,-121.62371103865068,17.24567
BOLINAS_6_N001,37.941119,-122.707332,17.69948
BOLLMAN_1_N003,38.04,-121.98,17.91227
BOLTHSE_1_N009,35.36215899998747,-118.92362184077258,14.35734
BONITA_6_N001,36.967863,-120.20266,12.61342
BONNIEN_7_N001,39.214314999985774,-120.80917722077704,16.4538
BORDEN_2_N007,36.92227399998671,-119.98422371699712,12.59274
BORDER_6_N001,32.56633480869927,-116.944389,16.09151
BORDER_6_N008,32.566254095638485,-116.94433370647506,16.09151
BORONDA_6_N001,36.689983,-121.679239,16.08352
BOSWELL_6_N001,36.085115,-119.552823,13.2156
BOWLES_6_N001,36.605651,-119.773312,11.69041
BRDGVLT_7_N001,40.47956799998481,-123.78034162638289,17.13319
BREEZE_LNODEYT1,35.123880999987534,-118.37403687435777,15.33035
BREEZE_LNODEYT2,35.123880999987534,-118.37414712564222,15.33035
BRENTWOD_2_N001,37.91959423612686,-121.676423,17.88712
BRENTWOD_2_N006,37.91951288192155,-121.67636345967551,17.88712
BRENTWOD_2_N011,37.91951288192155,-121.67648254032449,17.88712
BRGSMR_LNODEGZB,37.66621999998627,-120.97704287657282,15.92041
BRGSMR_LNODETHU,37.66621999998627,-120.97715712342718,15.92041
BRITTN_1_N001,37.37433620668406,-122.015575,17.62837
BRITTN_1_N005,37.37425489664326,-122.01551592726007,17.62837
BRITTN_1_N006,37.37425489664326,-122.01563407273993,17.62837
BRKRSLG_1_N005,38.57552299994369,-121.49747300547165,17.72721
BROCKWAY_LNODE01,39.243063530935196,-120.02634939696748,15.57341
BROCKWAY_LNODE02,39.242884468950564,-120.02634939726258,15.57341
BROCKWAY_LNODE51,39.242884468950564,-120.02658060273741,15.57341
BROCKWAY_LNODE52,39.243063530935196,-120.02658060303253,15.57341
BRRNDAC_6_N001,35.658183,-120.040362,13.81577
BRUNSWCK_1_N003,39.23119771901711,-121.034946,17.08086
BRUNSWCK_1_N008,39.23111714047599,-121.03488594065819,17.08086
BRUNSWCK_1_N101,39.23111714047599,-121.03500605934181,17.06007
BRWNSVY_6_N001,39.226226,-121.422634,17.24396
BUELLTON_1_N001,34.625261999987686,-120.18631205143852,14.01256
BUELLTON_1_N003,34.625261999987686,-120.18642194856149,14.01256
BUENAVS1_7_B1,36.653254242119594,-121.62934811919219,14.26139
BUENAVS1_7_B3,36.65319077379855,-121.6294272308971,14.26139
BUENAVS1_7_B4,36.653175595551595,-121.62953750035395,14.26139
BUENAVS1_7_B5,36.65320668330105,-121.62964245619625,14.26139
BUENAVS1_7_B6,36.653272145363964,-121.6297190021347,14.26139
BUENAVS1_7_B7,36.65335697428145,-121.62975556706088,14.26139
BUENAVS2_7_B1,36.65344659805961,-121.62974945473616,14.255
BUENAVS2_7_B3,36.653528699704175,-121.62970424026268,14.255
BUENAVS2_7_B4,36.653594014575496,-121.62962749889522,14.255
BUENAVS2_7_B5,36.653636508590544,-121.62952895027708,14.255
BULLARD_1_N001,36.824388,-119.769224,12.39232
BULLARD_1_N004,36.824387999947184,-119.76911168846675,12.39232
BULLARD_1_N005,36.824298097276774,-119.769224,12.39232
BULLARD_1_N006,36.824387999947184,-119.76933631153325,12.39232
BURLNGME_1_N001,37.589627,-122.363434,17.96973
BUTTE_1_N010,39.7118129999855,-121.81325170045862,17.29481
BUTTE_1_N101,39.7118129999855,-121.81336829954137,17.29481
BWILLIAM_LNODEILLW,34.16145330172,-114.38177086852794,15.26799
B_6_N001,32.714377595830264,-117.16944251257752,16.09951
B_6_N003,32.714198404079745,-117.16944251279143,16.09951
B_6_N005,32.714198404079745,-117.16965548720856,16.09951
B_6_N007,32.714377595830264,-117.16965548742249,16.09951
CABRILLO_1_N001,32.70751759908557,-117.24492651689708,14.06374
CABRILLO_6_N001,32.70733840082447,-117.24492651711095,16.12189
CABRILLO_6_N004,32.70733840082447,-117.24513948288904,16.12189
CALAVE_1_N001,36.71900181109094,-119.76554095699167,11.92325
CALAVE_1_N002,36.718822188804005,-119.76554095725366,11.92325
CALAVE_1_N004,36.718822188804005,-119.76576504274634,11.92325
CALCMENT_7_N4,37.37,-120.64,15.49346
CALISTGA_6_N001,38.592664,-122.57862,17.72507
CALLENDR_1_N001,35.04,-120.6,13.88464
CALPELLA_1_N001,39.197538,-123.192135,17.12371
CALSUB_LNODEET,39.521219,-120.008761,15.48226
CAMDEN_6_N001,36.446258999987045,-119.79904229562648,11.85311
CAMDEN_6_N002,36.446258999987045,-119.79915370437352,11.85311
CAMERON_6_N001,32.65324599998863,-116.48807277404411,12.92
CAMINO_2_N001,34.83,-114.99,15.33035
CAMPHORA_6_N001,36.46829799998704,-121.39017127220814,16.13948
CAMPHORA_6_N003,36.46829799998704,-121.39028272779186,16.13948
CANAL_6_N001,37.066368999986636,-120.8354215297125,9.90045
CANAL_6_N006,37.066368999986636,-120.8355344702875,9.90045
CANBY_BP_LNODEACW,41.444925999984385,-120.88087787131334,15.591
CANBY_BP_LNODEVEC,41.444925999984385,-120.88099812868666,15.591
CAN_SUB_LNODEONA,34.18955419166312,-118.592,15.71733
CAN_SUB_LNODEONB,34.189472904155366,-118.59194326369176,15.70933
CAN_SUB_LNODEONC,34.189472904155366,-118.59205673630824,15.70773
CAPAY_6_N001,39.775993256822886,-122.10383,17.34758
CARBONA_6_N003,37.69218399998622,-121.41818185598439,18.10502
CARBONA_6_N101,37.69218399998622,-121.4182961440156,18.10502
CARLOTTA_6_N001,40.541122999984744,-124.06382054930958,17.18596
CARLOTTA_6_N003,40.541122999984744,-124.06393945069041,17.18596
CARLTNHS_1_N001,32.85503754591703,-117.01185140348343,15.95559
CARLTNHS_1_N004,32.85485845399255,-117.01185140369861,15.95559
CARNATIO_6_N001,35.311332,-119.083574,14.29657
CARNERAS_6_N001,35.541055,-119.805238,13.61749
CAROLNDS_6_N001,37.55291899998627,-122.37633097506193,18.07058
CAROLNDS_6_N002,37.55291899998627,-122.37644502493806,18.07058
CARQUINZ_1_N001,38.09103799998602,-122.24848662968667,17.8466
CARQUINZ_1_N002,38.09103799998602,-122.24860137031332,17.8466
CARRIZO_1_N001,35.3805629695311,-120.040252,13.91876
CARRIZO_LNODEHILL,35.38048201522088,-120.04019467441788,15.34314
CARRIZO_LNODEZOT1,35.38048201522088,-120.04030932558213,15.2376
CARTWRT_1_N001,37.78999999998617,-122.24994278512781,17.98743
CARTWRT_1_N010,37.78999999998617,-122.25005721487219,17.98743
CARUTHRS_6_N001,36.531554,-119.882758,11.66643
CAR_SM_LNODENE1,38.642773175556165,-121.3294330286556,15.87084
CAR_SM_LNODENE2,38.64259349099788,-121.32943302894401,15.87084
CAR_SM_LNODENE3,38.64259349099788,-121.329663082168,15.87084
CAR_SM_LNODENE4,38.642773175556165,-121.3296630824564,15.87084
CASTLE_LNODEDR1,37.36195490350885,-120.56264978595905,15.86604
CASTLE_LNODEDR2,37.36187666885442,-120.5625929569803,15.86604
CASTLE_LNODEDR3,37.36179843428164,-120.56264978607754,15.86604
CASTLE_LNODEDR4,37.36179843428164,-120.56276344403506,15.86604
CASTLE_LNODEDR5,37.36187666885442,-120.5628202731323,15.86604
CASTLE_LNODEDR6,37.36195490350885,-120.56276344415355,15.86604
CASTROVL_2_N001,37.69127699998625,-122.06100285669102,17.90267
CASTROVL_2_N003,37.69127699998625,-122.06111714330898,17.90267
CASTROVL_2_N006,36.76278384840137,-121.73625384648868,17.90267
CAS_LA_LNODESMW,34.587237,-118.656638,15.71253
CAS_PP_LNODE1AUX,34.58734037344726,-118.65692220263387,15.71253
CAS_PP_LNODE2AUX,34.58742309555189,-118.65687780855163,15.71253
CAS_PP_LNODE3AUX,34.587488904018386,-118.65680245963806,15.71253
CAS_PP_LNODE4AUX,34.58753171916694,-118.65670569917606,15.71253
CAS_PP_LNODE5AUX,34.58754852361777,-118.65659776098718,15.71253
CAS_PP_LNODE6AUX,34.58753896054594,-118.65648852558515,15.71253
CATALYST_7_N001,37.33647699998642,-121.87909619952335,17.67144
CATLETT_6_N001,38.808811,-121.516115,17.3688
CAWELOB_6_N001,35.57097799998741,-119.11546380934058,14.31416
CAWELOC_1_N001,35.57097799998741,-119.11557419065942,14.23421
CAYUCOS_6_N001,35.44865399998744,-120.8703058292383,13.90212
CAYUCOS_6_N006,35.44865399998744,-120.8704161707617,13.90212
CCOSTA_2_N001,37.998693,-121.783314,17.85652
CCSUB_1_N001,38.03,-121.75,17.85012
CCSUB_2_N001,38.01999999998606,-121.75994265860079,17.84852
CCSUB_2_N010,38.01999999998606,-121.7600573413992,17.84852
CEDRCRK_6_N101,40.79116899998464,-121.93795172476342,14.66262
CENTERS_6_N001,33.928884073837764,-118.105463,16.00996
CENTERS_6_N200,33.9288029630683,-118.10551943910147,16.00996
CEN_SUB_LNODEONB,33.948054083699034,-118.255,15.69174
CEN_SUB_LNODEONC,33.94797295813763,-118.25494353789466,15.69174
CEN_SUB_LNODEOND,33.94797295813763,-118.25505646210534,15.69174
CERES_LNODEDR1,37.6088562120824,-120.956729570412,15.86124
CERES_LNODEDR3,37.6089710504,-120.956595705015,15.86124
CERES_LNODEDR4,37.6089019185376,-120.956592000755,15.86124
CERES_LNODEDR5,37.6087606610128,-120.956712881849,15.86124
CERES_LNODEDR7,37.6089324750351,-120.956712057352,15.86124
CERES_LNODEDR8,37.6090011903052,-120.956714357349,15.86124
CERTTEED_1_N001,37.059999999986665,-120.07994353791257,11.95854
CERTTEED_1_N002,37.059999999986665,-120.08005646208743,11.95854
CHALLNGE_6_N001,39.48543,-121.220509,17.25185
CHANNEL_6_N001,37.95526599998612,-121.33242068885451,17.75333
CHARKA_1_N001,35.608038,-119.325523,14.13347
CHCARITA_1_N001,32.9600895309367,-117.08989329478639,15.98117
CHCARITA_1_N004,32.95991046897258,-117.08989329500262,15.98117
CHCARITA_1_N008,32.95991046897258,-117.09010670499737,15.98117
CHC_LNODE31A,38.95999999998579,-120.89994237638588,15.2472
CHC_LNODE33A,38.95999999998579,-120.90005762361412,15.2472
CHEROKEE_6_N001,38.005513,-121.237769,17.92283
CHESTER_6_N001,40.304405,-121.224282,16.66157
CHICOA_6_N001,39.71879299998543,-121.82096169136352,17.29481
CHICOA_6_N010,39.71879299998543,-121.82107830863647,17.29481
CHICOB_1_N001,39.725493999985424,-121.84718768259572,17.28202
CHICOB_1_N002,39.725493999985424,-121.84730431740428,17.28202
CHINO_6_N007,33.998301818402325,-117.67886922357054,15.83406
CHINO_6_N008,33.998301818402325,-117.67908677642946,15.83406
CHLDHOSP_1_N001,36.87,-119.81,12.27068
CHOLLAS_6_N001,32.744058749573895,-117.046316,16.07232
CHOLLAS_6_N008,32.743978125200904,-117.04626065732346,16.07232
CHOLLAS_6_N009,32.743978125200904,-117.04637134267654,16.07232
CHSTN_1_N001,38.09,-120.3,17.75791
CHWCHLLA_1_N001,37.12073295026913,-120.25055224215674,11.95054
CHWCHLLA_1_N002,37.12073295026913,-120.25066975784326,11.95054
CIG_SM_LNODESS,38.44525,-121.461543055556,15.88523
CIMA_2_N101,35.2691,-115.49292,15.45508
CITYUKH_1_B1,39.14300254479826,-123.19181754359136,17.12211
CLAIRMNT_6_N008,32.825996732119705,-117.184096,16.12509
CLAMMNA_1_N001,37.807826,-121.276142,18.04905
CLARIBEL_LNODEGFP,37.71028,-120.9688,15.92041
CLARKRD_7_N001,39.6546447946953,-121.635292,15.54862
CLARMNT_1_N001,32.82591613392796,-117.18404062431202,17.93785
CLAUS_LNODEKSN,37.639389999986214,-120.91954289863075,15.92041
CLAUS_LNODESME,37.639389999986214,-120.91965710136925,15.92041
CLAYTN_1_N001,38.34245511038229,-120.93484110965764,17.8611
CLAYTN_1_N004,37.943825,-121.969415,17.8611
CLAYTN_1_N029,38.3422748895056,-120.93484110994348,17.8611
CLAYTN_1_N030,38.3422748895056,-120.93507089005652,17.8611
CLAY_6_N001,38.34245511038229,-120.93507089034236,17.95428
CLERLKE_6_N001,39.007954999985856,-122.89377935245265,16.86626
CLERLKE_6_N012,39.007954999985856,-122.89389464754734,16.86626
CLMBAHL_6_N001,39.331874,-121.101368,17.20868
CLOUGH_LNODEIYF,37.62761111,-120.9751667,15.92041
CLOUGH_LNODEYBR,37.62761110994497,-120.97505251712948,15.92041
CLOVIS_1_N001,36.826043942491545,-119.681281,11.97133
CLOVIS_1_N004,36.825963028740034,-119.68122263908639,11.99532
CLOVIS_1_N101,36.825963028740034,-119.68133936091361,11.97133
CLOVRDLE_1_N001,38.795757,-123.011412,16.91263
CLRKSVLE_1_N001,38.655559898770534,-121.060175,17.68905
CLRKSVLE_1_N003,38.655479050599546,-121.06011522698469,17.68905
CLRKSVLE_1_N004,38.655479050599546,-121.0602347730153,17.68905
CLSAJCT_6_N001,39.190857,-121.990506,17.20046
CLWTER_2_N003,35.39850993300358,-118.93957167203409,18.04019
CMPEVRS_1_N001,37.041635999986624,-122.02530956161661,16.37135
CMPEVRS_1_N002,37.041635999986624,-122.02542243838339,16.37135
CNTRYCB_6_N001,37.97966036733168,-121.31639835392943,18.2192
CNTRYCB_6_N002,37.979479632557,-121.31639835421177,18.2192
CNTRYCB_6_N004,37.979479632557,-121.31662764578823,18.2192
CNTRYCB_6_N006,37.97966036733168,-121.31662764607057,18.2192
COLLEG_LNODEDR1,37.6091056801805,-120.992876143573,15.88043
COLLEG_LNODEDR2,37.6091096218649,-120.992789582042,15.88043
COLLEG_LNODEDR5,37.6090266914486,-120.992698116343,15.88043
COLLEG_LNODER15,37.6090419641747,-120.993034819943,15.88043
COLNGA1_6_N001,36.13602399998719,-120.34444457141348,13.71108
COLNGA1_6_N002,36.13602399998719,-120.34455542858652,13.71108
COLNGA2_6_N001,36.236577,-120.315114,13.69988
COLONY_6_N001,38.190132,-121.181632,17.84234
COLUMBUS_1_N001,35.398330066896115,-118.93957167228022,14.34934
COLUMBUS_1_N003,35.398330066896115,-118.93979232771979,14.34934
COLUMBUS_1_N005,35.39850993300358,-118.9397923279659,14.34934
COLUSA_6_N001,39.213610999985775,-122.00296022131043,17.20206
COLUSA_6_N004,39.213610999985775,-122.00307577868956,17.20206
COLWATER_1_N001,34.86012489309556,-116.85312978164612,17.58
COLWATER_1_N002,34.86012489309556,-116.85324421835388,17.58
COMMONS_LNODEDR1,37.6091045275098,-120.992962913259,15.88843
COMMONS_LNODEDR3,37.5166183000533,-120.867554724081,15.88843
COMMONS_LNODEDR4,37.516699044633,-120.867555122205,15.88843
COMMONS_LNODEDR5,37.5164895041446,-120.867550987033,15.88843
COMMONS_LNODEDR7,37.5165532160667,-120.867553025577,15.88843
COMMONS_LNODEDR8,37.5008689404211,-120.913270146673,15.88843
CONCHO_1_N002,33.785845,-116.342689,15.54623
CONTADNA_1_N001,36.29,-119.71,12.16931
CONTROLX_1_N001,37.342839,-118.471988,-18.0832
CONTROL_7_N001,37.34291722503321,-118.47193119226046,-15.57849
COOPER_LNODEDR1,37.3189566034476,-120.5119493179366,15.86444
COOPER_LNODEDR2,37.31895660339336,-120.51183575699493,15.86444
COOPER_LNODEDR3,37.318866291449055,-120.51183575713138,15.86764
COOPER_LNODEDR4,37.318802431310424,-120.51191605677509,15.86444
COOPER_LNODEDR5,37.318787159360575,-120.51202798203006,15.86764
COOPER_LNODEDR6,37.31881843902539,-120.51213451388375,15.86444
COOPER_LNODEDR7,37.318884305211256,-120.51221220923813,15.86444
COOPER_LNODEDR8,37.318969657813994,-120.51224932323211,15.86764
COOPER_LNODEDR9,37.31905983488123,-120.51224311913526,15.86764
COOPER_LNODER14,37.31914244338007,-120.5121972257278,15.86604
COOPER_LNODER15,37.31920816147405,-120.51211933201114,15.86604
COOPER_LNODER16,37.31925091782716,-120.51201930357878,15.86604
COOPER_LNODER17,37.31926769919903,-120.51190771989396,15.86604
COPUS_6_N001,35.093593,-119.278466,13.00772
CORCORAN_1_N001,36.10957699998725,-119.55797958991954,13.206
CORCORAN_1_N005,36.10957699998725,-119.55809041008045,13.2076
CORDELIA_6_N001,38.216066,-122.112082,17.55866
CORDPMP_6_N003,38.575433098781254,-121.497588,17.57145
CORNING_6_N004,39.93198099998522,-122.18732639815484,17.46431
CORNING_6_N006,39.93198099998522,-122.18744360184516,17.46431
CORONADO_6_N001,32.698823762005226,-117.173249,16.1075
CORONADO_6_N002,32.69874311898509,-117.17319367259638,16.1075
CORONA_1_N001,32.69874311898509,-117.17330432740361,17.63552
CORRAL_6_N001,38.1014979999861,-120.92635462577833,17.64565
CORRAL_6_N003,38.1014979999861,-120.92646937422167,17.64406
CORSGOLD_1_N001,37.22751499998653,-119.69108432761332,12.06568
CORSGOLD_1_N003,37.22751499998653,-119.69119767238668,12.06568
CORTEZ_LNODEDR1,37.5005587104299,-120.913235680039,15.87244
CORTEZ_LNODEDR3,37.5007571927422,-120.913267914805,15.87244
CORTEZ_LNODEDR5,37.5006522266335,-120.913263660994,15.87244
CORTEZ_LNODEDR6,37.5008124927682,-120.913424010622,15.87244
CORTEZ_LNODEDR7,37.5007095209272,-120.913352769965,15.87244
CORTINA_1_N106,39.121407,-122.224176,17.38596
COR_LNODENE1,38.55393333331922,-121.20798139654603,15.87883
COR_LNODENE3,38.55393333331922,-121.20809638123197,15.87883
COTATI_6_N101,38.30970399998603,-122.73153156284509,17.71867
COTATI_6_N102,38.30970399998603,-122.73164643715491,17.71867
COTTLEA_2_N001,37.772676259234935,-120.825545,16.90334
COTTLE_7_N001,37.77259487036768,-120.82548555286246,16.90334
COTWDPGE_1_N001,34.38040399998781,-116.87675022716886,17.20355
COVELO6_6_N001,39.78628299998532,-123.24850460152904,17.3156
CPLECEF_1_N001,37.25999999998651,-121.63994328855216,17.94542
CPLECEF_1_N005,37.25999999998651,-121.64005671144784,17.94542
CPP_LNODESS1,38.3383555554995,-121.12458988828622,15.89163
CPP_LNODESS2,38.33844566948052,-121.124475,15.89163
CRABTREE_LNODENK1,37.64506,-120.60683,15.92041
CRCANAL_6_N001,40.1384740349693,-122.208547,17.59703
CREELMAN_6_N001,33.01815871873613,-116.853026,16.33777
CREELMAN_6_N004,33.01807814061963,-116.85297051775382,16.33777
CREELMAN_6_N014,33.01807814061963,-116.85308148224618,16.33777
CRESSEY_1_N001,37.42852799998634,-120.6386900986629,13.11043
CRESTWD_6_N001,32.699023999988746,-116.35373376108788,16.29939
CROWLNDG_LNODEDR1,37.4627004272953,-120.740076630976,15.86284
CROWLNDG_LNODEDR3,37.462786962981,-120.740080933369,15.86124
CROWLNDG_LNODEDR4,37.462613876709,-120.740078364387,15.86124
CROWLNDG_LNODEDR5,37.4625421344261,-120.740074305354,15.86124
CROWLNDG_LNODEDR7,37.4627827502437,-120.740270351347,15.86284
CRUSHER_6_N001,37.021645,-122.154383,17.45705
CRWSLDG_6_N001,37.377307,-121.085672,17.61741
CRYSTLSG_6_N001,37.528913,-122.361067,17.60907
CSG_LNODESS,38.51068967879612,-121.47509029333828,15.88523
CSTRVLLE_1_N001,36.762604151493385,-121.73625384675147,15.98117
CURTIS1_7_N001,37.974949221777045,-120.320668,17.66996
CURTISS_1_N101,37.974867889096444,-120.32072756943327,17.66837
CYMRIC_1_N001,35.31,-119.63,14.23901
DAIRYLND_1_N001,37.055221,-120.317015,2.32799
DALYCTY_1_N001,37.69180126214444,-122.455704,18.05448
DALYCTY_1_N005,37.69171986891291,-122.45564461457239,18.05448
DANISHCM_1_N001,36.71900181109094,-119.76576504300833,11.83999
DAVIS_1_N001,39.06008956957949,-121.70988464738468,17.732
DAVIS_1_N007,39.05991043030674,-121.70988464767737,17.732
DAVIS_1_N012,39.05991043030674,-121.71011535232263,17.732
DECPTSG_2_N001,38.05999999998602,-121.86994264179833,17.8643
DECPTSG_2_N018,38.05999999998602,-121.87005735820168,17.8643
DEEPWATR_1_N101,38.55162999998592,-121.56020750817653,17.76239
DEEPWATR_1_N104,38.55162999998592,-121.56032249182347,17.76239
DELAMO_2_N001,33.84836303124857,-118.096994,15.99237
DELAMO_2_N014,33.84828198436281,-118.09693765855927,15.99237
DELAMO_2_N022,33.84828198436281,-118.09705034144073,15.99237
DELMAR_6_N001,38.7988788301003,-121.220655,16.08192
DELMAR_6_N001A,38.798798084934575,-121.22059518327069,17.65546
DELMAR_6_N005,38.798798084934575,-121.22071481672931,17.65546
DELMAR_6_N010,32.980789999988666,-117.25535963525417,16.08192
DELMAR_6_N011,32.980789999988666,-117.25546636474583,16.08192
DELMNTE_1_N010,36.599053999987,-121.8539621246086,16.09471
DELMNTE_1_N201,36.599053999987,-121.85407387539139,16.09471
DESCANSO_6_N001,32.86524,-116.633752,16.24502
DEVLDNPP_6_N003,35.774930999987355,-119.97393475743563,13.85415
DEVLSDN_6_N001,35.774930999987355,-119.97404524256437,13.83976
DFS_1_N001,36.72,-120.6,9.56508
DIABLO1_7_N001,35.215922999950024,-120.84743471985068,15.05851
DIABLO2_7_N001,35.215922999950024,-120.84765528014933,15.0633
DIABLOCN_2_N001,35.21601309719158,-120.847545,13.7855
DINUBAE_7_N001,36.56893330486095,-119.41841731957626,11.91206
DINUBA_6_N001,36.56893330486095,-119.41864068042374,11.91526
DINUBA_6_N005,36.56911269503489,-119.41864068068313,11.91526
DIRYVLLE_6_N001,40.12799,-122.097838,17.28351
DIVISION_6_N001,32.6815959999886,-117.12003376624276,16.08352
DIVISION_6_N009,32.6815959999886,-117.12014023375725,16.08352
DIXON-J1_6_N101,38.44545401121386,-121.826237,17.50269
DIXONLD_1_N001,37.457825231051295,-121.921353,17.7918
DIXONLD_1_N002,37.457743884459624,-121.92129383478914,17.7918
DIXONLD_1_N008,37.457743884459624,-121.92141216521087,17.7918
DIXON_6_B1,38.445372994377905,-121.8261772770627,17.50429
DIXON_6_N002,38.445372994377905,-121.8262967229373,17.50429
DMNDSPR_1_N001,38.69304699998593,-120.82566347343,17.68105
DMNDSPR_1_N003,38.69304699998593,-120.82577852656999,17.68105
DOBBINS_6_N001,39.339604,-121.197378,17.21187
DOLANRD_1_N001,36.800296,-121.769123,15.96678
DOMTAR_1_N001,38.13,-121.65,17.85172
DONNER_LNODE07,39.327305,-120.281812,15.67895
DONPEDRO_LNODENSS,37.6962503274167,-120.4206077500803,15.85485
DOSPALS_6_N001,36.97484,-120.635012,9.71571
DUKMOSS1_7_N001,36.85999999998676,-121.76005620188538,15.98117
DUKMOSS2_7_N001,36.84999999994714,-121.75988762218331,15.98117
DUKMOSS3_7_N001,36.84999999994714,-121.76011237781668,15.98277
DUKMOSS3_7_N002,36.85008992566386,-121.76,15.98277
DUKMOSS4_7_N001,36.84999999994714,-121.71988762218332,15.96039
DUKMOSS5_7_N001,36.83999999998681,-121.72005617595099,15.96039
DUKMOSS6_7_N001,36.84999999994714,-121.72011237781669,15.96199
DUKMOSS6_7_N002,36.85008992566386,-121.72,15.96199
DUMBARTN_1_N001,37.557155251259346,-122.057606,18.08668
DUMBARTN_1_N003,37.55707387435557,-122.05754673393427,18.08668
DUMBARTN_1_N011,37.55707387435557,-122.05766526606573,18.08668
DUNBAR_6_N001,38.38322299998598,-122.52777754540057,17.71388
DUNBAR_6_N002,38.38322299998598,-122.52789245459942,17.71388
DUNHILL_6_N001,32.901543,-117.229958,16.08192
DUNLAP_6_N001,36.64502999998689,-119.15909106962141,11.91526
DUNNIGAN_6_N001,38.924808,-121.989951,17.49629
DUNNSIDE_1_N001,35.03321,-116.467335,16.15922
EAGLEMTN_2_N001,33.82005401596653,-115.44,15.32235
EAGLEMTN_2_N002,33.8199729920039,-115.43994369314599,15.32235
EAGLROCK_2_N001,38.8293359999859,-122.81077743066047,15.77969
EAGLROCK_2_N012,38.8293359999859,-122.81089256933953,15.77969
EASTGATE_6_N101,32.88493613808494,-117.20083859603457,16.08991
EASTGATE_6_N201,32.88493613808494,-117.20094940396542,16.08991
EBMUDGRY_1_N001,37.93,-122.04,17.90427
ECY_LNODE101,38.55445658675582,-121.43093112608555,15.87883
ECY_LNODE102,38.55427674646514,-121.4309311263732,15.87883
ECY_LNODE103,38.55427674646514,-121.43116109584881,15.87883
ECY_LNODE104,38.55445658675582,-121.43116109613645,15.87883
EDENVALE_1_N001,37.24503626216962,-121.7958386130011,17.16559
EDENVALE_1_N004,37.24485573772219,-121.79583861327271,17.16559
EDENVALE_1_N006,37.24485573772219,-121.79606538672729,17.16559
EDENVALE_1_N008,37.24503626216962,-121.7960653869989,17.16559
EDES_1_N001,37.738786999986225,-122.19371982090533,18.24008
EDES_1_N003,37.738786999986225,-122.19383417909467,18.24168
EDMON1AP_7_N001,34.986313,-118.738787,15.61818
EDMON2AP_7_N001,34.986312999950265,-118.73867680688261,15.61818
EDMON3AP_7_N001,34.98622271993701,-118.73867680700413,15.61818
EDMON3AP_7_N002,34.98615888237297,-118.73875472524391,15.61818
EDMON4AP_7_N001,34.98614361582445,-118.738863331203,15.61818
EDMON4AP_7_N002,34.98617488443967,-118.73896670370384,15.61818
EDMON5AP_7_N001,34.98624072734969,-118.73904209487607,15.61818
EDMON5AP_7_N002,34.986326049781965,-118.73907810817316,15.61818
EDMON6AP_7_N001,34.986416194964555,-118.73907208804029,15.61818
EDMON6AP_7_N002,34.98649877424742,-118.73902755565565,15.61818
EDMON7AP_7_N001,34.98656446909455,-118.73895197200041,15.61818
EDMON7AP_7_N002,34.98660721032227,-118.7388549100885,15.61818
EDMON8AP_7_N001,34.98662398575978,-118.738746635625,15.61818
EDMON8AP_7_N002,34.986614439197844,-118.738637059907,15.61818
EDWARDS_1_N001,34.991871,-117.890005,15.63207
EELRIVR_6_N001,40.602658,-124.210199,17.21475
EIGHTMI_2_N017,38.058077,-121.375292,18.13274
EISENHOW_1_N001,33.830599,-116.497612,15.72372
EISEN_6_N001,35.35714,-118.97131,14.28858
ELCAJNGT_7_N001,32.795346131065216,-116.97233863745876,16.25941
ELCAJNGT_7_N004,32.795346131065216,-116.97244936254124,35.34
ELCAPTN_1_N001,37.335801999986415,-120.50517320028958,13.14721
ELCAPTN_1_N004,37.335801999986415,-120.50528679971042,13.14721
ELCAPTN_1_N005,37.365512,-120.578993,13.14721
ELCRRTO_1_N001,37.91620499998609,-122.30313670905946,17.92186
ELCRRTO_1_N023,37.91620499998609,-122.30325129094054,17.92186
ELKCREEK_6_N001,39.12957472883464,-123.711777,18.24786
ELKHIL1G_7_N001,35.22604999998747,-119.37772885850012,14.30617
ELKHIL2G_7_N001,35.22604999998747,-119.37783914149988,14.30617
ELK_6_N001,39.1294941355673,-123.71183698354646,17.35557
ELK_SM_LNODENE2,38.37273738362879,-121.354256944444,15.88043
ELK_SM_LNODENE7,38.372656308170484,-121.35419723840097,15.88683
ELK_SM_LNODENE8,38.372656308170484,-121.35431665048702,15.88683
ELLIOTT_6_N001,32.81585999998874,-117.08840071898302,16.02115
ELLIOTT_6_N004,32.81585999998874,-117.08850728101697,16.02115
ELLIS_6_N001,37.716505,-121.548766,16.11869
ELLIS_6_N105,33.685126,-117.943596,16.11869
ELLSGTY_1_N001,33.685294,-117.943088,17.90524
ELNIDO_1_N004,37.12061299998659,-120.47270746040512,11.9644
ELNIDO_2_N001,37.12061299998659,-120.47282053959488,16.04034
ELNIDO_2_N012,33.89624399998809,-118.37271472929694,16.04034
ELNIDO_7_N001,33.89624399998809,-118.37282327070305,11.9644
ELPATIO_1_N001,37.29223717683988,-121.935913,17.61536
ELPATIO_1_N006,37.29215591156547,-121.93585402427247,17.61536
ELPATIO_1_N015,37.29215591156547,-121.93597197572753,17.61536
ELV_LNODENE1,38.71426666661026,-121.47683299057677,15.86604
ELV_LNODENE2,38.71418891290697,-121.47689052312896,15.86604
ELV_LNODENE3,38.71418891290697,-121.47700558798303,15.86604
ELV_LNODENE4,38.71426666661026,-121.47706312053523,15.86604
ELV_LNODENE5,38.71434442039811,-121.4770055881082,15.86604
ELV_LNODENE6,38.71434442039811,-121.4768905230038,15.86604
EMBRCDR_2_N001,37.780090430972514,-122.37988558363396,17.98241
EMBRCDR_2_N008,37.77990956891692,-122.37988558391392,17.98241
EMBRCDR_2_N101,37.77990956891692,-122.38011441608609,17.98241
EMBRCDR_2_N104,37.780090430972514,-122.38011441636604,17.98241
EMRLDLE_6_N001,37.462178,-122.277933,18.05778
EMRYSVE_1_N001,39.163430999985756,-121.56151425780503,17.3591
EMRYSVE_1_N003,39.163430999985756,-121.56162974219497,17.3591
ENCINAL_6_N001,39.247383,-121.637248,17.35419
ENCINA_1_N001,33.13699513479889,-117.33531843066032,16.06593
ENCINA_1_N049,33.13699513479889,-117.33542956933968,16.06593
ENCNITAS_6_N001,33.05068472041646,-117.285325,16.16987
ENCNITAS_6_N004,33.05060413977941,-117.28526949553299,16.16987
ENCNITAS_6_N011,33.05060413977941,-117.285380504467,16.16987
ENSLEN_LNODEHKQ,37.65224426097517,-121.0013,15.92041
ENSLEN_LNODELOU,37.65216286949752,-121.00124064749899,15.92041
ENSLEN_LNODEWFN,37.65216286949752,-121.00135935250101,15.92041
ERTA_6_N001,36.930594,-121.763827,16.24182
ESCNDIDO_6_N001,33.12543545233769,-117.116857,16.05473
ESCNDIDO_6_N046,33.12552499995441,-117.11696392572938,16.05473
ESCNDIDO_6_N053,33.12561454766245,-117.116857,16.05473
ESCO_6_N001,33.115770727187964,-117.089119,16.06593
ESCO_6_N004,33.11569013639368,-117.08906344744015,16.06593
ESQUON_6_N001,39.607876,-121.768445,17.29961
ESTGRND_1_N001,37.653951261060854,-122.403031,18.06567
ESTGRND_1_N005,37.65386986945481,-122.402971646041,18.06567
ESTGRND_1_N009,37.65386986945481,-122.403090353959,18.06567
ESTPRTL_1_N001,37.876677,-122.186415,17.90747
ESTQNCY_6_N001,39.938128,-120.910322,16.24581
ETIWANDA_6_N001,34.0883812512724,-117.5255740237224,15.7701
ETIWANDA_6_N003,34.08814499998799,-117.52552751207779,15.77809
EUREKAA_6_N001,40.793883999984665,-124.18290627263764,17.43382
EUREKA_6_N001,40.793883999984665,-124.18302572736236,17.43222
EVRGREEN_1_N001,37.303338999986465,-121.8408102375639,17.5337
EVRGREEN_1_N019,37.303338999986465,-121.84092376243609,17.5337
EXXONBH_7_N001,38.08095331088854,-122.13762073299924,17.74106
FAIRGRND_LNODEDR1,37.5006945896515,-120.867048786933,15.88203
FAIRGRND_LNODEDR3,37.5005735349484,-120.866718665766,15.88363
FAIRGRND_LNODEDR4,37.5005721589657,-120.866803820595,15.88363
FAIRGRND_LNODEDR5,37.5005181954718,-120.867051337755,15.88203
FAIRGRND_LNODEDR7,37.5005718981617,-120.866887330714,15.88363
FAIRGRND_LNODEDR8,37.5005716373084,-120.866970837622,15.88203
FAIRHAVN_6_N001,40.80028,-124.195714,17.26112
FAIRWAY_1_N001,34.91059499998762,-120.44635292480474,13.91822
FAIRWAY_1_N002,34.91059499998762,-120.44646307519525,13.91822
FAMOSO_1_N001,35.60500099998741,-119.20248280260235,14.19263
FARREL_1_N001,33.85654399998807,-116.49686777574072,15.66136
FARREL_1_N002,33.85654399998807,-116.49697622425927,15.66136
FAR_SUB_LNODEONA,34.03809021316632,-118.37089113436087,15.70134
FAR_SUB_LNODEONB,34.0379097867377,-118.37089113459244,15.70134
FAR_SUB_LNODEONC,34.0379097867377,-118.37110886540755,15.70134
FAR_SUB_LNODEOND,34.03809021316632,-118.37110886563912,15.70134
FELICITA_6_N001,33.093263724336374,-117.073637,16.07392
FELICITA_6_N005,33.09318313781945,-117.07358146461416,16.07392
FELICITA_6_N009,33.09318313781945,-117.07369253538583,16.07392
FELLOWSG_7_N001,35.195188999987465,-119.58505586292793,14.14946
FIGARDN_2_N001,36.8220309999868,-119.85852484727552,12.4565
FIGARDN_2_N101,36.8220309999868,-119.85863715272448,12.4501
FINNEY_LNODESNV,37.627520677678156,-120.9751667,15.92201
FIREBAGH_6_N001,36.850688,-120.466577,9.72232
FIREHOUS_LNODEBUSH,34.8569,-114.6245,15.28558
FIY_LNODE0LD,38.762778,-121.356944,15.86604
FLINT_1_N001,38.88530299998586,-121.06669540924167,17.50504
FMC_1_N001,37.347699999986396,-121.92219018683774,17.81077
FMC_1_N003,37.347699999986396,-121.92230381316226,17.81077
FOOTHILL_1_N001,35.27,-120.7,13.80468
FORSTHL_6_N001,39.01927,-120.830271,15.49116
FORTORD_6_N001,36.643363,-121.792138,16.13309
FORTRSS_6_N001,38.539559,-123.223713,17.56356
FOSTERW_7_N001,38.02007534657929,-122.06127131707333,17.83871
FRANKLIN_6_N003,38.012317,-122.264655,17.98902
FRA_SM_LNODENE1,38.38101134187077,-121.4768906014164,15.88843
FRA_SM_LNODENE2,38.380933333277234,-121.47683314740071,15.88843
FRA_SM_LNODENE3,38.38085532476781,-121.47689060154032,15.88843
FRA_SM_LNODENE4,38.38085532476781,-121.47700550957168,15.88843
FRA_SM_LNODENE5,38.380933333277234,-121.47706296371129,15.88843
FRA_SM_LNODENE6,38.38101134187077,-121.4770055096956,15.88843
FREDONIA_LNODELD,34.1733,-114.574,15.26639
FREMNT_1_N001,37.54118124868743,-121.962063,17.84318
FREMNT_1_N007,37.54109987564155,-121.96200374944321,17.84318
FREMNT_1_N013,37.54109987564155,-121.96212225055679,17.84318
FRIARS_1_N001,32.77904499998872,-117.15675673371696,16.01316
FRIARS_1_N009,32.77904499998872,-117.15686326628304,16.05793
FRNCHGLH_6_N001,40.68692,-122.641204,17.17637
FROGTOWN_7_N001,38.056504,-120.53381,17.7803
FRTSWRD_6_N001,40.21377199998503,-123.59658599020719,17.1316
FRUITLND_6_N001,40.28584,-123.837372,17.14599
FRUITVLE_6_N001,35.376774999987504,-119.0924868388967,14.35254
FRUITVLE_6_N101,35.376774999987504,-119.09259716110328,14.35254
FSTREET_LNODEDR1,37.4895796064313,-120.838424090027,15.88203
FSTREET_LNODEDR3,37.4896984214952,-120.838270217479,15.88203
FSTREET_LNODEDR4,37.4896152090171,-120.838173674241,15.88203
FSTREET_LNODEDR5,37.4894938869083,-120.83833925837,15.88203
FTCHMTN_6_N001,38.60608399998592,-122.85282549557644,17.8466
FTCHMTN_6_N003,38.60608399998592,-122.85294050442356,17.8466
FTL_LNODENE1,38.69308721315885,-121.348651111111,15.86924
FTL_LNODENE2,38.693006393405355,-121.34859132777218,15.86924
FTL_LNODENE3,38.693006393405355,-121.34871089444981,15.86924
FULTON_2_N010,38.49657200829278,-122.75943026543568,17.52678
FULTON_2_N049,38.49657200829278,-122.75954973456432,17.52678
F_6_N001,32.75497274686537,-117.126027,16.06593
F_6_N002,32.75489212655523,-117.12597165333155,16.06593
F_6_N005,32.75489212655523,-117.12608234666845,16.06593
GABILAN_6_N001,36.731511,-121.61325,16.19385
GALE_1_N001,34.85946599998758,-116.86535894183864,17.5784
GANSNER_6_N101,39.939187,-120.948157,16.47768
GANSO_1_N001,35.501698,-119.449132,14.19103
GARCIA_6_N001,38.88879,-123.550318,17.33958
GAREY_1_N002,34.98,-120.26,13.90703
GARFIELD_6_N001,32.795125,-116.996848,40.14
GARNET_7_N001,33.93858299995228,-116.57633536031197,15.61818
GEER_LNODEDR1,37.52250334748,-120.843709746797,15.87564
GEER_LNODEDR2,37.5224993081714,-120.843588348711,15.87404
GEER_LNODEDR3,37.5224318250334,-120.843496861832,15.87404
GEER_LNODEDR4,37.5224297824039,-120.843426269924,15.87404
GEER_LNODEDR5,37.5224263420376,-120.843557323915,15.87564
GEER_LNODEDR7,37.5224225565731,-120.843630755159,15.87564
GEER_LNODEDR8,37.522425898329,-120.843709042834,15.87564
GENESEE_6_N001,32.87974054062765,-117.2133823800825,16.12029
GENESEE_6_N005,32.87956145928191,-117.21338238029792,16.12029
GENESEE_6_N011,32.87956145928191,-117.21359561970208,16.12029
GENESEE_6_N015,32.87974054062765,-117.2135956199175,16.12029
GENE_2_N001,34.3,-114.23,15.28558
GERBER_6_N101,40.064207,-122.156114,17.37956
GEYSR5-6_7_N001,38.777006613720275,-122.74238837921152,16.77671
GIFFEN_6_N001,36.545076,-120.334519,8.4549
GILROYF_1_N001,37.14,-121.58,17.27273
GILSTRAP_LNODEDR1,37.5800948624588,-120.975549487551,15.86284
GILSTRAP_LNODEDR3,37.5801662132492,-120.9757670064,15.86284
GILSTRAP_LNODEDR5,37.5799830759229,-120.975550499689,15.86284
GILSTRAP_LNODEDR7,37.58017229934,-120.975552395649,15.86284
GILSTRAP_LNODEDR8,37.5801700030066,-120.975645212521,15.86284
GILSTRAP_LNODER17,37.5801611951015,-120.976018315921,15.86284
GIRVAN_6_N001,40.51347,-122.378916,17.20675
GLENCLIF_6_N001,32.798367,-116.498315,16.27381
GLENSHIR_LNODERE,39.352238,-120.08626,15.60699
GLENWOOD_6_N001,37.45733023092607,-122.186967,18.18091
GLENWOOD_6_N004,37.457248884522265,-122.18690783531744,18.18091
GLENWOOD_6_N005,37.457248884522265,-122.18702616468256,18.18091
GLRYCGG1_7_N001,37.12999999998655,-121.5600565514771,17.27433
GOLDTREE_1_N001,35.32012199998752,-120.69284284611503,13.80788
GOLDTREE_1_N002,35.32012199998752,-120.69295315388497,13.80788
GOLETA_6_N200,34.46880142976412,-119.88445868708224,16.60002
GONZALES_6_N001,36.50885299998702,-121.44685522795733,16.18905
GONZALES_6_N003,36.50885299998702,-121.44696677204267,16.18905
GORMAN_6_N001,34.8014,-118.818908,15.70613
GOSELKE_1_N001,35.601596,-119.579654,13.86002
GOULD_2_N001,34.22145799998786,-118.18701737338756,15.78129
GOULD_2_N007,34.22145799998786,-118.18712662661244,15.78129
GRANDIS_1_N004,38.23108199998597,-121.59029758372996,17.70162
GRANDIS_1_N009,38.23108199998597,-121.59041241627003,17.70162
GRANITE_6_N001,32.804473,-116.92086,16.12189
GRANITE_6_N007,32.804472999954854,-116.9207534473782,16.12189
GRANITE_6_N008,32.80438343993102,-116.92086,16.12189
GRANITE_6_N009,32.804472999954854,-116.92096655262179,16.12029
GRANTRK_6_N001,37.67099326174171,-122.160116,16.23223
GRANT_1_N001,37.67091186911436,-122.16005663166834,18.11695
GRANT_1_N005,37.67091186911436,-122.16017536833166,18.11695
GRBRVLLE_6_N001,40.10263,-123.792873,17.14599
GRDNEAST_1_N101,36.47999999998696,-119.60994425959105,11.86739
GRDNEAST_1_N102,36.47999999998696,-119.61005574040897,11.86739
GRDNWEST_1_N001,36.59,-119.57,11.87539
GREENBRE_6_N001,37.93780399998614,-122.51415869769995,17.87698
GREENBRE_6_N003,37.93780399998614,-122.51427330230004,17.87698
GRIMWAY_1_N001,35.27,-118.87,14.22301
GRNTHLL_1_N001,32.80456256006898,-116.92086,15.98277
GRNVALY_1_N001,36.952139010813255,-121.76018,16.22583
GRNVALY_1_N011,36.95205799457908,-121.76012146857028,16.22583
GRSSVLY_6_N101,39.209514,-121.061004,17.10633
GRYSFLT_6_N001,40.021612,-121.065532,16.67277
GUALALA_6_N001,38.786699,-123.522777,17.61313
GUSTINE_6_N001,37.253223999986524,-121.01302629664288,17.60782
GUSTINE_6_N002,37.253223999986524,-121.01313970335713,17.60782
GYSRVLLE_6_N001,38.70981887157317,-122.907957,17.79863
GYSRVLLE_6_N003,38.70973806419826,-122.90789721183104,17.79863
HALSEYF_7_N001,38.90131699998584,-121.08772559737287,17.45867
HAL_SUB_LNODEON1,33.84769999998815,-118.30334578612137,15.69014
HAL_SUB_LNODEONA,33.84769999998815,-118.30345421387864,15.69014
HAMILTON_6_N001,39.746242,-122.011361,17.38276
HAMMER_6_N001,38.02138220754234,-121.320367,18.25118
HAMMER_6_N003,38.02130089621381,-121.32030740848892,18.25118
HAMMER_6_N004,38.02130089621381,-121.32042659151108,18.25118
HAMMONDS_1_N001,36.72011,-120.603287,9.13385
HARBORG_7_N101,33.770089981295506,-118.25010824500784,15.99717
HARDING_6_N001,37.96379937479765,-121.2904483692276,17.97241
HARDING_6_N004,37.96361862509118,-121.29044836950978,17.97241
HARDWICK_6_N001,36.404261,-119.68624,11.8723
HARRIS_6_N001,40.78104299998464,-124.13194328500423,17.36826
HARRIS_6_N003,40.78104299998464,-124.13206271499577,17.36826
HARTER_6_N001,39.14325399998575,-121.6480072716394,17.38468
HARTER_6_N003,39.14325399998575,-121.6481227283606,17.38468
HARTLEY_6_N001,39.077268,-122.932322,16.86306
HAR_GS_LNODE10AUX,33.77070285420546,-118.26588005129787,15.69014
HAR_GS_LNODE11AUX,33.770785160786886,-118.2658363056699,15.69014
HAR_GS_LNODE12AUX,33.77085063868779,-118.26576205737284,15.69014
HAR_GS_LNODE13AUX,33.770893238769126,-118.26566671029164,15.69014
HAR_GS_LNODE14AUX,33.77090995880947,-118.26556034876025,15.69014
HAR_GS_LNODE1AUX,33.770900443776654,-118.26545270896402,15.69014
HAR_GS_LNODE2AUX,33.770866485380765,-118.26535246672638,15.69014
HAR_GS_LNODE5AUX,33.77081149182394,-118.26526678898045,15.69014
HAR_SUB_LNODEONA,33.77073997374512,-118.26520109800133,15.69014
HAR_SUB_LNODEONB,33.77065707494083,-118.26515900180253,15.69014
HAR_SUB_LNODEONC,33.77056816417163,-118.26514234955444,15.69014
HATTON_6_N001,36.55679,-121.897162,16.13628
HAWKINS_LNODEDR1,37.5799617816957,-120.645598336747,15.86604
HAWKINS_LNODEDR3,37.5799481743814,-120.645311774451,15.86604
HAWKINS_LNODEDR5,37.5798175544824,-120.645562968772,15.86604
HAWKINS_LNODEDR7,37.5799502934699,-120.645479899093,15.86604
HAY_GS_LNODE10AUX,33.765034221459466,-118.09919670179296,15.69334
HAY_GS_LNODE12AUX,33.76505094051277,-118.09909035381168,15.69174
HAY_GS_LNODE14AUX,33.765041426041684,-118.09898272772843,15.69174
HAY_GS_LNODE15AUX,33.7650074696504,-118.0988824982613,15.69174
HAY_GS_LNODE9AUX,33.7649524793399,-118.09879683143038,15.69334
HAY_LNODESS1,33.76488096548275,-118.09873114881994,15.69334
HAY_LNODESS2,33.76479807157197,-118.09868905798392,15.69334
HED_LNODENE1,38.50998333333333,-121.355746944444,15.88363
HED_LNODENE2,38.50998333327719,-121.35563197930773,15.88363
HED_LNODENE3,38.50989337309517,-121.35563197945136,15.88363
HED_LNODENE4,38.50982976169183,-121.355713272007,15.88363
HED_LNODENE5,38.50981454922492,-121.35582658122124,15.88363
HED_LNODENE6,38.509845707051696,-121.35593443034743,15.88363
HED_LNODENE7,38.509911316684935,-121.35601308641768,15.88363
HED_LNODENE8,38.50999633683837,-121.3560506593429,15.88363
HENRITTA_6_N101,36.24160599998715,-119.9029965105001,12.94691
HERDLYN_6_N001,37.816383,-121.586176,18.02103
HERSHEY_LNODESLL,37.75083,-120.8453,15.92521
HERSHEY_LNODEXF1,37.7508299999447,-120.8451856244636,15.92521
HERSHEY_LNODEXF2,37.75073956547022,-120.8453,15.92521
HERSHEY_LNODEXF3,37.7508299999447,-120.84541437553641,15.92521
HERSHEY_LNODEXF4,37.750920434529704,-120.8453,15.92521
HICKS_2_N001,37.234159254320986,-121.90015163922017,17.15589
HICKS_2_N002,37.23397874557105,-121.9001516394916,17.15589
HICKS_2_N007,37.23397874557105,-121.90037836050841,17.15589
HIDESERT_2_N001,34.145263999987954,-116.18586145110677,15.65976
HIDESERT_2_N018,34.145263999987954,-116.18597054889322,15.65976
HIGGINS_1_N001,39.043590575891166,-121.09071766620363,17.26337
HIGGINS_1_N002,39.04341142399536,-121.0907176664961,17.26337
HIGGINS_1_N004,39.04341142399536,-121.09094833350389,17.26337
HIGHLD_1_N001,38.93741777608508,-122.609034,17.00058
HIGHLD_1_N005,38.937337111942234,-122.60909387327588,17.00058
HIGHWAY_1_N001,38.166048151820924,-122.253616,17.85939
HIGHWAY_1_N002,38.16596692407439,-122.25355635179834,17.85939
HILLSDLE_6_N001,37.536271,-122.322394,18.04179
HILLSIDE_1_N001,37.879999999986126,-122.23994272916374,17.88668
HILLSIDE_1_N004,37.879999999986126,-122.24005727083625,17.88668
HILMAR_LNODEDR1,37.4189785637285,-120.849304571346,15.88043
HILMAR_LNODEDR2,37.4188603223578,-120.849075716434,15.88043
HILMAR_LNODEDR4,37.4189333711687,-120.849077780203,15.88043
HILMAR_LNODEDR5,37.4188652133943,-120.849148221032,15.88043
HILMAR_LNODEDR7,37.4188555229834,-120.849223847561,15.88043
HILMAR_LNODER17,37.4189123657556,-120.849307362712,15.88043
HINSON_6_N001,33.81885999995258,-118.22236564005779,16.01156
HLFMNBY_6_N002,37.46874323375435,-122.43018,18.08977
HLFMNBY_6_N004,37.46866188310803,-122.43012082319957,18.08977
HLFMNBY_6_N101,37.46866188310803,-122.43023917680043,18.08977
HMBLTBY_6_N003,40.78280899998469,-124.11247771670773,17.43862
HOBARTTP_LNODE19,39.400047,-120.149888,15.60699
HOLLISTR_1_N001,36.862728962246265,-121.405867,16.08511
HOLLISTR_1_N004,36.86264801886252,-121.40580858969733,16.08511
HOLLISTR_1_N101,36.86264801886252,-121.40592541030266,16.08511
HOMEGRND_1_N001,38.96,-122.84,16.99258
HOMEPROC_1_N001,38.94,-122.85,16.99098
HONCUT_1_N001,39.320099,-121.595289,17.26784
HOOPA_6_N001,41.056514,-123.682252,17.40664
HORSESHE_1_N001,38.744281999985915,-121.16156545871566,17.62828
HORSESHE_1_N002,38.744281999985915,-121.16168054128434,17.62828
HPLNDJT_6_N001,38.972898,-123.081134,16.97659
HSK_LA_LNODEKSS,34.487,-118.514,15.71253
HUGHSON_LNODEDR1,37.5949433309328,-120.846755674049,15.83406
HUGHSON_LNODEDR2,37.5949478453779,-120.846639431615,15.83246
HUGHSON_LNODEDR3,37.5948895849844,-120.846669736494,15.83246
HUGHSON_LNODEDR4,37.5949564824944,-120.846831604577,15.83406
HUGHSON_LNODEDR5,37.594883530932,-120.846800432358,15.83406
HUGHSON_LNODEDR8,37.5948895004896,-120.84669840193,15.83246
HUNT1G_7_N002,33.64610399995311,-117.97753404459904,16.1155
HUNT2G_7_N002,33.645950581890766,-117.97761038065147,16.1155
HUNT3G_7_N002,33.64596651133317,-117.97781805443613,16.1155
HUNT4G_7_N002,33.646116990569396,-117.97792719657157,16.1155
HURLEY_LNODE12LD3,38.587283,-121.418244,15.2456
HURON_6_N001,36.185797,-120.104535,13.64232
HUR_LNODENE1,38.58818333333333,-121.418666944444,15.87084
HUR_LNODENE2,38.58818333327699,-121.41855194404475,15.87084
HUR_LNODENE3,38.58810548632912,-121.41860944430671,15.87084
HUR_LNODENE4,38.58810548632912,-121.41872444458129,15.87084
HUR_LNODENE5,38.58818333327699,-121.41878194484326,15.87084
HUR_LNODENE7,38.58826118030932,-121.41872444470597,15.87084
HUR_LNODENE8,38.58826118030932,-121.41860944418204,15.87084
HWD_SUB_LNODEONA,34.088090251059334,-118.34689102435425,15.69014
HWD_SUB_LNODEONB,34.0879097488445,-118.34689102458658,15.69174
HWD_SUB_LNODEONC,34.0879097488445,-118.34710897541342,15.69174
HWD_SUB_LNODEOND,34.088090251059334,-118.34710897564575,15.69014
HYATT_2_N212,39.54,-121.47,17.25963
IBM-CTLE_1_N001,37.33,-121.74,17.16559
IBM-HRRS_1_N001,37.339999999986375,-121.73994319553019,17.15599
IBM-HRRS_1_N101,37.339999999986375,-121.74005680446982,17.15599
IGNACIO_1_N102,38.07555099998604,-122.54000436436782,17.6643
IMHOFF_1_N001,38.001509,-122.066739,17.91867
IMPRLBCH_6_N001,32.58332899998902,-117.09716179037093,16.06912
IMPRLBCH_6_N004,32.58332899998902,-117.09726820962906,16.06912
INDIANW_1_N001,33.75822999998817,-116.36079489140164,15.54942
INDIANW_1_N005,33.75822999998817,-116.36090310859835,15.54942
INDNFLT_6_N001,37.66547,-119.841331,12.26876
INDUSTRL_LNODEDR1,37.4786063003132,-120.866935168966,15.88523
INDUSTRL_LNODEDR2,37.4784258031614,-120.866836967643,15.88523
INDUSTRL_LNODEDR3,37.4784244272802,-120.866662034426,15.88523
INDUSTRL_LNODEDR5,37.4785292936467,-120.866935824384,15.88523
INDUSTRL_LNODEDR7,37.4784403782944,-120.866928290638,15.88523
INDUSTRL_LNODEDR8,37.4784247171011,-120.866748607625,15.88523
INGRMC_1_N001,37.83,-121.17,17.94202
INYOKERN_1_N001,35.65261399998741,-117.79478579202693,13.36618
INYOKERN_1_N008,35.65261399998741,-117.79489620797307,13.36618
IRONMTN_2_N001,34.16,-115.12,15.32235
IUKA_6_N001,37.665987,-121.831011,17.93956
JACINTO_6_N001,39.582923,-122.010645,17.38276
JAMACHA_6_N001,32.744163749547276,-116.957239,16.07232
JAMACHA_6_N006,32.74408312521416,-116.95718365728564,16.07232
JAMACHA_6_N015,32.74408312521416,-116.95729434271436,16.07232
JAMESON_1_N001,38.205743,-122.147539,17.56345
JANSCRK_6_N001,40.905394259900845,-124.072573,17.36186
JANSCRK_6_N003,40.90531287003298,-124.0725108262728,17.36186
JARVIS_1_N014,37.59572442721241,-122.01803387245575,18.09467
JARVIS_1_N016,37.595543572677634,-122.01803387273313,18.09467
JARVIS_1_N017,37.595543572677634,-122.01826212726687,18.09467
JARVIS_1_N101,37.59572442721241,-122.01826212754425,18.09467
JCBSCRNR_6_N001,36.22245499998718,-119.77977650530629,12.84617
JCBSCRNR_6_N003,36.22245499998718,-119.77988749469371,12.84617
JENNY_1_N001,37.769999999986226,-122.25994279875593,18.25767
JENNY_1_N008,37.769999999986226,-122.26005720124407,18.25767
JESSUP_1_N001,40.462102,-122.328061,17.17797
JMSCNPMP_1_N001,38.19,-122.47,17.65631
JOHANNA_2_N001,33.71362395818503,-117.852576,16.14908
JOHANNA_2_N007,33.71354302089469,-117.85251982319095,16.14908
JOLON_6_N001,36.013308,-121.167635,12.80916
KAMM_1_N001,36.58,-120.52,-3.80008
KANAKA_1_N001,39.439999999985574,-121.38994201903363,17.31091
KEARNEY_6_N001,36.704357999986875,-119.88278399673257,11.66483
KEARNEY_6_N099,36.704357999986875,-119.88289600326743,11.66483
KEARNEY_7_N001,32.832849999988746,-117.13199871171014,16.25302
KEARNEY_7_N003,32.832849999988746,-117.13210528828985,16.17306
KELSO_2_N001,37.797722,-121.601591,17.90983
KERMAN_6_N001,36.69205999998684,-120.05918901200307,9.56466
KERMAN_6_N002,36.69205999998684,-120.05930098799692,9.56466
KERNOIL_1_N001,35.44070999998741,-119.02061483035583,14.33655
KERNOIL_1_N012,35.44070999998741,-119.02072516964418,14.33655
KERNPWR_1_N002,35.37980096994444,-119.097984,14.33815
KERNPWR_1_N201,35.37972001501422,-119.09792667452027,14.33815
KERNRDGE_1_N001,35.48320899998747,-119.76358482417542,13.94136
KERNRV_1_N001,35.37972001501422,-119.09804132547973,14.33655
KERNWATR_1_N001,35.400666,-119.035603,14.33975
KESWICK_6_N001,40.623725,-122.462027,17.15078
KETTLEMN_6_N001,36.044075,-120.112696,3.46356
KETTNER_6_N001,32.733172,-117.173774,16.09311
KIERNAN_LNODETUB,37.71047,-121.0139,15.92201
KINGCTY_6_N001,36.21683446252504,-121.1266820197143,12.79796
KINGCTY_6_N002,36.21683446252504,-121.1269039802857,12.79796
KINGCTY_6_N005,36.217013537372516,-121.12690398053972,12.79796
KINGSBRG_1_N001,36.48869063297857,-119.58234525016937,11.8691
KINGSBRG_1_N008,36.48861299994815,-119.58228950045047,11.8691
KIRKER_1_N001,38.0212542075842,-121.905844,17.84831
KIRKER_1_N005,38.02117289619287,-121.90578440854696,17.84831
KIRKER_1_N006,38.02117289619287,-121.90590359145303,17.84831
KNA_LNODENA2,40.654722,-122.389167,15.7669
KNGHTSLD_1_N001,38.809281,-121.74515,17.52402
KONOCTI6_6_N001,38.9325,-122.741085,16.88225
KYOCERA_6_N001,32.819776,-117.140362,16.12349
LADDCM_LNODEARD,37.73258,-121.01392,15.92041
LAFRESA_6_N001,33.86979104273171,-118.33319,16.02115
LAFRESA_6_N007,33.869709978621295,-118.33324636755688,16.02115
LAGNANL_1_N001,33.49498074466377,-117.70295838393929,16.13149
LAGNANL_1_N002,33.494801255243225,-117.70295838416239,16.13149
LAGNANL_1_N005,33.494801255243225,-117.70317361583761,16.13149
LAGNANL_1_N006,33.49498074466377,-117.70317361606071,16.13149
LAGRANG_LNODEOAD,37.6697612035926,-120.443808701526,15.85485
LAGUBELL_6_N001,33.975996097823064,-118.14794,15.86444
LAGUBELL_6_N210,33.97591495107552,-118.14799649540468,15.86444
LAGUNATP_6_N001,36.748942999986895,-121.60530194075191,17.6739
LAGUNITS_6_N001,36.748942999986895,-121.60541405924809,16.19545
LAJOLLA_6_N001,32.840121999988746,-117.27517670850455,16.13309
LAJOLLA_6_N007,32.840121999988746,-117.27528329149546,16.13309
LAKEVIEW_6_N101,35.093678,-119.10139,13.50503
LAKEVLLE_1_N001,38.251505,-122.580692,17.61633
LAKEWOOD_1_N001,37.909008286572075,-122.05701271293042,17.90267
LAKEWOOD_1_N003,37.90892999994441,-122.05695542598274,17.90267
LAKEWOOD_1_N004,37.90885171340006,-122.05701271305232,17.90267
LAKEWOOD_1_N006,37.90885171340006,-122.05712728694768,17.90267
LAKEWOOD_1_N007,37.90892999994441,-122.05718457401727,17.90267
LAKEWOOD_1_N009,37.909008286572075,-122.05712728706959,17.90267
LAK_SM_LNODENE2,38.658077794318025,-121.13012359377534,15.87404
LAK_SM_LNODENE3,38.65799999994368,-121.13006607656462,15.87404
LAK_SM_LNODENE4,38.657922205653776,-121.13012359390028,15.87404
LAK_SM_LNODENE6,38.657922205653776,-121.13023862832172,15.87404
LAK_SM_LNODENE7,38.65799999994368,-121.13029614565738,15.87404
LAK_SM_LNODENE8,38.658077794318025,-121.13023862844666,15.87404
LAMONT_1_N001,35.296667999987505,-118.86162984910735,14.21982
LAMONT_1_N002,35.296667999987505,-118.86174015089266,14.21982
LAPHAM_LNODEQBZ,37.639494,-120.919982,15.92201
LAPHAM_LNODEXBC,37.63949399994495,-120.91986779708742,15.92201
LAPLMG1_7_N001,35.29516599994997,-119.59192469860037,14.34934
LAPLMG2_7_N001,35.2950123151544,-119.59200269352937,14.34774
LAPLMG3_7_N001,35.29502827228419,-119.59221488028864,14.34774
LAPLMG4_7_N001,35.29517901313358,-119.59232639423358,14.34774
LASPALMS_1_N001,36.8,-119.69,12.05619
LASPLGS_6_N001,33.31288499998846,-117.46694237728786,17.65704
LASPULGS_6_N001,33.31288499998846,-117.46704962271214,16.24022
LAURELES_6_N001,36.47781599998705,-121.7268922619553,16.48169
LAWRENCE_1_N001,37.397207,-122.010126,17.67005
LAWRENCE_1_N003,37.39720699994556,-122.01001226428907,17.67005
LAWRENCE_1_N004,37.39711664332103,-122.010126,17.67005
LAWRENCE_LNODEENCE,37.397297356679005,-122.010126,15.26159
LBEACH2G_7_N002,33.818691093192,-118.22254906136247,16.01156
LCIENEGA_6_N001,34.000751,-118.378408,16.07712
LEGRAND_1_N001,37.184412,-120.273463,11.94575
LEMOORE_6_N002,36.30998799998711,-119.79822042969916,12.9661
LEMOORE_6_N101,36.30998799998711,-119.79833157030085,12.9661
LEPRINO_1_N001,37.748396,-121.41576,17.9852
LERDO_1_N001,35.50010399998744,-119.15188082156193,14.27259
LERDO_1_N004,35.50010399998744,-119.15199117843807,14.27259
LILAC_6_N001,33.25325899998847,-117.08580343192692,16.68317
LILAC_6_N010,33.25325899998847,-117.08591056807307,16.68317
LIMESTNE_6_N001,38.63377399998596,-120.97960448884528,17.68745
LINCON_LNODECRZ,37.63940356621228,-120.91986779722644,15.92041
LINCON_LNODEFCN,37.639339619957,-120.91994855081084,15.92041
LINDEN_6_N101,38.016891,-121.095875,18.07954
LITEHIPE_6_N001,33.88040091918611,-118.17506849549716,15.97318
LITEHIPE_6_N008,33.88058108071875,-118.17528550473195,15.97318
LIVERMRE_6_N001,37.68013099998621,-121.78059286544908,17.93157
LIVERMRE_6_N003,37.68013099998621,-121.78070713455092,17.93157
LIVNGSTN_6_N001,37.363379203022006,-120.760425,9.93712
LLAGAS_1_N001,37.006958040367174,-121.557391,17.27113
LLAGAS_1_N003,37.00687697980194,-121.55733239433584,17.27113
LLAGAS_1_N005,37.00687697980194,-121.55744960566416,17.27113
LMEC1_1_N001,38.030625,-121.896783,17.82912
LMEC1_1_N101,38.03062499994427,-121.89666830800388,17.82912
LMEC1_1_N601,38.0305346591732,-121.89666830814532,17.82912
LMEC1_1_N801,38.03047077865233,-121.89674940756281,17.82912
LMECCT1_7_N001,38.0304867914731,-121.89697004046927,17.83072
LMECCT2_7_N001,38.03063805852326,-121.89708599331652,17.83072
LMECST1_7_N001,38.03081089924409,-121.89703337694175,17.83072
LMPC-CTY_1_N001,34.6,-120.39,14.07493
LOCKHD1_1_N001,37.409054,-122.03213,17.72613
LOCKHD2_1_N001,37.416224,-122.030655,17.73252
LOGANCR_2_N001,39.53955399998549,-122.26277291112409,17.37636
LOGANCR_2_N010,39.53955399998549,-122.26288908887592,17.37636
LONESTAR_1_N001,37.511676999986356,-122.20756301431467,18.09616
LOSALTS_6_N004,37.3939352129738,-122.114735,17.52741
LOSALTS_6_N005,37.393853893498445,-122.11467590496156,17.52741
LOSALTS_6_N101,37.393853893498445,-122.11479409503845,17.52741
LOSCCHS_6_N001,32.85981772690813,-116.899263,12.78997
LOSCOCHS_6_N001,32.85973713653372,-116.89920760858072,16.02755
LOSCOCHS_6_N034,32.85973713653372,-116.89931839141927,16.02755
LOSGATS_6_N002,37.226423999986494,-121.97722832893687,17.67293
LOSGATS_6_N201,37.226423999986494,-121.97734167106313,17.67293
LOSOSTS_6_N001,36.293864,-121.20007,12.84754
LOVELAND_6_N001,32.796957,-116.792258,16.09631
LOWGAP_7_N001,40.4327289999849,-123.47220368717633,17.22754
LOYALTON_LNODETY,39.6680639999855,-120.24305624345052,15.60699
LOYOLA_6_N001,37.360660999986344,-122.09993417231678,17.47944
LOYOLA_6_N004,37.360660999986344,-122.10004782768323,17.47944
LPFLKBD_6_N001,40.90531287003298,-124.07263517372719,17.36186
LSGLLNS_1_N001,38.022339207228725,-122.537978,17.69948
LSGLLNS_1_N002,38.0222578963706,-122.53791840805536,17.69948
LSGLLNS_1_N003,38.0222578963706,-122.53803759194464,17.69948
LSPSTAS_2_N001,37.700982436898656,-121.73360569835381,17.91877
LSPSTAS_2_N002,37.70080156299109,-121.73360569863272,17.91877
LSPSTAS_2_N010,37.70080156299109,-121.7338343013673,17.91877
LSPSTAS_2_N011,37.700982436898656,-121.73383430164618,17.91877
LSTHLLS_6_N001,35.785755,-119.866138,13.83336
LUCERNE_1_N001,39.110189,-122.81298,17.24844
LUCERNE_1_N004,39.11,-122.81,17.24844
LUIS#3_1_N001,36.65,-120.73,9.01359
LUIS#5_1_N001,36.72,-120.75,9.01199
LVNGSTN_7_N002,37.36329789847426,-120.76036593987695,13.10723
LYOTH-SP_6_N001,37.721862,-121.390858,18.06345
LYTNVLLE_6_N001,39.684962,-123.476979,17.33798
MABURY_1_N001,37.36089599998639,-121.86395517205479,17.65236
MABURY_6_N001,37.36089599998639,-121.86406882794522,17.5337
MADISON_1_N002,38.67073989103906,-121.969138,17.47391
MADISON_1_N201,38.67065905446531,-121.9690782228888,17.47391
MAGUNDEN_1_N002,35.36215899998747,-118.92373215922743,14.35414
MAINE-PR_6_N001,38.385820999985995,-121.77582145519017,17.4867
MALAGA_1_N001,36.69415479048744,-119.72474601890697,11.91994
MALAGA_1_N004,36.69397520940774,-119.72474601916853,11.91994
MALAGA_1_N005,36.69397520940774,-119.72496998083147,11.91994
MALAGA_1_N206,36.69415479048744,-119.72496998109303,11.91994
MANCHSTR_1_N001,36.78803392229639,-119.787488,12.14585
MANCHSTR_1_N002,36.787953038837564,-119.78742968988867,12.14585
MANCHSTR_1_N005,36.787953038837564,-119.78754631011132,12.14585
MANDLY1G_7_N002,34.207498198093205,-119.249016,16.04034
MANDLY2G_7_N002,34.20741690094034,-119.2489592448821,16.04034
MANDLY3G_7_N001,34.20741690094034,-119.2490727551179,16.04034
MANTECA_1_N001,37.80151542742815,-121.22356755493873,18.05545
MANTECA_1_N002,37.80133457246114,-121.22356755521895,18.05545
MANTECA_1_N012,37.80133457246114,-121.22379644478104,18.05545
MANTECA_1_N013,37.80151542742815,-121.22379644506127,18.05545
MANVILLE_1_N001,34.53,-120.43,14.06214
MARGARTA_1_N001,33.55007578845692,-117.62798626281774,16.12189
MARGARTA_1_N002,33.54989621144975,-117.62798626304166,16.12189
MARGARTA_1_N008,33.54989621144975,-117.62820173695833,16.12189
MARGARTA_1_N009,33.55007578845692,-117.62820173718225,16.12189
MARICOPA_6_N001,35.107547,-119.398151,13.85043
MARIPOS2_6_N001,37.50445799998627,-120.00773602136582,12.16322
MARIPOS2_6_N003,37.50445799998627,-120.00784997863418,12.16322
MARPOS_LNODEKSA,37.63932432741219,-120.92006110878681,15.92201
MARPOS_LNODENOX,37.63935564925701,-120.92016824287315,15.92201
MARSHALL_LNODEDR1,37.43587720766,-121.132527674588,15.90442
MARSHALL_LNODEDR2,37.4358760484777,-121.13220043951,15.90442
MARSHALL_LNODEDR3,37.4358798082574,-121.132682875263,15.90442
MARSHALL_LNODEDR4,37.4358789493306,-121.132046059332,15.90442
MARSHALL_LNODEDR5,37.4358787251639,-121.131895544498,15.90442
MARSHALL_LNODER8C,37.435876146414,-121.132374308977,15.90442
MARTELL_6_N001,38.369191999986,-120.79669245138386,17.74959
MARTINEZ_1_N001,38.02,-122.16,17.93625
MCARTHR_6_N001,41.05270199998445,-121.40878106361407,17.03405
MCCALL_1_N026,36.61141783540495,-119.639697,11.83519
MCCALL_1_N030,36.61133708228342,-119.63963891745578,11.83519
MCC_LNODEMCC,38.63008971070796,-121.51320976638306,15.86924
MCDISLE_6_N001,37.93693288402067,-121.52832945017714,18.26568
MCFRLND_6_N001,35.688444,-119.276835,14.17664
MCKEE_1_N001,37.366407204044364,-121.843789,17.57869
MCKEE_1_N005,37.36632589796316,-121.84372993637959,17.57869
MCKEE_1_N101,37.36632589796316,-121.84384806362041,17.57869
MCMULLN1_2_N001,36.592775,-119.989065,10.72412
MCY_LNODE101,38.563116666666666,-121.464371944444,15.87723
MCY_LNODE102,38.563116666610455,-121.4642569555954,15.87723
MCY_LNODE103,38.56302675430868,-121.46425695573926,15.87723
MCY_LNODE104,38.562963176761876,-121.46433826506194,15.87723
MCY_LNODE105,38.562947972391605,-121.46445159764659,15.87723
MCY_LNODE106,38.5629791136348,-121.46455946901716,15.87723
MCY_LNODE107,38.56304468834792,-121.46463814131086,15.87723
MCY_LNODE108,38.56312966325024,-121.46467572198618,15.87723
MDLRIVR_6_N001,37.93693288402067,-121.52844854982285,18.19213
MDWYPS_6_N001,35.402824999987416,-119.45497183549746,13.97996
MECCTG1_7_N100,37.239909741275135,-121.77988662517618,17.05983
MECCTG2_7_N100,37.2400902586168,-121.78011337509535,17.05983
MEDWLNE_1_N001,37.963141225082815,-122.052361,17.90747
MEDWLNE_1_N002,37.963059887443606,-122.05230143651556,17.90747
MEDWLNE_1_N006,37.963059887443606,-122.05242056348443,17.90747
MELROSE_6_N001,33.206560573300976,-117.25285494469412,16.22583
MELROSE_6_N004,33.20638142660739,-117.25285494491321,16.22583
MELROSE_6_N005,33.20638142660739,-117.25306905508678,16.22583
MELROSE_6_N009,33.206560573300976,-117.25306905530589,16.22583
MENLO_6_N001,37.4330313740754,-122.20260718789906,18.2113
MENLO_6_N002,37.43285062581547,-122.2026071881739,18.2113
MENLO_6_N003,37.43285062581547,-122.2028348118261,18.2113
MENLO_6_N004,37.4330313740754,-122.20283481210093,18.2113
MERCEDFL_7_N001,37.27292328168154,-120.48675154649395,11.853
MERCED_1_N001,37.27274271821013,-120.48697845323395,13.05446
MERCED_1_N002,37.27292328168154,-120.48697845350604,-40.0
MERIDIAN_6_N101,37.225299,-121.744182,17.38948
MESACAL_6_N001,34.037454,-118.109265,15.7653
MESAHGTS_6_N001,32.829628731503114,-117.157263,16.11869
MESAHGTS_6_N007,32.82954813423625,-117.15720762268285,16.11869
MESARIM_6_N001,32.90498753633711,-117.17294735480384,16.22423
MESARIM_6_N007,32.90480846357245,-117.1729473550195,16.22423
MESARIM_6_N008,32.90480846357245,-117.1731606449805,16.22423
MESARIM_6_N012,32.90498753633711,-117.17316064519616,16.22423
METCALF_1_N018,37.22435199998651,-121.74197733145253,17.15599
METTLER_6_N001,38.078067,-121.2867,17.90311
MEYERS_LNODE31,38.877195,-119.986125,15.4135
MEYERS_LNODE32,38.87719499994345,-119.98600982501117,15.4135
MEYERS_LNODE33,38.87710533707398,-119.986125,15.4135
MEYERS_LNODE34,38.87719499994345,-119.98624017498884,15.4135
MEYERS_LNODE35,38.87728466292607,-119.986125,15.4135
MI-WUK_1_N001,38.052745,-120.217268,17.57402
MIDDLTWN_6_N002,38.7527889999859,-122.60852945612646,17.02457
MIDDLTWN_6_N101,38.7527889999859,-122.60864454387354,17.02457
MILLBRAE_1_N001,37.605189,-122.391045,18.00491
MILLBRAE_1_N004,37.60518899994505,-122.39093085578821,18.00491
MILLBRAE_1_N201,37.60518899994505,-122.3911591442118,18.00491
MILLBRAE_6_N001,37.6052794289691,-122.391045,18.0145
MILLER_1_N001,37.81,-121.1,17.35036
MILPITAS_1_N001,37.415395,-121.888564,17.77261
MILPITAS_1_N003,37.41539499994551,-121.8884502251851,17.77261
MILPITAS_1_N005,37.41530463419468,-121.888564,17.77261
MILPITAS_1_N006,37.41539499994551,-121.88867777481491,17.77261
MINNIER_LNODEJFF,37.71289,-120.93858,15.92041
MIRABEL_6_N001,38.489406,-122.894261,17.56516
MIRALOMA_6_N001,34.004371186293284,-117.56506721001799,15.79888
MIRAMAR_6_N001,32.89408253805123,-117.13552936589245,16.21144
MIRAMAR_6_N004,32.89390346185827,-117.135529366108,16.21144
MIRAMAR_6_N017,32.89390346185827,-117.135742633892,16.21144
MISSION_6_N001,32.784191999954906,-117.13741946348074,16.04354
MISSION_6_N031,32.78411443272647,-117.13747273178681,16.04354
MISSION_6_N040,32.78411443272647,-117.13757926821319,16.04354
MISSION_6_N049,32.784191999954906,-117.13763253651926,16.04354
MKT_SUB_LNODEONA,34.0434902173762,-118.24599112234871,15.71733
MKT_SUB_LNODEONB,34.04330978252786,-118.24599112258036,15.69334
MKT_SUB_LNODEONC,34.04330978252786,-118.24620887741963,15.69334
MKT_SUB_LNODEOND,34.0434902173762,-118.24620887765128,15.69334
MNDCTP_6_N001,39.251247,-123.196582,17.1397
MOFTFLD_1_N002,37.41,-122.04,17.72293
MOLINO_6_N002,38.42527299998595,-122.83215753598292,17.65791
MOLINO_6_N101,38.42527299998595,-122.83227246401708,17.65791
MONOLITH_6_N029,34.92999999998754,-118.4199449189089,15.46787
MONOLITH_6_N101,34.92999999998754,-118.4200550810911,15.46787
MONROE_1_N001,38.45321800700051,-122.743668,17.56836
MONROE_1_N002,38.45313699648462,-122.74360827529611,17.57156
MONROE_1_N101,38.45313699648462,-122.74372772470389,17.57156
MONSRATE_6_N001,33.32908099998846,-117.23541536188321,16.65119
MONSRATE_6_N007,33.32908099998846,-117.23552263811678,16.65119
MONTAGUE_1_N001,37.40375521599691,-121.905675,17.9758
MONTAGUE_1_N006,37.403673891986756,-121.90561589392182,17.9758
MONTAGUE_1_N007,37.403673891986756,-121.90573410607819,17.9758
MONTCLLO_1_N008,38.48,-122.32,17.33809
MONTEREY_6_N001,36.599917,-121.890341,16.12189
MONTERO_6_N001,38.47145299998595,-123.01207452586034,17.58755
MONTERO_6_N004,38.47145299998595,-123.01218947413966,17.58755
MONTGMRY_6_N001,32.631633999988686,-117.09951777952129,16.02275
MONTGMRY_6_N002,32.631633999988686,-117.0996242204787,16.02275
MONTPELR_LNODEDR3,37.5513950204046,-120.771210942368,15.87404
MONTPELR_LNODEDR4,37.5513208784333,-120.77132554154,15.87404
MONTPELR_LNODEDR5,37.5513203022304,-120.771217224249,15.87404
MONTPELR_LNODEDR7,37.551320342333,-120.771557696814,15.87244
MONTPELR_LNODEDR8,37.5513195014288,-120.771445581179,15.87244
MOORPARK_6_N001,34.28245799998789,-118.90073231455499,15.86764
MORAGA_1_N001,37.848008,-122.160732,17.87389
MORGAN_1_N001,37.12745917114046,-121.65871690356438,14.14466
MORMON_6_N001,37.968746,-121.185898,18.05396
MOROHILL_6_N001,33.252187,-117.300305,16.40813
MORROBY_1_N001,35.373004,-120.855187,13.76151
MOSSLD_1_N001,36.804150842399494,-121.78373687034716,15.95399
MOSSLND6_7_ND001,36.80399515757413,-121.78384912953872,15.92201
MOSSLND7_7_ND001,36.804150842399494,-121.78384912965284,15.92201
MPLECRK_6_N001,40.767881,-123.87365,17.25632
MREIS-Q_1_N001,38.12,-122.33,17.8482
MRGNHIL_1_N001,37.12727882875214,-121.65871690383386,17.24075
MRGNHIL_1_N004,37.12727882875214,-121.65894309616613,17.24075
MRGNHIL_1_N007,37.12745917114046,-121.65894309643562,17.24075
MRTSVAL_LNODE32,39.329538,-120.170031,15.56701
MRYSVLLE_6_N001,39.13944599998575,-121.58327227419691,17.39428
MRYSVLLE_6_N003,39.13944599998575,-121.58338772580308,17.39428
MSHR60V_6_N001,38.02150699998609,-121.28089465794243,18.31994
MSHR60V_6_N006,38.02150699998609,-121.28100934205757,18.31994
MTEDEN_1_N001,37.63264525976642,-122.10124,18.07378
MTEDEN_1_N005,37.632563870101905,-122.10118066447778,18.07378
MTEDEN_1_N009,37.632563870101905,-122.10129933552223,18.07378
MTNHOUSE_LNODE1KV,37.79428,-121.55964,15.84685
MTNPASS_1_N001,35.508179,-115.53125,15.29041
MTNQUAR_6_N001,38.914515,-121.015694,17.47786
MTVIEW_1_N001,34.07927114678052,-117.240376,17.44586
MTVIEW_1_N004,34.079189926596804,-117.24031938460595,17.44586
MTVIEW_1_N005,34.079189926596804,-117.24043261539406,17.44586
MURRAY_6_N001,32.79087756459772,-117.0229334582287,16.1043
MURRAY_6_N004,32.790698435312095,-117.02293345844329,16.1043
MURRAY_6_N005,32.790698435312095,-117.02314654155671,16.1043
MURRAY_6_N015,32.79087756459772,-117.0231465417713,16.1043
MUSLSLGH_6_N001,36.264507,-119.907357,12.95011
NARROWS1_7_N001,33.13712344927391,-116.2943780565384,17.00239
NARROWS_6_N010,33.137302550634665,-116.29459194367982,16.31698
NATNLCTY_6_N001,32.67305199998863,-117.10726576866911,16.07072
NATNLCTY_6_N005,32.67305199998863,-117.10737223133088,16.07072
NAT_LNODENE1,38.65097779957077,-121.48672359559271,15.86764
NAT_LNODENE2,38.65089999994365,-121.48666608019934,15.86764
NAT_LNODENE3,38.650822200401045,-121.48672359571763,15.86764
NAT_LNODENE4,38.650822200401045,-121.48683862650437,15.86764
NAT_LNODENE5,38.65089999994365,-121.48689614202266,15.86764
NAT_LNODENE6,38.65097779957077,-121.4868386266293,15.86764
NAVSTMTR_6_N001,32.67041199998878,-117.11463876940559,16.08192
NAVSTMTR_6_N011,32.67041199998878,-117.11474523059441,16.08192
NAVY35R_1_N001,35.29,-119.45,14.32695
NBRANCH_6_N001,38.199837,-120.719506,17.72561
NCMETER_1_N001,33.089572,-117.203236,16.06752
NCPA1GY1_7_N001,38.329999999986036,-122.63005744213352,17.47401
NCPA1GY2_7_N001,38.33999999998601,-122.64005744453604,17.47881
NCPA2GY1_7_N001,38.34999999998599,-122.65005744690819,17.44683
NCPA2GY2_7_N001,38.329999999986036,-122.68005744213352,17.44363
NDUBLIN_2_N002,37.86,-121.88,17.94745
NEWARKD_1_N001,37.50049924095103,-121.987091,18.01152
NEWARKD_1_N012,37.500417879509776,-121.98703179018516,18.01152
NEWBURG_6_N001,40.59455299998477,-124.13512748525541,17.21635
NEWBURG_6_N003,40.59455299998477,-124.13524651474458,17.21635
NEWELL_LNODEWELL,41.888139999984205,-121.37832971620207,15.26319
NEWHALL_1_N001,36.86718099998678,-120.32825478878492,1.30573
NEWHALL_1_N002,36.86718099998678,-120.32836721121508,1.30573
NEWMAN_6_B2,37.31543099998646,-121.01505122358405,17.58543
NEWMAN_6_N001,37.31543099998646,-121.01516477641594,17.58543
NOISLMTR_6_N004,32.70244776093939,-117.182166,16.1107
NOISLMTR_6_N009,32.702367119518385,-117.18211067144682,16.1107
NORCO_1_N001,35.28535,-119.308893,14.32855
NORD1_1_N001,39.759998999985385,-121.90689363690683,17.3028
NORD1_1_N003,39.759998999985385,-121.90701036309318,17.3028
NORTECH_1_N001,37.46,-121.76,17.95981
NORTHOAK_6_N003,35.96338313356797,-119.45673850749412,15.81647
NORTHOAK_6_N004,35.96338313356797,-119.45685349250587,15.81647
NORTHOAK_6_N005,37.36329789847426,-120.76048406012305,15.81647
NOVATO_6_N001,38.10860199998601,-122.56828762317217,17.6707
NOVATO_6_N002,38.10860199998601,-122.56840237682783,17.6707
NRTHTWR_1_N001,38.066061192073654,-122.195674,17.98583
NRTHTWR_1_N002,38.06597990394814,-122.1956143891305,17.98583
NRTHTWR_1_N004,38.06597990394814,-122.19573361086951,17.98583
NR_SUB_LNODEONA,34.22909034238915,-118.54339073176756,15.71093
NR_SUB_LNODEONB,34.228909657513995,-118.54339073200198,15.71093
NR_SUB_LNODEONC,34.228909657513995,-118.54360926799801,15.71733
NR_SUB_LNODEOND,34.22909034238915,-118.54360926823244,15.71093
NUMITAP_1_N003,37.5,-122.04,17.86397
NVYSCHL_6_N001,36.59909,-121.877082,16.1139
NWKDIST_2_N001,37.47999999998637,-121.97994304564625,17.97303
NWKDIST_2_N004,37.47999999998637,-121.98005695435374,17.97303
NWKDIST_2_N017,37.96361862509118,-121.29067763049022,17.97303
OAKC12_7_N002,37.79751331310943,-122.28096478011268,17.98263
OAKDAL_LNODEMTS,37.66746999998627,-120.95814287556452,15.92041
OAKDAL_LNODENDN,37.66746999998627,-120.95825712443548,15.92041
OAKHURST_1_N001,37.32379499998641,-119.63394921398016,12.08806
OAKHURST_1_N002,37.32379499998641,-119.63406278601984,12.08806
OAKLAND_1_N001,37.79743499994459,-122.28090756034669,17.98103
OAKLAND_1_N006,37.797356686862834,-122.280964780234,17.98103
OAKLAND_1_N033,37.797356686862834,-122.28107921976599,17.98103
OCEANO_1_N001,35.10177099998753,-120.58099587832989,13.89263
OCEANO_1_N004,35.10177099998753,-120.5811061216701,13.89263
OCEANSDE_6_N001,33.19681799998853,-117.381743480479,16.24022
OCEANSDE_6_N002,33.19681799998853,-117.381850519521,16.24022
OIGLASS_1_N001,37.75,-121.31,18.08594
OILDALE_1_N001,35.42,-118.98,14.33815
OILFLDS_6_N001,35.95646873409211,-120.85121,12.45576
OILFLDS_6_N007,35.95638813294024,-120.8511525112428,12.45576
OLDRIVR_6_N001,35.208404,-119.100252,14.02313
OLDTOWN_6_N001,32.766092,-117.192529,16.04354
OLEMA_6_N001,38.042497,-122.786541,17.72827
OLETA_6_N001,38.48064499998599,-120.84462852385393,17.74959
OLETA_6_N003,38.48064499998599,-120.84474347614606,17.74959
OLINDA_6_N001,33.94616008273055,-117.922244,15.88683
OLIVHRST_1_N001,39.0918869999858,-121.54288430472884,17.41037
OLIVHRST_1_N002,39.0918869999858,-121.54299969527116,17.41037
OLY_SUB_LNODEONA,34.03409021003063,-118.45989114327803,15.70613
OLY_SUB_LNODEONB,34.03390978987338,-118.45989114350952,15.70613
OLY_SUB_LNODEONC,34.03390978987338,-118.46010885649046,15.70613
OLY_SUB_LNODEOND,34.03409021003063,-118.46010885672197,15.70613
OMAR_2_N001,35.475983864148716,-118.98698399999999,15.63258
OMWD_6_N001,33.068479,-117.141404,16.05953
ONEILPMP_7_LN001,37.098611,-121.0475,9.73819
OREGNTRL_1_N001,40.61902099998471,-122.32226045686366,17.14439
OREGNTRL_6_N001,40.61902099998471,-122.32237954313634,17.11401
OREGON_LNODENK1,37.63168999998624,-120.9742429051075,15.92201
OREGON_LNODENK2,37.63168999998624,-120.9743570948925,15.92201
ORICK_6_N001,41.294542,-124.056522,17.28511
ORLANDB_6_N001,39.725068,-122.178873,17.3156
OROLOMA_6_N001,36.886866,-120.655928,9.78149
OROSI_6_N006,36.544759,-119.251776,11.91685
OROVILLE_6_N001,39.50524442035656,-121.5593758990519,17.22136
OROVILLE_6_N005,39.50524442035656,-121.5596081009481,17.22136
OROVILLE_6_N102,39.50542357952801,-121.55960810124742,17.22136
ORV_LNODENE1,38.68455,-121.267326944444,15.87084
ORV_LNODENE2,38.68454999994364,-121.26721189591703,15.87084
ORV_LNODENE3,38.68446019318104,-121.26721189606141,15.87084
ORV_LNODENE4,38.68439669026182,-121.26729324758281,15.87084
ORV_LNODENE5,38.68438150373832,-121.26740663898543,15.87084
ORV_LNODENE6,38.6844126084275,-121.26751456633991,15.87084
ORV_LNODENE7,38.6844781061685,-121.26759327946426,15.87084
ORV_LNODENE8,38.68456298132683,-121.2676308796447,15.87084
OTAY_6_N001,32.595376662064226,-117.05752057560969,16.04674
OTAY_6_N014,32.59519733784581,-117.05752057582266,16.04674
OTTER_6_N001,36.47781599998705,-121.7270037380447,16.48169
OVES_SUB_LNODEBKB,37.43792099998635,-118.55704491120122,7.75552
OVES_SUB_LNODEBKC,36.443,-118.0438,15.71093
OVES_SUB_LNODEBKD,37.342,-118.441,7.74753
OXFORD_1_N001,36.7,-120.68,9.01039
P0504GT1_7_CN1,37.96379937479765,-121.2906776307724,8.88054
PACFCBCH_6_N001,32.799218999988646,-117.24014772581532,16.09631
PACFCBCH_6_N004,32.799218999988646,-117.24025427418468,16.09631
PACIFICA_6_N001,37.59458399998625,-122.48892793722666,18.05928
PACIFICA_6_N003,37.59458399998625,-122.48904206277334,18.05928
PADUA_6_N001,34.120216,-117.639076,15.80368
PALMR_1_N001,34.825223,-120.298953,13.93101
PALOMAR_1_N001,33.12281772819047,-117.287925,16.06912
PALOMAR_1_N004,33.1227371358924,-117.28786944194597,16.06912
PALOMAR_1_N013,33.1227371358924,-117.28798055805403,16.06912
PANAMA_6_N001,35.29556801570901,-119.021525,14.29657
PANAMA_LNODECOUERCRK1,35.29548699213203,-119.02146768568419,15.46787
PANAMA_LNODECOUERCRK2,35.29548699213203,-119.02158231431581,15.46787
PANRAMA_1_N001,40.434409,-122.2679,17.17477
PARADISE_1_N001,39.7615578392488,-121.618634,17.3092
PARADISE_LNODEDISE,39.76147708035982,-121.61857334522642,15.26159
PARADISX_6_N001,39.76147708035982,-121.61869465477358,16.02275
PARADS_LNODEFEG,37.69056,-121.02061,15.92041
PARADS_LNODEKHB,37.690559999944874,-121.02049571450051,15.92041
PARKWAY_2_N001,38.17,-122.25,17.65791
PAR_LNODEAPM,37.668079999986205,-120.9174128750731,15.91881
PAR_LNODEFVM,37.668079999986205,-120.9175271249269,15.91881
PAULSWT_1_N001,36.99234705413821,-121.98202825128297,16.39534
PAULSWT_1_N004,36.9921669457552,-121.98202825154998,16.39534
PAULSWT_1_N101,36.99234705413821,-121.98225374871703,16.39534
PEABODY_2_N002,38.28558699998594,-121.97025256896055,17.55717
PEABODY_2_N006,38.28558699998594,-121.97036743103946,17.55717
PEACHTON_6_N001,39.3784769999856,-121.68494608007006,17.36538
PEACHTON_6_N004,39.3784769999856,-121.68506191992994,17.36538
PEARBMAP_7_B1,34.508883999950896,-117.91829825412502,15.55262
PEARBMAP_7_B3,34.50879356514072,-117.9182982542441,15.55262
PEARBMAP_7_B4,34.50872961811796,-117.91837585623696,15.55262
PEARBMBP_7_B1,34.50871432539329,-117.91848402139897,15.55262
PEARBMBP_7_B3,34.50874564762435,-117.91858697434263,15.55262
PEARBMBP_7_B4,34.5088116034329,-117.91866205952238,15.55262
PEARBMCP_7_B1,34.50889707216307,-117.91869792664747,15.55262
PEARBMCP_7_B3,34.50898737191128,-117.91869193094361,15.55262
PEARBMDP_7_B1,34.50907009278566,-117.91864757930026,15.55262
PEASE_1_N001,39.17010299998576,-121.66113925312504,17.38148
PEASE_1_N009,39.17010299998576,-121.66125474687495,17.38148
PENDLETN_6_N001,33.30925299998849,-117.3349783807102,16.46889
PENDLETN_6_N004,33.30925299998849,-117.3350856192898,16.46889
PENNGRVE_1_N001,38.315547,-122.681119,17.64032
PENRYN_6_N001,38.8444299999859,-121.16613942513398,17.49385
PENRYN_6_N004,38.8444299999859,-121.16625457486602,17.49385
PERMNNTE_6_N002,34.355793,-116.855947,17.41388
PERRY_6_N008,35.570805,-121.055868,13.9405
PETLMAA_6_N001,38.234002,-122.636285,17.62113
PETLMAC_6_N002,38.2390641182539,-122.636804,17.76185
PETLMAC_6_N003,38.23898294085798,-122.63674432895719,17.76185
PETLMAC_6_N004,38.23898294085798,-122.6368636710428,17.76185
PGG_LNODESS1,38.531716666610464,-121.39934830807131,15.87723
PGG_LNODESS2,38.531794557439916,-121.39929082076439,15.87723
PHILLIPS_1_N001,37.34,-122.03,17.65406
PHILO_6_N001,39.063719,-123.437524,17.27242
PICO_1_N001,33.45676299998844,-117.58919323286267,16.1059
PICO_1_N004,33.45676299998844,-117.58930076713733,16.1059
PIERCY_1_N201,37.28,-121.83,17.3385
PIKECTY_6_N001,39.438734,-120.997847,17.1703
PIONEER_LNODEBUS,37.39756017328021,-120.7270641608972,15.86444
PIONEER_LNODEDR1,37.39756017322573,-120.72695042442128,15.86604
PIONEER_LNODEDR2,37.3974698163648,-120.7269504245584,15.86604
PIONEER_LNODEDR3,37.3974059244655,-120.72703084832322,15.86604
PIONEER_LNODEDR4,37.39739064492007,-120.72714294658331,15.86604
PIONEER_LNODEDR5,37.39742194014138,-120.72724964310564,15.86604
PIONEER_LNODEDR6,37.397487839085414,-120.72732745855615,15.86604
PIONEER_LNODEDR7,37.39757323413797,-120.72736462991926,15.86604
PIONEER_LNODEDR8,37.397663456054794,-120.72735841623376,15.86604
PIONEER_LNODEDR9,37.39774610563929,-120.72731245188831,15.86604
PIONEER_LNODER15,37.397811856418734,-120.72723443776906,15.86604
PIT1_6_N001,38.030670659249246,-121.86908630802888,17.05964
PIT3_7_N001,38.030606778782065,-121.8691674075287,17.02446
PIT5_7_B1,38.030591501969816,-121.86928044765509,16.96518
PITSBURG_1_N001,38.03101263810665,-121.86937270758541,17.83551
PITTSBRG_6_N101,38.031055408073875,-121.8692716827705,17.85172
PLACERVL_1_N001,38.73027886166341,-120.788047,17.67625
PLACER_1_N001,38.901310999985846,-121.08802340262966,17.49065
PLACER_7_N009,38.901310999985846,-121.08813859737035,17.46986
PLAINFLD_6_N001,38.61887,-121.793976,17.63221
PLANETRN_LNODEANET,34.16127269818337,-114.38177086876138,15.29197
PLOALTO_1_N001,33.356029648193925,-117.1119886715524,18.18731
PLOALTO_1_N007,33.35585035171371,-117.11198867177347,18.18731
PLOALTO_1_N013,33.35585035171371,-117.11220332822651,18.18731
PLUMAS_6_N001,39.026121,-121.54308,17.40238
PNEDLE_1_N001,36.829999999986725,-119.82994383698444,12.38592
PNEDLE_1_N002,36.829999999986725,-119.83005616301556,12.38752
PNEGRVE_6_N001,38.41271199998601,-120.6602245387678,17.81676
PNEGRVE_6_N002,38.41271199998601,-120.6603394612322,17.81676
PNTARNA_6_N001,38.912571,-123.679495,17.33958
POC_LNODENE2,38.490383333333334,-121.470263055556,15.88683
POC_LNODENE3,38.49038333327713,-121.4701480990094,15.88683
POC_LNODENE4,38.490293355392375,-121.470263055556,15.88683
POC_LNODENE7,38.49038333327713,-121.47037801210259,15.88523
POC_LNODENE8,38.49047331127424,-121.470263055556,15.88523
POINTLMA_6_N013,32.74152175021991,-117.233364,16.08511
POINTLMA_6_N014,32.74144112487782,-117.23330865823404,16.08511
POLPASPP_6_N002,38.57552299994369,-121.49770299452835,13.87973
POMERADO_6_N001,32.941482719314884,-117.032882,15.91881
POMERADO_6_N004,32.9414021403303,-117.03282656531631,15.91881
POMERADO_6_N008,32.9414021403303,-117.03293743468369,15.91881
PORTOLA_LNODE31,39.803943999985336,-120.46453157749829,15.60699
PORTOLA_LNODE32,39.803943999985336,-120.46464842250171,15.60699
POSOMT_1_N001,35.559194,-118.957501,14.33655
POST_1_N001,39.11,-121.64,17.7448
POTRERO_1_N001,37.46005423161257,-122.4,18.03209
POTRERO_1_N013,37.45997288417899,-122.39994083241324,18.03209
POTRERO_1_N016,37.45997288417899,-122.40005916758676,18.03209
POUST_LNODEIGQ,37.69046956305469,-121.02049571463989,15.92041
POUST_LNODELD2,37.6904056145667,-121.02057652662188,15.92041
POWAY_6_N001,32.978722999988655,-117.03130363648788,15.96358
POWAY_6_N010,32.978722999988655,-117.03141036351212,15.96358
PP1_LNODEOAD,34.59026131985074,-118.4546210726575,15.71253
PP1_PP2_LNODELMW,34.59026131985074,-118.4547309273425,15.71253
PP2_LNODEAUX,34.53433699995089,-118.52522278142764,15.71253
PP2_LNODEOAD,34.534427436468654,-118.525113,15.71253
PPSTLTAP_1_N001,38.01999999998606,-122.36994265860079,17.93785
PPSTLTAP_1_N104,38.01999999998606,-122.3700573413992,17.93785
PRAXAIR_1_B1,37.99999999998611,-121.80994266753221,17.8499
PRCTRVLY_1_N001,32.665044,-116.986801,15.87723
PRSCOT_LNODEAEJ,37.6903903214879,-121.02068916599474,15.92041
PRSCOT_LNODETKD,37.69042164442615,-121.02079637755577,15.92041
PRUNEDLE_1_N001,36.785518920972784,-121.671051,16.01475
PRUNEDLE_1_N002,36.785438039499425,-121.67099269323379,16.01475
PSARBLS_6_N001,35.61564884893555,-120.67989,13.82217
PSARBLS_6_N005,35.61556807551859,-120.67983263488163,13.82217
PSARBLS_6_N007,35.61556807551859,-120.67994736511837,13.82217
PTMRTTI_6_N001,37.030856,-122.187639,17.45705
PTR_PP_LNODEROM,35.24801901925079,-118.1756473615291,15.71093
PUEBLOPG_1_N001,38.345348999986,-122.29956355419145,17.61313
PUEBLOPG_1_N010,38.345348999986,-122.29967844580855,17.61313
PURISIMA_1_N001,34.700622,-120.435261,14.03175
QUEBEC_1_N001,36.07,-119.56,13.30674
RADUM_6_N001,37.67264599998626,-121.85946487140774,17.93636
RADUM_6_N004,37.67264599998626,-121.85957912859226,17.93636
RAINBOW_1_N001,36.709983,-119.538157,11.92965
RANCHRS_1_N001,36.700797999986875,-119.75437400116115,11.92154
RANDSBRG_1_N001,35.375699,-117.655868,14.29204
RAWSON_6_N001,40.145295999985066,-122.21242808907787,17.59384
RAWSON_6_N002,40.145295999985066,-122.21254591092213,17.59384
RCARMEL_6_N001,32.99378371822819,-117.077745,16.00196
RCARMEL_6_N004,32.9937031408736,-117.07768953360795,16.00196
RCARMEL_6_N011,32.9937031408736,-117.07780046639205,16.00196
RECTOR_6_N001,36.29851,-119.242336,15.89802
REDBLFF_6_N001,40.1825869024183,-122.244610070096,17.32199
REDBLFF_6_N004,40.1825869024183,-122.24484592990399,17.32199
REDBLFF_6_N005,40.18276709746204,-122.24484593021722,17.32199
REDBUD_1_N001,39.02788699998577,-122.66224734180834,16.95581
REDBUD_1_N004,39.02788699998577,-122.66236265819167,16.95581
REDWOOD_6_N001,37.490252,-122.213021,18.15853
REDWOOD_6_N002,37.49025199994532,-122.2129070707913,18.15853
REDWOOD_6_N005,37.49016160208324,-122.213021,18.15853
REDWOOD_6_N006,37.49025199994532,-122.21313492920869,18.15853
REDWOOD_6_N007,37.49034239791678,-122.213021,18.15853
REEDLEY_1_N001,36.605116999986976,-119.3758071174397,11.91046
REEDLEY_6_N001,36.605116999986976,-119.3759188825603,11.90566
REINWY_LNODEGME,37.63942160426353,-120.92024637744797,15.92041
REINWY_LNODEQAC,37.6395070719657,-120.92028370125492,15.92041
RENFRO_1_N001,35.409999999987434,-119.16994483454441,14.31896
RENFRO_1_N010,35.409999999987434,-119.1700551654556,14.32376
RESERVR_LNODEFFW,37.651919999986276,-120.67483288823061,15.92041
RESERVR_LNODEPMW,37.651919999986276,-120.67494711176938,15.92041
RICE_6_N002,39.402805999985674,-122.01287205646442,17.38276
RICE_6_N101,39.402805999985674,-122.01298794353558,17.38276
RICHMOND_1_B1,37.92597623462323,-122.369629,17.94105
RICHMOND_1_N001,37.92589488267337,-122.36956945615904,17.94105
RINCON_1_N001,33.285967608914305,-116.9585228047856,17.36048
RINCON_1_N003,33.28578839099371,-116.95852280500573,17.36048
RINCON_6_N001,33.28578839099371,-116.95873719499427,16.61601
RINCON_6_N008,33.285967608914305,-116.9587371952144,16.61601
RIN_SUB_LNODEONA,34.28105422156671,-118.479,15.70613
RIN_SUB_LNODEONB,34.28097288920359,-118.47894317065887,15.70613
RIN_SUB_LNODEONC,34.28097288920359,-118.47905682934115,15.70613
RIOBRVO_1_N001,35.44252289360183,-119.26010566010629,14.32695
RIOBRVO_1_N006,35.44234310629778,-119.26010566035274,14.34135
RIOBRVTM_1_N001,35.44252289360183,-119.26032633989371,14.32536
RIODELL_6_N001,40.495382,-124.099276,17.1188
RIOHONDO_6_N001,34.10610615849042,-117.97947,15.73012
RIOHONDO_LNODEONDO,34.1060249207417,-117.97952664559254,15.26159
RIPON_1_N001,37.72,-121.13,18.06984
RIVERROC_6_N001,36.902618,-119.771768,12.20374
RIVRBANK_1_N001,37.76895425952452,-120.908163,18.62219
RIVRSIDE_6_N001,34.021990939807104,-117.33196554960466,15.84365
ROADWAY_1_N001,34.590373,-117.431752,15.59922
ROBROY_1_N001,36.979885,-121.867457,16.31058
ROCKET_1_N001,34.933939,-117.692217,15.33144
ROCKLIN_6_N001,38.788043999985874,-121.23171544490323,17.65546
ROCKLIN_6_N003,38.788043999985874,-121.23183055509676,17.65546
ROEDING_LNODEDR1,37.587341764588,-120.935901626126,15.86124
ROEDING_LNODEDR2,37.5872777703549,-120.935976143427,15.85964
ROEDING_LNODEDR3,37.5871231822836,-120.935612409,15.85964
ROEDING_LNODEDR5,37.5870085148256,-120.935981028585,15.86124
ROEDING_LNODEDR6,37.5871259671814,-120.935792411292,15.86124
ROEDING_LNODEDR7,37.5871257817397,-120.935692486018,15.85964
ROGERS_LNODEDR1,37.4749114287345,-121.178218328626,15.90762
ROGERS_LNODEDR2,37.4751811958932,-121.178206809282,15.90762
ROGERS_LNODEDR3,37.4750639771164,-121.17821700138,15.90762
ROGERS_LNODEDR5,37.4748414013345,-121.178225065561,15.90762
ROGERS_LNODEDR7,37.4749721097043,-121.178220428168,15.90762
ROGH-RDY_6_N001,37.95526599998612,-121.33253531114549,17.75333
ROSECYN_6_N001,32.84459772910598,-117.236988,16.12829
ROSECYN_6_N017,32.84451713543481,-117.23693261581597,16.12829
ROSEDAL_1_N001,35.37703397144563,-119.077971,14.34135
ROSELE_LNODEHMV,37.68013999998623,-120.94014286544196,15.92041
ROSELE_LNODERLV,37.68013999998623,-120.94025713455804,15.92041
ROSEMR_LNODEAEI,37.64253,-121.0423,15.92041
ROSE_6_N001,32.84451713543481,-117.23704338418403,14.09029
ROSSMOOR_2_N001,37.86470199998613,-122.08030973806707,17.90278
ROSSMOOR_2_N101,37.86470199998613,-122.08042426193292,17.90278
RSC_LNODE8LD,38.761389,-121.264722,15.86604
RSM_SUB_LNODEONB,34.244054210355124,-118.392,15.69654
RSM_SUB_LNODEONC,34.24397289480934,-118.39194320739797,15.69654
RSM_SUB_LNODEOND,34.24397289480934,-118.39205679260202,15.69654
RSNTAFE_6_N009,33.014261,-117.198557,16.1075
RSVTNRD_6_N001,36.624374,-121.68835,16.31698
RTRACK_1_N001,37.979737,-120.414515,17.79149
RUSSRCH_6_N001,40.819848,-123.826638,17.28511
RVRBANK_1_N001,37.76887287022286,-120.90810355553742,17.7609
RVRBANK_1_N005,37.76887287022286,-120.90822244446258,17.7609
SAFEWAY_1_N001,37.71,-121.4,18.04436
SALINAS_1_N001,36.683239999986945,-121.65120502290527,16.08352
SALINAS_1_N024,36.683239999986945,-121.65131697709472,16.08352
SANARDO_6_N001,36.073766,-120.936804,12.60927
SANCRLS_6_N001,37.49972924078839,-122.243974,18.14893
SANCRLS_6_N002,37.499647879591045,-122.24391479097326,18.14893
SANCRLS_6_N004,37.499647879591045,-122.24403320902674,18.14893
SANDCRK_6_N001,36.64502999998689,-119.15920293037858,11.91526
SANGER_1_N001,36.70707499998684,-119.6108700066517,11.91845
SANJOQN_6_N001,36.62101099998692,-120.17805409852517,9.70058
SANJOQN_6_N006,36.62101099998692,-120.17816590147483,9.69899
SANLUSRY_6_N013,36.77962699998679,-120.72995490173179,16.1107
SANLUSRY_6_N014,36.77962699998679,-120.73006709826822,16.1107
SANLUSRY_6_N101,33.211532999988535,-117.33442746812834,16.1107
SANLUSRY_6_N201,33.211532999988535,-117.33453453187165,16.1107
SANMATEO_1_N001,37.58333525489619,-122.319035,16.1139
SANMATEO_1_N001A,37.58325387253711,-122.31897570912398,17.99382
SANMATEO_1_N009,33.409472,-117.590641,16.1139
SANMATO_6_N001,37.58325387253711,-122.31909429087602,17.99382
SANMIGL_6_N001,35.75192,-120.684163,13.71907
SANMRCOS_6_N001,33.12885155124498,-117.19722253462301,16.1075
SANMRCOS_6_N007,33.12877399995433,-117.19716906934049,16.1075
SANMRCOS_6_N011,33.12869644873215,-117.19722253471747,16.1075
SANPBLO_1_N001,37.984803,-122.336618,17.94425
SANRAFL_1_N001,37.970858222937125,-122.527065,17.71707
SANRAFL_1_N006,37.97077688851645,-122.52700543261207,17.71707
SANRAFL_1_N007,37.97077688851645,-122.52712456738792,17.71707
SANRAMON_2_N001,37.745125434987564,-121.93600563263105,17.89468
SANRAMON_2_N004,37.74494456490202,-121.93600563291054,17.89468
SANRAMON_2_N023,37.74494456490202,-121.93623436708945,17.89468
SANRAMON_2_N024,37.745125434987564,-121.93623436736895,17.89468
SANTAFE_LNODEPLNT,38.77997308074166,-122.67005981025191,15.26159
SANTARO_1_N001,33.78461699446498,-116.41025972078828,15.55422
SANTARO_1_N014,33.78443700544048,-116.41025972101585,15.55422
SANTARO_1_N017,33.78443700544048,-116.41047627898415,15.55422
SANTARO_1_N021,33.78461699446498,-116.41047627921172,15.55422
SANTEE_1_N001,32.85452999998873,-116.96829070198787,16.02915
SANTEE_1_N004,32.85452999998873,-116.96839729801214,16.02915
SANYSDRO_6_N001,32.562237999988916,-117.02641779453799,16.09631
SANYSDRO_6_N004,32.562237999988916,-117.02652420546201,16.09631
SARATOGA_2_N001,37.28099617234283,-122.014883,17.22156
SARATOGA_2_N006,37.28091491381397,-122.0148240379766,17.22156
SARATOGA_2_N011,37.28091491381397,-122.0149419620234,17.22156
SAUGUS_6_N001,34.4222099999511,-118.5721663854507,15.80847
SAUSALTO_6_N001,37.86340599998612,-122.49836873883264,17.96173
SAUSALTO_6_N002,37.86340599998612,-122.49848326116737,17.96173
SCA_GS_LNODE1AUX,33.91807886040714,-118.42789938920775,15.70293
SCA_GS_LNODE2AUX,33.91816402577284,-118.42793487934084,15.70293
SCA_GS_LNODE4AUX,33.91825400500674,-118.42792894664778,15.70613
SCA_GS_LNODE5AUX,33.91833643226557,-118.42788506116258,15.70613
SCA_GS_LNODE6AUX,33.91840200617013,-118.42781057548723,15.70613
SCA_GS_LNODE7AUX,33.91844466871178,-118.42771492357166,15.70453
SCA_LA_LNODE3SS,33.91846141326686,-118.42760822199088,15.70613
SCA_SUB_LNODEONA,33.918451884282646,-118.42750023805854,15.70293
SCA_SUB_LNODEONB,33.91841787609632,-118.42739967533626,15.70293
SCHINDLR_1_N005,36.402237,-120.138272,-4.4493
SCHMLBCH_1_N001,38.3,-121.87,17.56985
SCLARA_6_N001,34.3007956214976,-119.18563240503143,16.04034
SCRIPPS_6_N001,32.91119872129761,-117.112589,16.13309
SCRIPPS_6_N008,32.91111813933897,-117.11253358224198,16.13309
SCRIPPS_6_N013,32.91111813933897,-117.112644417758,16.13309
SCWAX_1_N001,36.700797999986875,-119.75448599883885,11.92154
SCY_LNODE102,38.508556628165735,-121.46418309094265,15.88043
SCY_LNODE103,38.50837670505527,-121.4641830912299,15.88043
SCY_LNODE105,38.50837670505527,-121.4644130198821,15.88043
SCY_LNODE106,38.508556628165735,-121.46441302016935,15.88043
SEARLES_7_N001,35.75666699998737,-117.38050076336167,13.19348
SEMITRPC_1_N001,35.600398,-119.437498,14.0759
SERRMNTE_1_N011,37.69171986891291,-122.4557633854276,18.04808
SFIA-MA_1_N001,37.63904926020716,-122.385896,18.03689
SFIA_1_N001,37.63896786988162,-122.38583665888167,18.0113
SFIA_1_N007,37.63896786988162,-122.38595534111833,18.0113
SHADOWR_1_N001,33.141540731105856,-117.238793,16.07232
SHADOWR_1_N006,33.141460134434745,-117.23873742707973,16.07232
SHADOWR_1_N008,33.141460134434745,-117.23884857292028,16.07232
SHADYGLN_6_N001,39.115058,-120.95331,15.67185
SHAFTER_7_N022,39.77608299994151,-122.10394676937125,14.32536
SHARON_1_N001,37.097275,-120.156454,11.96493
SHAWROAD_1_N001,37.55,-122.42,17.98572
SHLLCHM_6_N001,38.031607,-121.945728,17.85172
SHNGLESR_1_N001,38.65969989665331,-120.946938,17.68265
SHNGLESR_1_N004,38.659619051658225,-120.94687822587784,17.68265
SHNGLESR_1_N103,38.659619051658225,-120.94699777412217,17.68265
SHREDDER_1_N001,37.511676999986356,-122.20767698568532,18.09616
SIERABRK_LNODE19,39.646142,-120.217943,15.60699
SILVERDO_1_N001,38.49950299998593,-122.45908751973128,17.29652
SILVERDO_1_N002,38.49950299998593,-122.45920248026871,17.29652
SISK_LNODEKZH,37.69048760173528,-121.02087456863451,15.92201
SISK_LNODEYUP,37.69057307242136,-121.0209119194331,15.92201
SISQUOC_1_N001,34.87826099998756,-120.33120693531723,13.90703
SISQUOC_1_N020,34.87826099998756,-120.33131706468278,13.90703
SLMNCRK_6_N001,38.343592,-123.044809,17.46762
SMRTVLTP_6_N101,39.207939,-121.301476,17.10644
SMTRPCWS_1_N001,35.59,-119.44,14.0711
SNANDRES_6_N001,37.603294,-122.420424,18.02889
SNBRNRD_6_N001,35.092421,-118.878241,14.04072
SNJOSEB_1_N001,37.34102432531631,-121.9009493888098,17.7483
SNJOSEB_1_N005,37.34084367457506,-121.9009493890831,17.7483
SNJOSEB_1_N009,37.34084367457506,-121.9011766109169,17.7483
SNJOSEB_1_N013,37.34102432531631,-121.9011766111902,17.7483
SNJSEA_1_N001,37.328246190599145,-121.902531,17.69702
SNJSEA_1_N005,37.32816490468582,-121.90247198103432,17.69702
SNJSEA_1_N101,37.32816490468582,-121.90259001896567,17.69702
SNLNDRO_1_N001,37.711237436769906,-122.14880668270004,18.17772
SNLNDRO_1_N014,37.71105656311971,-122.14880668297907,18.17772
SNLNDRO_1_N017,37.71105656311971,-122.14903531702092,18.17772
SNLNDRO_1_N027,37.711237436769906,-122.14903531729996,18.17772
SNROSA_LNODEMEA,37.5099999999863,-121.22994301594794,15.92201
SNROSA_LNODEYWX,37.5099999999863,-121.23005698405206,15.92201
SNTAMRA_1_N001,33.12877399995433,-117.19738293065951,13.89903
SNTAMRA_1_N005,33.12885155124498,-117.19732946537698,13.89903
SNTANLA_6_N001,37.085979,-121.013273,9.7416
SNTARSA_1_N001,38.43691201584367,-122.71331,17.59874
SNTARSA_1_N002,38.43683099206306,-122.71325027901105,17.59874
SNTARSA_1_N006,38.43683099206306,-122.71336972098895,17.59874
SNTARTA_6_N001,37.055061,-120.634086,9.72818
SNTAYNZ_1_N001,34.625273999987726,-120.11813905143147,14.01416
SNTAYNZ_1_N002,34.625273999987726,-120.11824894856854,14.01416
SNTHLNE_6_N001,37.6223639999863,-122.44717791303894,18.05128
SNTHLNE_6_N002,37.6223639999863,-122.44729208696106,18.05128
SOBRANTE_1_N001,37.90594,-122.208144,17.87549
SOLEDAD_6_N001,36.429513,-121.331901,16.08991
SONOFRE_2_N067,33.3697279999884,-117.55438367777961,16.07552
SOUTHBAS_1_N001,34.881503,-117.892023,15.67684
SOUTHBY_6_N001,38.575612901218726,-121.497588,17.90332
SOUTH_LNODE108,40.39538221,-121.8791458,15.22801
SOUTH_LNODE204,40.39538220993951,-121.87902727370097,15.23121
SOUTH_LNODEC542,40.39529194143137,-121.87902727385986,15.23121
SOUTH_LNODEC544,40.39522811201244,-121.87911108453021,15.23121
SOUTH_LNODEC546,40.39521284740522,-121.87922790359386,15.23121
SOUTH_LNODEC547,40.39524411201219,-121.8793390934442,15.23121
SOUTH_LNODEC548,40.39530994650243,-121.87942018597366,15.23121
SOUTH_LNODEC549,40.395395258043976,-121.87945892278287,15.23121
SOUTH_LNODEC550,40.3954853917418,-121.8794524474595,15.23121
SOUTH_LNODEC552,40.39556796052161,-121.87940454742642,15.23121
SPANSHCK_6_N001,40.026139,-120.961748,16.67277
SPENCE_6_N001,36.613591,-121.566779,16.32657
SPICAMIN_1_N001,38.73992576174639,-120.67723108004192,17.63947
SPRINGVL_6_N001,36.10586253074472,-118.93516918490357,15.81007
SPRNGVLY_6_N001,32.73903399998875,-117.00264674817954,16.06433
SPRNGVLY_6_N010,32.73903399998875,-117.00275325182045,16.06433
SQAWVLY_LNODE01,39.20568653401713,-120.20123845453338,15.57021
SQAWVLY_LNODE81,39.20550746586879,-120.20123845482796,15.57181
SQAWVLY_LNODE82,39.20550746586879,-120.20146954517205,15.57181
SQAWVLY_LNODE83,39.20568653401713,-120.20146954546662,15.57021
STAFFORD_6_N002,38.12003299998604,-122.61362861905879,17.6755
STAFFORD_6_N101,38.12003299998604,-122.6137433809412,17.6755
STAGG_2_N001,37.99164936143144,-121.34848834268168,18.19362
STAGG_2_N014,37.99146863845723,-121.34848834296415,18.19362
STAGG_6_N001,37.99146863845723,-121.34871765703586,18.19841
STAGG_6_N003,37.99164936143144,-121.34871765731833,18.19841
STAMPEDE_LNODE19,39.46748199998557,-120.10518300964912,15.60699
STATELN_LNODE01,38.95238461856907,-119.94181675988908,15.4135
STATELN_LNODE22,38.952205381317675,-119.94181676018052,15.4135
STATELN_LNODE23,38.952205381317675,-119.94204723981947,15.4135
STATELN_LNODELY,38.95238461856907,-119.94204724011091,15.4151
STATIN-L_7_N001,37.81024899998616,-122.271385771776,17.97463
STATIND_1_N001,37.837585251800924,-122.263503,17.95225
STATIND_1_N010,37.83750387408463,-122.26344350874284,17.95225
STATIND_1_N013,37.83750387408463,-122.26356249125715,17.95225
STATINJ_1_N001,37.76334825993251,-122.214444,18.24328
STATINJ_1_N012,37.763266870018874,-122.21438455959633,18.24328
STATINJ_1_N027,37.763266870018874,-122.21450344040367,18.24328
STATINL_1_N001,37.81024899998616,-122.271500228224,17.97463
STATINX_1_N001,37.80554442667025,-122.23091354965457,17.96824
STATINX_1_N012,37.805363573219,-122.23091354993484,17.96824
STATINX_1_N014,37.805363573219,-122.23114245006515,17.96824
STATINX_1_N024,37.80554442667025,-122.23114245034543,17.96824
STB_LNODE201,38.57233333333333,-121.483291944444,15.87723
STB_LNODE202,38.57233333327705,-121.48317695138249,15.87723
STB_LNODE203,38.57224342921349,-121.48317695152639,15.87723
STB_LNODE204,38.57217985749196,-121.48325826382802,15.87723
STB_LNODE205,38.572164654514715,-121.48337160056485,15.87723
STB_LNODE206,38.57219579290459,-121.48347947588752,15.87723
STB_LNODE207,38.5722613616095,-121.48355815106362,15.87723
STB_LNODE208,38.57234632872595,-121.48359573311588,15.87723
STB_LNODE209,38.57243609852223,-121.48358945079376,15.87723
STB_LNODE210,38.57251833393617,-121.48354297863219,15.87723
STB_LNODE211,38.572583755229644,-121.4834641025941,15.87723
STB_LNODE212,38.57262631848412,-121.48336281268834,15.87723
STCKTNAR_6_N001,37.963279,-121.323476,17.75333
STCRUZ_LNODECXA,37.627559999986325,-120.97504290860819,15.92361
STCRUZ_LNODEWLS,37.627559999986325,-120.97515709139182,15.92361
STDDRD_LNODECEA,37.704079999986206,-121.06864284680097,15.92201
STDDRD_LNODEWZO,37.704079999986206,-121.06875715319903,15.92201
STDOIL_1_N009,37.94,-122.38,17.94745
STD_LNODENE1,38.57225,-121.500568888889,15.87723
STD_LNODENE2,38.572249999943736,-121.50045389586575,15.87723
STD_LNODENE4,38.57217214071853,-121.50051139243968,15.87723
STD_LNODENE5,38.57217214071853,-121.50062638533832,15.87723
STD_LNODENE6,38.572249999943736,-121.50068388191225,15.87723
STD_LNODENE7,38.57232785925329,-121.50062638546294,15.87723
STD_LNODENE8,38.57232785925329,-121.50051139231506,15.87723
STELLING_1_N001,37.3360521934471,-122.042805,17.43467
STELLING_1_N004,37.33597090326187,-122.04274597179945,17.43467
STELLING_1_N007,37.33597090326187,-122.04286402820055,17.43467
STE_SM_LNODE301,38.58631666666667,-121.472838888889,15.87723
STE_SM_LNODE302,38.586316666610415,-121.47272388936047,15.87723
STE_SM_LNODE303,38.58622677499287,-121.47272388950444,15.87723
STE_SM_LNODE304,38.58616321207191,-121.47280520637891,15.87723
STE_SM_LNODE305,38.58614801119931,-121.4729185494895,15.87723
STE_SM_LNODE306,38.58617914527848,-121.47302643087885,15.87723
STE_SM_LNODE307,38.58624470490619,-121.47310511047952,15.87723
STE_SM_LNODE308,38.586329660260105,-121.47314269464546,15.87723
STE_SM_LNODE309,38.58641941762905,-121.47313641197016,15.87723
STF_LNODEDAX,37.69055999998624,-121.02097285725026,15.92201
STF_LNODEIPN,37.69055999998624,-121.02108714274974,15.92201
STJ_SUB_LNODEONB,34.067054141297895,-118.226,15.69334
STJ_SUB_LNODEONC,34.06697292933807,-118.22594339850212,15.69334
STJ_SUB_LNODEOND,34.06697292933807,-118.22605660149787,15.69334
STKTONA_1_N001,37.94722338217881,-121.28911838573319,17.732
STKTONA_1_N003,37.947042617710025,-121.28911838601516,17.732
STKTONA_6_N001,37.947042617710025,-121.28934761398483,17.89565
STKTONA_6_N004,37.94722338217881,-121.2893476142668,17.89565
STLLWATR_6_N001,40.677845,-122.34971,17.13319
STOCKDLE_1_N001,35.316584007161445,-119.06818269302951,14.29497
STOCKDL_2_N001,35.31640399273835,-119.06818269327503,14.33815
STOCKDL_2_N002,35.31640399273835,-119.06840330672496,14.33815
STOCKDL_2_N101,35.316584007161445,-119.0684033069705,14.33815
STOCKM_LNODEVZF,37.62761110994497,-120.9752808828705,15.92041
STOCKM_LNODEXFA,37.62770154232185,-120.9751667,15.92041
STONCRRL_6_N001,36.472251999987044,-119.18811326795893,11.92805
STONCRRL_6_N003,36.472251999987044,-119.18822473204106,11.92805
STONE_1_N001,37.303708999986505,-121.86757223713448,17.55609
STONE_1_N005,37.303708999986505,-121.8676857628655,17.55609
STONYPT_1_N001,38.42,-122.78,17.63072
STOREY1_2_N001,36.98288702744317,-120.033746,12.68251
STOREY2_2_N001,36.98280598626407,-120.03380457310557,12.68571
STREAMVW_6_N001,32.745604999988714,-117.07864474591278,16.08831
STREAMVW_6_N007,32.745604999988714,-117.07875125408721,16.08831
STROUD_6_N001,36.530868,-120.104386,9.06415
STUART_6_N001,33.256701,-117.416547,16.22743
STURLOCK_LNODEDR3,37.4835881458663,-120.846727672541,15.88203
STURLOCK_LNODEDR4,37.4835360336794,-120.846797393384,15.88203
STURLOCK_LNODEDR7,37.4834830942642,-120.846867453726,15.88203
STURLOCK_LNODER13,37.483522165007,-120.846657059231,15.88203
SUISUN_1_N001,38.24526219208727,-122.04122215940386,17.57465
SUISUN_1_N008,38.24508180780079,-122.04122215968883,17.57465
SUISUN_1_N009,38.24508180780079,-122.04145184031117,17.57465
SUMMIT_6_N001,39.319203,-120.378897,17.12029
SUNOL_6_N001,37.586891,-121.869379,18.00352
SURF_1_N009,34.61,-120.22,14.06054
SWEETWTR_6_N017,32.65811799998879,-117.0916867727539,16.04514
SWEETWTR_6_N018,32.65811799998879,-117.0917932272461,16.04514
SWIFT_1_N001,37.3225281884819,-121.796729,17.47624
SWIFT_1_N003,37.322446905744414,-121.79666998783091,17.47624
SWIFT_1_N006,37.322446905744414,-121.79678801216909,17.47624
SYCAMORE_1_N101,39.76991684305054,-121.824218,17.3044
SYCAMORE_1_N201,39.76983607845885,-121.82415733357864,17.3044
SYCAMORE_1_N301,39.76983607845885,-121.82427866642136,17.3044
SYLVANCM_LNODECPR,37.688469999986225,-120.97663285888366,15.92041
SYLVANCM_LNODEHGR,37.688469999986225,-120.97674714111633,15.92041
TAFT1_1_N001,35.14999999998751,-119.47994486994581,14.06471
TAFT1_1_N004,35.14999999998751,-119.48005513005418,14.06471
TAHDONR_LNODE07,39.337309,-120.221277,15.63577
TAHOCTY_LNODE01,39.165971540038264,-120.14445351203682,15.57501
TAHOCTY_LNODE71,39.16579245984778,-120.14445351233086,15.57501
TAHOCTY_LNODE72,39.16579245984778,-120.14468448766914,15.57501
TAHOCTY_LNODE73,39.165971540038264,-120.14468448796318,15.57501
TAMARACK_6_N001,39.313743,-120.496804,16.90442
TAMARISK_1_N001,33.817316,-116.454898,15.52864
TAP710_1_N004,32.595376662064226,-117.0577334243903,-8.5
TAP801_1_N001,34.109614,-116.411837,15.61818
TAP807_1_N001,34.0,-116.5,15.61339
TAR_SUB_LNODEONA,34.17905418777958,-118.544,15.70773
TAR_SUB_LNODEONB,34.1789729060972,-118.54394327481864,15.70773
TAR_SUB_LNODEONC,34.1789729060972,-118.54405672518136,15.70773
TASSAJAR_2_N001,37.79959499998613,-121.9077887787453,17.90108
TASSAJAR_2_N002,37.79959499998613,-121.9079032212547,17.90108
TAYLOR_LNODEDR1,37.5369331958297,-120.809398426319,15.86604
TAYLOR_LNODEDR5,37.5369383829719,-120.809348192848,15.86604
TAYLOR_LNODEDR7,37.536937531095,-120.809217269976,15.86604
TAYLOR_LNODEDR8,37.5369366699963,-120.809289591436,15.86604
TECUYA_6_N001,35.018589,-118.979536,14.0823
TEICHERT_1_N001,37.79,-121.36,17.77892
TEJON_6_N001,35.019534,-118.954779,14.0807
TELECYN_1_N001,32.6379177816674,-117.01607,15.89323
TELECYN_1_N006,32.63783710915427,-117.01601469007429,15.89323
TELECYN_1_N014,32.63783710915427,-117.01612530992571,15.89323
TEMBLOR_1_N003,35.382795999987465,-119.69634883811833,13.93816
TEMPLETN_2_N008,35.554496,-120.679996,13.7581
TERMNOUS_6_N001,38.116464,-121.422007,18.28317
TESSUB_2_N001,37.73,-121.93,17.98103
TEVIS_1_N001,35.319191999987495,-119.12859784623319,14.29178
TEVIS_1_N003,35.319191999987495,-119.12870815376681,14.30777
TEXSUN1G_7_N001,35.36999999998748,-119.4800551602316,14.34934
TEXSUN2G_7_N001,35.3599999999875,-119.48005515895167,14.34934
THORNHIL_1_N001,33.833699,-116.524642,15.72532
TIDEWATR_2_N001,38.01989465330933,-122.06150068264388,17.84031
TIDEWATR_2_N014,38.02007534657929,-122.06150068292666,17.84031
TLRELKE_6_N001,36.003703,-119.948802,13.72143
TOCALOMA_6_N001,38.05521,-122.760914,17.69948
TOL_SUB_LNODEONA,34.175740310821865,-118.36069083905292,15.68854
TOL_SUB_LNODEONB,34.1755596890815,-118.36069083928658,15.68854
TOL_SUB_LNODEONC,34.1755596890815,-118.36090916071342,15.68854
TOL_SUB_LNODEOND,34.175740310821865,-118.36090916094707,15.68854
TOREYPNS_6_N001,32.89877953728695,-117.23987836114813,16.09471
TOREYPNS_6_N007,32.89860046262259,-117.23987836136372,16.09471
TOREYPNS_6_N008,32.89860046262259,-117.24009163863627,16.09471
TOREYPNS_6_N009,32.89877953728695,-117.24009163885188,16.09471
TORTILLA_1_N007,34.874547,-117.064691,17.34653
TRABUCO_1_N001,33.5630767991568,-117.67324523376014,16.11869
TRABUCO_1_N005,33.562897200749894,-117.67324523398426,16.11869
TRABUCO_1_N009,33.562897200749894,-117.67346076601574,16.11869
TRABUCO_1_N013,33.5630767991568,-117.67346076623986,16.11869
TRACY_1_N001,37.748395999944734,-121.41564562794372,17.9884
TRACY_1_N002,37.748305565247314,-121.41576,17.9884
TRACY_1_N007,37.748395999944734,-121.41587437205628,17.9884
TRACY_1_N101,37.74848643475262,-121.41576,17.9884
TRESVIS_6_N001,39.486707,-121.687993,17.30611
TRIMBLE_1_N004,37.42009036798162,-121.72988621524279,17.91813
TRIMBLE_1_N010,37.41990963190925,-121.72988621551741,17.91813
TRIMBLE_1_N016,37.41990963190925,-121.7301137844826,17.91813
TRIMBLE_1_N020,37.42009036798162,-121.73011378475721,17.91813
TRINIDAD_6_N001,41.064242,-124.128367,17.32988
TRUCKEE_LNODE02,39.330431720184855,-120.181195,15.60699
TRUCKEE_LNODE03,39.33035113989209,-120.18113485420918,15.60699
TRUCKEE_LNODE49,39.33035113989209,-120.18125514579083,15.60699
TUDOR_6_N001,38.982071,-121.635205,17.40878
TULUCAY_6_N001,38.247946,-122.268228,17.53467
TUPMAN_1_N101,35.354039,-119.270638,14.32536
TVYVLLY_6_N001,36.770622,-119.393233,12.0499
TXROSDL_1_N001,35.37695301426363,-119.07791367489159,14.34135
TXROSDL_1_N002,35.37695301426363,-119.0780283251084,14.34135
TYLER_6_N001,40.138392982499205,-122.20848578836895,17.59703
TYLER_6_N002,40.138392982499205,-122.20860821163106,17.59703
UCM_6_N001,32.88368472395273,-117.222424,16.1171
UCM_6_N002,32.88360413801135,-117.22236859671557,16.1171
UCM_6_N006,32.88360413801135,-117.22247940328444,16.1171
UKIAH_1_N001,39.142823455087914,-123.19204845611492,17.11891
UKIAH_1_N005,39.14300254479826,-123.19204845640866,17.11891
UPPRLKE_6_N001,39.145906,-122.916845,16.92862
URBAN_6_N001,32.71330799998875,-117.15140275665348,16.1059
URBAN_6_N005,32.71330799998875,-117.15150924334651,16.1059
URICH_6_N001,38.029918,-122.103005,17.98423
VACA-DIX_1_N001,38.401616982566644,-121.91986928712716,17.45792
VACAVIL_1_N001,38.356520058867716,-121.97951,17.46751
VACAVIL_1_N101,38.35643897055109,-121.97945029786577,17.47071
VACAVIL_1_N102,38.35643897055109,-121.97956970213424,17.47071
VALCNTR_6_N001,33.230683,-117.018401,16.58083
VALLEYSC_1_N001,33.738397971600605,-117.156432,15.73811
VALLEYSC_1_N107,33.738317014186954,-117.15648820699798,15.73971
VALLYHM_1_N001,37.85575599998615,-120.94408374338772,18.02027
VALLYVW_1_N001,37.96607299998612,-122.27841868352904,17.94905
VALLYVW_1_N003,37.96607299998612,-122.27853331647096,17.94905
VAL_GS_LNODE5AUX,34.24482148241572,-118.3914027121072,15.69654
VAL_GS_LNODE6AUX,34.24485277566131,-118.39150524618782,15.71733
VAL_GS_LNODE7AUX,34.24491867043375,-118.39158002588233,15.69654
VAL_GS_LNODE8AUX,34.245004060069334,-118.391615747079,15.69654
VAL_LNODELSS,34.24509427625119,-118.39160977576542,15.69654
VASCO_6_N001,37.71132099998621,-121.71587984128799,17.92517
VASCO_6_N003,37.71132099998621,-121.71599415871201,17.92517
VASONA_2_N001,37.26,-121.9,17.21196
VEDDER_1_N001,35.61,-118.96,14.33655
VEL_SUB_LNODEONA,34.01555411723447,-118.204,15.69334
VEL_SUB_LNODEONB,34.01547294136984,-118.20394345800285,15.69174
VEL_SUB_LNODEONC,34.01547294136984,-118.20405654199715,15.69334
VESTAL_6_N001,35.85713659527842,-119.08872645400277,15.63417
VICTOR_1_N001,38.145651267656454,-121.17732422029407,15.68854
VICTOR_6_N001,38.145470732231836,-121.17755377942188,17.81516
VICTOR_6_N002,38.145651267656454,-121.17755377970593,17.81516
VIEJOSC_2_N001,36.578772821150025,-121.908968,15.99557
VIEJOSC_2_N004,33.667334,-117.642727,15.99557
VIEJO_6_N001,36.578692089410936,-121.90890995739635,16.14588
VIEJO_6_N003,36.578692089410936,-121.90902604260364,16.14588
VIERRA_1_N001,37.85,-121.24,18.05065
VINA_6_N001,39.941614,-122.041739,17.38915
VINEYARD_2_N001,37.66967326170019,-121.85436,17.94265
VINEYARD_2_N002,37.66959186913507,-121.85430063276966,17.94265
VINEYARD_6_N001,37.66959186913507,-121.85441936723034,17.93636
VN_SUB_LNODEONA,34.18009031354033,-118.44489083013903,15.68854
VN_SUB_LNODEONB,34.17990968636295,-118.44489083037274,15.68854
VN_SUB_LNODEONC,34.17990968636295,-118.44510916962726,15.68854
VN_SUB_LNODEOND,34.18009031354033,-118.44510916986097,15.68854
VSTA_1_N001,34.04125299995202,-117.32061812723687,15.80847
VSTA_6_N001,34.04125299995202,-117.32083587276313,15.80847
WAHTOKE_1_N001,36.61618299998699,-119.452409104289,11.88807
WAHTOKE_1_N002,36.61618299998699,-119.45252089571099,11.88807
WALNUT_6_N001,34.00840381020035,-117.94966020073771,15.86124
WARENCYN_6_N001,33.01545499998868,-117.00226861385794,15.99557
WARENCYN_6_N002,33.01545499998868,-117.00237538614206,15.99557
WARNERS_6_N001,33.247186,-116.675942,16.49448
WARNER_LNODERV1,41.50091505739131,-120.533072,15.58141
WARNER_LNODERV3,41.50083397128745,-120.53300949206302,15.58141
WARNER_LNODESC1,41.50083397128745,-120.53313450793698,15.58141
WASCO_7_N008,39.77617274317707,-122.10383,14.09029
WASHNGT_LNODEDR1,37.4893772928244,-120.903967825898,15.89003
WASHNGT_LNODEDR2,37.4895172164325,-120.904092990936,15.89003
WASHNGT_LNODEDR3,37.4894692627508,-120.903968029781,15.89003
WASHNGT_LNODEDR4,37.489297130992,-120.993988447763,15.89003
WASHNGT_LNODEDR5,37.4894207521695,-120.904091725093,15.89003
WASHNGT_LNODEDR6,37.4892474344412,-120.904090188054,15.89003
WASHNGT_LNODEDR7,37.4892029595549,-120.903964429204,15.89003
WASHNGT_LNODER15,37.4893341220127,-120.90409199878,15.89003
WATRSHED_6_N001,37.487815,-122.310237,18.05778
WEBER_6_N001,37.919828,-121.240232,17.95482
WEC_SY_LNODEUX1,37.4878752249074,-120.89565231921667,15.88043
WEC_SY_LNODEUX2,37.4878752249074,-120.89576624369113,15.88043
WELFLDPM_LNODELPMP,34.16127269818337,-114.38198913123861,15.26639
WELFLDPM_LNODERALS,34.16145330172,-114.38198913147205,15.26639
WEMRSWS_6_N001,39.035984,-120.987909,15.5919
WESTLANE_6_N001,37.990674,-121.282373,18.25438
WESTLNDS_1_N001,36.3999999999871,-120.31994434326373,-4.31178
WESTLNDS_1_N019,36.3999999999871,-120.32005565673627,-4.31178
WESTPARK_1_N001,35.374163973003284,-119.039839,14.34614
WESTPARK_1_N005,35.374083013484764,-119.03978167527592,14.34614
WESTPARK_1_N009,35.374083013484764,-119.03989632472408,14.34614
WESTPLAT_1_N001,35.42,-119.3,14.32376
WESTPORT_LNODEDR1,37.5225825838401,-120.993998352649,15.87404
WESTPORT_LNODEDR3,37.5223769944682,-120.993990429526,15.87244
WESTPORT_LNODEDR5,37.5225172095941,-120.993995815213,15.87404
WESTPORT_LNODEDR7,37.5224455031416,-120.903973009416,15.87244
WHEATLND_6_N001,39.013055,-121.418524,17.02169
WHEELER_6_N001,35.089761,-118.976591,14.09829
WHISMAN_1_N001,37.40491321634772,-122.068856,17.76621
WHISMAN_1_N004,37.404831891811426,-122.06879689262591,17.76621
WHISMAN_1_N009,37.404831891811426,-122.06891510737408,17.76621
WHITMORE_6_N001,40.628753,-121.915711,15.40459
WILDWOOD_1_N001,40.387138,-123.045061,17.22594
WILKINS_6_N001,39.00552,-121.867233,17.55226
WILLIAMS_6_N002,39.15758,-122.14762,17.18447
WILLITS_6_N001,39.405666,-123.327366,17.27882
WILLOWS_6_N001,39.531805,-122.185874,17.53147
WIL_SUB_LNODEONB,33.797999999988214,-118.25794584458627,15.69014
WIL_SUB_LNODEONC,33.797999999988214,-118.25805415541372,15.69014
WINTERS_6_N001,38.517708,-121.951331,17.50909
WOHLER_6_N001,38.512048,-122.880906,17.61953
WOLFE_1_N001,37.335142193117605,-122.020824,17.43626
WOLFE_1_N002,37.335060903426545,-122.02076497287341,17.43626
WOLFE_1_N007,37.335060903426545,-122.02088302712659,17.43626
WOODACRE_6_N001,38.012118,-122.65455,17.70748
WOODLD_1_N001,38.67823188725648,-121.760143,17.57839
WOODLD_1_N005,38.67815105635662,-121.76008322082818,17.57839
WOODLD_1_N012,38.67815105635662,-121.76020277917182,17.57839
WOODSIDE_6_N003,37.43624399998641,-122.2420270905538,17.64105
WOODSIDE_6_N004,37.43624399998641,-122.24214090944619,17.64105
WOODWARD_1_N005,36.8966369999867,-119.74995475043866,12.19702
WOODWARD_1_N006,36.8966369999867,-119.75006724956134,12.19702
WPBART_1_N001,38.02005420797604,-121.98,17.88828
WPBART_1_N004,38.01997289599686,-121.97994040909197,17.88828
WPBART_1_N026,38.01997289599686,-121.98005959090804,17.88828
WSCOPRSN_1_N001,35.61,-119.37,14.09509
WSCRMNO_1_N004,38.58939293336201,-121.545027,17.74959
WSCRMNO_1_N013,38.58931203330379,-121.54496724378153,17.74959
WSCRMNO_1_N201,38.58931203330379,-121.54508675621847,17.74959
WSTFRSO_1_N001,36.71841899998688,-119.81853697917856,11.87037
WSTFRSO_1_N004,36.71841899998688,-119.81864902082144,11.87037
WSTLD1RA_1_N001,36.72,-120.72,9.00879
WYANDTTE_1_N001,39.491682744465926,-121.541161,17.27253
WYANDTTE_1_N003,39.49160212775149,-121.54110068770393,17.27253
WYANDTTE_1_N102,39.49160212775149,-121.54122131229607,17.27253
ZACA_1_N001,34.696829,-120.151374,13.98218
ZANKER_1_N001,37.469999999986335,-121.8099430557453,17.95981
ZANKER_1_N003,37.469999999986335,-121.8100569442547,17.95981
AGER_LNODE35,41.8675,-122.46414,0.0
ALTURAS_LNODE17,41.49972,-120.53306,0.0
BIGSPRIN_LNODELD1,41.616776,-122.39929,0.0
CAMERON_LNODEKM,32.65324599998863,-116.48817922595589,0.0
CASTELLA_LNODE,41.146254,-122.319747,0.0
CEDARVIL_LNODED1,41.53156,-120.18194,0.0
CLEARLAO_LNODE44,41.704981,-121.276741,0.0
COPCO2_LNODE21,41.97667,-122.36167,0.0
DAVISCR_LNODED1,41.73,-120.37,0.0
DELNORTE_LNODE50,41.86761799998422,-124.13905472462552,0.0
DELNORTE_LNODE51,41.86761799998422,-124.13917527537447,0.0
DOGCREEK_LNODE,40.94013311,-122.431008,0.0
DORRIS_LNODE06,41.96694,-121.91333,0.0
EAGLEMTN_LNODEHI,33.8199729920039,-115.44005630685402,0.0
FLINT_LNODE_LDT1,38.88530299998586,-121.06681059075832,0.0
GASQUET_LNODE42,41.84833,-123.96667,0.0
INTERNAT_LNODELD,41.432568,-122.38296,0.0
LITTLESH_LNODELD1,41.70174123,-122.3696599,0.0
LUCERNE_LNODELD,41.60361,-122.5225,0.0
MACDOEL_LNODE20,41.83166999998427,-122.00465973878569,0.0
MACDOEL_LNODE45,41.83166999998427,-122.00478026121432,0.0
MADISON_LNODE1,38.67065905446531,-121.9691977771112,0.0
MOTT_LNODE,41.262727,-122.270475,0.0
NDUNSMUI_LNODE7,41.2207989999844,-122.27643096616978,0.0
NDUNSMUI_LNODE9,41.2207989999844,-122.27655103383022,0.0
NEWELL_LNODE90,41.888139999984205,-121.37845028379793,0.0
NUTGLADE_LNODE,41.178254,-122.290711,0.0
PATRICKS_LNODE49,41.88139,-123.86472,0.0
PEREZ_LNODED1,41.63306,-121.22639,0.0
PRAXAIR_LNODEPM,37.99999999998611,-121.81005733246779,0.0
REDWOODU_LNODED2,41.76083,-124.16347,0.0
SDUNSMUI_LNODE,41.201244,-122.2764098,0.0
SHASTINA_LNODELD1,41.548666,-122.364174,0.0
SHOTGUNC_LNODE,41.053889,-122.381667,0.0
TULELAKE_LNODE35,41.95333,-121.47111,0.0
TUNNEL_LNODE33,41.925559999984245,-121.56576970013403,0.0
TUNNEL_LNODE40,41.925559999984245,-121.56589029986597,0.0
WEED_LNODER1,41.43139,-122.38944,0.0
YREKA_LNODE76,41.72897989068449,-122.63154955171838,0.0
YREKA_LNODED1,41.72880010918983,-122.63154955205546,0.0
YREKA_LNODED2,41.72880010918983,-122.63179044794454,0.0
YREKA_LNODED3,41.72897989068449,-122.63179044828162,0.0
