node_id,lat,lon,price_dp
0096WD_7_N002,35.440039999987434,-119.13131516955063,20.2679
3EMIDIO_6_N001,35.02051774,-119.0626791,18.61241
3EMIDIO_6_N002,35.02051773995017,-119.06256889029795,18.61241
3EMIDIO_6_N003,35.020427484140036,-119.0626791,18.61241
4C744C12_7_N002,35.24735999994994,-118.86084971115429,20.25968
4C744C32_7_N002,35.24735999994994,-118.86107028884571,20.28023
8TH_ST_LNODEBXG,37.64197726998626,-121.00603849646912,20.69747
8TH_ST_LNODELZF,37.64197726998626,-121.00615270353089,20.69747
A100US_1_B1,37.62510247,-122.1166769,20.67692
ACTONSC_6_N001,34.510158,-118.199383,20.5536
ADLNTO_LNODEDC1BURB,34.55,-117.44,20.58237
ADLNTO_LNODEDC1GLEN,34.54999999995084,-117.43989019738174,20.58237
ADLNTO_LNODEDC1LADWP,34.549909563045524,-117.43989019750109,20.58237
ADLNTO_LNODEDC2BURB,34.54984561454145,-117.43996783961737,20.58237
ADLNTO_LNODEDC2GLEN,34.54983032146246,-117.44007606070501,20.58237
ADLNTO_LNODEDC2LADWP,34.549861644418996,-117.44017906687948,20.58237
ADLNTO_NDC1,34.549927601755336,-117.44025419088157,20.58237
ADLNTO_NDC2,34.550013072465426,-117.4402900765519,20.58237
AEC300_1_N001,37.74,-121.48,40.83
AERA12_7_N001,35.952012,-120.860226,19.88149
AGER_LNODE35,41.8675,-122.46414,22.74018
AGNEW_1_N003,37.51,-121.84,20.66459
AGNEW_6_N001,37.39141282968642,-121.96760028543572,20.53921
AGNEW_6_N002,37.39141282968642,-121.96771400856429,20.53921
AIRPROD_1_N001,36.65,-119.54,21.03891
AIRWAYS_1_N001,36.77840245723695,-119.6739507,20.96864
AIRWAYS_1_N004,36.77832158136724,-119.67389240268693,21.05044
AIRWAYS_1_N018,36.77832158136724,-119.67400899731307,20.96864
ALHAMBRA_1_N001,37.99408499998608,-122.13031167024367,21.85527
ALHAMBRA_1_N002,37.99408499998608,-122.13042632975633,21.85527
ALLEGHNY_6_N001,39.46489299998558,-120.84488799308969,20.15486
ALMADEN_6_N001,37.26026999998649,-121.89002528823042,20.76324
ALMADEN_6_N009,37.26026999998649,-121.89013871176958,20.76324
ALPAUGH_1_N004,35.9634105,-119.4567964,19.90616
ALPAUGH_7_N002,35.9633209452724,-119.4567964,19.90616
ALPINE_6_N001,32.82778299998866,-116.78987271391081,4.59619
ALPINE_6_N005,32.82778299998866,-116.78997928608918,4.59619
ALTO_6_N001,37.89825299998615,-122.52430271885964,24.01183
ALTO_6_N101,37.89825299998615,-122.52441728114036,24.01183
ALTURAS_LNODE17,41.49972,-120.53306,22.82168
AMERIGAS_1_N001,38.43,-121.79,19.76228
AMESBS_1_N004,37.41751022008469,-122.066192,20.48577
AMESBS_1_N101,37.41742888994297,-122.06613287861066,20.48577
AMESDST_1_N001,37.41742888994297,-122.06625112138934,20.48577
AMFORST_6_N001,38.369191999986,-120.79657754861613,20.19391
ANAHEIM_6_N001,33.8531627,-117.857995,20.64403
ANAVERDE_6_N001,34.568588,-118.149401,20.57415
ANDERSON_6_N001,40.449838,-122.305068,19.4252
ANGIOLA_6_N001,35.992007,-119.57137,20.84862
ANITA_6_N001,39.81104699998532,-121.91970256777769,20.33367
ANITA_6_N006,39.81104699998532,-121.91981943222231,20.33367
ANNAPOLS_6_N001,38.680315,-123.311782,28.35321
ANTELOPE_6_N001,35.65811699998739,-119.99595979071039,19.90616
ANTLER_6_N001,40.893581,-122.379244,19.72734
APPLEHL_1_N001,38.73983594994359,-120.67700082010276,20.29051
APPLEHL_1_N002,38.73974618819719,-120.6771159,20.29051
APPMAT_1_N001,37.359999999986435,-121.97994317305394,20.54949
APPMAT_1_N010,37.359999999986435,-121.98005682694607,20.54949
ARBUCKLE_6_LN001,39.01762490998577,-122.06151734734088,15.92102
ARBUCKLE_6_N001,39.01762490998577,-122.06163265265913,15.92102
ARBURUA_6_N001,36.94007738,-120.9238172,19.93082
ARCATA_6_LN001,40.86722276626079,-124.08816631128593,19.65107
ARCATA_6_N001,40.86704189361579,-124.08816631161257,19.65107
ARVINED_1_N001,35.15044599998752,-118.87870286987292,20.30901
ARVIN_6_N001,35.15044599998752,-118.87881313012709,55.0
ASHLAN_2_N001,36.79263892472445,-119.82749,20.13019
ASHLAN_2_N007,36.7925580376235,-119.82743168375806,20.13019
ASHLAN_2_N008,36.7925580376235,-119.82754831624194,20.13019
ASH_6_N001,33.1365697302963,-117.070292,21.00783
ASH_6_N005,33.13648913483958,-117.0702364310647,21.00783
ASH_6_N101,33.13648913483958,-117.07034756893529,21.00783
ASPEN_LNODESPEN,37.69337956,-122.069288,20.55565
ATASCDRO_6_N001,35.465309,-120.671582,20.08703
ATWATER_1_B2,37.35999599998639,-120.6146481730584,18.84754
ATWATER_1_N001,37.35999599998639,-120.6147618269416,18.84754
AUBERRY_6_N001,37.06806099998665,-119.495719527536,20.56798
AUBERRY_6_N003,37.06806099998665,-119.495832472464,20.56798
AUBURN_6_N001,38.903397,-121.069921,20.26996
AVENA_1_N001,37.842208,-121.054122,20.24529
AVENGEN_7_B1,35.9776884492561,-120.11683334055562,19.80956
AVOCADO_6_N001,33.38472079977583,-117.236977,21.15171
AVOCADO_6_N002,33.384640100099574,-117.23692120092345,21.15171
AVOCADO_6_N009,33.384640100099574,-117.23703279907656,21.15171
AVSOLAR_7_N007,34.789500999987624,-118.43132596892313,20.06031
BAFOOD1_6_N001,36.33,-121.16,20.3234
BAHIA_2_N001,38.08095331088854,-122.13739126700075,19.58749
BAHIA_2_N011,38.08077268899996,-122.13739126728416,19.58749
BAILYJ1_1_N010,34.776039999987624,-118.77498497466301,20.15691
BAILYJ1_1_N011,34.776039999987624,-118.77509502533698,20.15691
BAIR_1_LN001,37.49764234,-122.2140549,20.67075
BAIR_1_N001,37.496937,-122.214157,20.67075
BAKER_1_N001,35.284771,-116.064256,19.94932
BALCH1_7_N001,36.908933,-119.087736,21.13138
BALFOUR_6_N001,37.92596,-121.678546,19.97193
BANGOR_6_N001,39.388063999985675,-121.40287907085172,19.73762
BANNING_1_N001,33.92234307044413,-116.87283,20.18363
BANNING_1_N004,33.92226196476511,-116.87277356877394,20.18363
BANNING_1_N010,33.92226196476511,-116.87288643122605,20.18363
BANTA_6_N001,37.7528989999862,-121.35057581075783,20.42616
BARRE_6_N001,33.80900298319592,-117.98332966316445,20.69747
BARRE_6_N002,33.80900298319592,-117.98354633683554,20.69747
BARRE_6_N003,33.80918301670945,-117.9835463370635,20.69542
BARRY_6_N001,39.069323,-121.690208,20.43233
BARTLP_1_N003,37.36083333,-121.8638889,20.61937
BARTON_1_N001,36.76408490976673,-119.735935,20.85725
BARTON_1_N007,36.76400404510246,-119.73587672164825,20.85725
BARTON_1_N008,36.76400404510246,-119.73599327835174,20.85725
BAR_LA_LNODESS1,35.23999999998752,-118.05994485657591,26.90046
BAR_LA_LNODESS2,35.23999999998752,-118.0600551434241,26.90046
BASALT_6_N002,38.26328599998595,-122.26916657483297,23.6113
BASALT_6_N101,38.26328599998595,-122.26928142516702,23.6113
BATAVIA_6_N001,38.385820999985995,-121.77570654480984,19.87738
BATIQTOS_1_N001,33.1011727252775,-117.250399,20.94617
BATIQTOS_1_N008,33.101092137348985,-117.25034345864424,20.94617
BATIQTOS_1_N015,33.101092137348985,-117.25045454135577,20.94617
BAYMDWS_1_N001,37.55162541726735,-122.29307795256243,20.68925
BAYMDWS_1_N004,37.551444582623034,-122.29307795283914,20.68925
BAYMDWS_1_N008,37.551444582623034,-122.29330604716085,20.68925
BAYMDWS_1_N012,37.55162541726735,-122.29330604743757,20.68925
BAYSHOR1_1_N001,37.74603599998622,-122.40302381566526,20.8249
BAYSHOR2_1_N001,37.74603599998622,-122.40313818433472,20.8249
BAYWOOD_6_N001,35.360177,-120.811564,20.39533
BCHIPMIL_6_N001,40.87204771,-123.9749277,19.78467
BCKSCRK_7_N001,39.9104901899853,-121.32745377121508,19.9411
BDGRHLL_6_N001,35.83494799998733,-119.94256773586105,20.03565
BDGRHLL_6_N004,35.83494799998733,-119.94267826413895,20.03565
BEALE1_6_N001,39.11366999998575,-121.33304229106656,19.57319
BEALE2_6_N001,39.11366999998575,-121.33315770893344,19.57319
BEARTAP_1_N001,35.38,-119.0,20.35217
BELLEF_7_CN10,39.776083,-122.10383,19.70268
BELLEF_7_CN11,39.77608299994151,-122.10371323062876,19.70884
BELLPGE_1_N001,38.947418999985814,-121.0911283822858,20.11581
BELLPGE_1_N005,38.947418999985814,-121.0912436177142,20.11581
BELLVUE_1_N001,38.379084046922976,-122.712022,25.30663
BELLVUE_1_N003,38.37900297652332,-122.711962292445,25.30663
BELLVUE_1_N005,38.37900297652332,-122.712081707555,25.30663
BELMONT_1_N001,37.52332024549896,-122.264967,20.6872
BELMONT_1_N006,37.52323887723573,-122.26490776711239,20.6872
BELMONT_1_N008,37.52323887723573,-122.26502623288762,20.6872
BELRIDGE_1_N001,35.45572199998739,-119.63184782823049,19.94521
BELRIDGE_1_N002,35.45572199998739,-119.63195817176951,19.94521
BERESFRD_6_N001,37.565013999986284,-122.31923796388803,20.6132
BERESFRD_6_N002,37.565013999986284,-122.31935203611197,20.6132
BERNARDO_6_N001,33.021575,-117.096228,20.95028
BERNARDO_6_N002,33.021574999954524,-117.09612121988424,20.95028
BERNARDO_6_N009,33.02148546856512,-117.096228,20.95028
BERNARDO_6_N013,33.021574999954524,-117.09633478011577,20.95028
BERNARDO_6_N014,33.0216645314348,-117.096228,20.95028
BERVLLY_6_N001,37.586478,-120.125088,16.60974
BESSGEN_7_N004,33.12537170257462,-117.11682528223366,20.96878
BIGBAR_6_N001,40.74431787,-123.2062128,21.43124
BIGBASN_6_N001,37.129545,-122.172132,20.51249
BIGCRK1_7_N001,37.20203293082091,-119.24090286336467,20.8434
BIGGS_6_N001,39.40889559,-121.6915434,19.87327
BIGLAGN_6_N001,41.16264397,-124.1019717,19.85455
BIGMDWS_6_N001,40.171215,-121.085128,18.66267
BIGRIVR_6_N001,39.311461,-123.786522,0.4439
BIGSPRIN_LNODELD1,41.616776,-122.39929,22.84432
BIOLA_6_N001,36.792525,-120.114116,20.14869
BIXLER_6_N001,37.9370142319286,-121.528389,19.95138
BKR111_7_N003,35.388208667768176,-119.00435227492993,20.16719
BKRSFLD_2_N001,35.388208667768176,-119.00457292507006,20.16102
BKRSFLD_2_N101,35.38838855213151,-119.00457292531611,20.16102
BLACKWLL_7_N003,35.6141993352003,-119.85363133518518,19.84861
BLLEHVN_6_N001,37.4772652825887,-122.16793304841748,20.81257
BLLEHVN_6_N002,37.477186999945324,-122.16787609695427,20.81257
BLLEHVN_6_N004,37.477108717384,-122.1679330485368,20.81257
BLLEHVN_6_N006,37.477108717384,-122.1680469514632,20.81257
BLLEHVN_6_N007,37.477186999945324,-122.16810390304572,20.81257
BLUELKE_6_N001,40.880139999984536,-123.98052419448959,19.81961
BLUELKE_6_N010,40.880139999984536,-123.98064380551041,19.81961
BLUSTNPP_6_N003,38.575523,-121.497588,19.91232
BLYTHESC_1_N005,33.61495699998827,-114.68288105808304,20.07264
BNAVSTA_6_N001,36.653344,-121.62946,21.14349
BNAVSTA_6_N002,36.65334399994771,-121.62934811906177,21.14349
BNTACRB_6_N001,37.7528989999862,-121.35069018924217,20.56798
BOGARD_6_N001,40.586552,-121.093959,18.81887
BOGUE_1_N001,39.09616655735555,-121.6236556041389,19.79311
BOGUE_1_N015,39.095987442530685,-121.62365560443203,19.79311
BOGUE_1_N201,39.095987442530685,-121.62388639556798,19.79311
BOLLMAN_1_N003,38.04,-121.98,21.48664
BOLTHSE_1_N009,35.362159,-118.923677,20.43644
BONITA_6_N001,36.967863,-120.20266,20.2679
BONNIEN_7_N001,39.214314999985774,-120.80917722077704,18.75516
BORDEN_2_N007,36.92227399998671,-119.98422371699712,20.11375
BORONDA_6_N001,36.689983,-121.679239,20.98111
BOSWELL_6_N001,36.085115,-119.552823,20.84862
BOTTLEG_7_N001,33.923052,-116.901227,20.06442
BOWERSJ_6_N001,37.37057750378637,-121.97553596930213,20.8023
BOWERSJ_6_N002,37.37057750378637,-121.97564964669786,20.8023
BOWLES_6_N001,36.605651,-119.773312,20.26379
BP21Z_6_N001,35.242132145992656,-119.62433411266893,19.98221
BPFFD_1_N001,35.242132145992656,-119.62455468733106,19.98015
BRDGVLT_7_N001,40.479622194160655,-123.780401,18.61636
BRDGVLT_7_N003,40.479540902903295,-123.78046270284797,18.61636
BRDWAY_7_N004,34.125226999951806,-118.15210094450055,20.51866
BREEZE_6_N001,35.12397117557631,-118.37398174859348,19.95138
BREEZE_LNODEYT1,35.12379082432393,-118.37420225116239,20.77352
BREEZE_LNODEYT2,35.12397117557631,-118.37420225140652,20.77352
BREGGEN_7_N001,33.270864089541455,-116.34805881401336,17.21237
BREGGEN_7_N002,33.270864089541455,-116.34817018598665,17.21237
BRENTWOD_2_N001,37.91959423612686,-121.676423,19.95343
BRENTWOD_2_N006,37.91951288192155,-121.67636345967551,19.95343
BRENTWOD_2_N011,37.91951288192155,-121.67648254032449,19.95343
BRGSMR_LNODEGZB,37.66621999998627,-120.97704287657282,20.69542
BRGSMR_LNODETHU,37.66621999998627,-120.97715712342718,20.69542
BRIGTANO_6_N001,36.88169521,-121.6033017,21.46207
BRIONES_6_N001,37.88551256,-121.8145525,20.00687
BRITTN_1_N001,37.37433620668406,-122.015575,20.54949
BRITTN_1_N005,37.37425489664326,-122.01551592726007,20.54949
BRITTN_1_N006,37.37425489664326,-122.01563407273993,20.54949
BRKRSLG_1_N005,38.57552299994369,-121.49747300547165,20.40972
BROKAW_6_N001,37.35614030048636,-121.93994208836567,20.72214
BROKAW_6_N002,37.35614030048636,-121.94005573363432,20.72214
BRRNDAA_6_N001,35.65811699998739,-119.99607020928961,19.90616
BRRNDAC_6_N001,35.658183,-120.040362,19.90616
BRUNSWCK_1_N003,39.23119771901711,-121.034946,19.27311
BRUNSWCK_1_N008,39.23111714047599,-121.03488594065819,19.27311
BRUNSWCK_1_N101,39.23111714047599,-121.03500605934181,19.32449
BRWNSVY_6_N001,39.226226,-121.422634,20.35628
BRYPTLM_6_N001,35.09326574,-119.443811,19.87122
BSCLPLD_6_N001,35.08218043,-119.304274,19.95343
BUELLTON_1_N001,34.625261999987686,-120.18631205143852,20.19185
BUELLTON_1_N003,34.625261999987686,-120.18642194856149,20.19185
BUENAVS1_7_B1,36.653254242119594,-121.62934811919219,19.56533
BUENAVS1_7_B3,36.65319077379855,-121.6294272308971,19.56533
BUENAVS1_7_B4,36.653175595551595,-121.62953750035395,19.56533
BUENAVS1_7_B5,36.65320668330105,-121.62964245619625,19.56533
BUENAVS1_7_B6,36.653272145363964,-121.6297190021347,19.56533
BUENAVS1_7_B7,36.65335697428145,-121.62975556706088,19.56533
BUENAVS2_7_B1,36.65344659805961,-121.62974945473616,19.57942
BUENAVS2_7_B3,36.653528699704175,-121.62970424026268,19.57942
BUENAVS2_7_B4,36.653594014575496,-121.62962749889522,19.57942
BUENAVS2_7_B5,36.653636508590544,-121.62952895027708,19.57942
BULLARD_1_N001,36.824388,-119.769224,20.28023
BULLARD_1_N004,36.824387999947184,-119.76911168846675,20.28023
BULLARD_1_N005,36.824298097276774,-119.769224,20.28023
BULLARD_1_N006,36.824387999947184,-119.76933631153325,20.28023
BURLNGME_1_N001,37.589627,-122.363434,20.64609
BURNEY_6_N002,40.88795613096115,-121.6707669,18.70583
BURNEY_7_N002,40.887874739502756,-121.67082905855457,18.70583
BUTTE_1_N010,39.7118129999855,-121.81325170045862,19.41493
BUTTE_1_N101,39.7118129999855,-121.81336829954137,19.41493
B_6_N001,32.714377595830264,-117.16944251257752,21.04072
B_6_N003,32.714198404079745,-117.16944251279143,21.04072
B_6_N005,32.714198404079745,-117.16965548720856,21.04072
B_6_N007,32.714377595830264,-117.16965548742249,21.04072
CADET_6_N001,35.09081798998752,-119.40696638038531,19.90616
CALAVE_1_N001,36.71900181109094,-119.76554095699167,21.04466
CALAVE_1_N002,36.718822188804005,-119.76554095725366,21.04466
CALAVE_1_N004,36.718822188804005,-119.76576504274634,21.04466
CALCEDA_6_N001,37.94482769,-121.3105701,19.89177
CALCMENT_7_N4,37.37,-120.64,19.9781
CALCMNT_6_N001,35.030055,-118.310776,20.14252
CALEVRAS_1_N001,37.586852,-121.869766,20.37684
CALFLAX_6_N001,36.28403534998721,-120.12217745300707,19.79928
CALFLAX_6_N024,36.28403534998721,-120.12228854699293,19.79928
CALISTGA_6_N001,38.5926639999859,-122.57856249875155,28.84855
CALLENDR_1_N001,35.04,-120.6,20.48577
CALMAT60_6_N001,37.67387666,-121.8355963,20.22885
CALPELLA_1_N001,39.197538,-123.192135,0.73533
CALVO_6_N001,37.74730133,-121.3267185,20.40561
CAMANCPP_2_N001,38.2134438,-121.0247365,19.89999
CAMDEN_6_N001,36.446312771281995,-119.799098,21.4159
CAMDEN_6_N002,36.446232114345065,-119.79904011033697,21.4159
CAMINO_2_N001,34.83,-114.99,20.0562
CAMPHORA_6_N001,36.46829799998704,-121.39017127220814,21.11677
CAMPHORA_6_N003,36.46829799998704,-121.39028272779186,21.11677
CAMPUS_1_LN001,38.54527777998592,-121.73383140960435,20.40561
CAMPUS_1_N003,38.54527777998592,-121.73394639039566,20.42411
CANAL_6_N001,37.066423071736246,-120.835478,20.23913
CANAL_6_N006,37.06634196411742,-120.83541931437668,19.93699
CANANDGA_6_N001,36.92817,-120.1070821,20.22679
CANBY_BP_LNODEACW,41.444925999984385,-120.88087787131334,20.73858
CANBY_BP_LNODEVEC,41.444925999984385,-120.88099812868666,20.73858
CANNON_1_N025,33.13751869069269,-117.33264215598749,20.93178
CANNON_1_N026,33.13733958921585,-117.33264215620572,20.93178
CANNON_1_N027,33.13733958921585,-117.33285604379427,20.93178
CANNON_1_N028,33.13751869069269,-117.3328560440125,20.93178
CANTGEN_7_N001,36.42933,-120.34215,19.77256
CANYONP2_7_N001,33.85316269995253,-117.85788655941667,20.64403
CANYONP2_7_N002,33.853072643571636,-117.857995,20.64403
CANYONP3_7_N001,33.85316269995253,-117.85810344058333,20.64403
CANYONP3_7_N002,33.85325275642836,-117.857995,20.64403
CAPAY_6_N001,39.775993256822886,-122.10383,19.69446
CAPEHORN_6_N001,39.11994846,-120.9435307,18.03373
CARBONA_6_N003,37.69218399998622,-121.41818185598439,20.42205
CARBONA_6_N101,37.69218399998622,-121.4182961440156,20.42205
CARGILL_6_N001,37.90883295,-121.2712152,20.11169
CARLOTTA_6_N001,40.541122999984744,-124.06382054930958,18.69695
CARLOTTA_6_N003,40.541122999984744,-124.06393945069041,18.69695
CARLTNHS_1_N001,32.85503754591703,-117.01185140348343,20.85985
CARLTNHS_1_N004,32.85485845399255,-117.01185140369861,20.85985
CARNATIO_6_N001,35.311332,-119.083574,21.48601
CARNERAS_6_N001,35.541055,-119.805238,19.92055
CARODEAN_1_N001,34.14914429366959,-116.12379789416093,21.11471
CARODEAN_1_N017,34.148963706233765,-116.12401610560582,21.11471
CARODEAN_1_N019,34.14914429366959,-116.12401610583908,21.11471
CAROLNDS_6_N001,37.55291899998627,-122.37633097506193,20.58237
CAROLNDS_6_N002,37.55291899998627,-122.37644502493806,20.58237
CARQUINZ_1_N001,38.09103799998602,-122.24848662968667,23.77957
CARQUINZ_1_N002,38.09103799998602,-122.24860137031332,23.77957
CARRIZO_1_N001,35.3805629695311,-120.040252,20.01509
CARTWRT_1_N001,37.78999999998617,-122.24994278512781,26.98401
CARTWRT_1_N010,37.78999999998617,-122.25005721487219,26.98401
CARUTHRS_6_LN001,36.53218998,-119.8817036,20.17336
CARUTHRS_6_N001,36.531554,-119.882758,20.17336
CASSIDY_6_N004,36.92362589,-119.8127207,20.20008
CASTAC_6_N001,34.91864164,-118.9261908,18.21846
CASTELLA_LNODE,41.146254,-122.319747,22.81036
CASTROVL_2_N001,37.69127699998625,-122.06100285669102,19.85263
CASTROVL_2_N003,37.69127699998625,-122.06111714330898,19.85263
CASTROVL_2_N006,36.76278384840137,-121.73625384648868,19.85263
CAS_LA_LNODESMW,34.587237,-118.656638,20.6317
CAS_PP_LNODESS3,34.587236999950775,-118.65652814911085,20.6317
CATALYST_7_N001,37.33647699998642,-121.87909619952335,20.62142
CATLETT_6_N001,38.808811,-121.516115,20.12608
CATLETT_6_N005,38.80881208,-121.5164185,20.12608
CAVEJUNC_LNODE63,42.16596999998409,-123.63743956866988,23.55976
CAVEJUNC_LNODED2,42.16596999998409,-123.63756043133013,23.55976
CAWELOB_6_N001,35.57097799998741,-119.11546380934058,21.04061
CAWELOC_1_N001,35.57097799998741,-119.11557419065942,20.37478
CAYETANO_2_N001,37.738441719986184,-121.77096762115637,20.13019
CAYUCOS_6_N001,35.44865399998744,-120.8703058292383,20.42205
CAYUCOS_6_N006,35.44865399998744,-120.8704161707617,20.42205
CCOSTA_2_N001,37.998693,-121.783314,19.94521
CCSUB_1_N001,38.03,-121.75,19.9041
CCSUB_2_N001,38.01999999998606,-121.75994265860079,19.89999
CCSUB_2_N010,38.01999999998606,-121.7600573413992,19.89999
CCSUB_2_N025,37.99928,-121.78269,19.89999
CEDARVIL_LNODED1,41.53156,-120.18194,22.83753
CEDRCRK_6_N101,40.791141869564385,-121.93782993223053,18.51879
CELERON_6_N001,35.47518447998747,-119.76041242538307,20.36039
CELERON_6_N002,35.47518447998747,-119.76052277461693,20.36039
CENTERS_6_N001,33.928884073837764,-118.105463,20.64198
CENTERS_6_N200,33.9288029630683,-118.10551943910147,20.64198
CENTRAL_6_N001,37.381735384886426,-121.97835956300948,20.82902
CENTRAL_6_N002,37.381735384886426,-121.97847326499053,20.82902
CERTTEED_1_N001,37.059999999986665,-120.07994353791257,34.26499
CERTTEED_1_N002,37.059999999986665,-120.08005646208743,34.26499
CHALLNGE_6_N001,39.48543,-121.220509,19.91644
CHANNEL_6_N001,37.95526599998612,-121.33242068885451,19.85066
CHARKA_1_LN001,35.60801139375494,-119.32546543654307,20.17952
CHARKA_1_N001,35.60801139375494,-119.32558016345693,20.17952
CHARLSTN_1_N001,36.204522,-116.113613,19.94521
CHCARITA_1_N001,32.9600895309367,-117.08989329478639,20.89273
CHCARITA_1_N004,32.95991046897258,-117.08989329500262,20.89273
CHCARITA_1_N008,32.95991046897258,-117.09010670499737,20.89273
CHEROKEE_6_N001,38.005513,-121.237769,20.08292
CHESTER_6_N001,40.304405,-121.224282,18.93603
CHEVLHLS_6_N001,35.60555844317911,-119.70826753707485,20.0377
CHEVMAIN_6_N001,33.90361099998812,-118.41411272071318,20.77763
CHEVPIPE_6_N001,37.0873093,-121.0171895,19.8075
CHEVPLIN_6_N001,35.99686801,-119.9613332,19.82189
CHICOA_6_N001,39.71879299998543,-121.82096169136352,19.42315
CHICOA_6_N010,39.71879299998543,-121.82107830863647,19.42315
CHICOB_1_N001,39.725493999985424,-121.84718768259572,19.27311
CHICOB_1_N002,39.725493999985424,-121.84730431740428,19.27311
CHINO_6_N007,33.998301818402325,-117.67886922357054,20.51866
CHINO_6_N008,33.998301818402325,-117.67908677642946,20.51866
CHLDHOSP_1_N001,36.87,-119.81,20.9197
CHOLAME_6_N001,35.686521849987386,-120.33605028358014,20.02948
CHOLAME_6_N002,35.686521849987386,-120.33616071641987,20.02948
CHOLLAS_6_N001,32.744058749573895,-117.046316,23.55031
CHOLLAS_6_N008,32.743978125200904,-117.04626065732346,23.55031
CHOLLAS_6_N009,32.743978125200904,-117.04637134267654,23.55031
CHSTN_1_N001,38.09,-120.3,19.10662
CHWCHLLA_1_N001,37.12075999994629,-120.25049792043754,34.05618
CHWCHLLA_1_N002,37.12066983427897,-120.250611,34.05618
CIMA_2_N101,35.2691,-115.49292,20.12814
CISCOTAP_6_N001,39.30944786,-120.5485424,18.59484
CITYUKH_1_B1,39.14300254479826,-123.19181754359136,0.17573
CLAIRMNT_6_N008,32.825943,-117.184096,23.316
CLAMMNA_1_N001,37.807826,-121.276142,20.34189
CLARKRD_7_N001,39.6546447946953,-121.635292,18.98741
CLARMNT_1_N001,32.825942999954904,-117.18398942940657,26.91208
CLAUS_LNODEKSN,37.639389999986214,-120.91954289863075,20.69542
CLAUS_LNODESME,37.639389999986214,-120.91965710136925,20.69542
CLAYTN_1_N001,38.34245511038229,-120.93484110965764,20.32545
CLAYTN_1_N004,37.943825,-121.969415,20.32545
CLAYTN_1_N029,38.3422748895056,-120.93484110994348,20.32545
CLAYTN_1_N030,38.3422748895056,-120.93507089005652,20.32545
CLAY_6_N001,38.34245511038229,-120.93507089034236,20.3234
CLAY_6_N005,38.34236525,-120.9349563,20.3234
CLEARCT_7_N002,33.889805,-117.58836,20.48988
CLEARGEN_6_N001,33.889714911001306,-117.58836,20.48988
CLEARLAO_LNODE44,41.704981,-121.276741,22.49792
CLERLKE_6_N001,39.007954999985856,-122.89377935245265,-4.0581
CLERLKE_6_N012,39.007954999985856,-122.89389464754734,-4.0581
CLMBAHL_6_N001,39.331874,-121.101368,19.78284
CLMBAST_1_LN001,38.02588,-121.86295,20.82902
CLOVIS_1_N001,36.826043942491545,-119.681281,21.77087
CLOVIS_1_N004,36.825963028740034,-119.68122263908639,21.60566
CLOVIS_1_N101,36.825963028740034,-119.68133936091361,21.77087
CLOVRDLE_1_N001,38.795757,-123.011412,0.17022
CLRKSVLE_1_N001,38.655559898770534,-121.060175,20.24324
CLRKSVLE_1_N003,38.655479050599546,-121.06011522698469,20.24324
CLRKSVLE_1_N004,38.655479050599546,-121.0602347730153,20.24324
CLRMNT_7_N002,32.8260325535329,-117.184096,23.316
CLSAJCT_6_N001,39.190857,-121.990506,16.20877
CLWTER_2_N003,35.39850993300358,-118.93957167203409,20.66253
CMPEVRS_1_N001,37.041635999986624,-122.02530956161661,21.40041
CMPEVRS_1_N002,37.041635999986624,-122.02542243838339,21.40041
CNTRVL12_7_N001,39.78960159,-121.6583176,18.76749
CNTRYCB_6_N001,37.97966036733168,-121.31639835392943,20.17747
CNTRYCB_6_N002,37.979479632557,-121.31639835421177,20.17747
CNTRYCB_6_N004,37.979479632557,-121.31662764578823,20.17747
CNTRYCB_6_N006,37.97966036733168,-121.31662764607057,20.17747
COLHAT_6_N001,40.40092562,-122.141032,19.27722
COLLINS_7_N001,40.30244242,-121.2270199,18.93192
COLNGA1_6_N001,36.13602399998719,-120.34444457141348,19.93904
COLNGA1_6_N002,36.13602399998719,-120.34455542858652,19.93904
COLNGA2_6_N001,36.236577,-120.315114,19.90205
COLONY_6_N001,38.190132,-121.181632,20.17952
COLUMBUS_1_N001,35.398330066896115,-118.93957167228022,20.3645
COLUMBUS_1_N003,35.398330066896115,-118.93979232771979,20.3645
COLUMBUS_1_N005,35.39850993300358,-118.9397923279659,20.3645
COLUSAG1_2_LN001,39.21361111,-122.003018,19.5588
COLUSAG2_2_LN001,39.2136111099429,-122.0029024426207,19.5588
COLUSA_6_N001,39.2135335719588,-122.00296022137415,16.48419
COLUSA_6_N004,39.2135335719588,-122.00307577862586,16.48419
COLWATER_1_LN001,34.860151999950354,-116.85307688319033,14.92609
COLWATER_1_N001,34.86007374913347,-116.85313194164753,14.92609
COLWATER_1_N002,34.86007374913347,-116.85324205835246,14.92609
COLWATER_2_LN001,34.86023025084167,-116.85324205845721,16.57652
CON25_1_N001,38.04814999998604,-122.25918164663241,22.28743
CON25_1_N002,38.04814999998604,-122.25929635336759,22.28743
CONCHO_1_N002,33.785845,-116.342689,20.63376
CONTADNA_1_N001,36.29,-119.71,20.41867
CONTROLX_1_N001,37.342839,-118.471988,-150.0
CONTROL_7_N001,37.34291722503321,-118.47193119226046,-149.98357
CONTROL_7_N022,37.33542299994568,-118.48073640143991,-150.0
CONTROL_7_N023,37.33533267793508,-118.48085,-149.1244
CONTROL_7_N024,37.33542299994568,-118.48096359856008,-148.46259
CONTROL_7_N025,37.33551332206491,-118.48085,-150.0
COPCO2_LNODE21,41.97667,-122.36167,22.49339
COPPRMNE_6_N001,36.895862,-119.664596,20.09525
COPUS_6_LN001,35.09329,-119.2788,19.95343
COPUS_6_N001,35.093593,-119.278466,19.95343
CORCORAN_1_N001,36.10957699998725,-119.55797958991954,20.77257
CORCORAN_1_N005,36.10957699998725,-119.55809041008045,20.77257
CORDELIA_1_N186,38.21606564998596,-122.11202498806371,19.94727
CORDELIA_6_N001,38.21606564998596,-122.11213981193629,23.67091
CORDPMP_6_N003,38.575433098781254,-121.497588,23.74695
CORNING_6_N004,39.93198099998522,-122.18732639815484,20.09114
CORNING_6_N006,39.93198099998522,-122.18744360184516,20.09114
CORRAL_6_N001,38.1014979999861,-120.92635462577833,20.03976
CORRAL_6_N003,38.1014979999861,-120.92646937422167,20.03976
CORRECT_6_N001,35.1088,-118.5669,19.86505
CORSGOLD_1_N001,37.22751499998653,-119.69108432761332,25.58321
CORSGOLD_1_N003,37.22751499998653,-119.69119767238668,25.58321
CORTINA_1_N106,39.121407,-122.224176,14.92363
CORUM_6_N001,34.940591,-117.953023,19.95138
COTATI_6_N101,38.30970399998603,-122.73153156284509,28.51558
COTATI_6_N102,38.30970399998603,-122.73164643715491,28.51558
COTTLEA_2_N001,37.77271243200287,-120.82543059374856,19.67185
COTTLEA_2_N016,37.77253156788658,-120.82543059402842,19.67185
COTTLE_7_N001,37.77253156788658,-120.82565940597158,19.6739
COTWDPGE_1_N001,34.38040399998781,-116.87675022716886,19.27722
COTWDPGE_1_N030,40.39779,-122.26421,19.27722
COVELO6_6_N001,39.786283,-123.248563,6.19189
CPC-COLT_7_N001,34.057706,-117.340323,20.46316
CPLECEF_1_N001,37.25999999998651,-121.63994328855216,20.60909
CPLECEF_1_N005,37.25999999998651,-121.64005671144784,20.60909
CPMTAP_1_B1,38.65550583,-121.0601747,20.17747
CRANEVLY_6_N001,37.29143609998645,-119.52933235143264,20.90506
CRCANAL_6_N001,40.1384740349693,-122.208547,19.79722
CREELMAN_6_N001,33.018105,-116.853026,13.20221
CREELMAN_6_N004,33.01810499995454,-116.85291922433491,13.20221
CREELMAN_6_N014,33.018015468773,-116.853026,13.20221
CRESSEY_1_N001,37.42858222324868,-120.638747,18.89317
CRWSLDG_6_N001,37.377307,-121.085672,20.48988
CRYSTLSG_6_N001,37.528913,-122.361067,20.55154
CSCCCA_7_N001,37.3681996,-121.9415923,20.70775
CSTRVLLE_1_N001,36.762604151493385,-121.73625384675147,20.67897
CUMMINGS_6_N001,35.109723,-118.494722,19.89794
CURTIS1_7_N001,37.974949221777045,-120.320668,18.638
CURTISS_1_N101,37.974867889096444,-120.32072756943327,18.59278
CUYAMA_6_N003,34.927414051712425,-119.62146116057818,19.16623
CUYAMA_6_N004,34.92759468818806,-119.62146116082072,20.10964
CYMRIC_1_N001,35.31,-119.63,19.96782
DAIRYLND_1_N001,37.055221,-120.317015,15.42353
DAIRYLND_1_N011,37.05416666998663,-120.31661024543277,15.42558
DALYCTY_1_N001,37.69183743685224,-122.45558971251009,20.89068
DALYCTY_1_N005,37.69165656303749,-122.45558971278885,20.89068
DANA_6_N001,37.91111681,-121.2558718,20.06442
DANISHCM_1_N001,36.71900181109094,-119.76576504300833,21.0385
DAVISCR_LNODED1,41.73,-120.37,22.833
DAVIS_1_N001,39.06008956957949,-121.70988464738468,20.40561
DAVIS_1_N007,39.05991043030674,-121.70988464767737,20.40561
DAVIS_1_N012,39.05991043030674,-121.71011535232263,20.40561
DCJ_6_N001,37.3631074066298,-121.943867041,20.8023
DCJ_6_N002,37.36302610222031,-121.94380798119127,20.8023
DCJ_6_N003,37.36302610222031,-121.94392610080872,20.8023
DECPTSG_2_N001,38.05999999998602,-121.86994264179833,20.7838
DECPTSG_2_N018,38.05999999998602,-121.87005735820168,20.7838
DEEPWATR_1_N101,38.55162999998592,-121.56020750817653,20.35012
DEEPWATR_1_N104,38.55162999998592,-121.56032249182347,20.35012
DELAMO_2_LN001,33.848224999952514,-118.09705957100974,20.67075
DELAMO_2_N001,33.84836303124857,-118.096994,20.67075
DELAMO_2_N014,33.84828198436281,-118.09693765855927,20.67075
DELAMO_2_N022,33.84828198436281,-118.09705034144073,20.67075
DELEVAN_2_LN001,39.36814099998561,-122.26949508988623,19.55675
DELEVAN_2_LN002,39.36814099998561,-122.26961091011377,19.55675
DELMAR_6_N001,38.7988788301003,-121.220655,21.03866
DELMAR_6_N001A,38.798798084934575,-121.22059518327069,20.19391
DELMAR_6_N005,38.798798084934575,-121.22071481672931,20.19391
DELMAR_6_N008,38.79882504,-121.2206552,20.19391
DELMAR_6_N010,32.980789999988666,-117.25535963525417,21.03866
DELMAR_6_N011,32.980789999988666,-117.25546636474583,21.03866
DELMNTE_1_N010,36.599053999987,-121.8539621246086,20.84957
DELMNTE_1_N201,36.599053999987,-121.85407387539139,20.84957
DELNORTE_LNODE50,41.86761799998422,-124.13905472462552,23.84503
DELNORTE_LNODE51,41.86761799998422,-124.13917527537447,23.84503
DELSUR_6_N001,34.7179256993675,-118.2880699984913,20.13225
DELSUR_6_N009,34.71808230060774,-118.28806999859546,20.13225
DELTAA_7_B1,37.80083,-121.62083,19.83011
DELTAA_7_B3,37.80082999994463,-121.62071555586219,19.83011
DELTAA_7_B4,37.80073957235167,-121.6207155560023,19.83011
DELTAB_7_B1,37.800675630438086,-121.62079648015816,19.83011
DELTAB_7_B3,37.80066033893136,-121.62090927588339,19.83011
DELTAC_7_B1,37.800691658649015,-121.62101663626287,19.83011
DELTAC_7_B3,37.8007576091769,-121.62109493587805,19.83011
DELTAD_7_B1,37.80084307107598,-121.62113233852405,19.83011
DELTAD_7_B3,37.80093336361948,-121.62112608618283,19.83011
DELTAE_7_B1,37.801016077904386,-121.62107983585311,19.83011
DELTAE_7_B3,37.801081880156175,-121.62100133633376,19.83011
DESCANSO_6_N001,32.86524,-116.633752,5.28884
DESCHUTS_6_N001,40.55536797998476,-122.23969993196376,19.44781
DESCHUTS_6_N015,40.55536797998476,-122.23981886803625,19.44781
DEVERS_1_C72,33.938301,-116.577855,20.18363
DEVERS_1_CN3,33.93830099995232,-116.57774636096323,20.18363
DEVERS_2_N118,33.938391131210025,-116.577855,20.18569
DEVLDNPP_6_N003,35.774930999987355,-119.97393475743563,19.88766
DEVLSDN_6_N001,35.774930999987355,-119.97404524256437,19.89588
DFS_1_N001,36.72,-120.6,19.80339
DGLSCTY_6_N001,40.646465,-122.9467947,20.21241
DINUBAE_7_N001,36.56893330486095,-119.41841731957626,21.15115
DINUBA_6_N001,36.56893330486095,-119.41864068042374,21.17581
DINUBA_6_N005,36.56911269503489,-119.41864068068313,21.17581
DIRYVLLE_6_N001,40.12799,-122.097838,20.35628
DISCOVRY_7_N001,35.43888889,-118.9986111,20.383
DIST1500_6_N101,38.784633,-121.655532,19.98426
DIST2047_6_N201,38.85644499998589,-121.78597442060556,16.79866
DIST2047_6_N204,38.85644499998589,-121.78608957939444,16.79866
DIVIDE_6_N011,34.82805555998759,-120.43883385343877,19.9781
DIVVIDE_1_N021,34.82805555998759,-120.43894394656124,19.95343
DIXON-J1_6_N101,38.44545401121386,-121.826237,19.94316
DIXONLD_1_N001,37.45786138503085,-121.9212391363197,20.56387
DIXONLD_1_N002,37.457680614859875,-121.92123913659493,20.56387
DIXONLD_1_N008,37.457680614859875,-121.92146686340506,20.56593
DIXON_6_B1,38.445372994377905,-121.8261772770627,19.94521
DIXON_6_N002,38.445372994377905,-121.8262967229373,19.94521
DLYCTYP_1_N001,37.69165656303749,-122.45581828721114,20.89068
DMNDSPR_1_N001,38.69304699998593,-120.82566347343,20.22679
DMNDSPR_1_N003,38.69304699998593,-120.82577852656999,20.22679
DOBBINS_6_N001,39.339604,-121.197378,19.55058
DOGCREEK_LNODE,40.94013311,-122.431008,23.39902
DOLANRD_1_N001,36.8002959999868,-121.76906687525691,20.67075
DOLANRD_1_ND006,36.8002959999868,-121.76917912474309,20.67075
DOMTAR_1_N001,38.13,-121.65,19.90616
DONNER_LNODE07,39.327305,-120.281812,20.16102
DORRIS_LNODE06,41.96694,-121.91333,22.54999
DOSAMG1_7_B1,35.93569156428277,-120.84044369175919,19.79928
DOSAMG1_7_B3,35.935613999949254,-120.84038838362692,19.79928
DOSAMG1_7_B4,35.93553643569182,-120.84044369186773,19.79928
DOSAMG2_7_B1,35.93553643569182,-120.84055430813227,19.79928
DOSAMG2_7_B3,35.935613999949254,-120.84060961637307,19.79928
DOSAMG2_7_B4,35.93569156428277,-120.84055430824081,19.79928
DOSPALS_6_N001,36.97484,-120.635012,19.90821
DOUBLET_1_N001,32.90196007998871,-117.22702907896227,20.91123
DOUBLET_1_N002,32.90196007998871,-117.22713572103773,20.91123
DUANECT1_7_N001,37.37695501814395,-121.951408249,20.65842
DUANECT2_7_N001,37.3768737068133,-121.95134917326038,20.65842
DUANEST3_7_N001,37.3768737068133,-121.95146732473961,20.66459
DUKMOSS1_7_N001,36.85999999998676,-121.76005620188538,20.62553
DUKMOSS2_7_N001,36.84999999994714,-121.75988762218331,20.62553
DUKMOSS3_7_N001,36.84999999994714,-121.76011237781668,20.62553
DUKMOSS3_7_N002,36.85008992566386,-121.76,20.62553
DUKMOSS4_7_N001,36.84999999994714,-121.71988762218332,20.61937
DUKMOSS5_7_N001,36.83999999998681,-121.72005617595099,20.61937
DUKMOSS6_7_N001,36.84999999994714,-121.72011237781669,20.61937
DUKMOSS6_7_N002,36.85008992566386,-121.72,20.61937
DUMBARTN_1_N001,37.557155251259346,-122.057606,20.61526
DUMBARTN_1_N003,37.55707387435557,-122.05754673393427,20.61526
DUMBARTN_1_N011,37.55707387435557,-122.05766526606573,20.61526
DUNBAR_6_N001,38.38322299998598,-122.52777754540057,23.67913
DUNBAR_6_N002,38.38322299998598,-122.52789245459942,23.67913
DUNHILL_6_N001,32.901543,-117.229958,20.97906
DUNLAP_6_N001,36.64502999998689,-119.15909106962141,21.27447
DUNNIGAN_6_N001,38.924808,-121.989951,16.6589
DUNNSIDE_1_N001,35.03321,-116.467335,16.27439
DUPONT_6_N001,38.0113116,-121.7488298,19.9041
EAGLEMP1_7_B1,33.8114820113207,-115.453552,20.44055
EAGLEMP2_7_B1,33.81140099432683,-115.45349570363085,20.43644
EAGLEMTN_2_N001,33.81999999998812,-115.43994581868735,20.45494
EAGLEMTN_2_N002,33.81999999998812,-115.44005418131265,20.45494
EAGLROCK_2_N001,38.8293359999859,-122.81077743066047,20.49399
EAGLROCK_2_N012,38.8293359999859,-122.81089256933953,20.49399
EANDB_1_N001,35.49881,-119.04664,20.22885
EASTGATE_6_N101,32.88493613808494,-117.20083859603457,20.98933
EASTGATE_6_N201,32.88493613808494,-117.20094940396542,20.98933
EBMUDGRY_1_N001,37.93,-122.04,20.39739
EDENVALE_1_N001,37.24503626216962,-121.7958386130011,20.17541
EDENVALE_1_N004,37.24485573772219,-121.79583861327271,20.17541
EDENVALE_1_N006,37.24485573772219,-121.79606538672729,20.17541
EDENVALE_1_N008,37.24503626216962,-121.7960653869989,20.17541
EDES_1_N001,37.738841261316736,-122.193777,19.55183
EDES_1_N003,37.73875986932675,-122.19371757776352,19.55389
EDMON1AP_7_N001,34.986313,-118.738787,20.7653
EDMON2AP_7_N001,34.986312999950265,-118.73867680688261,20.7653
EDMON3AP_7_N001,34.98622271993701,-118.73867680700413,20.7653
EDMON3AP_7_N002,34.98615888237297,-118.73875472524391,20.7653
EDMON4AP_7_N001,34.98614361582445,-118.738863331203,20.7653
EDMON4AP_7_N002,34.98617488443967,-118.73896670370384,20.7653
EDMON5AP_7_N001,34.98624072734969,-118.73904209487607,20.7653
EDMON5AP_7_N002,34.986326049781965,-118.73907810817316,20.7653
EDMON6AP_7_N001,34.986416194964555,-118.73907208804029,20.7653
EDMON6AP_7_N002,34.98649877424742,-118.73902755565565,20.7653
EDMON7AP_7_N001,34.98656446909455,-118.73895197200041,20.7653
EDMON7AP_7_N002,34.98660721032227,-118.7388549100885,20.7653
EDMON8AP_7_N001,34.98662398575978,-118.738746635625,20.7653
EDMON8AP_7_N002,34.986614439197844,-118.738637059907,20.7653
EDUBLIN_6_N001,37.704050859986204,-121.90064584682328,20.24118
EDUBLIN_6_N101,37.704050859986204,-121.90076015317672,20.24118
EDWARDS_1_N001,34.991871,-117.890005,22.58222
EELRIVR_6_N001,40.6026579999847,-124.21013947578354,19.14524
EELRIVR_6_N005,40.6026579999847,-124.21025852421647,19.14524
EIGHTMI_2_N017,38.058077,-121.375292,20.08909
EIGHTMI_2_N020,38.05863929,-121.376889,20.08909
EISENHOW_1_N001,33.830599,-116.497612,20.40767
EISENHOW_1_N034,33.8305089637852,-116.49750361255143,20.40767
EISENHOW_1_N035,33.83044529864398,-116.49758025407495,20.40767
EISENHOW_1_N036,33.83043007333124,-116.49768708049523,20.40767
EISENHOW_1_N037,33.83046125749488,-116.4977887592061,20.40767
EISEN_6_N001,35.35714,-118.97131,24.15396
ELCAJNGT_7_N001,32.79537299995488,-116.97228745470751,49.05138
ELCAJNGT_7_N004,32.79528343687954,-116.97228745481482,49.09249
ELCAJNGT_7_N009,32.795220106262875,-116.97236279365998,49.09249
ELCAJNGT_7_N010,32.795204960951885,-116.97246780435368,49.09249
ELCAJON_6_N027,32.795557298984384,-116.9726265922731,48.96506
ELCAPTN_1_N001,37.33589232223926,-120.50511640044255,18.80232
ELCAPTN_1_N004,37.33571167765215,-120.50511640071575,18.80232
ELCAPTN_1_N005,37.365512,-120.578993,18.80232
ELCASCO_1_LN001,33.9669,-117.078,20.33367
ELCASCO_1_N014,33.96689999995221,-117.07789129518399,20.33367
ELCASCO_1_N018,33.966809844521414,-117.078,20.33367
ELCASCO_1_N020,33.96689999995221,-117.078108704816,20.33367
ELCRRTO_1_N001,37.916205,-122.303194,22.39779
ELCRRTO_1_N023,37.9162049999445,-122.30307941811893,22.39779
ELCRTLD1_1_N001,37.91611460517215,-122.303194,22.39985
ELCRTLD2_1_N001,37.9162049999445,-122.30330858188108,22.4019
ELCRTLD4_1_N001,37.91629539482788,-122.303194,22.39985
ELDORU1_7_N001,38.79369223998588,-120.61950224302755,20.27612
ELDORU2_7_N001,38.79369223998588,-120.61961735697244,20.27818
ELECTRAJ_6_N009,38.33091303,-120.6702083,20.2083
ELKCREEK_6_N001,39.12957472883464,-123.711777,20.86807
ELKHIL1G_7_N001,35.226128018725106,-119.3777288584471,19.93493
ELKHIL2G_7_N001,35.22604999995,-119.37767371700025,19.93493
ELKHILLS_7_N002,35.225971981249835,-119.37783914144686,20.34601
ELK_6_N001,39.1294941355673,-123.71183698354646,-0.42
ELLIOTT_6_N001,32.81594955645943,-117.08834743785866,20.91328
ELLIOTT_6_N004,32.81577044345038,-117.08834743807347,20.91328
ELLIOTT_6_N014,32.81577044345038,-117.08856056192653,20.91328
ELLIS_6_N001,37.716505,-121.548766,20.88862
ELNIDO_1_N004,37.12061299998659,-120.47270746040512,18.91537
ELNIDO_2_N001,37.12061299998659,-120.47282053959488,20.77558
ELNIDO_2_N012,33.896298056801314,-118.372769,20.77558
ELNIDO_2_N029,33.89621697158651,-118.37271260024885,20.77558
ELNIDO_7_N001,33.89621697158651,-118.37282539975115,18.91537
ELPATIO_1_N001,37.29227329467893,-121.93579950098238,20.58648
ELPATIO_1_N006,37.2920927052127,-121.93579950125482,20.58648
ELPATIO_1_N015,37.2920927052127,-121.93602649874518,20.58648
ELPATIO_1_N029,37.29227329467893,-121.93602649901763,20.58648
ELPECO_6_N004,36.880750319986795,-120.16430997113376,20.28229
ELPECO_6_N005,36.880750319986795,-120.16442242886625,20.28229
ELSEGNDO_2_N020,33.90853206323449,-118.423099,20.77763
EMBRCDR_2_N001,37.780090430972514,-122.37988558363396,20.78791
EMBRCDR_2_N008,37.77990956891692,-122.37988558391392,20.78791
EMBRCDR_2_N101,37.77990956891692,-122.38011441608609,20.78791
EMBRCDR_2_N104,37.780090430972514,-122.38011441636604,20.78791
EMRLDLE_6_N001,37.462178,-122.277933,20.4796
EMRYSVE_1_N001,39.163430999985756,-121.56151425780503,19.76845
EMRYSVE_1_N003,39.163430999985756,-121.56162974219497,19.76845
ENCINAL_6_N001,39.247383,-121.637248,20.12608
ENCINA_1_N001,33.13699513479889,-117.33531843066032,20.93178
ENCINA_1_N049,33.13699513479889,-117.33542956933968,20.93178
ENCNITAS_6_N001,33.05068472041646,-117.285325,21.10649
ENCNITAS_6_N004,33.05060413977941,-117.28526949553299,21.10649
ENCNITAS_6_N011,33.05060413977941,-117.285380504467,21.10649
ENICOLS_1_N023,38.90976699,-121.542195,19.92671
ENSLEN_LNODEHKQ,37.65224426097517,-121.0013,20.69747
ENSLEN_LNODELOU,37.65216286949752,-121.00124064749899,20.69747
ENSLEN_LNODEWFN,37.65216286949752,-121.00135935250101,20.69747
ERTA_6_N001,36.930594,-121.763827,21.29764
ESCNDIDO_6_N001,33.12553751394818,-117.11713907638253,20.96878
ESCNDIDO_6_N046,33.12562692787242,-117.11713323473265,20.96878
ESCNDIDO_6_N053,33.125708837265464,-117.11709002278538,20.96878
ESCNDIDO_6_N070,33.125773999187075,-117.11701668029998,20.96878
ESCNDIDO_6_N071,33.125816393691274,-117.11692249643629,20.96878
ESCNDIDO_6_N072,33.12583303304557,-117.11681743249952,20.96878
ESCNDIDO_6_N073,33.12582356393166,-117.11671110589248,20.96878
ESCNDIDO_6_N074,33.12578976941293,-117.11661208659224,20.96878
ESCNDIDO_6_N075,33.125735041243566,-117.11652745409484,20.96878
ESCNDIDO_6_N076,33.12566386829419,-117.11646256452431,20.96878
ESCNDO_7_N003,33.12549288782574,-117.1164045327703,20.96672
ESCO_6_N001,33.115770727187964,-117.089119,20.99961
ESCO_6_N004,33.11569013639368,-117.08906344744015,20.99961
ESQUON_6_N001,39.60787599998552,-121.76838683094496,19.43754
ESTCKTN_6_N002,37.96284412998611,-121.26155298510835,20.05209
ESTCKTN_6_N101,37.96284412998611,-121.26166761489165,20.05209
ESTGRND_1_LN001,37.65398770504627,-122.40291657307135,20.84751
ESTGRND_1_N001,37.653806834843614,-122.40291657334959,20.84751
ESTGRND_1_N005,37.653806834843614,-122.40314502665042,20.84751
ESTGRND_1_N009,37.65398770504627,-122.40314502692864,20.84751
ESTPRTL_1_N001,37.876677,-122.186415,26.03381
ESTQNCY_6_N001,39.938128,-120.910322,17.56305
ETIWANDA_2_LN001,34.088145,-117.525582,20.42411
ETIWANDA_6_N001,34.0883812512724,-117.5255740237224,20.42411
ETIWANDA_6_N003,34.08805474873831,-117.52547302427173,20.42822
EUREKAA_6_N001,40.793883999984665,-124.18290627263764,19.58736
EUREKA_6_N001,40.793883999984665,-124.18302572736236,19.57708
EVRGREEN_1_N001,37.303338999986465,-121.8408102375639,20.60498
EVRGREEN_1_N019,37.303338999986465,-121.84092376243609,20.60498
EXXONBH_7_N001,38.08095331088854,-122.13762073299924,19.58749
FAIRHAVN_6_N001,40.80028,-124.195714,19.67779
FAIRVIEW_6_N001,37.3749292694793,-121.973097138,20.81874
FAIRVIEW_6_N002,37.3748479591456,-121.97303806458021,20.81874
FAIRVIEW_7_N005,37.3748479591456,-121.97315621141979,20.81874
FAIRWAY_1_N001,34.91059499998762,-120.44635292480474,20.05826
FAIRWAY_1_N002,34.91059499998762,-120.44646307519525,20.05826
FAMOSO_1_N001,35.60500099998741,-119.20248280260235,20.3049
FARREL_1_N001,33.85654399998807,-116.49686777574072,20.24529
FARREL_1_N002,33.85654399998807,-116.49697622425927,20.24529
FELICITA_6_N001,33.093263724336374,-117.073637,21.03866
FELICITA_6_N005,33.09318313781945,-117.07358146461416,21.03866
FELICITA_6_N009,33.09318313781945,-117.07369253538583,21.03866
FELLOWSG_7_N001,35.195188999987465,-119.58505586292793,19.98426
FIGARDN_2_LN001,36.8220849903732,-119.8585814,20.13225
FIGARDN_2_N001,36.8220040797992,-119.85852304439742,20.13225
FIGARDN_2_N101,36.8220040797992,-119.85863975560258,20.12814
FIREBAGH_6_N001,36.850688,-120.466577,20.63581
FLINT_1_N001,38.88530299998586,-121.06669540924167,20.17747
FLINT_LNODE_LDT1,38.88530299998586,-121.06681059075832,22.82621
FMC_1_N001,37.347699999986396,-121.92219018683774,20.64198
FMC_1_N003,37.347699999986396,-121.92230381316226,20.64198
FORSTHL_6_N001,39.01927,-120.830271,17.86519
FORTORD_6_N001,36.643362999986934,-121.79208207163943,20.9174
FORTORD_6_N025,36.643362999986934,-121.79219392836056,20.9174
FOSTERW_7_N001,38.02007534657929,-122.06127131707333,21.1627
FRANKLIN_6_N003,38.012317,-122.264655,22.47
FRANKLIN_6_N004,38.01218229,-122.264201,22.47
FRAZPARK_6_N001,34.815086,-119.009915,20.97289
FRDCIR_6_N005,37.391069314986424,-121.96618971980963,20.54126
FRDCIR_6_N007,37.391069314986424,-121.96630344219037,20.54126
FREMNT_1_N001,37.54118124868743,-121.962063,20.47344
FREMNT_1_N007,37.54109987564155,-121.96200374944321,20.47344
FREMNT_1_N013,37.54109987564155,-121.96212225055679,20.47344
FRESNOWW_6_N001,36.70363064,-119.8811618,20.0562
FRIARS_1_N001,32.77904499998872,-117.15675673371696,20.89068
FRIARS_1_N009,32.77904499998872,-117.15686326628304,20.89068
FRITOLAY_7_N001,35.44055556,-119.2902778,20.09114
FRNCHCP_6_LN001,37.88213105998615,-121.29015842794291,20.1898
FRNCHCP_6_N001,37.88213105998615,-121.29027297205708,20.1898
FRNCHGLH_6_N001,40.68692,-122.641204,19.82805
FROGTOWN_7_N001,38.056504,-120.53381,19.24433
FRSHXPRS_6_B1,36.65083851,-121.6361776,21.13732
FRSTGLEN_1_N001,40.37805556,-123.3388889,20.80846
FRTSWRD_6_N001,40.21377199998503,-123.59658599020719,14.45403
FRUITLND_6_N001,40.28584,-123.837372,15.24426
FRUITVLE_6_N001,35.376774999987504,-119.0924868388967,21.07493
FRUITVLE_6_N101,35.376774999987504,-119.09259716110328,21.07493
FTBRGD1_7_N003,39.434647359985576,-123.79940482451937,1.15127
FTBRGD2_7_N003,39.434647359985576,-123.79952077548063,1.15127
FTCHMTN_6_N001,38.60608399998592,-122.85282549557644,36.80894
FTCHMTN_6_N003,38.60608399998592,-122.85294050442356,36.80894
FULTON_2_N010,38.49657200829278,-122.75943026543568,24.98383
FULTON_2_N049,38.49657200829278,-122.75954973456432,24.98383
F_6_N001,32.75497274686537,-117.126027,24.49886
F_6_N002,32.75489212655523,-117.12597165333155,24.49886
F_6_N005,32.75489212655523,-117.12608234666845,24.49886
GABILAN_6_N001,36.731511,-121.61325,21.43946
GALE_1_N001,34.859556356607754,-116.8653038835563,14.9302
GALLO_1_N009,37.36332475998635,-120.76036836934983,18.91784
GANSNER_6_N101,39.939187,-120.948157,18.4078
GANSO_1_N001,35.501697829987435,-119.44918757868986,19.9781
GARCIA_6_N001,38.88879,-123.550318,-0.2679
GARDNER_6_N001,35.15393575,-119.3363528,19.90821
GAREY_1_N002,34.98,-120.26,20.02331
GARFIELD_6_N001,32.795125,-116.996848,43.54721
GARNET_7_N001,33.93858299995228,-116.57633536031197,20.16719
GASQUET_LNODE42,41.84833,-123.96667,23.77938
GATESBK4_7_N001,36.139798719987255,-120.12483566870624,19.72529
GATESBK4_7_N005,36.139798719987255,-120.12494653129376,19.73351
GATEWAY2_7_N002,38.016869651727845,-121.757812,19.94727
GATEWAY3_7_N002,38.01705034827226,-121.757812,19.94521
GENESEE_6_N001,32.87974054062765,-117.2133823800825,21.01605
GENESEE_6_N005,32.87956145928191,-117.21338238029792,21.01605
GENESEE_6_N011,32.87956145928191,-117.21359561970208,21.01605
GENESEE_6_N015,32.87974054062765,-117.2135956199175,21.01605
GERBER_6_N101,40.064207,-122.156114,19.13745
GEYSR16_2_N006,38.76617,-122.70739,24.87079
GEYSR17_2_N005,38.82387,-122.78139,24.90367
GEYSR18_2_N002,38.76867,-122.74786,23.18995
GEYSR20_2_N002,38.77875,-122.7552,23.16734
GEYSR5-6_7_N001,38.777006613720275,-122.74238837921152,2.21358
GIFFEN_6_N001,36.54507599998703,-120.33446318723175,19.58347
GILLRAN_1_LN001,37.9868115699861,-122.04032207362229,15.03095
GILROYF_1_N001,37.14,-121.58,20.45083
GIRVAN_6_N001,40.51347,-122.378916,19.48275
GLASS_6_N001,36.92896532998674,-120.10284000826357,20.22679
GLASS_6_N008,36.92896532998674,-120.10295259173643,20.22679
GLDTGEN_7_N001,35.054148,-118.186137,19.9411
GLENCLIF_6_N001,32.798367,-116.498315,5.41422
GLENN_6_N024,39.77775522,-122.1426982,19.5403
GLENWOOD_6_N001,37.45733023092607,-122.186967,20.74475
GLENWOOD_6_N004,37.457248884522265,-122.18690783531744,20.74475
GLENWOOD_6_N005,37.457248884522265,-122.18702616468256,20.74475
GLRYCGG1_7_N001,37.12999999998655,-121.5600565514771,20.45494
GNSOLAR_7_N002,37.29462742,-120.4068538,18.63789
GOLDTREE_1_N001,35.32012199998752,-120.69284284611503,20.06442
GOLDTREE_1_N002,35.32012199998752,-120.69295315388497,20.06442
GONZALES_6_N001,36.50885299998702,-121.44685522795733,21.29147
GONZALES_6_N003,36.50885299998702,-121.44696677204267,21.29147
GORMAN_6_N001,34.8014,-118.818908,20.82285
GOSELKE_1_N001,35.601685759107795,-119.57954360648762,19.9596
GOSLKPV_7_N002,35.6015062407915,-119.57976439326474,19.9596
GOULD_2_N001,34.22145799998786,-118.18701737338756,20.48988
GOULD_2_N007,34.22145799998786,-118.18712662661244,20.48988
GRANDIS_1_N004,38.23108199998597,-121.59029758372996,20.13636
GRANDIS_1_N009,38.23108199998597,-121.59041241627003,20.13636
GRANITE_6_N001,32.804473,-116.92086,48.92601
GRANITE_6_N001A,38.991736,-122.932656,-5.82939
GRANITE_6_N007,32.804472999954854,-116.9207534473782,48.92601
GRANITE_6_N008,32.80438343993102,-116.92086,48.92601
GRANITE_6_N009,32.804472999954854,-116.92096655262179,48.94656
GRANTRK_6_N001,37.671029436181016,-122.16000174541144,21.51551
GRANT_1_N001,37.67084856370894,-122.16000174568991,20.69131
GRANT_1_N005,37.67084856370894,-122.1602302543101,20.69131
GRAPEVNE_6_N001,34.918551316390584,-118.9261908,18.18352
GRBRVLLE_6_N001,40.10263,-123.792873,12.95404
GRDNEAST_1_N101,36.47999999998696,-119.60994425959105,20.82148
GRDNEAST_1_N102,36.47999999998696,-119.61005574040897,20.82148
GRDNWEST_1_N001,36.59,-119.57,20.8112
GREATLKS_6_N001,34.837385,-118.155457,20.25351
GREENBRE_6_N001,37.93780399998614,-122.51415869769995,23.9995
GREENBRE_6_N003,37.93780399998614,-122.51427330230004,23.9995
GRIDLEY_6_N001,39.37056399998568,-121.68786108759652,19.98837
GRIMWAY_1_N001,35.27,-118.87,20.31106
GRIMWAY_1_N005,35.25186,-118.85304,20.31106
GRIZZLY_7_N001,39.88138889,-120.475,23.93931
GRMWYSM_6_N001,35.2239,-118.88,36.05
GRNTHLL_1_N001,32.80456256006898,-116.92086,20.85368
GRNTHLL_1_N004,32.71264846,-117.1308522,20.85368
GRNTVRNL_1_LN001,37.78999999998617,-121.35994278512781,20.02948
GRNVALY_1_N001,36.952139010813255,-121.76018,21.14143
GRNVALY_1_N011,36.95205799457908,-121.76012146857028,21.14143
GRONMYER_6_N001,37.83113721,-121.2650279,20.36245
GROUSCRK_6_N001,40.714128659984695,-123.52841395247704,21.73543
GROYPKR_1_N005,36.99972222,-121.5372222,20.45288
GRSSVLY_6_N101,39.209514,-121.061004,20.08703
GRYSFLT_6_N001,40.021612,-121.065532,18.31325
GUERSEY_7_B1,36.2263445,-119.6552318,19.87327
GUSTINE_6_N001,37.253223999986524,-121.01302629664288,21.24214
GUSTINE_6_N002,37.253223999986524,-121.01313970335713,21.24214
GYSR78TP_1_N005,38.8149,-122.80141,2.39045
GYSRVLLE_6_N001,38.70981887157317,-122.907957,36.87677
GYSRVLLE_6_N003,38.70973806419826,-122.90789721183104,36.87677
HAAS_7_N002,36.927364,-119.020827,20.64021
HALEJ1_1_LN001,38.236289999986035,-122.0968525822554,19.92466
HALEJ2_1_LN001,38.236289999986035,-122.09696741774461,19.92877
HALLSFLT_6_N001,40.74904096,-121.2802498,18.81887
HALSEYF_7_N001,38.90131699998584,-121.08772559737287,20.36245
HAMAKER_LNODE58,42.12992,-121.93569,22.59528
HAMILBR_7_N001,40.26940801,-121.087813,18.61128
HAMILTON_6_N001,39.746242,-122.011361,20.02742
HAMLIN_1_N009,40.38719215759148,-123.045061,20.23913
HAMMER_6_N001,38.02138220754234,-121.320367,20.2864
HAMMER_6_N003,38.02130089621381,-121.32030740848892,20.2864
HAMMER_6_N004,38.02130089621381,-121.32042659151108,20.2864
HAMMONDS_1_N001,36.72011,-120.603287,19.77256
HARDING_6_N001,37.96379937479765,-121.2904483692276,20.08292
HARDING_6_N004,37.96361862509118,-121.29044836950978,20.08292
HARDWICK_6_N001,36.40426099998707,-119.68618433896405,21.04799
HARRIS_6_N001,40.78104299998464,-124.13194328500423,19.50103
HARRIS_6_N003,40.78104299998464,-124.13206271499577,19.50103
HARTER_6_N001,39.14325399998575,-121.6480072716394,20.10964
HARTER_6_N003,39.14325399998575,-121.6481227283606,20.10964
HARTLEY_6_N001,39.07726799998581,-122.93226431359712,-3.0646
HARTLEY_6_N004,39.07726799998581,-122.93237968640288,-3.0646
HATCRK1_6_N001,40.92932834,-121.5442871,18.85998
HATTON_6_N001,36.55679,-121.897162,20.95028
HAYFORK_6_N001,40.5509943,-123.1636433,20.21241
HEADGATE_6_N001,39.789288,-122.051452,19.8445
HELDSBRG_6_N001,38.609849999985855,-122.85613249467578,36.8521
HELDSBRG_6_N009,38.609849999985855,-122.85624750532422,36.8521
HELIJET_6_N001,34.611921,-118.114817,20.82902
HENLEY_LNODE80,42.12639,-121.70361,22.56584
HENRITTA_6_LN001,36.242062000433485,-119.9028169053977,19.8075
HENRITTA_6_N101,36.24160599998715,-119.9029965105001,19.8075
HERDLYN_6_N001,37.816383,-121.586176,19.66157
HICKS_2_N001,37.234159254320986,-121.90015163922017,20.22885
HICKS_2_N002,37.23397874557105,-121.9001516394916,20.22885
HICKS_2_N007,37.23397874557105,-121.90037836050841,20.22885
HICKS_2_N013,37.23361368,-121.900946,20.22885
HIDEDCT1_7_N001,34.145342194461776,-116.18586145105628,20.45905
HIDEDCT2_7_N002,34.145263999951744,-116.18580690221354,20.45905
HIDEDCT3_7_N001,34.14518580551402,-116.18586145115727,20.45905
HIDEDST1_7_N001,34.14518580551402,-116.18597054884273,20.45905
HIDESERT_2_N001,34.145263999951744,-116.18602509778646,20.45905
HIDESERT_2_N018,34.145342194461776,-116.18597054894371,20.45905
HIGGINS_1_N001,39.043590575891166,-121.09071766620363,19.86916
HIGGINS_1_N002,39.04341142399536,-121.0907176664961,19.86916
HIGGINS_1_N004,39.04341142399536,-121.09094833350389,19.86916
HIGHLD_1_N001,38.93741777608508,-122.609034,6.79715
HIGHLD_1_N005,38.937337111942234,-122.60909387327588,6.79715
HIGHWAY_1_N001,38.166048151820924,-122.253616,23.95839
HIGHWAY_1_N002,38.16596692407439,-122.25355635179834,23.95839
HILLSDLE_6_N001,37.536271,-122.322394,20.6132
HILLSIDE_1_N001,37.879999999986126,-122.23994272916374,23.93726
HILLSIDE_1_N004,37.879999999986126,-122.24005727083625,23.93726
HINDSP1_7_B1,33.70558595384776,-115.62686,20.44261
HINDSP2_7_B1,33.70550502306335,-115.6268038329638,20.4385
HLFMNBY_6_N002,37.46874323375435,-122.43018,20.67281
HLFMNBY_6_N004,37.46866188310803,-122.43012082319957,20.67281
HLFMNBY_6_N101,37.46866188310803,-122.43023917680043,20.67281
HMBLTBY_6_N003,40.78280899998469,-124.11247771670773,19.45581
HNTRSPT_1_LN001,37.432819999986364,-122.20268309414536,20.83518
HNTRSPT_1_LN002,37.432819999986364,-122.20279690585465,20.83518
HOBARTTP_LNODE19,39.400047,-120.149888,20.16308
HOLLISTR_1_N001,36.86276493702428,-121.40575458914812,21.04894
HOLLISTR_1_N004,36.86258506286991,-121.40575458941272,21.014
HOLLISTR_1_N101,36.86258506286991,-121.40597941058728,21.04894
HOMEGRND_1_N001,38.96,-122.84,6.23755
HOMEPROC_1_N001,38.94,-122.85,6.23344
HOMESTEA_6_N001,37.339076114186454,-121.9785324215764,20.7838
HOMESTEA_6_N002,37.339076114186454,-121.9786460284236,20.7838
HONCUT_1_N001,39.320099,-121.595289,19.62046
HOOPA_6_N001,41.05656823719006,-123.682252,23.50098
HORNET_LNODE45,42.18083,-121.69917,22.74018
HORSESHE_1_N001,38.744281999985915,-121.16156545871566,20.18774
HORSESHE_1_N002,38.744281999985915,-121.16168054128434,20.18774
HPLNDJT_6_N001,38.972898,-123.081134,-10.36969
HSK_LA_LNODEKSS,34.487,-118.514,20.62965
HURON_6_N001,36.185797,-120.104535,19.79106
HYATT_2_N212,39.54,-121.47,19.10251
HYMPOMJT_6_N005,40.714128659984695,-123.52853324752296,21.65527
IBM-CTLE_1_N001,37.33,-121.74,20.17747
IBM-HRRS_1_N001,37.339999999986375,-121.73994319553019,20.14869
IBM-HRRS_1_N101,37.339999999986375,-121.74005680446982,20.14869
IGNACIO_1_N102,38.07555099998604,-122.54000436436782,23.5391
IMHOFF_1_N001,38.001509,-122.066739,21.58289
INDACRE_6_N001,36.66380742,-121.6285783,21.03044
INDIANW_1_N001,33.75822999998817,-116.36079489140164,20.65636
INDIANW_1_N005,33.75822999998817,-116.36090310859835,20.65636
INDNFLT_6_N001,37.66547,-119.841331,16.82555
INERGY_1_N004,38.277196,-120.91392,20.1713
INGRMC_1_N001,37.83,-121.17,20.15897
INTAKE_2_N029,37.874784,-119.96485,19.34801
INTERNAT_LNODELD,41.432568,-122.38296,23.24053
INYOKERN_1_N001,35.65261399998741,-117.79478579202693,20.06648
INYOKERN_1_N008,35.65261399998741,-117.79489620797307,20.06648
IRONMTN_2_N001,34.16,-115.12,20.34601
ISIS_7_N001,35.730738649654164,-119.8581481,19.88766
IUKA_6_N001,37.665987,-121.831011,20.23091
JACALITO_6_N001,36.13088733,-120.2451912,19.84039
JACINTO_6_N001,39.582923,-122.010645,20.22268
JAMACHA_6_N001,32.744163749547276,-116.957239,24.2749
JAMACHA_6_N006,32.74408312521416,-116.95718365728564,24.2749
JAMACHA_6_N015,32.74408312521416,-116.95729434271436,24.2749
JAMESON_1_N001,38.205742999986015,-122.14748159111618,20.00893
JAMESON_1_N009,38.205742999986015,-122.14759640888383,20.00893
JANSCRK_6_N001,40.905394259900845,-124.072573,19.4887
JANSCRK_6_N003,40.90531287003298,-124.0725108262728,19.4887
JARVIS_1_N014,37.59572442721241,-122.01803387245575,20.58854
JARVIS_1_N016,37.595543572677634,-122.01803387273313,20.58854
JARVIS_1_N017,37.595543572677634,-122.01826212726687,20.58854
JARVIS_1_N101,37.59572442721241,-122.01826212754425,20.58854
JCBSCRNR_6_N001,36.22245499998718,-119.77977650530629,19.83422
JCBSCRNR_6_N003,36.22245499998718,-119.77988749469371,19.83422
JENNINGS_6_N001,37.334271,-121.85472,20.59881
JENNY_1_N001,37.769999999986226,-122.25994279875593,19.6176
JENNY_1_N008,37.769999999986226,-122.26005720124407,19.6176
JESSUP_1_N001,40.462102,-122.328061,19.29161
JHINDS_2_LN001,33.70550502306335,-115.6269161670362,20.45083
JMSCNPMP_1_N001,38.19,-122.47,23.72408
JM_6_N001,37.904891469986154,-121.2608287848027,20.15486
JOHANNA_2_N001,33.713623958185146,-117.852576,20.92767
JOHANNA_2_N007,33.713543020894754,-117.85251982319095,20.92767
JOHANNA_2_N018,33.715239,-117.85065,20.92767
JOLON_6_N001,36.013308,-121.167635,20.50016
JOLON_6_N002,36.01330796,-121.1676346,20.50016
JULIETTE_6_N001,37.38658075858639,-121.96739834670504,20.86601
JULIETTE_6_N002,37.38658075858639,-121.96751205929496,20.86601
KAMM_1_N001,36.58,-120.52,19.76639
KANAKA_1_N001,39.439999999985574,-121.38994201903363,19.52797
KANSASGN_7_N001,36.225745,-119.833214,19.81983
KCTYTAP_6_N005,36.216923999948776,-121.12668201958728,20.32545
KEARNEY_6_N001,36.704357999986875,-119.88278399673257,20.05209
KEARNEY_6_N099,36.704357999986875,-119.88289600326743,20.05209
KEARNEY_7_N001,32.832849999988746,-117.13199871171014,23.84494
KEARNEY_7_N003,32.832849999988746,-117.13210528828985,23.90865
KEARNY_6_N036,36.70565475,-119.882824,23.9251
KELLEY_6_N001,35.02051773995017,-119.06278930970205,18.67613
KELSO2_7_N002,37.79764337690692,-121.60153328004418,19.91027
KELSO3_7_N002,37.797721689944616,-121.60170494003297,19.91027
KELSO_2_N001,37.79780000306528,-121.60153327992285,19.91027
KENNETH_6_N001,37.37577868678644,-121.95416877755858,20.76324
KENNETH_6_N002,37.37577868678644,-121.95428246644141,20.76324
KERCK1G1_7_N001,37.09232,-119.55255,23.50889
KERMAN_6_N001,36.69205999998684,-120.05918901200307,20.17541
KERMAN_6_N002,36.69205999998684,-120.05930098799692,20.17541
KERNFRT_1_N001,35.55961,-118.9574,20.67075
KERNOIL_1_N001,35.440763937109985,-119.02067,20.37684
KERNOIL_1_N012,35.440683031431455,-119.02061266604316,20.37684
KERNOIL_1_N031,35.440683031431455,-119.02072733395684,20.37684
KERNPWR_1_N002,35.37980096994444,-119.097984,20.20624
KERNPWR_1_N201,35.37972001501422,-119.09792667452027,20.20624
KERNRDGE_1_N001,35.48320899998747,-119.76358482417542,20.04387
KERNRVR_6_N014,35.460194,-118.779714,17.69048
KERNRV_1_N001,35.37972001501422,-119.09804132547973,20.383
KERNWATR_1_N001,35.400666,-119.035603,20.24118
KESWICK_6_N001,40.623725,-122.462027,19.5177
KETTLEMN_6_N001,36.044075,-120.112696,19.81161
KETTNER_6_N001,32.733172,-117.173774,21.0325
KIFER_1_N022,37.37651928180129,-121.950950484,20.70364
KIFER_6_N001,37.37643797068464,-121.95089140875906,20.70364
KIFER_6_N020,37.37643797068464,-121.95100955924093,20.70364
KINGCTY_6_N001,36.21683446257632,-121.126793,20.44672
KINGCTY_6_N002,36.216923999948776,-121.12690398041272,20.44672
KINGCTY_6_N005,36.21701353742374,-121.12679299999999,20.44672
KINGSBRG_1_N001,36.48869063297857,-119.58234525016937,20.79518
KINGSBRG_1_N008,36.48861299994815,-119.58228950045047,20.79518
KIRKER_1_N001,38.0212542075842,-121.905844,20.82285
KIRKER_1_N005,38.02117289619287,-121.90578440854696,20.82285
KIRKER_1_N006,38.02117289619287,-121.90590359145303,20.82285
KMPUD_7_N001,38.49628,-120.22056,19.93699
KNGHTSLD_1_N001,38.809281,-121.74515,20.13636
KONOCTI6_6_N001,38.9325,-122.741085,-1.35638
KONOCTI6_6_N0027,38.93235913,-122.741004,-1.35638
KRAMER_1_N001,34.989052,-117.542205,21.82173
KRAMER_1_N203,34.989051999950256,-117.54209480549595,21.82173
KYOCERA_6_N001,32.81977599998868,-117.14030871733348,24.01798
KYOHO_1_LN001,37.94059,-121.2209,19.94727
LAFRESA_6_N001,33.86979104273171,-118.33319,20.7468
LAFRESA_6_N007,33.869709978621295,-118.33324636755688,20.7468
LAFRESA_6_N008,33.869994999988144,-118.33211475997378,20.7468
LAGUBELL_6_N001,33.975996097823064,-118.14794,20.55976
LAGUBELL_6_N210,33.97591495107552,-118.14799649540468,20.55976
LAGUNATP_6_N001,36.748942999986895,-121.60530194075191,28.32854
LAGUNITS_6_N001,36.748942999986895,-121.60541405924809,21.38396
LAJOLLA_6_N001,32.840121999988746,-117.27517670850455,21.04894
LAJOLLA_6_N007,32.840121999988746,-117.27528329149546,21.04894
LAKEVIEW_6_N101,35.093678,-119.10139,18.54253
LAKEVIEW_7_N002,35.094169439987525,-119.10097282025002,18.54253
LAKEVLLE_1_N001,38.25150499998603,-122.58063457802776,23.75961
LAKEVLLE_1_N028,38.25150499998603,-122.58074942197224,23.75961
LAKEWOOD_1_N001,37.909008286572075,-122.05701271293042,20.39122
LAKEWOOD_1_N003,37.90892999994441,-122.05695542598274,20.39122
LAKEWOOD_1_N004,37.90885171340006,-122.05701271305232,20.39122
LAKEWOOD_1_N006,37.90885171340006,-122.05712728694768,20.39122
LAKEWOOD_1_N007,37.90892999994441,-122.05718457401727,20.39122
LAKEWOOD_1_N009,37.909008286572075,-122.05712728706959,20.39122
LAMBIE_2_N010,38.24129880476015,-121.85488516179335,19.64102
LAMMERS_1_N001,37.71301203998621,-121.47801334000889,20.37478
LAMMERS_1_N004,37.71301203998621,-121.47812765999112,20.37478
LAMONT_1_N001,35.296667999987505,-118.86162984910735,20.3049
LAMONT_1_N002,35.296667999987505,-118.86174015089266,20.3049
LANCSTR_6_N002,34.700364,-118.145694,20.70775
LANCSTR_6_N030,34.700363999950625,-118.14558402054884,20.70775
LANPRI_6_N001,34.6907,-118.2286,20.45699
LAPLMG1_7_N001,35.29516599994997,-119.59192469860037,19.96165
LAPLMG2_7_N001,35.2950123151544,-119.59200269352937,19.96165
LAPLMG3_7_N001,35.29502827228419,-119.59221488028864,19.96165
LAPLMG4_7_N001,35.29517901313358,-119.59232639423358,19.96165
LARKIN12_7_LN001,37.78374425828556,-122.41688,20.90917
LARKIN12_7_LN002,37.78366287084234,-122.41682054500156,20.90917
LARKIN12_7_LN003,37.78366287084234,-122.41693945499844,20.90917
LASPALMS_1_N001,36.8,-119.69,21.03399
LASPLGS_6_N004,37.4629,-122.22787,20.64198
LASSEN_6_N001,40.29727611652984,-121.017222,17.86313
LASSEN_LNODE69LDT2,40.29719494171887,-121.01728344786935,23.53486
LAURELES_6_N001,36.47781599998705,-121.7268922619553,22.30682
LAWRENCE_1_N001,37.397207,-122.010126,20.51866
LAWRENCE_1_N003,37.39720699994556,-122.01001226428907,20.51866
LAWRENCE_1_N004,37.39711664332103,-122.010126,20.51866
LCIENEGA_6_N001,34.000751,-118.378408,20.81463
LEBECCT1_7_N100,34.860298459987625,-118.87914364154324,20.76324
LEBECCT4_7_N001,34.860298459987625,-118.87925375845677,20.76324
LEBEC_6_N001,34.918641639950344,-118.92630095535362,18.22052
LEGRAND_1_N001,37.184411999986544,-120.27340638043835,15.57768
LEMOORE_6_N002,36.30998799998711,-119.79822042969916,20.05003
LEMOORE_6_N101,36.30998799998711,-119.79833157030085,20.05003
LEPRINO_1_N001,37.74847431877933,-121.41570281391134,20.33984
LEPRINO_6_N001,36.30394418,-119.7910893,20.04387
LEPRNOFD_1_N001,37.75612622998619,-121.41677160846817,19.89588
LERDO_1_N001,35.50010399998744,-119.15188082156193,20.35423
LERDO_1_N004,35.50010399998744,-119.15199117843807,20.35423
LEWISTON_7_N001,40.71097396998468,-122.8083782557821,20.04181
LIDSUB_6_N002,37.7929,-121.25468,20.37889
LILAC_6_N001,33.25331275588066,-117.085857,21.1291
LILAC_6_N010,33.25323212204728,-117.08580133044258,21.1291
LIMESTNE_6_N001,38.63377399998596,-120.97960448884528,20.21857
LINCLN_1_N001,38.900649968978726,-121.2943206,20.07059
LINCLN_1_N002,38.900569285495344,-121.29426074339143,20.07059
LINCLN_1_N003,38.900569285495344,-121.29438045660856,20.07059
LINDEN_6_N101,38.016891,-121.095875,20.52277
LIPTON_6_N001,37.96812171,-121.2686307,20.02537
LITEHIPE_6_N001,33.880337222508835,-118.17514521979062,20.67486
LITEHIPE_6_N008,33.8803531892646,-118.17535395009901,20.67486
LITTLERK_6_N001,34.61574431803345,-117.96799894292494,20.96672
LITTLESH_LNODELD1,41.70174123,-122.3696599,22.76961
LIVEOAK_7_N004,39.27706530086978,-121.66044040216873,20.09525
LIVEOAK_7_N005,39.27706530086978,-121.66056059783126,20.09525
LIVERMRE_6_N001,37.68013099998621,-121.78059286544908,20.20213
LIVERMRE_6_N003,37.68013099998621,-121.78070713455092,20.20213
LIVNGSTN_6_N001,37.363379203022006,-120.760425,19.9226
LKHODG1_7_N001,33.05882516998864,-117.1191503852145,20.99755
LKHODG2_7_N001,33.05882516998864,-117.1192572147855,20.99755
LLAGAS_1_N001,37.006958040367174,-121.557391,20.44466
LLAGAS_1_N003,37.00687697980194,-121.55733239433584,20.44466
LLAGAS_1_N005,37.00687697980194,-121.55744960566416,20.44466
LMBIGENT_2_N003,38.24129880476015,-121.85511483820666,19.63896
LMBIGENT_2_N004,38.241479195127894,-121.8551148384916,19.63896
LMEC1_1_LN001,38.02990999998608,-121.87238265430828,20.79407
LMEC1_1_LN002,38.02990999998608,-121.87249734569171,20.79407
LMEC1_1_N001,38.030625,-121.896783,20.79407
LMEC1_1_N101,38.03062499994427,-121.89666830800388,20.79407
LMEC1_1_N601,38.0305346591732,-121.89666830814532,20.79407
LMEC1_1_N801,38.03047077865233,-121.89674940756281,20.79407
LMECCT1_7_N001,38.0304867914731,-121.89697004046927,20.79407
LMECCT2_7_N001,38.03063805852326,-121.89708599331652,20.79407
LMECST1_7_N001,38.03081089924409,-121.89703337694175,20.79407
LMPC-CTY_1_N001,34.6,-120.39,19.84244
LNGBATGN_7_CN3,34.87463734866425,-117.06458087304199,18.15707
LOCKFORD_7_N001,38.11750173998603,-121.16091171996122,19.91027
LOCKFORD_7_N002,38.11750173998603,-121.16102648003877,19.91027
LOCKHD1_1_N001,37.409054,-122.03213,20.52482
LOCKHD1_1_N025,37.409444439986395,-122.03160981895633,20.52482
LOCKHD1_1_N026,37.409444439986395,-122.03172358104366,20.52482
LOCKHD2_1_N001,37.416224,-122.030655,20.53921
LOCKHD2_1_N004,37.416039999986346,-122.0307831119047,20.53921
LOCKHD2_1_N005,37.416039999986346,-122.0308968880953,20.53921
LODICITY_6_N001,38.14609999998607,-121.29970261003638,20.36656
LODICTG_7_N001,38.08821999998609,-121.38773263075427,20.08703
LODISTG_7_N001,38.08821999998609,-121.38784736924572,20.08703
LODI_6_N001,38.13725762,-121.2611817,20.31929
LOGANCR_2_N001,39.53955399998549,-122.26277291112409,19.52386
LOGANCR_2_N010,39.53955399998549,-122.26288908887592,19.52386
LONESTAR_1_N001,37.511676999986356,-122.20756301431467,20.66253
LONETREE_2_N001,37.94596225998609,-121.7592030935301,19.98837
LONETREE_2_N014,37.94596225998609,-121.7593177064699,19.98837
LOR-BOR_6_N001,35.12346799998752,-118.3795938744299,19.8856
LOSALTS_6_N004,37.3939352129738,-122.114735,20.57826
LOSALTS_6_N005,37.393853893498445,-122.11467590496156,20.57826
LOSALTS_6_N101,37.393853893498445,-122.11479409503845,20.57826
LOSCCHS_6_N001,32.859853544801766,-116.89915639902401,20.383
LOSCOCHS_6_N001,32.85967445510792,-116.89915639923925,4.27966
LOSCOCHS_6_N034,32.85967445510792,-116.89936960076076,4.27966
LOSCOCHS_6_N050,32.859853544801766,-116.89936960097599,4.27966
LOSGATS_6_N002,37.226423999986494,-121.97722832893687,20.6317
LOSGATS_6_N201,37.226423999986494,-121.97734167106313,20.6317
LOSOSTS_6_N001,36.29386399998714,-121.20001444426723,20.45288
LOSOSTS_6_N005,36.29386399998714,-121.20012555573277,20.45288
LOUISE_6_N001,37.80828999998619,-121.28789277304821,20.3645
LOUISE_6_N002,37.80828999998619,-121.28800722695179,20.3645
LOVELAND_6_N001,32.796957,-116.792258,4.62907
LOWGAP_7_N001,40.4327289999849,-123.47220368717633,21.01811
LOYALTON_LNODETY,39.6680639999855,-120.24305624345052,20.1713
LOYOLA_6_N001,37.360660999986344,-122.09993417231678,20.47755
LOYOLA_6_N004,37.360660999986344,-122.10004782768323,20.47755
LPFBSP_6_N001,40.805696069984606,-124.19312956142899,19.31421
LPFBSP_6_N003,40.805696069984606,-124.19324903857101,19.31421
LPFLKBD_6_N001,40.90531287003298,-124.07263517372719,19.49075
LPSAMOA_7_N001,40.81999999998456,-124.18466224807065,19.67779
LSGLLNS_1_N001,38.022339207228725,-122.537978,23.61103
LSGLLNS_1_N002,38.0222578963706,-122.53791840805536,23.61103
LSGLLNS_1_N003,38.0222578963706,-122.53803759194464,23.61103
LSMOLNO_6_N001,40.0343042,-122.0961261,20.40561
LSNAPCC_6_N001,39.48083299998553,-121.5622800238927,19.55469
LSPSTAS_2_N001,37.700982436898656,-121.73360569835381,20.22474
LSPSTAS_2_N002,37.70080156299109,-121.73360569863272,20.22268
LSPSTAS_2_N010,37.70080156299109,-121.7338343013673,20.22268
LSPSTAS_2_N011,37.700982436898656,-121.73383430164618,20.22268
LSTHLLS_6_N001,35.785755,-119.866138,19.90616
LTHRNECK_1_N001,34.244997,-116.097688,21.12293
LUCERNE_1_N001,39.110189,-122.81298,6.5888
LUCERNE_1_N004,39.11,-122.81,6.5888
LUCERNE_LNODELD,41.60361,-122.5225,23.19072
LUIS#3_1_N001,36.65,-120.73,19.7705
LUIS#5_1_N001,36.72,-120.75,19.77256
LVNGSTN_7_N002,37.36329789847426,-120.76036593987695,18.93017
LYOTH-SP_6_N001,37.721862,-121.390858,20.42205
LYTNVLLE_6_N001,39.684962,-123.476979,6.01513
MABURY_1_N001,37.36089599998639,-121.86395517205479,20.61937
MABURY_6_N001,37.36089599998639,-121.86406882794522,20.58032
MACDOEL_LNODE20,41.83166999998427,-122.00465973878569,22.77187
MACDOEL_LNODE45,41.83166999998427,-122.00478026121432,22.77187
MADERA_6_N001,36.92341899520925,-120.05546,20.21241
MADERA_6_N004,36.92333800238109,-120.0554015075286,20.21241
MADERA_6_N014,36.92333800238109,-120.05551849247139,20.21241
MADISON_1_N001,38.67077606834178,-121.96902265870808,19.78284
MADISON_1_N002,38.67059643154549,-121.96902265899675,19.78284
MADISON_1_N201,38.67059643154549,-121.96925274100325,19.78284
MADISON_LNODE1,38.67077606834178,-121.96925274129191,24.09118
MAGUNDEN_1_N002,35.362158999949884,-118.92356668154515,20.42616
MAGUNDN_7_N003,35.36224896582562,-118.923677,20.42616
MAINE-PR_6_N001,38.385820999985995,-121.77582145519017,19.87738
MALAGA_1_N001,36.69415479048744,-119.72474601890697,21.04919
MALAGA_1_N004,36.69397520940774,-119.72474601916853,21.04919
MALAGA_1_N005,36.69397520940774,-119.72496998083147,21.04919
MALAGA_1_N206,36.69415479048744,-119.72496998109303,21.04919
MALIN_BP_LNODESS1,42.00672199998421,-121.3173266616812,20.55771
MALIN_BP_LNODESS2,42.00672199998421,-121.3174473383188,20.55771
MANCHSTR_1_N001,36.78803392229639,-119.787488,20.9103
MANCHSTR_1_N002,36.787953038837564,-119.78742968988867,20.9103
MANCHSTR_1_N005,36.787953038837564,-119.78754631011132,20.9103
MANTECA_1_N001,37.80151542742815,-121.22356755493873,20.36861
MANTECA_1_N002,37.80133457246114,-121.22356755521895,20.36861
MANTECA_1_N012,37.80133457246114,-121.22379644478104,20.36861
MANTECA_1_N013,37.80151542742815,-121.22379644506127,20.36861
MARASCHI_1_N007,33.925822999988064,-116.98759669491432,20.2864
MARASCHI_1_N008,33.925822999988064,-116.98770530508568,20.2864
MARBLE_6_N001,39.756979,-120.370813,17.51578
MARGARTA_1_N001,33.55007578845692,-117.62798626281774,20.96672
MARGARTA_1_N002,33.54989621144975,-117.62798626304166,20.96672
MARGARTA_1_N008,33.54989621144975,-117.62820173695833,20.96672
MARGARTA_1_N009,33.55007578845692,-117.62820173718225,20.96672
MARICOPA_6_N001,35.107547,-119.398151,19.90821
MARIPOS2_6_N001,37.50445799998627,-120.00773602136582,16.41448
MARIPOS2_6_N003,37.50445799998627,-120.00784997863418,16.41448
MARTELL_6_N001,38.369191999986,-120.79669245138386,20.17952
MARTINC_1_LN001,37.70315322,-122.4100259,20.81463
MARTINC_1_N715,37.70315321994476,-122.40991159502157,20.81463
MARTINEZ_1_N001,38.02,-122.16,21.75089
MATHEW_6_N001,37.36308950618645,-121.94580757661163,20.82902
MATHEW_6_N002,37.36308950618645,-121.94592123738838,20.82902
MAXWELL_6_N001,39.276849999985735,-122.15338217101461,16.26427
MAXWELL_6_N002,39.276849999985735,-122.15349782898538,16.26427
MCARTHR_6_N001,41.05270199998445,-121.40878106361407,19.16212
MCCALL_1_N026,36.61141783540495,-119.639697,20.83298
MCCALL_1_N030,36.61133708228342,-119.63963891745578,20.83298
MCDISLE_6_N001,37.93693288402067,-121.52832945017714,20.28229
MCFRLND_6_N001,35.688444,-119.276835,20.76729
MCFRLND_6_N005,35.688562,-119.2768536,20.76729
MCKEE_1_N001,37.366407204044364,-121.843789,20.56593
MCKEE_1_N005,37.36632589796316,-121.84372993637959,20.56593
MCKEE_1_N101,37.36632589796316,-121.84384806362041,20.56593
MCKTTRCK_6_N002,35.29667268,-119.6264732,20.16719
MCMULLN1_2_N001,36.592774999986986,-119.98900913200528,19.91232
MCSP_6_B1,38.37381143,-120.9575949,20.42411
MDLRIVR_6_N001,37.93693288402067,-121.52844854982285,20.19596
MDWYPS_6_N001,35.402824999987416,-119.45497183549746,20.16102
MECCTG1_7_N100,37.239909741275135,-121.77988662517618,20.10553
MECCTG2_7_N100,37.2400902586168,-121.78011337509535,20.10553
MEDWLNE_1_N001,37.963141225082815,-122.052361,20.41383
MEDWLNE_1_N002,37.963059887443606,-122.05230143651556,20.41383
MEDWLNE_1_N006,37.963059887443606,-122.05242056348443,20.41383
MELROSE_6_N001,33.206548572782346,-117.25290847235439,21.0325
MELROSE_6_N004,33.206470999954156,-117.25285494480366,21.0325
MELROSE_6_N005,33.20639342719472,-117.25290847244926,21.0325
MELROSE_6_N009,33.20639342719472,-117.25301552755073,21.0325
MENLO_6_N001,37.4330313740754,-122.20260718789906,20.77147
MENLO_6_N002,37.43285062581547,-122.2026071881739,20.77147
MENLO_6_N003,37.43285062581547,-122.2028348118261,20.77147
MENLO_6_N004,37.4330313740754,-122.20283481210093,20.77147
MERCEDFL_7_N001,37.27291118626306,-120.48680827325609,15.91497
MERCED_1_N001,37.27275481370981,-120.48680827337391,18.71683
MERCED_1_N002,37.27275481370981,-120.48692172662608,18.71888
MERIDIAN_6_N101,37.225299,-121.744182,16.42253
MERRILLO_LNODE41,42.02667,-121.60167,22.57264
MESACAL_6_N001,34.03750812767229,-118.109265,20.47344
MESAHGTS_6_LN001,32.82957476998875,-117.1572094131357,24.1232
MESAHGTS_6_N001,32.829628731503114,-117.157263,24.11498
MESAHGTS_6_N007,32.82954813423625,-117.15720762268285,24.11498
MESAPGE_2_LN001,35.008542999987604,-120.45319710203701,19.90616
MESARIM_6_N001,32.90489828995473,-117.17294705491136,21.0325
MESARIM_6_N007,32.90480875361772,-117.1730537,21.0325
MESARIM_6_N008,32.90489828995473,-117.17316034508863,21.0325
MESARIM_6_N012,32.904987826382325,-117.1730537,21.0325
METCALF_1_N018,37.22435199998651,-121.74197733145253,20.14869
METTLER_6_N001,38.078067,-121.2867,20.22063
MI-WUK_1_N001,38.052745,-120.217268,18.06661
MIDDLTWN_6_N002,38.7527889999859,-122.60852945612646,-0.30403
MIDDLTWN_6_N101,38.7527889999859,-122.60864454387354,-0.30403
MIDWAY_1_N085,35.40411,-119.4531,19.9596
MILLBRAE_1_N001,37.605189,-122.391045,20.73241
MILLBRAE_1_N004,37.60518899994505,-122.39093085578821,20.73241
MILLBRAE_1_N201,37.60518899994505,-122.3911591442118,20.73241
MILLBRAE_6_N001,37.6052794289691,-122.391045,20.76735
MILLER_1_N001,37.81,-121.1,20.14458
MILPITAS_1_N001,37.415395,-121.888564,20.53921
MILPITAS_1_N003,37.41539499994551,-121.8884502251851,20.53921
MILPITAS_1_N005,37.41530463419468,-121.888564,20.53921
MILPITAS_1_N006,37.41539499994551,-121.88867777481491,20.53921
MIRABEL_6_N001,38.489406,-122.894261,27.97296
MIRALOMA_6_N001,34.00428099995215,-117.5650672101335,20.48783
MIRAMAR_6_N001,32.893993,-117.135636,21.03661
MIRAMAR_6_N004,32.89399299995472,-117.13552936600023,21.03661
MIRAMAR_6_N017,32.89390346190348,-117.135636,21.03661
MIRASNTO_6_N001,32.89263799998867,-117.20585868367998,21.00167
MIRASNTO_6_N002,32.89263799998867,-117.20596531632002,21.00167
MISSION_6_N001,32.784191999954906,-117.13741946348074,24.49475
MISSION_6_N002,37.395067928926814,-121.980225789,20.83929
MISSION_6_N003,37.39498660892182,-121.98016669268357,20.83929
MISSION_6_N004,37.39498660892182,-121.98028488531642,20.83929
MISSION_6_N031,32.784102432995425,-117.137419463588,24.49475
MISSION_6_N040,32.78403909963224,-117.13749479622959,24.49475
MISSION_6_N049,32.78402395366435,-117.13759979827648,24.49475
MISSION_6_N050,32.78405497532175,-117.13769974052362,24.49475
MISSION_6_N051,32.784120298199866,-117.13777262994303,24.49475
MISSION_6_N052,32.78420494674158,-117.13780744816847,24.49475
MISSION_6_N053,32.78429437993416,-117.13780162777863,24.49475
MISSION_6_N054,32.78437630697717,-117.13775857312064,24.49475
MISSION_6_N055,32.78444148293951,-117.1376854976022,24.49475
MISSION_6_N056,32.78448388657849,-117.13759165657059,24.49475
MISSION_6_N057,32.78450052951836,-117.1374869750709,24.49475
MISSIX_7_N006,37.777445158841985,-122.4138888,20.8619
MISSIX_7_N007,37.77736377056407,-122.41382934945827,20.8619
MISSIX_7_N008,37.77736377056407,-122.41394825054174,20.8619
MNDCTP_6_N001,39.251247,-123.196582,0.28272
MOCCASIN_1_N009,37.80945,-120.2992944,19.51358
MOCO_6_N001,35.09081798998752,-119.40707661961468,19.90616
MOFTFLD_1_N002,37.41,-122.04,20.5166
MOLINO_6_N002,38.42527299998595,-122.83215753598292,28.16822
MOLINO_6_N101,38.42527299998595,-122.83227246401708,28.16822
MONARCH_6_N001,37.96936628,-121.2802524,20.06442
MONDAVI_6_N001,38.15265177,-121.2454453,20.32134
MONOLITH_6_N029,34.92999999998754,-118.4199449189089,19.94316
MONOLITH_6_N101,34.92999999998754,-118.4200550810911,19.94316
MONROE_1_N001,38.45321800700051,-122.743668,25.77383
MONROE_1_N002,38.45313699648462,-122.74360827529611,25.78205
MONROE_1_N101,38.45313699648462,-122.74372772470389,25.78205
MONSRATE_6_N001,33.32908099998846,-117.23541536188321,21.13937
MONSRATE_6_N007,33.32908099998846,-117.23552263811678,21.13937
MONTAGUE_1_N001,37.40375521599691,-121.905675,20.68925
MONTAGUE_1_N006,37.403673891986756,-121.90561589392182,20.68925
MONTAGUE_1_N007,37.403673891986756,-121.90573410607819,20.68925
MONTCLLO_1_N008,38.48,-122.32,25.81551
MONTEREY_6_N001,36.59997083032819,-121.890341,20.93589
MONTEREY_6_N004,36.599890084821844,-121.8902829315514,20.93589
MONTEREY_6_NLD2,36.599890084821844,-121.8903990684486,20.93589
MONTERO_6_N001,38.47145299998595,-123.01207452586034,28.2566
MONTERO_6_N004,38.47145299998595,-123.01218947413966,28.2566
MOORPARK_2_LN001,34.28090422152374,-118.9034,20.59265
MOORPARK_6_N001,34.28245799998789,-118.90073231455499,20.59265
MOORPARK_6_N008,34.280822889225014,-118.90345682919472,20.59265
MORAGA_1_N001,37.848008,-122.160732,18.94756
MORGAN_1_N001,37.12745917114046,-121.65871690356438,19.98426
MORMON_6_N001,37.968746,-121.185898,20.39739
MOROHILL_6_N001,33.252187,-117.300305,21.09416
MORROBY_1_N001,35.373004,-120.855187,19.9411
MOSSLD_1_N001,36.804150842399494,-121.78373687034716,20.63992
MOSSLND6_7_ND001,36.80399515757413,-121.78384912953872,19.93904
MOSSLND7_7_ND001,36.804150842399494,-121.78384912965284,19.93904
MOTT_LNODE,41.262727,-122.270475,22.87375
MPLECRK_6_N001,40.767881,-123.87365,22.19788
MREIS-Q_1_N001,38.12,-122.33,24.00361
MREISQ_1_N007,38.08527778,-122.2572222,24.00361
MRGNHIL_1_N001,37.12727882875214,-121.65871690383386,20.36861
MRGNHIL_1_N004,37.12727882875214,-121.65894309616613,20.36861
MRGNHIL_1_N007,37.12745917114046,-121.65894309643562,20.36861
MRTSVAL_LNODE32,39.329538,-120.170031,20.16308
MRYSVLLE_6_N001,39.13944599998575,-121.58327227419691,20.30284
MRYSVLLE_6_N003,39.13944599998575,-121.58338772580308,20.30284
MSHR60V_6_N001,38.02156120748372,-121.280952,20.50838
MSHR60V_6_N006,38.021479896243086,-121.28089240840777,20.50838
MSHR60V_6_N014,38.021479896243086,-121.28101159159225,20.50838
MSSION_6_N069,32.78445725656559,-117.13728237663,24.49475
MTEDEN_1_N001,37.63264525976642,-122.10124,20.68308
MTEDEN_1_N005,37.632563870101905,-122.10118066447778,20.68308
MTEDEN_1_N009,37.632563870101905,-122.10129933552223,20.68308
MTNGATE_6_N001,40.73707229,-122.3226353,19.48892
MTNHOUSE_LNODE1KV,37.79428,-121.55964,20.52071
MTNPASS_1_N001,35.508179,-115.53125,19.92055
MTNQUAR_6_N001,38.914515,-121.015694,20.3234
MTVIEW_1_N001,34.07927114678052,-117.240376,20.46111
MTVIEW_1_N004,34.079189926596804,-117.24031938460595,20.46111
MTVIEW_1_N005,34.079189926596804,-117.24043261539406,20.46111
MURRAY_6_N001,32.79087756459772,-117.0229334582287,37.64027
MURRAY_6_N004,32.790698435312095,-117.02293345844329,37.64027
MURRAY_6_N005,32.790698435312095,-117.02314654155671,37.64027
MURRAY_6_N015,32.79087756459772,-117.0231465417713,37.64027
MUSLSLGH_6_N001,36.264507,-119.907357,19.81983
MUSTANG_6_N001,36.233512,-119.916993,20.31518
NAJ_6_N003,37.3852798303,-121.956589844,20.57621
NAPA_6_N002,38.295440220696214,-122.27852173277134,23.66885
NAPA_6_N004,38.29525991919176,-122.27875146694323,23.66885
NAPA_6_N005,38.295440220696214,-122.27875146722866,23.66885
NARROWS1_7_N001,33.13712344927391,-116.2943780565384,19.41904
NARROWS_6_N010,33.137302550634665,-116.29459194367982,17.21237
NAVY35R_1_N001,35.29,-119.45,19.95138
NAVYLAB_6_N101,36.58956249,-121.8638052,20.87834
NBRANCH_6_N001,38.199837,-120.719506,20.08703
NCMETER_1_N001,33.089572,-117.203236,20.95028
NCPA1GY1_7_N001,38.329999999986036,-122.63005744213352,23.21051
NCPA1GY2_7_N001,38.33999999998601,-122.64005744453604,23.21051
NCPA2GY1_7_N001,38.34999999998599,-122.65005744690819,24.87079
NCPA2GY2_7_N001,38.329999999986036,-122.68005744213352,24.87079
NDUBLIN_2_N002,37.86,-121.88,20.15691
NDUNSMUI_LNODE7,41.2207989999844,-122.27643096616978,22.85564
NDUNSMUI_LNODE9,41.2207989999844,-122.27655103383022,22.85564
NEENACH_6_N001,34.312325230055876,-118.481634,20.32956
NEWARKD_1_N001,37.50049924095103,-121.987091,20.45699
NEWARKD_1_N012,37.500417879509776,-121.98703179018516,20.45699
NEWBURG_6_N001,40.59455299998477,-124.13512748525541,18.95398
NEWBURG_6_N003,40.59455299998477,-124.13524651474458,18.95398
NEWELL_LNODE90,41.888139999984205,-121.37832971620207,22.49792
NEWHALL_1_N001,36.86718099998678,-120.32825478878492,15.13578
NEWHALL_1_N002,36.86718099998678,-120.32836721121508,15.13578
NEWHOPE_6_N001,38.22560899,-121.4738136,20.45083
NEWMAN_6_B2,37.31543099998646,-121.01505122358405,20.90506
NEWMAN_6_N001,37.31543099998646,-121.01516477641594,20.90506
NORCO_1_N001,35.28535,-119.308893,20.1713
NORD1_1_N001,39.759998999985385,-121.90689363690683,19.49509
NORD1_1_N003,39.759998999985385,-121.90701036309318,19.49509
NORTECH_1_N001,37.46,-121.76,20.61526
NORTECH_1_N008,37.42059067,-121.9599814,20.61526
NORTHCTY_6_N004,32.958672179988696,-117.22057304820974,21.00989
NORTHCTY_6_N010,32.958672179988696,-117.22067975179026,21.00989
NORTHOAK_6_N003,35.96341049994922,-119.4569070444173,20.44466
NORTHOAK_6_N004,35.96350005472762,-119.4567964,20.44466
NORTHOAK_6_N005,37.36329789847426,-120.76048406012305,20.44466
NORTHSTR_LNODEXF2,39.280743,-120.112596,20.16102
NORTHWES_6_N001,37.402627146454066,-121.965268597,20.83313
NORTHWES_6_N002,37.40254582295827,-121.96520949218542,20.83313
NORTHWES_7_N005,37.40254582295827,-121.96532770181457,20.83313
NOTRDAME_1_N001,39.73042313,-121.7959489,19.43137
NOVATO_6_N001,38.10860199998601,-122.56828762317217,23.55759
NOVATO_6_N002,38.10860199998601,-122.56840237682783,23.55759
NRRW2TP1_6_N002,39.23513,-121.26873,19.50947
NRTHGRUM_6_N001,37.3798095,-122.0221402,20.69747
NRTHTWR_1_N001,38.06609732006694,-122.19555927864403,22.42898
NRTHTWR_1_N002,38.06591667982153,-122.19555927892729,22.42898
NRTHTWR_1_N004,38.06591667982153,-122.19578872107272,22.42898
NRTHTWR_1_N010,38.06609732006694,-122.19578872135597,22.42898
NTPTRL_6_N001,35.60555844317911,-119.70838226292514,20.01098
NUMITAP_1_N003,37.5,-122.04,20.53304
NUTGLADE_LNODE,41.178254,-122.290711,22.81036
NVYSCHL_6_N001,36.59909,-121.877082,20.90917
NWKDIST_2_N001,37.47999999998637,-121.97994304564625,20.47138
NWKDIST_2_N004,37.47999999998637,-121.98005695435374,20.47138
NWKDIST_2_N017,37.96361862509118,-121.29067763049022,20.47138
OAKC12_7_N002,37.79751331310943,-122.28096478011268,26.99223
OAKC12_7_N008,37.79792,-122.28214,26.99223
OAKC12_7_N009,37.79791999994464,-122.28202555970451,26.99223
OAKC12_7_N010,37.79782957188064,-122.28214,26.99223
OAKHURST_1_N001,37.32379499998641,-119.63394921398016,25.73325
OAKHURST_1_N002,37.32379499998641,-119.63406278601984,25.73325
OAKKNOLL_LNODE34,42.17610999998414,-122.64824956184631,22.75602
OAKKNOLL_LNODE56,42.17610999998414,-122.64837043815369,22.75602
OAKLAND_1_N001,37.79743499994459,-122.28090756034669,26.98812
OAKLAND_1_N006,37.797356686862834,-122.280964780234,26.98812
OAKLAND_1_N033,37.797356686862834,-122.28107921976599,26.98812
OAKLND3_7_N002,37.79801042811939,-122.28214,26.98812
OAKPARK_6_N001,37.9804348,-121.2985813,20.28023
OASISSC_6_N201,34.64702307142311,-118.09484039241912,20.69542
OBRIEN_LNODE08,42.09667,-123.68139,23.58693
OCEANO_1_N001,35.10177099998753,-120.58099587832989,20.48577
OCEANO_1_N004,35.10177099998753,-120.5811061216701,20.48577
OIGLASS_1_N001,37.75,-121.31,20.383
OILDALE_1_N001,35.42,-118.98,20.36039
OILFLDS_6_N001,35.95646873409211,-120.85121,19.8445
OILFLDS_6_N007,35.95638813294024,-120.8511525112428,19.8445
OLDRIVR_6_N001,35.20849410372945,-119.1001417218785,21.4449
OLDRIVR_7_N014,35.208313896170594,-119.10014172212325,21.4449
OLDTOWN_6_N001,32.7660027462676,-117.19242257725324,20.94617
OLDTOWN_6_N002,32.7660027462676,-117.19263562274676,20.94617
OLDTOWN_6_N003,32.766181893642255,-117.19263562296113,20.94617
OLETA_6_N001,38.48064499998599,-120.84462852385393,20.54538
OLETA_6_N003,38.48064499998599,-120.84474347614606,20.54538
OLINDA_6_N001,33.94616008273055,-117.922244,20.59881
OLIVHRST_1_N001,39.0918869999858,-121.54288430472884,20.06648
OLIVHRST_1_N002,39.0918869999858,-121.54299969527116,20.06648
OMAR1G_7_LN001,35.45209688511312,-118.98525465740043,20.80846
OMAR2G_7_LN001,35.4519171147865,-118.98525465764695,20.80846
OMAR3G_7_LN001,35.4519171147865,-118.98547534235306,20.80846
OMAR4G_7_LN001,35.45209688511312,-118.98547534259957,20.80846
OMAR_2_N001,35.475983864148716,-118.98698399999999,20.80846
OMWD_6_N001,33.06847863998861,-117.14145762144337,20.99139
ONEILPMP_7_LN001,37.098611,-121.0475,19.73351
ORACLE60_6_N001,37.53059,-122.26675,20.72214
OREGNTRL_1_N001,40.61902099998471,-122.32226045686366,19.35943
OREGNTRL_6_N001,40.61902099998471,-122.32237954313634,19.31421
ORICK_6_N001,41.294542,-124.056522,19.83605
ORLANDB_6_N001,39.725157705247604,-122.17875636615656,19.73145
ORLNDB_7_N002,39.725157705247604,-122.17898963384343,19.73145
OROLOMA_1_N005,36.886701431129765,-120.6549823,19.1394
OROLOMA_6_N001,36.886866,-120.655928,19.83422
OROSI_6_N006,36.54475899998702,-119.25172018759284,21.2868
OROSI_7_N002,36.54475899998702,-119.25183181240716,21.2868
OROVILLE_6_N001,39.50524442035656,-121.5593758990519,19.54442
OROVILLE_6_N005,39.50524442035656,-121.5596081009481,19.54442
OROVILLE_6_N102,39.50542357952801,-121.55960810124742,19.54442
ORTIGAGN_7_N002,36.98327542373002,-120.81940487471157,20.08703
OSOAP_7_N001,34.810278,-118.72,20.72214
OSOAP_7_N002,34.81027799995045,-118.71988992080949,20.72214
OSOAP_7_N003,34.81018761978131,-118.71988992093021,20.72214
OSOAP_7_N004,34.81012371139613,-118.71996775861193,20.72214
OSOBP_7_N001,34.81010842791115,-118.72007625228628,20.72214
OSOBP_7_N002,34.81013973121604,-118.72017951791273,20.72214
OSOBP_7_N003,34.810205647172396,-118.72025483113883,20.72214
OSOBP_7_N004,34.81029106426119,-118.72029080720088,20.72214
OTTER_6_N001,36.47781599998705,-121.7270037380447,22.51647
OXFORD_1_N001,36.7,-120.68,19.77256
P0504GT1_7_CN1,37.96379937479765,-121.2906776307724,19.75201
P0504GT1_7_N001,37.05268767219292,-121.0218314945833,19.75201
P0504GT2_7_N001,37.05286788770013,-121.02205730568483,19.75201
PA99MWQ1_7_LN001,33.019524468639815,-116.83804277748884,21.06949
PA99MWQ2_7_LN001,33.019703531269194,-116.83804277770571,21.06949
PACFCBCH_6_N001,32.799218999988646,-117.24014772581532,21.05305
PACFCBCH_6_N004,32.799218999988646,-117.24025427418468,21.05305
PACIFICA_6_N001,37.59458399998625,-122.48892793722666,20.95028
PACIFICA_6_N003,37.59458399998625,-122.48904206277334,20.95028
PACIPIP_6_N001,34.91873196360952,-118.9261908,18.1753
PACLUMB_7_N001,40.481388999984816,-124.10438462405541,18.32082
PADUA_6_N001,34.120216,-117.639076,20.50221
PAHRUMP_1_N017,36.197067999987226,-115.9687945256148,19.87738
PAHRUMP_1_N018,36.197067999987226,-115.9689054743852,19.87738
PALA_7_N002,33.355939989953846,-117.11198857166295,21.07155
PALMDALE_6_N001,34.566078,-118.059876,20.90712
PALMRCT1_7_N001,33.1209591099544,-117.11668368116077,20.92767
PALMRCT2_7_N001,33.1209591099544,-117.11689751883924,20.92767
PALMR_1_N001,34.825223,-120.298953,20.05414
PALM_6_N001,37.39449633988632,-121.957516242084,20.62142
PALM_6_N002,37.39449633988632,-121.957629971916,20.62142
PALOMAR_1_N001,33.12281772819047,-117.287925,20.94412
PALOMAR_1_N004,33.1227371358924,-117.28786944194597,20.94412
PALOMAR_1_N013,33.1227371358924,-117.28798055805403,20.94412
PANAMA_6_N001,35.29556801570901,-119.021525,21.52917
PANOBS2_7_N002,36.85865211527268,-120.45867279982099,19.7705
PANOBS3_7_N002,36.85872999994707,-120.45884140047256,19.7705
PANOCHE_1_N024,36.65353226724663,-120.58162405926382,19.75201
PANOCHE_2_N055,36.65353226724663,-120.58173594073618,19.7705
PANOCHE_7_N001,36.65360999994769,-120.58179188158532,19.7705
PANRAMA_1_N001,40.434409,-122.2679,19.22995
PARADISE_1_N001,39.761504,-121.618634,19.40465
PARADISE_1_N004,39.76064152,-121.6188711,19.40465
PARADISE_LNODEDISE,39.76150399994158,-121.6185172697882,20.55565
PARADISX_6_N001,39.761414267918745,-121.618634,24.06281
PARDSE_7_N002,39.76159373208136,-121.618634,24.06281
PARKR_6_N009,37.363350019212106,-121.947534931,20.83313
PARKR_6_N010,37.3632687146792,-121.9474758709107,20.83313
PARKR_6_N011,37.3632687146792,-121.9475939910893,20.83313
PARKWAY_2_N001,38.17,-122.25,19.53593
PARLIER1_1_N001,36.6076452,-119.5211598,21.1166
PAR_LNODEAPM,37.668079999986205,-120.9174128750731,20.68925
PAR_LNODEFVM,37.668079999986205,-120.9175271249269,20.68925
PATRICKS_LNODE49,41.88139,-123.86472,23.7341
PAULSWT_1_N001,36.99234705413821,-121.98202825128297,21.43535
PAULSWT_1_N004,36.9921669457552,-121.98202825154998,21.43535
PAULSWT_1_N101,36.99234705413821,-121.98225374871703,21.43535
PCHCOPP_6_N001,37.06225,-121.18039,19.93493
PEABODY_2_N002,38.285677158894416,-121.97019513777842,19.69446
PEABODY_2_N006,38.28549684099352,-121.97019513806376,19.69446
PEACHTON_6_N001,39.3784769999856,-121.68494608007006,19.93904
PEACHTON_6_N004,39.3784769999856,-121.68506191992994,19.93904
PEARBMAP_7_B1,34.508883999950896,-117.91829825412502,20.22268
PEARBMAP_7_B3,34.50879356514072,-117.9182982542441,20.22268
PEARBMAP_7_B4,34.50872961811796,-117.91837585623696,20.22268
PEARBMBP_7_B1,34.50871432539329,-117.91848402139897,20.22268
PEARBMBP_7_B3,34.50874564762435,-117.91858697434263,20.22268
PEARBMBP_7_B4,34.5088116034329,-117.91866205952238,20.22268
PEARBMCP_7_B1,34.50889707216307,-117.91869792664747,20.22268
PEARBMCP_7_B3,34.50898737191128,-117.91869193094361,20.22268
PEARBMDP_7_B1,34.50907009278566,-117.91864757930026,20.22268
PEASE_1_N001,39.1701925392649,-121.66108150610306,20.06442
PEASE_1_N009,39.17001346062112,-121.66108150639715,20.06442
PEASE_7_N002,39.1701925392649,-121.66131249389694,20.06442
PENDLETN_6_N001,33.30925299998849,-117.3349783807102,21.12499
PENDLETN_6_N004,33.30925299998849,-117.3350856192898,21.12499
PENNGRVE_1_N001,38.315547,-122.681119,24.79853
PENRYN_6_N001,38.8444299999859,-121.16613942513398,20.34601
PENRYN_6_N004,38.8444299999859,-121.16625457486602,20.34601
PEORIA_7_N001,37.90361110998615,-120.49744271590015,19.16212
PEORIA_7_N002,37.90361110998615,-120.49755728409986,19.16212
PEREZ_LNODED1,41.63306,-121.22639,22.49792
PERMNNTE_6_N002,34.355793,-116.855947,20.36039
PETLMAA_6_N001,38.234002,-122.636285,23.41604
PETLMAC_6_N002,38.2390641182539,-122.636804,23.66474
PETLMAC_6_N003,38.23898294085798,-122.63674432895719,23.66474
PETLMAC_6_N004,38.23898294085798,-122.6368636710428,23.66474
PFARMS_6_LN001,35.662673,-119.88478,19.84039
PHILLIPS_1_N001,37.34,-122.03,20.4981
PHILO_6_N001,39.063719,-123.437524,-1.65192
PIERCY_1_N201,37.28,-121.83,20.34601
PIKECTY_6_N001,39.438734,-120.997847,19.98426
PIT1_6_N001,38.030670659249246,-121.86908630802888,18.94836
PIT3_7_N001,38.030606778782065,-121.8691674075287,18.83737
PIT5_7_B1,38.030591501969816,-121.86928044765509,18.72433
PITSBRG_2_N058,38.03798999998602,-121.89493265087242,20.78791
PITSBURG_1_N001,38.03101263810665,-121.86937270758541,20.79407
PITTES1_2_N007,38.03798999998602,-121.89504734912758,20.79407
PITTSBRG_6_N101,38.031055408073875,-121.8692716827705,19.9041
PIUTE_6_N001,34.691137,-117.968753,20.83929
PLACERVL_1_N001,38.73027886166341,-120.788047,20.24118
PLACER_1_N001,38.901310999985846,-121.08802340262966,20.17747
PLACER_7_N009,38.901310999985846,-121.08813859737035,20.20419
PLAINFLD_6_N001,38.61887,-121.793976,22.21638
PLAINFLD_6_N003,38.61934234,-121.7942525,22.21638
PLOALTO_1_N001,33.35586235233513,-117.11204223587934,20.73652
PLOALTO_1_N007,33.35586235233513,-117.11214956412066,20.73652
PLOALTO_1_N013,33.355939989953846,-117.11220322833705,20.73652
PLSNTGR_1_N001,38.82227075999728,-121.306575,20.10347
PLSNTGR_1_N005,38.82219002998611,-121.30651517485526,20.10347
PLSNTGR_1_N009,38.82219002998611,-121.30663482514473,20.10347
PLSNTVLY_6_N001,36.307531,-120.251631,19.81161
PLUMAS_6_LN001,39.02629828,-121.5430647,20.22268
PLUMAS_6_N001,39.026121,-121.54308,20.22268
PMTFMPP_1_N001,37.9868115699861,-122.0404367263777,15.02273
PNEDLE_1_N001,36.829999999986725,-119.82994383698444,20.23502
PNEDLE_1_N002,36.829999999986725,-119.83005616301556,20.25146
PNEDLE_1_N009,38.65444444,-121.4483333,20.25146
PNEGRVE_6_N001,38.41271199998601,-120.6602245387678,20.58854
PNEGRVE_6_N002,38.41271199998601,-120.6603394612322,20.58854
POLPASPP_6_N002,38.57552299994369,-121.49770299452835,19.94316
POMERADO_6_N001,32.941482719314884,-117.032882,20.77969
POMERADO_6_N004,32.9414021403303,-117.03282656531631,20.77969
POMERADO_6_N008,32.9414021403303,-117.03293743468369,20.77969
PORTOLA_LNODE31,39.803943999985336,-120.46453157749829,20.16719
PORTOLA_LNODE32,39.803943999985336,-120.46464842250171,20.16719
POSOMT_1_N001,35.55919399998747,-118.95744581153178,20.41383
POSOMT_1_N005,35.55919399998747,-118.95755618846822,20.41383
POST_1_N001,39.11,-121.64,20.33778
POTRERO_1_N001,37.46,-122.4,20.83107
POTRERO_1_N013,37.459999999945396,-122.3998861318849,20.83107
POTRERO_1_N016,37.45990961397913,-122.4,20.83107
POTRERO_1_N049,37.459999999945396,-122.4001138681151,20.83107
POTTRVLY_7_N001,39.36158213274746,-123.1289081,0.70018
POWAY_6_N001,32.978722999988655,-117.03130363648788,20.88245
POWAY_6_N010,32.978722999988655,-117.03141036351212,20.88245
PPSTLTAP_1_N001,38.01999999998606,-122.36994265860079,22.41602
PPSTLTAP_1_N104,38.01999999998606,-122.3700573413992,22.41602
PRAXAIR_1_B1,37.99999999998611,-121.80994266753221,20.83107
PRAXAIR_LNODEPM,37.99999999998611,-121.81005733246779,22.76674
PRIMM_2_N016,35.6231311,-115.3588055,19.85066
PRIMM_2_N017,35.6231310999496,-115.3586950974839,19.85066
PRTCSTA_6_N001,38.03725907,-122.1780218,22.38162
PRUNEDLE_1_N001,36.785518920972784,-121.671051,20.81052
PRUNEDLE_1_N002,36.785438039499425,-121.67099269323379,20.81052
PSARBLS_6_N001,35.61564884893555,-120.67989,20.04592
PSARBLS_6_N005,35.61556807551859,-120.67983263488163,20.04592
PSARBLS_6_N007,35.61556807551859,-120.67994736511837,20.04592
PSEUDO1B_1_N002,37.70306278305818,-122.4100259,20.82285
PSEUDO1_1_N001,37.70315321994476,-122.41014020497842,20.82285
PSEUDO4_1_N001,37.7032436569418,-122.4100259,20.81668
PSP33A_7_N102,34.07740789995194,-117.20168394753776,20.41383
PSP33B_7_N102,34.07725384506231,-117.20176098862068,20.41383
PSP44A_7_N102,34.077335656756425,-117.20204512279159,20.41383
PSP44B_7_N102,34.077511052999995,-117.20207477824573,20.41383
PSQUINCY_6_N001,39.93480997744781,-120.88417999495674,17.51989
PSTCKTN_6_LN001,37.949994,-121.346315,19.84244
PTHLGEN_7_N001,38.28549684099352,-121.97042486193625,19.69446
PTRRO230_2_LD1CN,37.46009038602093,-122.4,20.79818
PTTRVLY_6_N001,39.36150154861083,-123.12896827547551,0.70018
PUEBLOPG_1_N001,38.345348999986,-122.29956355419145,24.88896
PUEBLOPG_1_N010,38.345348999986,-122.29967844580855,24.88896
PUEBLOPG_1_NLD3,38.34472222,-122.2994444,24.88896
PURIFY_6_LN001,34.7881,-118.1665,20.92767
PURISIMA_1_N001,34.700622,-120.435261,19.84039
PUTCR_7_N001,38.52308412835564,-121.99439442898434,19.76228
PUTHCRK_1_N011,38.52290423153208,-121.99462437072829,19.76228
Q045CTG1_7_N001,37.63564731751685,-122.13369490177641,20.66459
Q045CTG2_7_N001,37.63549068245554,-122.13369490189677,20.66459
Q067STG1_7_N001,37.635568999944944,-122.1338661963268,20.66253
Q477_7_ND002,39.60787599998552,-121.76850316905504,18.92986
Q643G_6_N002,40.124410019985106,-122.19622121940881,19.28338
Q643X_2_NM01,36.59011053998702,-120.40289386486458,19.68829
QUARTZHL_6_N001,34.659714,-118.228267,20.2864
QUEBEC_1_N001,36.07,-119.56,19.99454
RADUM_6_N001,37.67264599998626,-121.85946487140774,20.23707
RADUM_6_N004,37.67264599998626,-121.85957912859226,20.23707
RAINBOW_1_N001,36.709983,-119.538157,21.12769
RALSTON_6_N001,37.51135212317967,-122.3402601,20.54949
RALSTON_6_N002,37.51127075839538,-122.3402008791436,20.54949
RANCHRS_1_N001,36.700797999986875,-119.75437400116115,21.05741
RANDSBRG_1_N001,35.37567201391602,-117.65592532493676,23.18647
RAWSON_6_N001,40.145295999985066,-122.21242808907787,19.78078
RAWSON_6_N002,40.145295999985066,-122.21254591092213,19.78078
RAYCHEM_6_N001,37.48020651,-122.1650806,20.70364
RCARMEL_6_N001,32.99378371822819,-117.077745,20.94823
RCARMEL_6_N004,32.9937031408736,-117.07768953360795,20.94823
RCARMEL_6_N011,32.9937031408736,-117.07780046639205,20.94823
RDBLFPP_6_N001,40.145204,-122.199414,19.78284
RECTOR_6_N001,36.29851,-119.242336,21.60389
RECTOR_7_ND002,36.30463455962947,-119.24455043458264,21.59566
REDBLFF_6_N001,40.1825869024183,-122.244610070096,20.0562
REDBLFF_6_N004,40.1825869024183,-122.24484592990399,20.0562
REDBLFF_6_N005,40.18276709746204,-122.24484593021722,20.0562
REDBUD_1_N001,39.02788699998577,-122.66224734180834,1.88602
REDBUD_1_N004,39.02788699998577,-122.66236265819167,1.88602
REDMAN_6_N001,34.76259623959073,-117.96856,20.80846
REDWOOD_6_N001,37.490252,-122.213021,20.79202
REDWOOD_6_N002,37.49025199994532,-122.2129070707913,20.79202
REDWOOD_6_N005,37.49016160208324,-122.213021,20.79202
REDWOOD_6_N006,37.49025199994532,-122.21313492920869,20.79202
REDWOOD_6_N007,37.49034239791678,-122.213021,20.79202
REEDLEY_1_N001,36.605116999986976,-119.3758071174397,21.1236
REEDLEY_6_N001,36.605116999986976,-119.3759188825603,21.10388
RENFRO_1_N001,35.409999999987434,-119.16994483454441,20.16102
RENFRO_1_N010,35.409999999987434,-119.1700551654556,20.17747
RICE_6_N002,39.402805999985674,-122.01287205646442,16.48008
RICE_6_N101,39.402805999985674,-122.01298794353558,16.48008
RICHGEN_7_N001,37.937868166151496,-122.390718695286,22.54756
RICHMOND_1_B1,37.92597623462323,-122.369629,22.54551
RICHMOND_1_N001,37.92589488267337,-122.36956945615904,22.54756
RINCON_1_N001,33.285967608914305,-116.9585228047856,25.75162
RINCON_1_N003,33.28578839099371,-116.95852280500573,25.75162
RINCON_6_N001,33.28578839099371,-116.95873719499427,21.27297
RINCON_6_N008,33.285967608914305,-116.9587371952144,21.27297
RIOBRVO_1_N001,35.44252289360183,-119.26010566010629,20.17541
RIOBRVO_1_N006,35.44234310629778,-119.26010566035274,20.17541
RIOBRVTM_1_N001,35.44252289360183,-119.26032633989371,20.0562
RIODELL_6_N001,40.49543619975173,-124.099276,18.47908
RIODELL_6_N005,40.495354900107756,-124.09921427624421,18.47908
RIODELL_6_N009,40.495354900107756,-124.09933772375578,18.47908
RIOHONDO_6_N001,34.10610615849042,-117.97947,20.43028
RIPON_1_N001,37.719972869016964,-121.12994059215839,20.39122
RIPON_1_N008,37.719972869016964,-121.1300594078416,20.39122
RITEAID_6_N001,34.721,-118.1788,20.44261
RITTER_6_N001,34.702244,-118.17505,20.46933
RIVERROC_6_N001,36.902618,-119.771768,20.09525
RIVERVEW_1_N003,38.01478999998606,-121.7904786608926,19.9041
RIVRBANK_1_N001,37.76895425952452,-120.908163,19.94932
RIVRSIDE_6_N001,34.021864017940324,-117.33187712454752,20.50632
RMSNVJO_1_LN001,33.526249299988294,-117.59875905776511,20.95439
RMSNVJO_1_LN002,33.526249299988294,-117.5988667422349,20.95439
ROADWAY_1_N001,34.590373,-117.431752,20.36656
ROADWAY_1_N010,34.590368215933175,-117.4315568451805,20.36656
ROBROY_1_N001,36.979885,-121.867457,21.29558
ROCKAIR_6_N001,34.610248,-118.073278,20.90506
ROCKET_1_N001,34.933939,-117.692217,21.83407
ROCKLIN_6_N001,38.788043999985874,-121.23171544490323,20.16308
ROCKLIN_6_N003,38.788043999985874,-121.23183055509676,20.16308
ROGH-RDY_6_N001,37.95526599998612,-121.33253531114549,19.84039
ROSAMOND_6_N001,34.864472999987555,-118.23726994007113,20.22885
ROSECYN_6_N001,32.84459772910598,-117.236988,21.02838
ROSECYN_6_N017,32.84451713543481,-117.23693261581597,21.02838
ROSEDAL_1_N001,35.37703397144563,-119.077971,20.21241
ROSEMR_LNODEAEI,37.64253,-121.0423,20.69542
ROSE_6_N001,32.84451713543481,-117.23704338418403,18.06225
ROSSMOOR_2_N001,37.86470199998613,-122.08030973806707,19.52458
ROSSMOOR_2_N101,37.86470199998613,-122.08042426193292,19.52458
RSNTAFE_6_N009,33.014260999988664,-117.19850361461707,21.08388
RSNTAFE_6_N016,33.014260999988664,-117.19861038538293,21.08388
RSVTNRD_6_N001,36.624374,-121.68835,21.70665
RTRACK_1_N001,37.979737,-120.414515,18.94425
RUSSRCH_6_N001,40.819848,-123.826638,22.69939
RVRBANK_1_N001,37.76887287022286,-120.90810355553742,19.76639
RVRBANK_1_N005,37.76887287022286,-120.90822244446258,19.76639
SAFEWAY_1_N001,37.71,-121.4,35.0
SALINAS_1_N001,36.683239999986945,-121.65120502290527,20.98111
SALINAS_1_N024,36.683239999986945,-121.65131697709472,20.98111
SALTSPRG_7_N001,38.49793437,-120.2179285,19.90616
SANARDO_6_N001,36.073766,-120.936804,20.08086
SANBRDNO_6_N001,34.07767515953707,-117.20154375190678,20.41589
SANBRDNO_6_N008,34.07746514073634,-117.20134902490193,20.41589
SANCRLS_6_N001,37.49972924078839,-122.243974,20.80846
SANCRLS_6_N002,37.499647879591045,-122.24391479097326,20.80846
SANCRLS_6_N004,37.499647879591045,-122.24403320902674,20.80846
SANDCRK_6_N001,36.64502999998689,-119.15920293037858,21.27447
SANDLOT_2_N023,34.93533299998761,-118.14485891734107,16.62791
SANDLOT_2_N025,34.93533299998761,-118.14496908265893,16.61968
SANGER_1_N001,36.707048059604304,-119.61075579620064,21.08617
SANGER_1_N009,36.707048059604304,-119.61087220379937,21.08617
SANJOQN_6_N001,36.62106483974649,-120.17811,19.91027
SANJOQN_6_N006,36.620984080112606,-120.17805190550351,19.91438
SANLUIS2_7_N001,37.06907687796754,-121.07683105236173,19.72118
SANLUIS2_7_N002,37.06901315215404,-121.07691091843046,19.72118
SANLUIS4_7_N001,37.069094853841584,-121.07720547182996,19.72118
SANLUIS4_7_N002,37.06918002691161,-121.07724238542458,19.72118
SANLUIS6_7_N001,37.06941802889171,-121.07711309608193,19.72118
SANLUIS6_7_N002,37.06946069530844,-121.0770136077536,19.72118
SANLUIS8_7_N001,37.06943390023774,-121.07668571549864,19.72118
SANLUIS8_7_N002,37.06937882103536,-121.0765963165007,19.72118
SANLUSRY_6_N013,36.77962699998679,-120.72995490173179,20.92973
SANLUSRY_6_N014,36.77962699998679,-120.73006709826822,20.92973
SANLUSRY_6_N043,33.211532759954174,-117.3343739362571,20.92973
SANLUSRY_6_N044,33.21144318463678,-117.33437393636667,20.92973
SANLUSRY_6_N045,33.21137984536439,-117.33444964181051,20.92973
SANLUSRY_6_N046,33.2113646979829,-117.33455516348411,20.92973
SANLUSRY_6_N047,33.21139572253334,-117.3346556003193,20.92973
SANLUSRY_6_N048,33.21146105150503,-117.33472885045208,20.92973
SANLUSRY_6_N049,33.21154570794446,-117.33476384098854,20.92973
SANLUSRY_6_N050,33.21163514948262,-117.33475799179958,20.92973
SANLUSRY_6_N101,33.2117170841721,-117.33471472407717,20.92973
SANLUSRY_6_N201,33.211782266218165,-117.33464128692498,20.92973
SANMATEO_1_N001,37.58333525489619,-122.319035,20.94206
SANMATEO_1_N001A,37.58325387253711,-122.31897570912398,20.5947
SANMATO_6_N001,37.58325387253711,-122.31909429087602,20.6132
SANMIGL_6_N001,35.75191999998732,-120.68410776485527,20.24735
SANMIG_6_N016,35.75191999998732,-120.68421823514473,20.24735
SANMRCOS_6_N001,33.128774149954396,-117.19716886934026,21.06949
SANMRCOS_6_N007,33.12868460147681,-117.19716886944933,21.06949
SANMRCOS_6_N011,33.128621281182845,-117.19724448078941,21.06949
SANMRCOS_6_N013,33.128637153594866,-117.19745018328726,21.06949
SANPBLO_1_N001,37.984803,-122.336618,22.41397
SANRAFL_1_N001,37.970858222937125,-122.527065,23.63775
SANRAFL_1_N006,37.97077688851645,-122.52700543261207,23.63775
SANRAFL_1_N007,37.97077688851645,-122.52712456738792,23.63775
SANRAMON_2_N001,37.745125434987564,-121.93600563263105,20.32956
SANRAMON_2_N004,37.74494456490202,-121.93600563291054,20.32956
SANRAMON_2_N023,37.74494456490202,-121.93623436708945,20.32956
SANRAMON_2_N024,37.745125434987564,-121.93623436736895,20.32956
SANTARO_1_N001,33.78461699446498,-116.41025972078828,20.63376
SANTARO_1_N014,33.78443700544048,-116.41025972101585,20.63376
SANTARO_1_N017,33.78443700544048,-116.41047627898415,20.63376
SANTARO_1_N021,33.78461699446498,-116.41047627921172,20.63376
SANTEE_1_N001,32.85461954601577,-116.96823740386814,15.36682
SANTEE_1_N004,32.854440453893844,-116.96823740408333,15.36682
SANTEE_7_N001,32.854440453893844,-116.96845059591668,15.36682
SANTIAGO_6_LN001,33.66518193221154,-117.767521,20.98933
SANTIAGO_6_LN002,33.665101033881534,-117.76746488187135,20.98933
SANTYSBL_6_1N001,33.11049298,-116.6711035,15.29133
SARATOGA_2_N001,37.28099617234283,-122.014883,20.28229
SARATOGA_2_N006,37.28091491381397,-122.0148240379766,20.28229
SARATOGA_2_N011,37.28091491381397,-122.0149419620234,20.28229
SAUGUS_6_N001,34.4222099999511,-118.5721663854507,20.51455
SAUSALTO_6_N001,37.86340599998612,-122.49836873883264,24.17626
SAUSALTO_6_N002,37.86340599998612,-122.49848326116737,24.17626
SAXONCRK_6_N001,37.59363146,-119.9857789,16.60974
SCHINDLR_1_N005,36.40229075794473,-120.138272,19.76228
SCHLNDLR_7_N001,36.40221012101372,-120.1383298425005,19.76639
SCHMLBCH_1_N001,38.3,-121.87,20.06442
SCLARA_2_LN001,34.3007956214976,-119.18541359496857,20.76941
SCLARA_6_N001,34.30071643113003,-119.18559878537813,20.77147
SCRIPPS_6_N001,32.91119872129761,-117.112589,20.98728
SCRIPPS_6_N008,32.91111813933897,-117.11253358224198,20.98728
SCRIPPS_6_N013,32.91111813933897,-117.112644417758,20.98728
SCWAX_1_N001,36.700797999986875,-119.75448599883885,21.05536
SDUNES_LNODED1,41.20124399998437,-122.2763497761522,22.5183
SDUNSMUI_LNODE,41.20124399998437,-122.27646982384779,22.83527
SEARLES_7_N001,35.756720789835555,-117.380556,20.46111
SEBASTIA_6_N001,38.13829665,-121.3878033,20.20624
SEFTAP_6_N003,36.41712,-121.31671,21.11471
SEMITRPC_1_N001,35.600398,-119.437498,20.01098
SERRA_6_N001,37.327215618586415,-121.99615626906825,20.77352
SERRA_7_N004,37.327215618586415,-121.99626984893175,20.77352
SERRMNTE_1_N011,37.69183743685224,-122.4558182874899,20.87218
SESWTF_1_N001,36.7779,-119.67419,20.96042
SFIA-MA_1_N001,37.63904926020716,-122.385896,20.78791
SFIA_1_N001,37.63896786988162,-122.38583665888167,20.75297
SFIA_1_N007,37.63896786988162,-122.38595534111833,20.75297
SFPPCNC_6_N001,38.03243728,-122.0736663,22.38573
SHADOWR_1_N001,33.14157655179735,-117.23868604972319,20.95439
SHADOWR_1_N006,33.14139744811125,-117.23868604994146,20.95439
SHADOWR_1_N008,33.14139744811125,-117.23889995005852,20.95439
SHADYGLN_6_N001,39.115058,-120.95331,18.01112
SHAFTER_1_N010,37.492384999986285,-122.13839203327613,20.19391
SHAFTER_7_N022,39.77608299994151,-122.10394676937125,20.19391
SHARON_1_N001,37.097275,-120.156454,32.57168
SHASTINA_LNODELD1,41.548666,-122.364174,22.8896
SHAWROAD_1_N001,37.55,-122.42,20.68925
SHELL1_7_N001,38.031697320166,-121.94561320702243,21.755
SHELL2_7_N001,38.031516639722625,-121.94561320730533,21.755
SHELL3_7_N001,38.031516639722625,-121.94584259269467,21.755
SHEPHERD_1_N003,36.82684,-119.61,21.56208
SHLLCHM_6_N001,38.031697320166,-121.94584259297757,19.9041
SHNGLESR_1_N001,38.65969989665331,-120.946938,20.2083
SHNGLESR_1_N004,38.659619051658225,-120.94687822587784,20.2083
SHNGLESR_1_N103,38.659619051658225,-120.94699777412217,20.2083
SHOTGUNC_LNODE,41.053889,-122.381667,22.8081
SHREDDER_1_N001,37.511676999986356,-122.20767698568532,20.66253
SHUTTLE_6_N001,34.643495430225066,-118.1634220817816,20.52482
SIERABRK_LNODE19,39.646142,-120.217943,20.1713
SIERAPC_6_N001,40.86435367,-124.1554555,19.45992
SILVERDO_1_N001,38.49950299998593,-122.45908751973128,25.72919
SILVERDO_1_N002,38.49950299998593,-122.45920248026871,25.72919
SISK_LNODEKZH,37.69056,-121.02061,20.70364
SISK_LNODEYUP,37.690559999944874,-121.02049571450051,20.70364
SISQUOC_1_N001,34.87826099998756,-120.33120693531723,20.01509
SISQUOC_1_N020,34.87826099998756,-120.33131706468278,20.01509
SJNO2_6_N001,37.29143609998645,-119.52944584856736,20.80846
SLA_2_N001,37.41603416601835,-122.20510952387725,20.44261
SLA_2_N004,37.41585343387257,-122.20510952415181,20.44261
SLA_6_N001,37.41585343387257,-122.20533707584819,20.77147
SLA_6_N005,37.41603416601835,-122.20533707612275,20.77147
SMRTVLTP_6_N101,39.207939,-121.301476,19.51153
SMTRPCWS_1_N001,35.59,-119.44,20.00893
SMUDGEO1_2_N006,38.75226,-122.71969,23.16118
SMYRGEN_7_B1,35.717831584724635,-119.4552778,19.96782
SMYRNA1_1_N005,35.717750877624105,-119.45522040856834,19.96782
SNANDRES_6_N001,37.603294,-122.420424,20.81668
SNBENITO_1_N001,36.86783,-121.56391,20.97289
SNBRNOT_6_N001,37.62095504,-122.4250948,20.86396
SNBRNRD_6_N001,35.09242099998756,-118.87818588008072,17.16773
SNBRNRD_6_NLD2,35.09242099998756,-118.87829611991928,17.16773
SNJOSEB_1_N001,37.34102432531631,-121.9009493888098,20.63581
SNJOSEB_1_N005,37.34084367457506,-121.9009493890831,20.63581
SNJOSEB_1_N009,37.34084367457506,-121.9011766109169,20.63581
SNJOSEB_1_N013,37.34102432531631,-121.9011766111902,20.63581
SNJSEA_1_N001,37.328246190599145,-121.902531,20.62142
SNJSEA_1_N005,37.32816490468582,-121.90247198103432,20.62142
SNJSEA_1_N101,37.32816490468582,-121.90259001896567,20.62142
SNLNDRO_1_N001,37.711237436769906,-122.14880668270004,19.35657
SNLNDRO_1_N014,37.71105656311971,-122.14880668297907,19.35657
SNLNDRO_1_N017,37.71105656311971,-122.14903531702092,19.35657
SNLNDRO_1_N027,37.711237436769906,-122.14903531729996,19.35657
SNLSOB_7_N001,35.261832749987526,-120.63480195364221,20.10347
SNLSOB_7_N002,35.261832749987526,-120.63491224635779,20.10347
SNLSPP_2_N023,37.06930719158489,-121.07652777238619,19.74584
SNTAMRA_1_N001,33.1287024629922,-117.19752334236787,20.01509
SNTAMRA_1_N005,33.12878709406593,-117.1975582894093,20.01509
SNTANLA_6_N001,37.08597899998663,-121.01321650454071,19.81161
SNTANLA_6_N004,37.08597899998663,-121.01332949545929,19.81161
SNTARSA_1_N001,38.43676811353789,-122.71319526700344,25.70795
SNTARSA_1_N002,38.43676811353789,-122.71342513299655,25.70795
SNTARSA_1_N006,38.43694816634972,-122.7134251332832,25.70795
SNTARTA_6_N001,37.055061,-120.634086,20.00893
SNTAYNZ_1_N001,34.625273999987726,-120.11813905143147,20.17952
SNTAYNZ_1_N002,34.625273999987726,-120.11824894856854,20.17952
SNTHLNE_6_N001,37.6223639999863,-122.44717791303894,20.89684
SNTHLNE_6_N002,37.6223639999863,-122.44729208696106,20.89684
SOBRANTE_1_N001,37.90594,-122.208144,22.36464
SOLBGEN_7_N002,36.720745456174654,-120.4579000215881,14.6836
SOLEDAD_1_LN001,36.42956722600307,-121.331901,21.10238
SOLEDAD_1_N018,36.42948657698447,-121.33184312850868,21.10238
SOLEDAD_6_N001,36.42948657698447,-121.33195887149131,21.11471
SONOMA_1_N002,38.276388889985974,-122.46188697135591,23.94676
SONOMA_1_N007,38.276388889985974,-122.46200182864409,23.94676
SOPOINT_LNODEA001,34.527224,-114.315681,20.72214
SOPOINT_LNODEB001,34.52722399995091,-114.31557122836868,20.72214
SOUTHBAS_1_N001,34.881503,-117.892023,22.66443
SOUTHBY_6_N001,38.575612901218726,-121.497588,19.43548
SPANSHCK_6_N001,40.026139,-120.961748,18.31325
SPAUL1-2_7_N001,39.32438938,-120.644793,18.72433
SPENCE_6_N001,36.613590999986975,-121.56672310737689,21.26064
SPENCE_6_N009,36.613590999986975,-121.5668348926231,21.26064
SPI-QUCY_7_N001,39.94083299998525,-120.8754973854901,17.54249
SPICAMIN_1_N001,38.739925711802805,-120.6771159,20.29051
SPILINCF_7_N001,38.903332999985885,-121.30883140177836,20.06442
SPRINGVL_6_N001,36.10586253074472,-118.93516918490357,21.32641
SPRNGVLY_6_N001,32.73903399998875,-117.00264674817954,23.94858
SPRNGVLY_6_N010,32.73903399998875,-117.00275325182045,23.94858
SRI_6_N001,37.45534597,-122.1782535,20.71803
SRRCSUB_2_N001,37.78238218,-121.9676923,20.39122
STAFFORD_6_N002,38.12003299998604,-122.61362861905879,23.57609
STAFFORD_6_N101,38.12003299998604,-122.6137433809412,23.57609
STAGG_2_N001,37.99164936143144,-121.34848834268168,20.10553
STAGG_2_N014,37.99146863845723,-121.34848834296415,20.10553
STAGG_6_N001,37.99146863845723,-121.34871765703586,20.11786
STAGG_6_N003,37.99164936143144,-121.34871765731833,20.11786
STAMPEDE_LNODE19,39.46748199998557,-120.10518300964912,20.16513
STANFRD_6_N013,37.42736589,-122.1750729,20.7468
STANFRD_6_N015,37.427365889945456,-122.17495909977812,20.7468
STANFRD_6_N016,37.427275518463446,-122.1750729,20.7468
STANFRD_6_N025,37.427365889945456,-122.17518670022189,20.7468
STANFRD_6_N026,37.427456261536555,-122.1750729,20.7468
STANISLS_1_N001,38.14,-120.37,18.94014
STATIN-L_7_N001,37.8103032554717,-122.271443,26.97785
STATIND_1_N001,37.837585251800924,-122.263503,26.94291
STATIND_1_N010,37.83750387408463,-122.26344350874284,26.94291
STATIND_1_N013,37.83750387408463,-122.26356249125715,26.94291
STATIND_1_N033,37.83751,-122.26355,26.94291
STATINJ_1_N001,37.76334825993251,-122.214444,19.60322
STATINJ_1_N012,37.763266870018874,-122.21438455959633,19.60322
STATINJ_1_N027,37.763266870018874,-122.21450344040367,19.60322
STATINL_1_N001,37.81022187224923,-122.27138352670688,26.97785
STATINX_1_N001,37.80554442667025,-122.23091354965457,19.20859
STATINX_1_N012,37.805363573219,-122.23091354993484,19.20859
STATINX_1_N014,37.805363573219,-122.23114245006515,19.20859
STATINX_1_N024,37.80554442667025,-122.23114245034543,19.20859
STCKTNAR_6_N001,37.963279,-121.323476,19.85272
STCRUZ_LNODECXA,37.62755999998621,-120.97504290860819,20.71803
STCRUZ_LNODEWLS,37.62755999998621,-120.97515709139182,20.71803
STDOIL_1_N009,37.94,-122.38,22.40369
STELLING_1_N001,37.3360521934471,-122.042805,20.39533
STELLING_1_N004,37.33597090326187,-122.04274597179945,20.39533
STELLING_1_N007,37.33597090326187,-122.04286402820055,20.39533
STF_LNODEDAX,37.69055999998624,-121.02097285725026,20.70569
STF_LNODEIPN,37.69055999998624,-121.02108714274974,20.70569
STKTNWW_6_N001,37.9376445,-121.3283805,19.85477
STKTONA_1_LN001,37.94726,-121.28881,19.98015
STKTONA_1_N001,37.94722338217881,-121.28911838573319,20.02537
STKTONA_1_N003,37.947042617710025,-121.28911838601516,20.02537
STKTONA_6_N001,37.947042617710025,-121.28934761398483,19.98015
STKTONA_6_N004,37.94722338217881,-121.2893476142668,19.98015
STLLWATR_6_N001,40.677845,-122.34971,19.40054
STOCKDLE_1_N001,35.316494,-119.068293,20.29873
STOCKDLE_1_N010,35.316493999949955,-119.06818269315228,20.29873
STOCKDL_2_N001,35.31640399278849,-119.068293,20.19802
STOCKDL_2_N002,35.316493999949955,-119.06840330684773,20.19802
STOCKDL_2_N101,35.31658400721152,-119.068293,20.19802
STONCRRL_6_N001,36.472251999987044,-119.18811326795893,21.45534
STONCRRL_6_N003,36.472251999987044,-119.18822473204106,21.45534
STONE_1_N001,37.303708999986505,-121.86757223713448,20.66664
STONE_1_N005,37.303708999986505,-121.8676857628655,20.66664
STONYPT_1_N001,38.42,-122.78,25.41568
STOREY1_2_N001,36.98288702744317,-120.033746,20.11375
STOREY1_2_N011,36.98322057595251,-120.03373952494303,20.11375
STOREY2_2_N001,36.98280598626407,-120.03380457310557,20.11786
STREAMVW_6_N001,32.745604999988714,-117.07864474591278,23.18288
STREAMVW_6_N007,32.745604999988714,-117.07875125408721,23.18288
STROUD_6_N001,36.53084093919961,-120.10432801442617,19.87944
SUISUN_1_N001,38.24526219208727,-122.04122215940386,20.07675
SUISUN_1_N008,38.24508180780079,-122.04122215968883,20.07675
SUISUN_1_N009,38.24508180780079,-122.04145184031117,20.07675
SUMIDEN_6_N001,37.97842034,-121.2761124,20.01098
SUMMIT_6_N001,39.319203,-120.378897,18.60923
SUNOL_6_N001,37.586891,-121.869379,20.3234
SUNRSE3S_7_N002,35.210181,-119.582697,19.96165
SURF_1_N009,34.61,-120.22,20.07059
SUTTRHM1_6_N001,39.052565,-121.691874,20.20624
SWIFT_1_N001,37.3225281884819,-121.796729,20.44672
SWIFT_1_N003,37.322446905744414,-121.79666998783091,20.44672
SWIFT_1_N006,37.322446905744414,-121.79678801216909,20.44672
SYCAMORE_1_N101,39.76991684305054,-121.824218,19.49509
SYCAMORE_1_N201,39.76983607845885,-121.82415733357864,19.49509
SYCAMORE_1_N301,39.76983607845885,-121.82427866642136,19.49509
SYLMAR_LNODEDC1,34.31,-118.5,20.69131
SYLMAR_LNODEDC1BURB,34.30999999995138,-118.49989057813684,20.69131
SYLMAR_LNODEDC1GLEN,34.30990961750026,-118.49989057825464,20.69131
SYLMAR_LNODEDC1LADWP,34.30984570750071,-118.49996795113718,20.69131
SYLMAR_LNODEDC2,34.309830423630196,-118.50007579695593,20.69131
SYLMAR_LNODEDC2BURB,34.30986172772742,-118.50017844594423,20.69131
SYLMAR_LNODEDC2GLEN,34.30992764535058,-118.50025330944317,20.69131
SYLMAR_LNODEDC2LADWP,34.31001306459742,-118.50028907067266,20.69131
SYLVANCM_LNODECPR,37.688469999986225,-120.97663285888366,20.69747
SYLVANCM_LNODEHGR,37.688469999986225,-120.97674714111633,20.69747
T320_2_N001,38.01528999998606,-121.76202266067159,19.94521
T320_2_N002,38.01528999998606,-121.7621373393284,19.94521
TAFT1_1_N001,35.14999999998751,-119.47994486994581,19.96987
TAFT1_1_N004,35.14999999998751,-119.48005513005418,19.96987
TAHDONR_LNODE07,39.337309,-120.221277,20.16102
TAMARACK_6_N001,39.313743,-120.496804,18.60923
TAMARISK_1_N001,33.817316,-116.454898,20.47755
TAMARISK_1_N003,33.791934,-116.449747,20.47755
TAP801_1_N001,34.10961399998795,-116.41178248891224,20.72008
TAP807_1_N001,34.0,-116.5,20.20008
TASSAJAR_2_N001,37.79959499998613,-121.9077887787453,20.38711
TASSAJAR_2_N002,37.79959499998613,-121.9079032212547,20.38711
TASSAJAR_2_N016,37.80001701,-121.9076781,20.38711
TAYLOR_6_N001,38.78044,-121.247,20.1528
TECUYA_6_N001,35.018589,-118.979536,18.05314
TEICHERT_1_N001,37.78999999998617,-121.36005721487219,20.02948
TEJON_6_N001,35.01953399998751,-118.95472389537663,18.00676
TEJON_6_N014,35.01953399998751,-118.95483410462336,18.00676
TEMBLOR_1_N003,35.382795999987465,-119.69634883811833,20.01509
TEMPLE21_7_N001,35.55503,-120.6803,19.93288
TEMPLETN_2_N008,35.554496,-120.679996,19.93288
TERMNOUS_6_N001,38.116464,-121.422007,20.24529
TESLAMTR_1_N003,37.80682,-121.29178,20.34189
TESORO_2_N014,38.01816652998603,-122.06128255940455,21.10738
TESORO_2_N020,38.01816652998603,-122.06139724059545,21.10738
TESSUB_2_N001,37.73,-121.93,20.55154
TEVIS_1_N001,35.319191999987495,-119.12859784623319,20.31518
TEVIS_1_N003,35.319191999987495,-119.12870815376681,20.2864
TEXACO_6_N019,35.95614499,-120.864333,19.79311
TEXSUN1G_7_N001,35.36999999998748,-119.4800551602316,19.96165
TEXSUN2G_7_N001,35.3599999999875,-119.48005515895167,19.96165
THERMLTO_2_N109,39.514145,-121.632458,19.20528
THORNHIL_1_N001,33.833699,-116.524642,20.41589
THSNDAIR_1_N001,36.132487999987276,-115.94938357393455,19.9041
THSNDAIR_1_N009,36.132487999987276,-115.94949442606544,19.9041
TIDEWATR_2_N001,38.01989465330933,-122.06150068264388,21.16064
TIDEWATR_2_N014,38.02007534657929,-122.06150068292666,21.16064
TLRELKE_6_N001,36.00375672659094,-119.948802,20.44055
TLRELKE_7_N016,36.00367613669082,-119.9487444848154,20.44055
TOADTWN_7_N001,39.8711407,-121.6099556,18.57634
TOCALOMA_6_N001,38.05521,-122.760914,23.71175
TOMATAK_6_N001,36.836069,-120.44959,14.74731
TOREYPNS_6_N001,32.89877953728695,-117.23987836114813,20.99139
TOREYPNS_6_N007,32.89860046262259,-117.23987836136372,20.99139
TOREYPNS_6_N008,32.89860046262259,-117.24009163863627,20.99139
TOREYPNS_6_N009,32.89877953728695,-117.24009163885188,20.99139
TORTILLA_1_LN001,34.87445665123645,-117.06480112671595,18.15707
TORTILLA_1_N007,34.87463734866425,-117.064801126958,18.15707
TORTOISE_6_N001,34.640736,-118.065841,20.71391
TOSCO-PP_6_N001,37.7831868,-121.6320725,19.43548
TOT032_2_N001,33.93661299998811,-116.5732326824313,20.18569
TOT032_2_N002,33.93661299998811,-116.5733413175687,20.18569
TOT135_2_N001,34.00679810536202,-117.94324639773743,20.59265
TOT135_2_N002,34.00679810536202,-117.94313760226258,20.59265
TOT180_7_N001,35.555452796415516,-115.45909962433502,19.82805
TOT210S1_7_N001,35.55527320348384,-115.45909962458231,19.84244
TOT223L1_7_N001,33.65931297998823,-114.98271600702792,19.68418
TOT223L2_7_N002,33.65931297998823,-114.98282399297209,19.69035
TOT242GN_7_N001,35.555452796415516,-115.45932037566497,19.87533
TRABUCO_1_N001,33.5630767991568,-117.67324523376014,20.9585
TRABUCO_1_N005,33.562897200749894,-117.67324523398426,20.9585
TRABUCO_1_N009,33.562897200749894,-117.67346076601574,20.9585
TRABUCO_1_N013,33.5630767991568,-117.67346076623986,20.9585
TRACY_1_N001,37.748395999944734,-121.41564562794372,20.35423
TRACY_1_N002,37.74831768119299,-121.41570281403237,20.35423
TRACY_1_N007,37.74831768119299,-121.41581718596763,20.35423
TRACY_1_N101,37.748395999944734,-121.41587437205628,20.35423
TRAVIS_6_B1,38.271536729986,-121.93327897263443,20.31929
TRESVIS_6_N001,39.486707,-121.687993,19.58347
TRIMBLE_1_N004,37.42009036798162,-121.72988621524279,20.66664
TRIMBLE_1_N010,37.41990963190925,-121.72988621551741,20.66664
TRIMBLE_1_N016,37.41990963190925,-121.7301137844826,20.66664
TRIMBLE_1_N020,37.42009036798162,-121.73011378475721,20.66664
TRINIDAD_6_N001,41.064242,-124.128367,19.86688
TRUCKEE_LNODE49,39.330431720184855,-120.181195,20.16102
TRVSHPT_6_B1,38.271536729986,-121.93339382736556,20.30284
TUDOR_6_N001,38.982071,-121.635205,20.21241
TULELAKE_LNODE35,41.95333,-121.47111,22.50698
TULUCAY_6_N001,38.247946,-122.268228,23.5147
TUNNEL_LNODE33,41.925559999984245,-121.56576970013403,22.60207
TUNNEL_LNODE40,41.925559999984245,-121.56589029986597,22.60207
TUPMAN_1_LN001,35.355,-119.2702778,20.14047
TUPMAN_1_N101,35.354039,-119.270638,20.14047
TURKEYHI_LNODE49,42.01306,-121.41778,22.48434
TVYVLLY_6_N001,36.77062199998685,-119.39317691322037,20.90002
TXBVHL_6_N001,35.226128018725106,-119.3778391415529,20.28434
TXROSDL_1_N001,35.37695301426363,-119.07791367489159,20.21241
TXROSDL_1_N002,35.37695301426363,-119.0780283251084,20.21241
TYLER_6_N001,40.138392982499205,-122.20848578836895,19.79722
TYLER_6_N002,40.138392982499205,-122.20860821163106,19.79722
UCM_6_N001,32.88368472395273,-117.222424,21.01194
UCM_6_N002,32.88360413801135,-117.22236859671557,21.01194
UCM_6_N006,32.88360413801135,-117.22247940328444,21.01194
UKIAH_1_N001,39.142823455087914,-123.19204845611492,0.16957
UKIAH_1_N005,39.14300254479826,-123.19204845640866,0.16957
UNOCAL_7_N001,38.04805556,-122.255,22.28743
UOP_6_N001,37.97945391,-121.3121994,20.24735
UPPRLKE_6_N001,39.145906,-122.916845,-2.28281
URANIUM_6_N001,37.3711189164195,-121.976163786,20.80641
URANIUM_6_N002,37.37103760797558,-121.97610471695367,20.80641
URANIUM_6_N003,37.37103760797558,-121.97622285504633,20.80641
URBAN_6_N001,32.71336175780155,-117.151456,21.05305
URBAN_6_N005,32.71328112108711,-117.15140066790788,21.05305
URBAN_6_N009,32.71328112108711,-117.15151133209213,21.05305
URICH_6_N001,38.029918,-122.103005,22.38573
VACA-DIX_1_N001,38.401643999943936,-121.91981408247966,19.75201
VACA-DIX_1_N083,38.401566007417685,-121.91998645869818,19.75201
VACADIX_1_N015,38.401643999943936,-121.92004391752033,19.75201
VACADIX_1_N300,38.40172199255435,-121.91987154117784,19.75201
VACAVIL_1_N001,38.356520058867716,-121.97951,19.78078
VACAVIL_1_N101,38.35643897055109,-121.97945029786577,19.81367
VACAVIL_1_N102,38.35643897055109,-121.97956970213424,19.81367
VALCNTR_6_N001,33.23068299998848,-117.01834745172809,21.19281
VALLECTS_6_B1,37.60921546,-121.8425892,20.28846
VALLEYSC_1_N001,33.738397971600605,-117.156432,20.36245
VALLEYSC_1_N023,33.74191,-117.156589,20.36245
VALLEYSC_1_N026,33.7419099999529,-117.15648082117153,20.36245
VALLEYSC_1_N027,33.741820044059125,-117.15648082128499,20.36245
VALLEYSC_1_N030,33.74174122394152,-117.1566639359048,20.36245
VALLEYSC_1_N031,33.741772380302784,-117.156765418802,20.36245
VALLEYSC_1_N107,33.738317014186954,-117.15648820699798,20.36245
VALLEYSC_1_N216,33.74201282449463,-117.15686887672038,20.36245
VALLEYSC_1_N217,33.742095107300145,-117.15682515836211,20.36245
VALLEYSC_1_N218,33.74216056628639,-117.15675095634964,20.36245
VALLEYSC_1_N219,33.7422031540618,-117.15665566870578,20.36245
VALLEYSC_1_N220,33.74221986927216,-117.15654937347803,20.36245
VALLEYSC_1_N221,33.74221035698812,-117.1564418007823,20.36245
VALLEYSC_5_N047,33.742049933312074,-117.15619034666781,20.35012
VALLEYVE_1_N001,36.53916799998696,-116.48815719394825,20.4796
VALLEYVE_1_N002,36.53916799998696,-116.48826880605175,20.4796
VALLYHM_1_N001,37.85581024891345,-120.944141,20.22885
VALLYHM_1_N005,37.85572887552832,-120.94420050279503,20.22885
VALLYVW_1_N001,37.96607299998612,-122.27841868352904,22.38564
VALLYVW_1_N003,37.96607299998612,-122.27853331647096,22.38564
VALPREDO_6_N001,35.02060799586001,-119.0626791,18.58158
VASCO_6_N001,37.71132099998621,-121.71587984128799,20.11375
VASCO_6_N003,37.71132099998621,-121.71599415871201,20.11375
VASONA_2_N001,37.25999999998651,-121.89994328855217,20.25968
VASONA_2_N010,37.25999999998651,-121.90005671144785,20.25968
VEDDER_1_N001,35.61,-118.96,20.41383
VERNON_6_N001,33.998720181696164,-118.22077977719938,20.56593
VESTAL_6_N001,35.85713659527842,-119.08872645400277,21.25859
VICTOR_1_N001,38.145651267656454,-121.17732422029407,20.5536
VICTOR_1_N134,34.505936,-117.38768,20.5536
VICTOR_1_N137,34.505935999950886,-117.3875702583319,20.5536
VICTOR_1_N594,34.50584556540856,-117.38757025845098,20.5536
VICTOR_1_N595,34.50578161857523,-117.38764785746913,20.5536
VICTOR_1_N596,34.50576632589583,-117.38775601848484,20.5536
VICTOR_1_N597,34.50579764803412,-117.38785896748202,20.5536
VICTOR_1_N598,34.50586360364735,-117.38793404978351,20.5536
VICTOR_1_N603,34.50594907212439,-117.38796991553367,20.5536
VICTOR_1_N606,34.50603937160514,-117.38796392005962,20.5536
VICTOR_1_N619,34.50612209223446,-117.38791957011638,20.5536
VICTOR_1_N620,34.50618789952731,-117.38784429611982,20.5536
VICTOR_1_N625,34.50623071391217,-117.3877476318643,20.5536
VICTOR_6_N001,38.145470732231836,-121.17755377942188,20.11375
VICTOR_6_N002,38.145651267656454,-121.17755377970593,20.11375
VICTOR_7_N001,34.506203825932694,-117.38742904716817,20.5536
VIEJOSC_2_N001,36.578772821150025,-121.908968,20.74475
VIEJOSC_2_N004,33.667334,-117.642727,20.74475
VIEJO_6_N001,36.578692089410936,-121.90890995739635,20.97495
VIEJO_6_N003,36.578692089410936,-121.90902604260364,20.97495
VIERRA_1_N001,37.85,-121.24,20.33984
VIERRA_1_N009,37.7978,-121.27418,20.33984
VILLAPK_6_LN001,33.81564699317584,-117.83444769843688,20.59265
VILLAPK_6_LN002,33.81564699317584,-117.83456030156313,20.59265
VINA_6_N001,39.941614,-122.041739,20.39944
VINESUB_6_N006,32.73878475092385,-117.17888,21.02427
VINESUB_6_N007,32.73870412452592,-117.17882465920908,21.02427
VINESUB_6_N014,32.73870412452592,-117.17893534079091,21.02427
VINEYARD_2_N001,37.66967326170019,-121.85436,20.28229
VINEYARD_2_N002,37.66959186913507,-121.85430063276966,20.28229
VINEYARD_6_N001,37.66959186913507,-121.85441936723034,20.23707
VLLYSPS_6_CN6,38.21648188,-120.7638501,20.00687
VOLTA2_7_N009,40.451832613439954,-121.8620339242648,19.34299
VSTA_1_N001,34.04125299995202,-117.32061812723687,20.44466
VSTA_1_N019,34.04128993524605,-117.3188974279969,20.44466
VSTA_1_N028,34.04128993524605,-117.3190105720031,20.44466
VSTA_6_N001,34.04125299995202,-117.32083587276313,20.44672
WABASH_6_N001,32.73022052,-117.110597,21.09621
WAHTOKE_1_N001,36.61618299998699,-119.452409104289,21.01714
WAHTOKE_1_N002,36.61618299998699,-119.45252089571099,21.01714
WALNUT_6_N001,34.00840381020035,-117.94966020073771,20.5947
WALSH_6_N001,37.36925702368643,-121.95645763176401,20.75091
WALSH_6_N002,37.36925702368643,-121.95657130623599,20.75091
WARENCYN_6_N001,33.01545499998868,-117.00226861385794,20.91534
WARENCYN_6_N002,33.01545499998868,-117.00237538614206,20.91534
WARNERS_6_N001,33.247186,-116.675942,16.93285
WARNER_LNODERV1,41.50091505739131,-120.533072,20.88657
WARNER_LNODERV3,41.50083397128745,-120.53300949206302,20.88657
WARNER_LNODESC1,41.50083397128745,-120.53313450793698,20.88657
WASCO_7_N008,39.77617274317707,-122.10383,20.20008
WATERLOO_6_N001,38.05178292,-121.2097983,20.09731
WATRSHED_6_N001,37.487815,-122.310237,20.52688
WDT273_7_N001,34.133619,-117.907563,20.51455
WDWRGEN_7_N001,36.89672741773442,-119.74989840074353,21.27439
WEBER1_6_N003,37.91982787,-121.2402319,20.02126
WEBERGEN_7_N002,37.919827869944456,-121.24011731424282,19.99865
WEBER_2_N021,37.919749586976614,-121.2401746071824,19.99865
WEBER_6_N001,37.919749586976614,-121.24028919281761,20.02126
WEBER_6_N041,37.919827869944456,-121.24034648575717,20.01715
WEEDPTCH_6_N001,35.22380990982567,-118.88,32.0
WEED_LNODER1,41.43139,-122.38944,23.23827
WELLFILD_6_N001,35.22389999995005,-118.88011028239877,48.0
WELLFILD_6_N002,35.22399009017441,-118.88,48.0
WEMRSWS_6_N001,39.035984,-120.987909,17.95357
WESIX_6_N001,36.661091309986915,-120.33431525009004,19.63074
WESTLAND_6_N001,36.661091309986915,-120.33442714990996,19.62046
WESTLANE_6_N001,37.990674,-121.282373,20.28023
WESTLEY_6_N001,37.57958111998634,-121.2056848506367,21.24009
WESTLEY_6_N004,37.57958111998634,-121.2057989493633,21.24009
WESTLNDS_1_N001,36.3999999999871,-120.31994434326373,19.76023
WESTLNDS_1_N019,36.3999999999871,-120.32005565673627,19.76023
WESTPAC_6_N001,34.819566,-118.750985,20.88451
WESTPARK_1_N001,35.374163973003284,-119.039839,20.28846
WESTPARK_1_N005,35.374083013484764,-119.03978167527592,20.28846
WESTPARK_1_N009,35.374083013484764,-119.03989632472408,20.28846
WESTPLAT_1_N001,35.42,-119.3,20.09114
WESTPNT_6_N001,38.44471398077145,-120.516861,20.42205
WESTPNT_7_N001,38.44489401922852,-120.516861,20.38917
WESTSDE_6_N001,37.77660932,-121.5175127,19.67801
WEYERHAU_LNODE41,42.167999999984126,-121.82243956731305,22.5432
WEYERHAU_LNODE42,42.167999999984126,-121.82256043268696,22.5432
WHEATLND_6_N001,39.013055,-121.418524,19.87738
WHEATLND_6_N005,39.01311707,-121.4186482,19.87738
WHEELER_6_N001,35.089761,-118.976591,18.4562
WHISMAN_1_N001,37.40491321634772,-122.068856,20.47138
WHISMAN_1_N004,37.404831891811426,-122.06879689262591,20.47138
WHISMAN_1_N009,37.404831891811426,-122.06891510737408,20.47138
WHITMORE_6_N001,40.628753,-121.915711,19.1354
WHLRRD1_7_B1,35.088838,-118.976556,19.10794
WHLRRD1_7_B3,35.08883799995014,-118.97644576152675,19.10794
WHLRRD1_7_B4,35.088747796027285,-118.97644576164866,19.10794
WHLRRD1_7_B5,35.088684012267365,-118.97652371195969,19.10794
WHLRRD1_7_B6,35.088668758585875,-118.97663236262073,19.10794
WHLRRD2_7_B1,35.08870000084669,-118.9767357776696,19.10589
WHLRRD2_7_B3,35.088765788262144,-118.97681119987332,19.10589
WHLRRD2_7_B4,35.08885103878225,-118.97684722799443,19.10589
WHLRRD2_7_B5,35.08894110798812,-118.97684120538457,19.10589
WILDWOOD_1_N001,40.38711092118795,-123.04499942348713,20.40767
WILDWOOD_1_N005,40.38711092118795,-123.04512257651287,20.40767
WILKINS_6_N001,39.00552,-121.867233,16.66506
WILLIAMS_6_N002,39.15757999998577,-122.14756226186596,16.06695
WILLIAMS_7_N002,39.15757999998577,-122.14767773813404,16.06901
WILLITS_6_N001,39.405666,-123.327366,1.60908
WILLOWS_6_N001,39.531805,-122.185874,19.83217
WILLWCRK_6_N001,41.056486881388146,-123.68218970968636,22.89054
WILSONA_6_N001,34.579517,-117.719954,21.17637
WINDGAP1_7_B1,35.01,-118.99,19.08563
WINDGAP1_7_B3,35.00999999995021,-118.98988979523116,19.08563
WINDGAP1_7_B4,35.00990973652225,-118.98988979535277,19.08563
WINDGAP2_7_B1,35.0098459106858,-118.98996772183133,19.08563
WINDGAP2_7_B3,35.009830646941914,-118.99007633927391,19.08563
WINDGAP3_7_B1,35.00986190981265,-118.9901797227049,19.08357
WINDGAP3_7_B3,35.009927740626615,-118.99025512184879,19.08357
WINDGAP4_7_B1,35.010013047384426,-118.99029113895399,19.08357
WINDGAP4_7_B3,35.01010317600642,-118.99028511818479,19.08357
WINDSOR_6_N001,38.60704,-122.85222,33.93696
WINTERS_6_N001,38.517708,-121.951331,20.42822
WIRLWIND_2_NM01,34.85790599998759,-118.43694794239384,20.07059
WIRLWIND_2_NM02,34.85790599998759,-118.43705805760615,20.07059
WLFSKIL1_1_N004,38.22801,-122.07571,19.91232
WLLWPSS_6_N001,38.02467113,-121.9610129,22.30146
WNTUPMS_6_N001,40.592794,-122.369634,19.37588
WOHLER_6_N001,38.512048,-122.880906,28.12712
WOLFE_1_N001,37.335142193117605,-122.020824,20.39739
WOLFE_1_N002,37.335060903426545,-122.02076497287341,20.39739
WOLFE_1_N007,37.335060903426545,-122.02088302712659,20.39739
WOODLD_1_N001,38.67823188725648,-121.760143,20.26996
WOODLD_1_N005,38.67815105635662,-121.76008322082818,20.26996
WOODLD_1_N012,38.67815105635662,-121.76020277917182,20.26996
WOODRW_LNODECEU,37.66469443998625,-121.04449847780575,20.70364
WOODRW_LNODELD2,37.66469443998625,-121.04461272219426,20.70364
WOODSIDE_6_N003,37.43624399998641,-122.2420270905538,20.69131
WOODSIDE_6_N004,37.43624399998641,-122.24214090944619,20.69131
WOODSIDE_6_N006,37.43704943,-122.2421734,20.69131
WOODWARD_1_N005,36.89654748215955,-119.75012339899124,21.27439
WOODWARD_1_N006,36.89672741773442,-119.75012339925647,21.27439
WPBART_1_N001,38.02005420797604,-121.98,21.21203
WPBART_1_N004,38.01997289599686,-121.97994040909197,21.21203
WPBART_1_N026,38.01997289599686,-121.98005959090804,21.21203
WRGHTPP_6_N001,37.013289999986696,-120.94462359835565,19.83422
WSCOPRSN_1_N001,35.61,-119.37,20.06648
WSCRMNO_1_N004,38.58939293336201,-121.545027,20.32751
WSCRMNO_1_N013,38.58931203330379,-121.54496724378153,20.32751
WSCRMNO_1_N201,38.58931203330379,-121.54508675621847,20.32751
WSTFRSO_1_N001,36.71841899998688,-119.81853697917856,20.99822
WSTFRSO_1_N004,36.71841899998688,-119.81864902082144,20.99822
WSTFRSO_1_N015,36.71821682,-119.8190857,20.99822
WSTLD1RA_1_N001,36.72,-120.72,19.76845
WTSNVLLE_6_N001,36.902758999986744,-121.75595974245704,21.37574
WTSNVLLE_6_N003,36.902758999986744,-121.75607225754297,21.37574
WYANDTTE_1_N001,39.491682744465926,-121.541161,19.53003
WYANDTTE_1_N003,39.49160212775149,-121.54110068770393,19.53003
WYANDTTE_1_N102,39.49160212775149,-121.54122131229607,19.53003
YOSEMITE_6_N001,37.72952929,-122.3968597,16.92421
YREKA_LNODE76,41.72897989068449,-122.63154955171838,23.0911
YREKA_LNODED1,41.72880010918983,-122.63154955205546,23.10922
YREKA_LNODED2,41.72880010918983,-122.63179044794454,23.10922
YREKA_LNODED3,41.72897989068449,-122.63179044828162,23.10922
YUBACITY_6_N010,39.1373209999858,-121.64396072438323,20.08086
YUBAGOLD_6_N001,39.203272,-121.415014,20.35628
ZACA_1_N001,34.696829,-120.151374,20.15486
ZAMORA_1_LN001,38.775555559985854,-121.85827574897266,20.17952
ZAMORA_1_N001,38.775555559985854,-121.85839085102734,20.17952
ZANKER_1_N001,37.469999999986335,-121.8099430557453,20.62142
ZANKER_1_N003,37.469999999986335,-121.8100569442547,20.62142
ZENO_6_N001,37.37696677208641,-121.99793169424989,20.82696
ZENO_6_N002,37.37696677208641,-121.99804538575012,20.82696
12TH_S_LNODENMZ,37.63715677998629,-120.99316020050249,0.0
12TH_S_LNODEXWQ,37.63715677998629,-120.99327439949751,0.0
AIR_SUB_LNODENAA,33.96205409081493,-118.376,0.0
AIR_SUB_LNODENAB,33.961972954579615,-118.37594352117388,0.0
AIR_SUB_LNODEONC,33.961972954579615,-118.37605647882611,0.0
ALMOND_LNODEAUX,37.574202045609525,-120.98511610244,0.0
ALTTA_BP_LNODEPRT,41.51205899998436,-120.5236838478691,0.0
ALTTA_BP_LNODETON,41.51205899998436,-120.5238041521309,0.0
ATW_SUB_LNODEONB,34.1096541600031,-118.254,0.0
ATW_SUB_LNODEONC,34.10957291998536,-118.25394335044959,0.0
ATW_SUB_LNODEOND,34.10957291998536,-118.2540566495504,0.0
AUGUST_LNODEDR1,37.4182520696912,-120.831252690486,0.0
AUGUST_LNODEDR3,37.4182452743243,-120.831131410372,0.0
AUGUST_LNODEDR4,37.4182458785436,-120.830989786937,0.0
AUGUST_LNODEDR5,37.4182557186304,-120.831363604619,0.0
AUGUST_LNODEDR6,37.41894,-120.84899,0.0
BANGS_LNODEKGC,37.70469,-121.0418,0.0
BCN_PP_LNODESS1,35.25680070871138,-118.02736892630813,0.0
BCN_PP_LNODESS2,35.256766720360744,-118.02726679027704,0.0
BERNARDO_LNODEARDO,33.02157451,-117.0962277,0.0
BROCKWAY_LNODE01,39.243063530935196,-120.02634939696748,0.0
BROCKWAY_LNODE02,39.242884468950564,-120.02634939726258,0.0
BROCKWAY_LNODE51,39.242884468950564,-120.02658060273741,0.0
BROCKWAY_LNODE52,39.243063530935196,-120.02658060303253,0.0
BUCKEYE_LNODE75,38.96361061263054,-119.71004174926833,0.0
BUCKEYE_LNODE76,38.96343138725605,-119.71004174955989,0.0
BUCKEYE_LNODE77,38.96343138725605,-119.71027225044011,0.0
BUCKEYE_LNODE78,38.96361061263054,-119.71027225073166,0.0
CALSUB_LNODEET,39.521219,-120.008761,0.0
CAN_SUB_LNODEONA,34.18955419166312,-118.592,0.0
CAN_SUB_LNODEONB,34.189472904155366,-118.59194326369176,0.0
CAN_SUB_LNODEONC,34.189472904155366,-118.59205673630824,0.0
CARRIZO_LNODEHILL,35.38048201522088,-120.04019467441788,0.0
CARRIZO_LNODEZOT1,35.38048201522088,-120.04030932558213,0.0
CAR_SM_LNODENE1,38.642773175556165,-121.3294330286556,0.0
CAR_SM_LNODENE2,38.64259349099788,-121.32943302894401,0.0
CAR_SM_LNODENE3,38.64259349099788,-121.329663082168,0.0
CAR_SM_LNODENE4,38.642773175556165,-121.3296630824564,0.0
CASTLE_LNODEDR1,37.36195490350885,-120.56264978595905,0.0
CASTLE_LNODEDR2,37.36187666885442,-120.5625929569803,0.0
CASTLE_LNODEDR3,37.36179843428164,-120.56264978607754,0.0
CASTLE_LNODEDR4,37.36179843428164,-120.56276344403506,0.0
CASTLE_LNODEDR5,37.36187666885442,-120.5628202731323,0.0
CASTLE_LNODEDR6,37.36195490350885,-120.56276344415355,0.0
CAS_PP_LNODE1AUX,34.58742309555189,-118.65687780855163,0.0
CAS_PP_LNODE2AUX,34.587488904018386,-118.65680245963806,0.0
CAS_PP_LNODE3AUX,34.58753171916694,-118.65670569917606,0.0
CAS_PP_LNODE4AUX,34.58754852361777,-118.65659776098718,0.0
CAS_PP_LNODE5AUX,34.58753896054594,-118.65648852558515,0.0
CAS_PP_LNODE6AUX,34.587504830707275,-118.65638679740337,0.0
CEN_SUB_LNODEONB,33.948054083699034,-118.255,0.0
CEN_SUB_LNODEONC,33.94797295813763,-118.25494353789466,0.0
CEN_SUB_LNODEOND,33.94797295813763,-118.25505646210534,0.0
CERES_LNODEDR1,37.6088562120824,-120.956729570412,0.0
CERES_LNODEDR3,37.6089710504,-120.956595705015,0.0
CERES_LNODEDR4,37.6089019185376,-120.956592000755,0.0
CERES_LNODEDR5,37.6087606610128,-120.956712881849,0.0
CERES_LNODEDR7,37.6089324750351,-120.956712057352,0.0
CERES_LNODEDR8,37.6090011903052,-120.956714357349,0.0
CHC_LNODE31A,38.95999999998579,-120.89994237638588,0.0
CHC_LNODE33A,38.95999999998579,-120.90005762361412,0.0
CIG_SM_LNODESS,38.44522299433728,-121.46160277845912,0.0
CLARIBEL_LNODEGFP,37.71028,-120.9688,0.0
CLOUGH_LNODEIYF,37.62761111,-120.9751667,0.0
CLOUGH_LNODEYBR,37.62761110994497,-120.97505251712948,0.0
COLLEG_LNODEDR1,37.6091056801805,-120.992876143573,0.0
COLLEG_LNODEDR2,37.6091096218649,-120.992789582042,0.0
COLLEG_LNODEDR5,37.6090266914486,-120.992698116343,0.0
COLLEG_LNODER15,37.6090419641747,-120.993034819943,0.0
COMMONS_LNODEDR1,37.6091045275098,-120.992962913259,0.0
COMMONS_LNODEDR3,37.5166183000533,-120.867554724081,0.0
COMMONS_LNODEDR4,37.516699044633,-120.867555122205,0.0
COMMONS_LNODEDR5,37.5164895041446,-120.867550987033,0.0
COMMONS_LNODEDR7,37.5165532160667,-120.867553025577,0.0
COMMONS_LNODEDR8,37.5008689404211,-120.913270146673,0.0
COOPER_LNODEDR1,37.3189566034476,-120.5119493179366,0.0
COOPER_LNODEDR2,37.31895660339336,-120.51183575699493,0.0
COOPER_LNODEDR3,37.318866291449055,-120.51183575713138,0.0
COOPER_LNODEDR4,37.318802431310424,-120.51191605677509,0.0
COOPER_LNODEDR5,37.318787159360575,-120.51202798203006,0.0
COOPER_LNODEDR6,37.31881843902539,-120.51213451388375,0.0
COOPER_LNODEDR7,37.318884305211256,-120.51221220923813,0.0
COOPER_LNODEDR8,37.318969657813994,-120.51224932323211,0.0
COOPER_LNODEDR9,37.31905983488123,-120.51224311913526,0.0
COOPER_LNODER14,37.31914244338007,-120.5121972257278,0.0
COOPER_LNODER15,37.31920816147405,-120.51211933201114,0.0
COOPER_LNODER16,37.31925091782716,-120.51201930357878,0.0
COOPER_LNODER17,37.31926769919903,-120.51190771989396,0.0
CORTEZ_LNODEDR1,37.5005587104299,-120.913235680039,0.0
CORTEZ_LNODEDR3,37.5007571927422,-120.913267914805,0.0
CORTEZ_LNODEDR5,37.5006522266335,-120.913263660994,0.0
CORTEZ_LNODEDR6,37.5008124927682,-120.913424010622,0.0
CORTEZ_LNODEDR7,37.5007095209272,-120.913352769965,0.0
COR_LNODENE1,38.55393333331922,-121.20798139654603,0.0
COR_LNODENE3,38.55393333331922,-121.20809638123197,0.0
CPP_LNODESS1,38.3383555554995,-121.12458988828622,0.0
CPP_LNODESS2,38.33844566948052,-121.124475,0.0
CRABTREE_LNODENK1,37.64506,-120.60683,0.0
CROWLNDG_LNODEDR1,37.4627004272953,-120.740076630976,0.0
CROWLNDG_LNODEDR3,37.462786962981,-120.740080933369,0.0
CROWLNDG_LNODEDR4,37.462613876709,-120.740078364387,0.0
CROWLNDG_LNODEDR5,37.4625421344261,-120.740074305354,0.0
CROWLNDG_LNODEDR7,37.4627827502437,-120.740270351347,0.0
CSG_LNODESS,38.51068967879612,-121.47509029333828,0.0
DONPEDRO_LNODENSS,37.6962503274167,-120.4206077500803,0.0
ECY_LNODE101,38.55445658675582,-121.43093112608555,0.0
ECY_LNODE102,38.55427674646514,-121.4309311263732,0.0
ECY_LNODE103,38.55427674646514,-121.43116109584881,0.0
ECY_LNODE104,38.55445658675582,-121.43116109613645,0.0
ELK_SM_LNODENE7,38.37268333331937,-121.35419949225586,0.0
ELK_SM_LNODENE8,38.37268333331937,-121.35431439663215,0.0
ELV_LNODENE1,38.71426666661026,-121.47683299057677,0.0
ELV_LNODENE2,38.71418891290697,-121.47689052312896,0.0
ELV_LNODENE3,38.71418891290697,-121.47700558798303,0.0
ELV_LNODENE4,38.71426666661026,-121.47706312053523,0.0
ELV_LNODENE5,38.71434442039811,-121.4770055881082,0.0
ELV_LNODENE6,38.71434442039811,-121.4768905230038,0.0
FAIRGRND_LNODEDR1,37.5006945896515,-120.867048786933,0.0
FAIRGRND_LNODEDR3,37.5005735349484,-120.866718665766,0.0
FAIRGRND_LNODEDR4,37.5005721589657,-120.866803820595,0.0
FAIRGRND_LNODEDR5,37.5005181954718,-120.867051337755,0.0
FAIRGRND_LNODEDR7,37.5005718981617,-120.866887330714,0.0
FAIRGRND_LNODEDR8,37.5005716373084,-120.866970837622,0.0
FAR_SUB_LNODEONA,34.03809021316632,-118.37089113436087,0.0
FAR_SUB_LNODEONB,34.0379097867377,-118.37089113459244,0.0
FAR_SUB_LNODEONC,34.0379097867377,-118.37110886540755,0.0
FAR_SUB_LNODEOND,34.03809021316632,-118.37110886563912,0.0
FINNEY_LNODESNV,37.627520677678156,-120.9751667,0.0
FIREHOUS_LNODEBUSH,34.8569,-114.6245,0.0
FIY_LNODE0LD,38.762778,-121.356944,0.0
FRA_SM_LNODENE1,38.38101134187077,-121.4768906014164,0.0
FRA_SM_LNODENE2,38.380933333277234,-121.47683314740071,0.0
FRA_SM_LNODENE3,38.38085532476781,-121.47689060154032,0.0
FRA_SM_LNODENE4,38.38085532476781,-121.47700550957168,0.0
FRA_SM_LNODENE5,38.380933333277234,-121.47706296371129,0.0
FRA_SM_LNODENE6,38.38101134187077,-121.4770055096956,0.0
FREDONIA_LNODELD,34.1733,-114.574,0.0
FSTREET_LNODEDR1,37.4895796064313,-120.838424090027,0.0
FSTREET_LNODEDR3,37.4896984214952,-120.838270217479,0.0
FSTREET_LNODEDR4,37.4896152090171,-120.838173674241,0.0
FSTREET_LNODEDR5,37.4894938869083,-120.83833925837,0.0
FTL_LNODENE1,38.69308721315885,-121.348651111111,0.0
FTL_LNODENE2,38.693006393405355,-121.34859132777218,0.0
FTL_LNODENE3,38.693006393405355,-121.34871089444981,0.0
GEER_LNODEDR1,37.52250334748,-120.843709746797,0.0
GEER_LNODEDR2,37.5224993081714,-120.843588348711,0.0
GEER_LNODEDR3,37.5224318250334,-120.843496861832,0.0
GEER_LNODEDR4,37.5224297824039,-120.843426269924,0.0
GEER_LNODEDR5,37.5224263420376,-120.843557323915,0.0
GEER_LNODEDR7,37.5224225565731,-120.843630755159,0.0
GEER_LNODEDR8,37.522425898329,-120.843709042834,0.0
GILSTRAP_LNODEDR1,37.5800948624588,-120.975549487551,0.0
GILSTRAP_LNODEDR3,37.5801662132492,-120.9757670064,0.0
GILSTRAP_LNODEDR5,37.5799830759229,-120.975550499689,0.0
GILSTRAP_LNODEDR7,37.58017229934,-120.975552395649,0.0
GILSTRAP_LNODEDR8,37.5801700030066,-120.975645212521,0.0
GILSTRAP_LNODER17,37.5801611951015,-120.976018315921,0.0
GLENBROK_LNODE00,39.08944973570645,-119.933801,0.0
GLENBROK_LNODE02,39.089369132131374,-119.93374104292626,0.0
GLENBROK_LNODE05,39.089369132131374,-119.93386095707373,0.0
GLENSHIR_LNODERE,39.352238,-120.08626,0.0
HAL_SUB_LNODEON1,33.84769999998815,-118.30334578612137,0.0
HAL_SUB_LNODEONA,33.84769999998815,-118.30345421387864,0.0
HAWKINS_LNODEDR1,37.5799617816957,-120.645598336747,0.0
HAWKINS_LNODEDR3,37.5799481743814,-120.645311774451,0.0
HAWKINS_LNODEDR5,37.5798175544824,-120.645562968772,0.0
HAWKINS_LNODEDR7,37.5799502934699,-120.645479899093,0.0
HED_LNODENE1,38.50998333327719,-121.35563197930773,0.0
HED_LNODENE2,38.50989337309517,-121.35563197945136,0.0
HED_LNODENE3,38.50982976169183,-121.355713272007,0.0
HED_LNODENE4,38.50981454922492,-121.35582658122124,0.0
HED_LNODENE5,38.509845707051696,-121.35593443034743,0.0
HED_LNODENE6,38.509911316684935,-121.35601308641768,0.0
HED_LNODENE7,38.50999633683837,-121.3560506593429,0.0
HED_LNODENE8,38.51008616266924,-121.35604437854579,0.0
HERSHEY_LNODESLL,37.75083,-120.8453,0.0
HERSHEY_LNODEXF1,37.7508299999447,-120.8451856244636,0.0
HERSHEY_LNODEXF2,37.75073956547022,-120.8453,0.0
HERSHEY_LNODEXF3,37.7508299999447,-120.84541437553641,0.0
HERSHEY_LNODEXF4,37.750920434529704,-120.8453,0.0
HIGGINS_LNODET1,35.61493727535464,-115.35625819945191,0.0
HIGGINS_LNODET2,35.61501499994967,-115.35631339901111,0.0
HIGGINS_LNODET3,35.61509272462021,-115.35625819955919,0.0
HILMAR_LNODEDR1,37.4189785637285,-120.849304571346,0.0
HILMAR_LNODEDR2,37.4188603223578,-120.849075716434,0.0
HILMAR_LNODEDR4,37.4189333711687,-120.849077780203,0.0
HILMAR_LNODEDR5,37.4188652133943,-120.849148221032,0.0
HILMAR_LNODEDR7,37.4188555229834,-120.849223847561,0.0
HILMAR_LNODEDR8,37.418956,-120.848996,0.0
HILMAR_LNODER17,37.4189123657556,-120.849307362712,0.0
HUGHSON_LNODEDR1,37.5949433309328,-120.846755674049,0.0
HUGHSON_LNODEDR2,37.5949478453779,-120.846639431615,0.0
HUGHSON_LNODEDR3,37.5948895849844,-120.846669736494,0.0
HUGHSON_LNODEDR4,37.5949564824944,-120.846831604577,0.0
HUGHSON_LNODEDR5,37.594883530932,-120.846800432358,0.0
HUGHSON_LNODEDR8,37.5948895004896,-120.84669840193,0.0
HURLEY_LNODE12LD3,38.587283,-121.418244,0.0
HUR_LNODENE1,38.58818333333333,-121.418666944444,0.0
HUR_LNODENE2,38.58818333327699,-121.41855194404475,0.0
HUR_LNODENE3,38.58810548632912,-121.41860944430671,0.0
HUR_LNODENE4,38.58810548632912,-121.41872444458129,0.0
HUR_LNODENE5,38.58818333327699,-121.41878194484326,0.0
HUR_LNODENE7,38.58826118030932,-121.41872444470597,0.0
HUR_LNODENE8,38.58826118030932,-121.41860944418204,0.0
HWD_SUB_LNODEONA,34.088090251059334,-118.34689102435425,0.0
HWD_SUB_LNODEONB,34.0879097488445,-118.34689102458658,0.0
HWD_SUB_LNODEONC,34.0879097488445,-118.34710897541342,0.0
HWD_SUB_LNODEOND,34.088090251059334,-118.34710897564575,0.0
INDUSTRL_LNODEDR1,37.4786063003132,-120.866935168966,0.0
INDUSTRL_LNODEDR2,37.4784258031614,-120.866836967643,0.0
INDUSTRL_LNODEDR3,37.4784244272802,-120.866662034426,0.0
INDUSTRL_LNODEDR5,37.4785292936467,-120.866935824384,0.0
INDUSTRL_LNODEDR7,37.4784403782944,-120.866928290638,0.0
INDUSTRL_LNODEDR8,37.4784247171011,-120.866748607625,0.0
KIDWELL_LNODE-1,35.29501,-114.836487,0.0
KIERNAN_LNODETUB,37.71047,-121.0139,0.0
KINGBRY_LNODERY,38.958066,-119.886498,0.0
KLAMATH_LNODESS,42.174064578926696,-121.81153856321038,0.0
KNA_LNODENA2,40.654722,-122.389167,0.0
LADDCM_LNODEARD,37.73258,-121.01392,0.0
LAGRANG_LNODEOAD,37.6697612035926,-120.443808701526,0.0
LAK_SM_LNODENE2,38.658077794318025,-121.13012359377534,0.0
LAK_SM_LNODENE3,38.65799999994368,-121.13006607656462,0.0
LAK_SM_LNODENE4,38.657922205653776,-121.13012359390028,0.0
LAK_SM_LNODENE6,38.657922205653776,-121.13023862832172,0.0
LAK_SM_LNODENE7,38.65799999994368,-121.13029614565738,0.0
LAK_SM_LNODENE8,38.658077794318025,-121.13023862844666,0.0
LAPHAM_LNODEQBZ,37.639494,-120.919982,0.0
LAPHAM_LNODEXBC,37.63949399994495,-120.91986779708742,0.0
LAWRENCE_LNODEENCE,37.397297356679005,-122.010126,0.0
LINCON_LNODECRZ,37.63940356621228,-120.91986779722644,0.0
LINCON_LNODEFCN,37.639339619957,-120.91994855081084,0.0
MARPOS_LNODEKSA,37.63932432741219,-120.92006110878681,0.0
MARPOS_LNODENOX,37.63935564925701,-120.92016824287315,0.0
MARSHALL_LNODEDR1,37.43587720766,-121.132527674588,0.0
MARSHALL_LNODEDR2,37.4358760484777,-121.13220043951,0.0
MARSHALL_LNODEDR3,37.4358798082574,-121.132682875263,0.0
MARSHALL_LNODEDR4,37.4358789493306,-121.132046059332,0.0
MARSHALL_LNODEDR5,37.4358787251639,-121.131895544498,0.0
MARSHALL_LNODER8C,37.435876146414,-121.132374308977,0.0
MCC_LNODEMCC,38.63008971070796,-121.51320976638306,0.0
MCY_LNODE101,38.563116666666666,-121.464371944444,0.0
MCY_LNODE102,38.563116666610455,-121.4642569555954,0.0
MCY_LNODE103,38.56302675430868,-121.46425695573926,0.0
MCY_LNODE104,38.562963176761876,-121.46433826506194,0.0
MCY_LNODE105,38.562947972391605,-121.46445159764659,0.0
MCY_LNODE106,38.5629791136348,-121.46455946901716,0.0
MCY_LNODE107,38.56304468834792,-121.46463814131086,0.0
MCY_LNODE108,38.56312966325024,-121.46467572198618,0.0
MEYERS_LNODE31,38.877195,-119.986125,0.0
MEYERS_LNODE32,38.87719499994345,-119.98600982501117,0.0
MEYERS_LNODE33,38.87710533707398,-119.986125,0.0
MEYERS_LNODE34,38.87719499994345,-119.98624017498884,0.0
MEYERS_LNODE35,38.87728466292607,-119.986125,0.0
MINDEN_LNODE35,38.955108,-119.763422,0.0
MINNIER_LNODEJFF,37.71289,-120.93858,0.0
MKT_SUB_LNODEONA,34.0434902173762,-118.24599112234871,0.0
MKT_SUB_LNODEONB,34.04330978252786,-118.24599112258036,0.0
MKT_SUB_LNODEONC,34.04330978252786,-118.24620887741963,0.0
MKT_SUB_LNODEOND,34.0434902173762,-118.24620887765128,0.0
MONTPELR_LNODEDR3,37.5513950204046,-120.771210942368,0.0
MONTPELR_LNODEDR4,37.5513208784333,-120.77132554154,0.0
MONTPELR_LNODEDR5,37.5513203022304,-120.771217224249,0.0
MONTPELR_LNODEDR7,37.551320342333,-120.771557696814,0.0
MONTPELR_LNODEDR8,37.5513195014288,-120.771445581179,0.0
MULLER_LNODE95,38.976633999985864,-119.79468236834688,0.0
MULLER_LNODE96,38.976633999985864,-119.79479763165311,0.0
NAT_LNODENE1,38.65097779957077,-121.48672359559271,0.0
NAT_LNODENE2,38.65089999994365,-121.48666608019934,0.0
NAT_LNODENE3,38.650822200401045,-121.48672359571763,0.0
NAT_LNODENE4,38.650822200401045,-121.48683862650437,0.0
NAT_LNODENE5,38.65089999994365,-121.48689614202266,0.0
NAT_LNODENE6,38.65097779957077,-121.4868386266293,0.0
NEWELL_LNODEWELL,41.888139999984205,-121.37845028379793,0.0
NORAMCD_LNODECONE,34.524891,-114.344657,0.0
NR_SUB_LNODEONA,34.22909034238915,-118.54339073176756,0.0
NR_SUB_LNODEONB,34.228909657513995,-118.54339073200198,0.0
NR_SUB_LNODEONC,34.228909657513995,-118.54360926799801,0.0
NR_SUB_LNODEOND,34.22909034238915,-118.54360926823244,0.0
OAKDAL_LNODEMTS,37.66746999998627,-120.95814287556452,0.0
OAKDAL_LNODENDN,37.66746999998627,-120.95825712443548,0.0
OASIS_LNODE-1,35.67815782106825,-115.374032,0.0
OASIS_LNODE-2,35.67807708945223,-115.37397461969063,0.0
OASIS_LNODE-3,35.67807708945223,-115.37408938030937,0.0
OREGON_LNODENK1,37.63168999998624,-120.9742429051075,0.0
OREGON_LNODENK2,37.63168999998624,-120.9743570948925,0.0
ORV_LNODENE1,38.68455,-121.267326944444,0.0
ORV_LNODENE2,38.68454999994364,-121.26721189591703,0.0
ORV_LNODENE3,38.68446019318104,-121.26721189606141,0.0
ORV_LNODENE4,38.68439669026182,-121.26729324758281,0.0
ORV_LNODENE5,38.68438150373832,-121.26740663898543,0.0
ORV_LNODENE6,38.6844126084275,-121.26751456633991,0.0
ORV_LNODENE7,38.6844781061685,-121.26759327946426,0.0
ORV_LNODENE8,38.68456298132683,-121.2676308796447,0.0
OVES_SUB_LNODEBKB,37.43792099998635,-118.55704491120122,0.0
OVES_SUB_LNODEBKC,36.443,-118.0438,0.0
OVES_SUB_LNODEBKD,37.342,-118.441,0.0
PANAMA_LNODECOUERCRK1,35.29548699213203,-119.02146768568419,0.0
PANAMA_LNODECOUERCRK2,35.29548699213203,-119.02158231431581,0.0
PARADS_LNODEFEG,37.69046956305469,-121.02049571463989,0.0
PARADS_LNODEKHB,37.6904056145667,-121.02057652662188,0.0
PGG_LNODESS1,38.531716666610464,-121.39934830807131,0.0
PGG_LNODESS2,38.531794557439916,-121.39929082076439,0.0
PINENUT_LNODE27,38.896337,-119.696097,0.0
PIONEER_LNODEBUS,37.39756017328021,-120.7270641608972,0.0
PIONEER_LNODEDR1,37.39756017322573,-120.72695042442128,0.0
PIONEER_LNODEDR2,37.3974698163648,-120.7269504245584,0.0
PIONEER_LNODEDR3,37.3974059244655,-120.72703084832322,0.0
PIONEER_LNODEDR4,37.39739064492007,-120.72714294658331,0.0
PIONEER_LNODEDR5,37.39742194014138,-120.72724964310564,0.0
PIONEER_LNODEDR6,37.397487839085414,-120.72732745855615,0.0
PIONEER_LNODEDR7,37.39757323413797,-120.72736462991926,0.0
PIONEER_LNODEDR8,37.397663456054794,-120.72735841623376,0.0
PIONEER_LNODEDR9,37.39774610563929,-120.72731245188831,0.0
PIONEER_LNODER15,37.397811856418734,-120.72723443776906,0.0
POC_LNODENE2,38.490383333333334,-121.470263055556,0.0
POC_LNODENE3,38.49038333327713,-121.4701480990094,0.0
POC_LNODENE4,38.490293355392375,-121.470263055556,0.0
POC_LNODENE7,38.49038333327713,-121.47037801210259,0.0
POC_LNODENE8,38.49047331127424,-121.470263055556,0.0
POUST_LNODEIGQ,37.6903903214879,-121.02068916599474,0.0
POUST_LNODELD2,37.69042164442615,-121.02079637755577,0.0
PP1_LNODEOAD,34.59026131985074,-118.4546210726575,0.0
PP1_PP2_LNODELMW,34.59026131985074,-118.4547309273425,0.0
PP2_LNODEAUX,34.53433699995089,-118.52522278142764,0.0
PP2_LNODEOAD,34.534427436468654,-118.525113,0.0
PRSCOT_LNODEAEJ,37.69048760173528,-121.02087456863451,0.0
PRSCOT_LNODETKD,37.69057307242136,-121.0209119194331,0.0
PTR_PP_LNODEROM,35.24801901925079,-118.1756473615291,0.0
REINWY_LNODEGME,37.63942160426353,-120.92024637744797,0.0
REINWY_LNODEQAC,37.6395070719657,-120.92028370125492,0.0
RESERVR_LNODEFFW,37.651919999986276,-120.67483288823061,0.0
RESERVR_LNODEPMW,37.651919999986276,-120.67494711176938,0.0
RIN_SUB_LNODEONA,34.28105422156671,-118.479,0.0
RIN_SUB_LNODEONB,34.28097288920359,-118.47894317065887,0.0
RIN_SUB_LNODEONC,34.28097288920359,-118.47905682934115,0.0
RIOHONDO_LNODEONDO,34.1060249207417,-117.97952664559254,0.0
RIVERRD_LNODE-1,35.12676599998748,-114.63617787385608,0.0
RIVERRD_LNODE-2,35.12676599998748,-114.63628812614391,0.0
RNDHILL_LNODE02,38.980433762472465,-119.929742,0.0
RNDHILL_LNODE11,38.98035311874846,-119.92968210553101,0.0
RNDHILL_LNODE31,38.98035311874846,-119.929801894469,0.0
ROEDING_LNODEDR1,37.587341764588,-120.935901626126,0.0
ROEDING_LNODEDR2,37.5872777703549,-120.935976143427,0.0
ROEDING_LNODEDR3,37.5871231822836,-120.935612409,0.0
ROEDING_LNODEDR5,37.5870085148256,-120.935981028585,0.0
ROEDING_LNODEDR6,37.5871259671814,-120.935792411292,0.0
ROEDING_LNODEDR7,37.5871257817397,-120.935692486018,0.0
ROGERS_LNODEDR1,37.4749114287345,-121.178218328626,0.0
ROGERS_LNODEDR2,37.4751811958932,-121.178206809282,0.0
ROGERS_LNODEDR3,37.4750639771164,-121.17821700138,0.0
ROGERS_LNODEDR5,37.4748414013345,-121.178225065561,0.0
ROGERS_LNODEDR7,37.4749721097043,-121.178220428168,0.0
ROSELE_LNODEHMV,37.68013999998623,-120.94014286544196,0.0
ROSELE_LNODERLV,37.68013999998623,-120.94025713455804,0.0
RSM_SUB_LNODEONB,34.244054210355124,-118.392,0.0
RSM_SUB_LNODEONC,34.24397289480934,-118.39194320739797,0.0
RSM_SUB_LNODEOND,34.24397289480934,-118.39205679260202,0.0
SANTAFE_LNODEPLNT,38.77997308074166,-122.67005981025191,0.0
SCA_GS_LNODE1AUX,33.91807886040714,-118.42789938920775,0.0
SCA_GS_LNODE2AUX,33.91816402577284,-118.42793487934084,0.0
SCA_GS_LNODE4AUX,33.91825400500674,-118.42792894664778,0.0
SCA_GS_LNODE5AUX,33.91833643226557,-118.42788506116258,0.0
SCA_GS_LNODE6AUX,33.91840200617013,-118.42781057548723,0.0
SCA_GS_LNODE7AUX,33.91844466871178,-118.42771492357166,0.0
SCA_LA_LNODE3SS,33.91846141326686,-118.42760822199088,0.0
SCA_SUB_LNODEONA,33.918451884282646,-118.42750023805854,0.0
SCA_SUB_LNODEONB,33.91841787609632,-118.42739967533626,0.0
SCY_LNODE102,38.508556628165735,-121.46418309094265,0.0
SCY_LNODE103,38.50837670505527,-121.4641830912299,0.0
SCY_LNODE105,38.50837670505527,-121.4644130198821,0.0
SCY_LNODE106,38.508556628165735,-121.46441302016935,0.0
SNROSA_LNODEMEA,37.5099999999863,-121.22994301594794,0.0
SNROSA_LNODEYWX,37.5099999999863,-121.23005698405206,0.0
SOUTH_LNODE108,40.39538221,-121.8791458,0.0
SOUTH_LNODE204,40.39538220993951,-121.87902727370097,0.0
SOUTH_LNODEC542,40.39529194143137,-121.87902727385986,0.0
SOUTH_LNODEC544,40.39522811201244,-121.87911108453021,0.0
SOUTH_LNODEC546,40.39521284740522,-121.87922790359386,0.0
SOUTH_LNODEC547,40.39524411201219,-121.8793390934442,0.0
SOUTH_LNODEC548,40.39530994650243,-121.87942018597366,0.0
SOUTH_LNODEC549,40.395395258043976,-121.87945892278287,0.0
SOUTH_LNODEC550,40.3954853917418,-121.8794524474595,0.0
SOUTH_LNODEC552,40.39556796052161,-121.87940454742642,0.0
SQAWVLY_LNODE01,39.20568653401713,-120.20123845453338,0.0
SQAWVLY_LNODE81,39.20550746586879,-120.20123845482796,0.0
SQAWVLY_LNODE82,39.20550746586879,-120.20146954517205,0.0
SQAWVLY_LNODE83,39.20568653401713,-120.20146954546662,0.0
STATELN_LNODE01,38.95238461856907,-119.94181675988908,0.0
STATELN_LNODE22,38.952205381317675,-119.94181676018052,0.0
STATELN_LNODE23,38.952205381317675,-119.94204723981947,0.0
STATELN_LNODELY,38.95238461856907,-119.94204724011091,0.0
STB_LNODE201,38.57233333333333,-121.483291944444,0.0
STB_LNODE202,38.57233333327705,-121.48317695138249,0.0
STB_LNODE203,38.57224342921349,-121.48317695152639,0.0
STB_LNODE204,38.57217985749196,-121.48325826382802,0.0
STB_LNODE205,38.572164654514715,-121.48337160056485,0.0
STB_LNODE206,38.57219579290459,-121.48347947588752,0.0
STB_LNODE207,38.5722613616095,-121.48355815106362,0.0
STB_LNODE208,38.57234632872595,-121.48359573311588,0.0
STB_LNODE209,38.57243609852223,-121.48358945079376,0.0
STB_LNODE210,38.57251833393617,-121.48354297863219,0.0
STB_LNODE211,38.572583755229644,-121.4834641025941,0.0
STB_LNODE212,38.57262631848412,-121.48336281268834,0.0
STDDRD_LNODECEA,37.704079999986206,-121.06864284680097,0.0
STDDRD_LNODEWZO,37.704079999986206,-121.06875715319903,0.0
STD_LNODENE1,38.57225,-121.500568888889,0.0
STD_LNODENE2,38.572249999943736,-121.50045389586575,0.0
STD_LNODENE4,38.57217214071853,-121.50051139243968,0.0
STD_LNODENE5,38.57217214071853,-121.50062638533832,0.0
STD_LNODENE6,38.572249999943736,-121.50068388191225,0.0
STD_LNODENE7,38.57232785925329,-121.50062638546294,0.0
STD_LNODENE8,38.57232785925329,-121.50051139231506,0.0
STE_SM_LNODE301,38.58631666666667,-121.472838888889,0.0
STE_SM_LNODE302,38.586316666610415,-121.47272388936047,0.0
STE_SM_LNODE303,38.58622677499287,-121.47272388950444,0.0
STE_SM_LNODE304,38.58616321207191,-121.47280520637891,0.0
STE_SM_LNODE305,38.58614801119931,-121.4729185494895,0.0
STE_SM_LNODE306,38.58617914527848,-121.47302643087885,0.0
STE_SM_LNODE307,38.58624470490619,-121.47310511047952,0.0
STE_SM_LNODE308,38.586329660260105,-121.47314269464546,0.0
STE_SM_LNODE309,38.58641941762905,-121.47313641197016,0.0
STJ_SUB_LNODEONB,34.067054141297895,-118.226,0.0
STJ_SUB_LNODEONC,34.06697292933807,-118.22594339850212,0.0
STJ_SUB_LNODEOND,34.06697292933807,-118.22605660149787,0.0
STOCKM_LNODEVZF,37.62761110994497,-120.9752808828705,0.0
STOCKM_LNODEXFA,37.62770154232185,-120.9751667,0.0
STURLOCK_LNODEDR3,37.4835881458663,-120.846727672541,0.0
STURLOCK_LNODEDR4,37.4835360336794,-120.846797393384,0.0
STURLOCK_LNODEDR7,37.4834830942642,-120.846867453726,0.0
STURLOCK_LNODER13,37.483522165007,-120.846657059231,0.0
TAHOCTY_LNODE01,39.165971540038264,-120.14445351203682,0.0
TAHOCTY_LNODE71,39.16579245984778,-120.14445351233086,0.0
TAHOCTY_LNODE72,39.16579245984778,-120.14468448766914,0.0
TAHOCTY_LNODE73,39.165971540038264,-120.14468448796318,0.0
TAR_SUB_LNODEONA,34.17905418777958,-118.544,0.0
TAR_SUB_LNODEONB,34.1789729060972,-118.54394327481864,0.0
TAR_SUB_LNODEONC,34.1789729060972,-118.54405672518136,0.0
TAYLOR_LNODEDR1,37.5369331958297,-120.809398426319,0.0
TAYLOR_LNODEDR5,37.5369383829719,-120.809348192848,0.0
TAYLOR_LNODEDR7,37.536937531095,-120.809217269976,0.0
TAYLOR_LNODEDR8,37.5369366699963,-120.809289591436,0.0
TOL_SUB_LNODEONA,34.175740310821865,-118.36069083905292,0.0
TOL_SUB_LNODEONB,34.1755596890815,-118.36069083928658,0.0
TOL_SUB_LNODEONC,34.1755596890815,-118.36090916071342,0.0
TOL_SUB_LNODEOND,34.175740310821865,-118.36090916094707,0.0
TOPOCK_LNODESWAN,34.542953,-114.271791,0.0
TRUCKEE_LNODE02,39.33035113989209,-120.18113485420918,0.0
TRUCKEE_LNODE03,39.33035113989209,-120.18125514579083,0.0
UCD_LNODEUCD,38.5504,-121.449568888889,0.0
VAL_GS_LNODE5AUX,34.24482148241572,-118.3914027121072,0.0
VAL_GS_LNODE6AUX,34.24485277566131,-118.39150524618782,0.0
VAL_GS_LNODE7AUX,34.24491867043375,-118.39158002588233,0.0
VAL_GS_LNODE8AUX,34.245004060069334,-118.391615747079,0.0
VAL_LNODELSS,34.24509427625119,-118.39160977576542,0.0
VEL_SUB_LNODEONA,34.01555411723447,-118.204,0.0
VEL_SUB_LNODEONB,34.01547294136984,-118.20394345800285,0.0
VEL_SUB_LNODEONC,34.01547294136984,-118.20405654199715,0.0
VN_SUB_LNODEONA,34.18009031354033,-118.44489083013903,0.0
VN_SUB_LNODEONB,34.17990968636295,-118.44489083037274,0.0
VN_SUB_LNODEONC,34.17990968636295,-118.44510916962726,0.0
VN_SUB_LNODEOND,34.18009031354033,-118.44510916986097,0.0
WASHNGT_LNODEDR1,37.4893772928244,-120.903967825898,0.0
WASHNGT_LNODEDR2,37.4895172164325,-120.904092990936,0.0
WASHNGT_LNODEDR3,37.4894692627508,-120.903968029781,0.0
WASHNGT_LNODEDR4,37.489297130992,-120.993988447763,0.0
WASHNGT_LNODEDR5,37.4894207521695,-120.904091725093,0.0
WASHNGT_LNODEDR6,37.4892474344412,-120.904090188054,0.0
WASHNGT_LNODEDR7,37.4892029595549,-120.903964429204,0.0
WASHNGT_LNODER15,37.4893341220127,-120.90409199878,0.0
WEC_SY_LNODEUX1,37.4878752249074,-120.89565231921667,0.0
WEC_SY_LNODEUX2,37.4878752249074,-120.89576624369113,0.0
WESTPORT_LNODEDR1,37.5225825838401,-120.993998352649,0.0
WESTPORT_LNODEDR3,37.5223769944682,-120.993990429526,0.0
WESTPORT_LNODEDR5,37.5225172095941,-120.993995815213,0.0
WESTPORT_LNODEDR7,37.5224455031416,-120.903973009416,0.0
