node_id,lat,lon,price_dp
12TH_S_LNODENMZ,37.63715677998629,-120.99316020050249,45.17815
12TH_S_LNODEXWQ,37.63715677998629,-120.99327439949751,45.17815
8TH_ST_LNODEBXG,37.64197726998626,-121.00603849646912,45.17368
8TH_ST_LNODELZF,37.64197726998626,-121.00615270353089,45.17368
AEC300_1_N001,37.74,-121.48,52.08067
AGNEW_1_N003,37.51,-121.84,54.21012
AIRPROD_1_N001,36.65,-119.54,54.85312
AIR_SUB_LNODENAA,33.96205409081493,-118.376,43.04786
AIR_SUB_LNODENAB,33.961972954579615,-118.37594352117388,43.04786
AIR_SUB_LNODEONC,33.961972954579615,-118.37605647882611,43.04786
ALAMITOS_2_N001,33.771584,-118.100596,39.13797
ALAMITOS_2_N040,33.77,-118.1,39.13797
ALAMT1G_7_N002,33.77149401717401,-118.1004877514908,39.13797
ALAMT2G_7_N002,33.771415173499584,-118.10067098425147,39.13797
ALAMT3G_7_N002,33.77144633917227,-118.10077253262283,39.13797
ALAMT4G_7_N002,33.771511965310076,-118.10084659342048,39.13797
ALAMT5G_7_N002,33.771597006833865,-118.1008819712055,39.13797
ALAMT6G_7_N002,33.77176916262267,-118.10083231072662,39.13797
ALHAMBRA_1_N001,37.99408499998608,-122.13031167024367,53.15632
ALHAMBRA_1_N002,37.99408499998608,-122.13042632975633,53.15632
ALLEGHNY_6_N001,39.464893,-120.844946,52.8113
ALMADEN_6_N001,37.26027,-121.890082,54.75794
ALMOND_LNODEAUX,37.574202045609525,-120.98511610244,45.05757
ALPAUGH_7_N002,35.963463732836644,-119.456796,39.97735
ALPINE_6_N001,32.82778299998866,-116.78987271391081,26.45779
ALPINE_6_N005,32.82778299998866,-116.78997928608918,26.45779
ALTO_6_N001,37.89825299998615,-122.52430271885964,54.18516
ALTO_6_N101,37.89825299998615,-122.52441728114036,54.18516
ALTTA_BP_LNODEPRT,41.51205899998436,-120.5236838478691,44.24922
ALTTA_BP_LNODETON,41.51205899998436,-120.5238041521309,44.24922
AMERIGAS_1_N001,38.43,-121.79,52.2843
AMESBS_1_N004,37.41751022008469,-122.066192,53.80818
AMESBS_1_N101,37.41742888994297,-122.06613287861066,53.80818
AMESDST_1_N001,37.41742888994297,-122.06625112138934,53.80818
AMFORST_6_N001,38.369191999986,-120.79657754861613,52.9373
ANDERSON_6_N001,40.449838,-122.305068,51.44802
ANGIOLA_6_N001,35.992007,-119.57137,54.24648
ANITA_6_N001,39.811047,-121.919761,51.97219
ANNAPOLS_6_N001,38.680315,-123.311782,57.01563
ANTELOPE_6_N001,35.658117,-119.996015,43.6839
ANTLER_6_N001,40.893581,-122.379244,53.0462
APPLEHL_1_N001,38.73992576174639,-120.67700091995808,52.25287
APPLEHL_1_N002,38.73974623814083,-120.67700092024737,52.25287
APPMAT_1_N001,37.359999999986435,-121.97994317305394,53.86325
APPMAT_1_N010,37.359999999986435,-121.98005682694607,53.86325
ARBUCKLE_6_N001,39.017625,-122.061575,52.53341
ARCATA_6_N001,40.867132,-124.088286,43.20062
ARVINED_1_N001,35.15044599998752,-118.87870286987292,39.87198
ARVIN_6_N001,35.15044599998752,-118.87881313012709,39.50577
ASHLAN_2_N001,36.79263892472445,-119.82749,54.94968
ASHLAN_2_N007,36.7925580376235,-119.82743168375806,54.94968
ASHLAN_2_N008,36.7925580376235,-119.82754831624194,54.94968
ASH_6_N001,33.1365697302963,-117.070292,38.67862
ASH_6_N005,33.13648913483958,-117.0702364310647,38.67862
ASH_6_N101,33.13648913483958,-117.07034756893529,38.67862
ASPEN_LNODESPEN,37.69337956,-122.069288,42.14126
ATASCDRO_6_N001,35.465309,-120.671582,44.40575
ATWATER_1_B2,37.35999599998639,-120.6146481730584,55.98406
ATWATER_1_N001,37.35999599998639,-120.6147618269416,55.98406
ATW_SUB_LNODEONB,34.1096541600031,-118.254,43.06573
ATW_SUB_LNODEONC,34.10957291998536,-118.25394335044959,43.07019
ATW_SUB_LNODEOND,34.10957291998536,-118.2540566495504,43.07019
AUBERRY_6_N001,37.06806099998665,-119.495719527536,56.90497
AUBERRY_6_N003,37.06806099998665,-119.495832472464,56.90497
AUBURN_6_N001,38.903397,-121.069921,52.03206
AUGUST_LNODEDR1,37.4182520696912,-120.831252690486,45.07543
AUGUST_LNODEDR3,37.4182452743243,-120.831131410372,45.07543
AUGUST_LNODEDR4,37.4182458785436,-120.830989786937,45.07097
AUGUST_LNODEDR5,37.4182557186304,-120.831363604619,45.07543
AVENA_1_N001,37.842208,-121.054122,52.46856
AVOCADO_6_N001,33.38466699998843,-117.23692330729693,39.56522
AVOCADO_6_N002,33.38466699998843,-117.23703069270306,39.56522
BAFOOD1_6_N001,36.33,-121.16,55.90986
BAHIA_2_N001,38.08095331088854,-122.13739126700075,52.87662
BAHIA_2_N011,38.08077268899996,-122.13739126728416,52.87662
BAILYJ1_1_N010,34.77604,-118.77504,53.05853
BAIR_1_N001,37.496937,-122.214157,54.16926
BAKER_1_N001,35.284771,-116.064256,39.14479
BALFOUR_6_N001,37.92596,-121.678546,52.2795
BANGOR_6_N001,39.388064,-121.402937,51.96209
BANGS_LNODEKGC,37.70469,-121.0418,45.20495
BANNING_1_N001,33.922289,-116.87283,39.57216
BANTA_6_N001,37.7528989999862,-121.35057581075783,52.20572
BARRETT_6_N001,32.667194,-116.700208,24.02381
BARRE_6_N001,33.80900298319592,-117.98332966316445,39.1431
BARRE_6_N002,33.80900298319592,-117.98354633683554,39.1431
BARRE_6_N003,33.80918301670945,-117.9835463370635,39.15203
BARRY_6_N001,39.069323,-121.690208,52.73173
BARTON_1_N001,36.76408490976673,-119.735935,55.01123
BARTON_1_N007,36.76400404510246,-119.73587672164825,55.01123
BARTON_1_N008,36.76400404510246,-119.73599327835174,55.01123
BASALT_6_N002,38.26328599998595,-122.26916657483297,52.80897
BASALT_6_N101,38.26328599998595,-122.26928142516702,52.80897
BATAVIA_6_N001,38.385820999985995,-121.77570654480984,52.40489
BATIQTOS_1_N001,33.1011727252775,-117.250399,39.08503
BATIQTOS_1_N008,33.101092137348985,-117.25034345864424,39.08503
BATIQTOS_1_N015,33.101092137348985,-117.25045454135577,39.08503
BAYMDWS_1_N001,37.55162541726735,-122.29307795256243,53.81645
BAYMDWS_1_N004,37.551444582623034,-122.29307795283914,53.81645
BAYMDWS_1_N008,37.551444582623034,-122.29330604716085,53.81645
BAYMDWS_1_N012,37.55162541726735,-122.29330604743757,53.81645
BAYSHOR1_1_N001,37.74603599998622,-122.40302381566526,53.94596
BAYSHOR2_1_N001,37.74603599998622,-122.40313818433472,53.94596
BAYWOOD_6_N001,35.360177,-120.811564,43.72342
BCN_PP_LNODESS1,35.25680070871138,-118.02736892630813,42.3199
BCN_PP_LNODESS2,35.256766720360744,-118.02726679027704,42.3199
BEARTAP_1_N001,35.38,-119.0,41.21692
BELLEF_7_CN10,39.776083,-122.10383,37.18353
BELLEF_7_CN11,39.77608299994151,-122.10371323062876,37.26391
BELLPGE_1_N001,38.947418999985814,-121.0911283822858,51.93613
BELLPGE_1_N005,38.947418999985814,-121.0912436177142,51.93613
BELLVUE_1_N001,38.379084046922976,-122.712022,53.46614
BELLVUE_1_N003,38.37900297652332,-122.711962292445,53.46614
BELLVUE_1_N005,38.37900297652332,-122.712081707555,53.46614
BELMONT_1_N001,37.52332024549896,-122.264967,54.16033
BELMONT_1_N006,37.52323887723573,-122.26490776711239,54.16033
BELMONT_1_N008,37.52323887723573,-122.26502623288762,54.16033
BELRIDGE_1_N001,35.455722,-119.631903,40.32174
BERESFRD_6_N001,37.565013999986284,-122.31923796388803,53.79859
BERESFRD_6_N002,37.565013999986284,-122.31935203611197,53.79859
BERNARDO_6_N001,33.021575,-117.096228,38.73288
BERNARDO_6_N002,33.021574999954524,-117.09612121988424,38.73288
BERNARDO_6_N009,33.02148546856512,-117.096228,38.73288
BERNARDO_6_N013,33.021574999954524,-117.09633478011577,38.73288
BERNARDO_6_N014,33.0216645314348,-117.096228,38.73288
BERNARDO_LNODEARDO,33.02157451,-117.0962277,42.1234
BERVLLY_6_N001,37.586478,-120.125088,60.32078
BIGBASN_6_N001,37.129545,-122.172132,53.88706
BIGCRK1_7_N001,37.20203293082091,-119.24090286336467,35.96794
BIGMDWS_6_N001,40.171215,-121.085128,50.38279
BIGRIVR_6_N001,39.311461,-123.786522,56.79679
BIOLA_6_N001,36.792525,-120.114116,56.37451
BIXLER_6_N001,37.9370142319286,-121.528389,52.86669
BKRSFLD_2_N001,35.388298999987455,-119.0044078374034,39.7782
BKRSFLD_2_N101,35.388298999987455,-119.0045181625966,39.7782
BLLEHVN_6_N001,37.4772652825887,-122.16793304841748,54.5712
BLLEHVN_6_N002,37.477186999945324,-122.16787609695427,54.5712
BLLEHVN_6_N004,37.477108717384,-122.1679330485368,54.5712
BLLEHVN_6_N006,37.477108717384,-122.1680469514632,54.5712
BLLEHVN_6_N007,37.477186999945324,-122.16810390304572,54.5712
BLUELKE_6_N001,40.88014,-123.980584,43.26762
BLUSTNPP_6_N003,38.575523,-121.497588,43.82235
BLYTHESC_1_N005,33.614957,-114.682935,37.08922
BNAVSTA_6_N001,36.653344,-121.62946,54.54031
BNAVSTA_6_N002,36.65334399994771,-121.62934811906177,54.54031
BNTACRB_6_N001,37.7528989999862,-121.35069018924217,52.75885
BOGARD_6_N001,40.586552,-121.093959,50.73959
BOGUE_1_N001,39.09613073444745,-121.623771,52.19515
BOGUE_1_N201,39.096050132760894,-121.62371103865068,52.19515
BOLINAS_6_N001,37.941119,-122.707332,53.35002
BOLLMAN_1_N003,38.04,-121.98,53.0402
BOLTHSE_1_N009,35.36215899998747,-118.92362184077258,41.04274
BONITA_6_N001,36.967863,-120.20266,56.53081
BONNIEN_7_N001,39.214314999985774,-120.80917722077704,50.7788
BORDEN_2_N007,36.92227399998671,-119.98422371699712,55.0213
BORDER_6_N001,32.56633480869927,-116.944389,37.67
BORDER_6_N008,32.566254095638485,-116.94433370647506,37.67
BORONDA_6_N001,36.689983,-121.679239,54.2009
BOSWELL_6_N001,36.085115,-119.552823,54.24648
BOWLES_6_N001,36.605651,-119.773312,56.08869
BRDGVLT_7_N001,40.47956799998481,-123.78034162638289,44.84858
BREEZE_LNODEYT1,35.123880999987534,-118.37403687435777,37.85455
BREEZE_LNODEYT2,35.123880999987534,-118.37414712564222,42.32437
BRENTWOD_2_N001,37.91959423612686,-121.676423,52.30331
BRENTWOD_2_N006,37.91951288192155,-121.67636345967551,52.30331
BRENTWOD_2_N011,37.91951288192155,-121.67648254032449,52.30331
BRGSMR_LNODEGZB,37.66621999998627,-120.97704287657282,45.17815
BRGSMR_LNODETHU,37.66621999998627,-120.97715712342718,45.17815
BRITTN_1_N001,37.37433620668406,-122.015575,53.86391
BRITTN_1_N005,37.37425489664326,-122.01551592726007,53.86391
BRITTN_1_N006,37.37425489664326,-122.01563407273993,53.86391
BRKRSLG_1_N005,38.57552299994369,-121.49747300547165,52.87497
BROCKWAY_LNODE01,39.243063530935196,-120.02634939696748,45.21388
BROCKWAY_LNODE02,39.242884468950564,-120.02634939726258,45.21388
BROCKWAY_LNODE51,39.242884468950564,-120.02658060273741,45.21388
BROCKWAY_LNODE52,39.243063530935196,-120.02658060303253,45.21388
BRRNDAC_6_N001,35.658183,-120.040362,43.69284
BRUNSWCK_1_N003,39.23119771901711,-121.034946,51.4242
BRUNSWCK_1_N008,39.23111714047599,-121.03488594065819,51.4242
BRUNSWCK_1_N101,39.23111714047599,-121.03500605934181,51.4376
BRWNSVY_6_N001,39.226226,-121.422634,52.632
BUELLTON_1_N001,34.625261999987686,-120.18631205143852,45.42348
BUELLTON_1_N003,34.625261999987686,-120.18642194856149,45.42348
BUENAVS1_7_B1,36.653254242119594,-121.62934811919219,39.71567
BUENAVS1_7_B3,36.65319077379855,-121.6294272308971,39.71567
BUENAVS1_7_B4,36.653175595551595,-121.62953750035395,39.71567
BUENAVS1_7_B5,36.65320668330105,-121.62964245619625,39.71567
BUENAVS1_7_B6,36.653272145363964,-121.6297190021347,39.71567
BUENAVS1_7_B7,36.65335697428145,-121.62975556706088,39.71567
BUENAVS2_7_B1,36.65344659805961,-121.62974945473616,39.67101
BUENAVS2_7_B3,36.653528699704175,-121.62970424026268,39.67101
BUENAVS2_7_B4,36.653594014575496,-121.62962749889522,39.67101
BUENAVS2_7_B5,36.653636508590544,-121.62952895027708,39.67101
BULLARD_1_N001,36.824388,-119.769224,55.16405
BULLARD_1_N004,36.824387999947184,-119.76911168846675,55.16405
BULLARD_1_N005,36.824298097276774,-119.769224,55.16405
BULLARD_1_N006,36.824387999947184,-119.76933631153325,55.16405
BURLNGME_1_N001,37.589627,-122.363434,53.6914
BUTTE_1_N010,39.7118129999855,-121.81325170045862,51.70919
BUTTE_1_N101,39.7118129999855,-121.81336829954137,51.70919
BWILLIAM_LNODEILLW,34.16145330172,-114.38177086852794,41.65
B_6_N001,32.714377595830264,-117.16944251257752,40.29677
B_6_N003,32.714198404079745,-117.16944251279143,40.29677
B_6_N005,32.714198404079745,-117.16965548720856,40.29677
B_6_N007,32.714377595830264,-117.16965548742249,40.29677
CABRILLO_1_N001,32.70751759908557,-117.24492651689708,45.29397
CABRILLO_6_N001,32.70733840082447,-117.24492651711095,39.91736
CABRILLO_6_N004,32.70733840082447,-117.24513948288904,39.91736
CALAVE_1_N001,36.71900181109094,-119.76554095699167,54.78613
CALAVE_1_N002,36.718822188804005,-119.76554095725366,54.78613
CALAVE_1_N004,36.718822188804005,-119.76576504274634,54.78613
CALCMENT_7_N4,37.37,-120.64,37.30411
CALISTGA_6_N001,38.592664,-122.57862,55.63596
CALLENDR_1_N001,35.04,-120.6,44.48032
CALPELLA_1_N001,39.197538,-123.192135,54.51913
CALSUB_LNODEET,39.521219,-120.008761,44.39213
CAMDEN_6_N001,36.446258999987045,-119.79904229562648,54.87172
CAMDEN_6_N002,36.446258999987045,-119.79915370437352,54.87172
CAMERON_6_N001,32.65324599998863,-116.48807277404411,23.13061
CAMINO_2_N001,34.83,-114.99,37.97695
CAMPHORA_6_N001,36.46829799998704,-121.39017127220814,54.43759
CAMPHORA_6_N003,36.46829799998704,-121.39028272779186,54.43759
CANAL_6_N001,37.066368999986636,-120.8354215297125,56.49249
CANAL_6_N006,37.066368999986636,-120.8355344702875,56.49249
CANBY_BP_LNODEACW,41.444925999984385,-120.88087787131334,44.19563
CANBY_BP_LNODEVEC,41.444925999984385,-120.88099812868666,44.19563
CAN_SUB_LNODEONA,34.18955419166312,-118.592,37.96656
CAN_SUB_LNODEONB,34.189472904155366,-118.59194326369176,43.0568
CAN_SUB_LNODEONC,34.189472904155366,-118.59205673630824,43.0568
CAPAY_6_N001,39.775993256822886,-122.10383,51.37375
CARBONA_6_N003,37.69218399998622,-121.41818185598439,52.33077
CARBONA_6_N101,37.69218399998622,-121.4182961440156,52.33077
CARLOTTA_6_N001,40.541122999984744,-124.06382054930958,44.72353
CARLOTTA_6_N003,40.541122999984744,-124.06393945069041,44.72353
CARLTNHS_1_N001,32.85503754591703,-117.01185140348343,38.58103
CARLTNHS_1_N004,32.85485845399255,-117.01185140369861,38.58103
CARNATIO_6_N001,35.311332,-119.083574,40.06022
CARNERAS_6_N001,35.541055,-119.805238,44.04565
CAROLNDS_6_N001,37.55291899998627,-122.37633097506193,54.38363
CAROLNDS_6_N002,37.55291899998627,-122.37644502493806,54.38363
CARQUINZ_1_N001,38.09103799998602,-122.24848662968667,53.48681
CARQUINZ_1_N002,38.09103799998602,-122.24860137031332,53.48681
CARRIZO_1_N001,35.3805629695311,-120.040252,41.77405
CARRIZO_LNODEHILL,35.38048201522088,-120.04019467441788,42.5834
CARRIZO_LNODEZOT1,35.38048201522088,-120.04030932558213,42.01622
CARTWRT_1_N001,37.78999999998617,-122.24994278512781,53.571
CARTWRT_1_N010,37.78999999998617,-122.25005721487219,53.571
CARUTHRS_6_N001,36.531554,-119.882758,55.74481
CAR_SM_LNODENE1,38.642773175556165,-121.3294330286556,44.8566
CAR_SM_LNODENE2,38.64259349099788,-121.32943302894401,44.8566
CAR_SM_LNODENE3,38.64259349099788,-121.329663082168,44.8566
CAR_SM_LNODENE4,38.642773175556165,-121.3296630824564,44.8566
CASTLE_LNODEDR1,37.36195490350885,-120.56264978595905,45.0799
CASTLE_LNODEDR2,37.36187666885442,-120.5625929569803,45.0799
CASTLE_LNODEDR3,37.36179843428164,-120.56264978607754,45.07543
CASTLE_LNODEDR4,37.36179843428164,-120.56276344403506,45.07543
CASTLE_LNODEDR5,37.36187666885442,-120.5628202731323,45.0799
CASTLE_LNODEDR6,37.36195490350885,-120.56276344415355,45.0799
CASTROVL_2_N001,37.69127699998625,-122.06100285669102,53.26417
CASTROVL_2_N003,37.69127699998625,-122.06111714330898,53.26417
CASTROVL_2_N006,36.76278384840137,-121.73625384648868,53.26417
CAS_LA_LNODESMW,34.587237,-118.656638,43.00767
CAS_PP_LNODE1AUX,34.58734037344726,-118.65692220263387,43.00767
CAS_PP_LNODE2AUX,34.58742309555189,-118.65687780855163,43.00767
CAS_PP_LNODE3AUX,34.587488904018386,-118.65680245963806,43.00767
CAS_PP_LNODE4AUX,34.58753171916694,-118.65670569917606,43.00767
CAS_PP_LNODE5AUX,34.58754852361777,-118.65659776098718,43.00767
CAS_PP_LNODE6AUX,34.58753896054594,-118.65648852558515,43.00767
CATALYST_7_N001,37.33647699998642,-121.87909619952335,53.30416
CATLETT_6_N001,38.808811,-121.516115,52.4861
CAWELOB_6_N001,35.57097799998741,-119.11546380934058,40.11381
CAWELOC_1_N001,35.57097799998741,-119.11557419065942,40.14193
CAYUCOS_6_N001,35.44865399998744,-120.8703058292383,43.72342
CAYUCOS_6_N006,35.44865399998744,-120.8704161707617,43.72342
CCOSTA_2_N001,37.998693,-121.783314,52.23186
CCSUB_1_N001,38.03,-121.75,52.11873
CCSUB_2_N001,38.01999999998606,-121.75994265860079,52.10979
CCSUB_2_N010,38.01999999998606,-121.7600573413992,52.10979
CEDRCRK_6_N101,40.79116899998464,-121.93795172476342,52.25919
CENTERS_6_N001,33.928884073837764,-118.105463,38.99374
CENTERS_6_N200,33.9288029630683,-118.10551943910147,38.99374
CEN_SUB_LNODEONB,33.948054083699034,-118.255,43.03447
CEN_SUB_LNODEONC,33.94797295813763,-118.25494353789466,43.03447
CEN_SUB_LNODEOND,33.94797295813763,-118.25505646210534,43.03447
CERES_LNODEDR1,37.6088562120824,-120.956729570412,45.0665
CERES_LNODEDR3,37.6089710504,-120.956595705015,45.0665
CERES_LNODEDR4,37.6089019185376,-120.956592000755,45.07097
CERES_LNODEDR5,37.6087606610128,-120.956712881849,45.0665
CERES_LNODEDR7,37.6089324750351,-120.956712057352,45.07097
CERES_LNODEDR8,37.6090011903052,-120.956714357349,45.07097
CERTTEED_1_N001,37.059999999986665,-120.07994353791257,56.74915
CERTTEED_1_N002,37.059999999986665,-120.08005646208743,56.74915
CHALLNGE_6_N001,39.48543,-121.220509,52.73538
CHANNEL_6_N001,37.95526599998612,-121.33242068885451,52.88056
CHARKA_1_N001,35.608038,-119.325523,39.94609
CHCARITA_1_N001,32.9600895309367,-117.08989329478639,38.65249
CHCARITA_1_N004,32.95991046897258,-117.08989329500262,38.65249
CHCARITA_1_N008,32.95991046897258,-117.09010670499737,38.65249
CHC_LNODE31A,38.95999999998579,-120.89994237638588,42.08767
CHC_LNODE33A,38.95999999998579,-120.90005762361412,42.08767
CHEROKEE_6_N001,38.005513,-121.237769,53.13959
CHESTER_6_N001,40.304405,-121.224282,50.18182
CHICOA_6_N001,39.71879299998543,-121.82096169136352,51.72259
CHICOA_6_N010,39.71879299998543,-121.82107830863647,51.72259
CHICOB_1_N001,39.725493999985424,-121.84718768259572,51.6288
CHICOB_1_N002,39.725493999985424,-121.84730431740428,51.6288
CHINO_6_N007,33.998301818402325,-117.67886922357054,38.68458
CHINO_6_N008,33.998301818402325,-117.67908677642946,38.68458
CHLDHOSP_1_N001,36.87,-119.81,55.0658
CHOLLAS_6_N001,32.744058749573895,-117.046316,37.47812
CHOLLAS_6_N008,32.743978125200904,-117.04626065732346,37.47812
CHOLLAS_6_N009,32.743978125200904,-117.04637134267654,37.47812
CHSTN_1_N001,38.09,-120.3,51.70056
CHWCHLLA_1_N001,37.12073295026913,-120.25055224215674,56.63304
CHWCHLLA_1_N002,37.12073295026913,-120.25066975784326,56.63304
CIG_SM_LNODESS,38.44525,-121.461543055556,44.88786
CIMA_2_N101,35.2691,-115.49292,38.08447
CITYUKH_1_B1,39.14300254479826,-123.19181754359136,54.55039
CLAIRMNT_6_N008,32.825996732119705,-117.184096,43.34192
CLAMMNA_1_N001,37.807826,-121.276142,52.31737
CLARIBEL_LNODEGFP,37.71028,-120.9688,45.17368
CLARKRD_7_N001,39.6546447946953,-121.635292,51.95102
CLARMNT_1_N001,32.82591613392796,-117.18404062431202,53.36556
CLAUS_LNODEKSN,37.639389999986214,-120.91954289863075,45.18262
CLAUS_LNODESME,37.639389999986214,-120.91965710136925,45.18262
CLAYTN_1_N001,38.34245511038229,-120.93484110965764,52.71419
CLAYTN_1_N004,37.943825,-121.969415,52.71419
CLAYTN_1_N029,38.3422748895056,-120.93484110994348,52.71419
CLAYTN_1_N030,38.3422748895056,-120.93507089005652,52.71419
CLAY_6_N001,38.34245511038229,-120.93507089034236,52.69167
CLERLKE_6_N001,39.007954999985856,-122.89377935245265,53.966
CLERLKE_6_N012,39.007954999985856,-122.89389464754734,53.966
CLMBAHL_6_N001,39.331874,-121.101368,52.36023
CLOUGH_LNODEIYF,37.62761111,-120.9751667,45.20941
CLOUGH_LNODEYBR,37.62761110994497,-120.97505251712948,45.20941
CLOVIS_1_N001,36.826043942491545,-119.681281,55.0023
CLOVIS_1_N004,36.825963028740034,-119.68122263908639,55.0023
CLOVIS_1_N101,36.825963028740034,-119.68133936091361,55.0023
CLOVRDLE_1_N001,38.795757,-123.011412,53.55067
CLRKSVLE_1_N001,38.655559898770534,-121.060175,52.10549
CLRKSVLE_1_N003,38.655479050599546,-121.06011522698469,52.10549
CLRKSVLE_1_N004,38.655479050599546,-121.0602347730153,52.10549
CLSAJCT_6_N001,39.190857,-121.990506,54.27516
CLWTER_2_N003,35.39850993300358,-118.93957167203409,53.01555
CMPEVRS_1_N001,37.041635999986624,-122.02530956161661,54.94672
CMPEVRS_1_N002,37.041635999986624,-122.02542243838339,54.94672
CNTRYCB_6_N001,37.97966036733168,-121.31639835392943,52.59558
CNTRYCB_6_N002,37.979479632557,-121.31639835421177,52.59558
CNTRYCB_6_N004,37.979479632557,-121.31662764578823,52.59558
CNTRYCB_6_N006,37.97966036733168,-121.31662764607057,52.59558
COLLEG_LNODEDR1,37.6091056801805,-120.992876143573,45.0799
COLLEG_LNODEDR2,37.6091096218649,-120.992789582042,45.0799
COLLEG_LNODEDR5,37.6090266914486,-120.992698116343,45.0799
COLLEG_LNODER15,37.6090419641747,-120.993034819943,45.0799
COLNGA1_6_N001,36.13602399998719,-120.34444457141348,49.17313
COLNGA1_6_N002,36.13602399998719,-120.34455542858652,49.17313
COLNGA2_6_N001,36.236577,-120.315114,49.20076
COLONY_6_N001,38.190132,-121.181632,53.65434
COLUMBUS_1_N001,35.398330066896115,-118.93957167228022,41.21245
COLUMBUS_1_N003,35.398330066896115,-118.93979232771979,41.21245
COLUMBUS_1_N005,35.39850993300358,-118.9397923279659,41.21245
COLUSA_6_N001,39.213610999985775,-122.00296022131043,54.50739
COLUSA_6_N004,39.213610999985775,-122.00307577868956,54.50739
COLWATER_1_N001,34.86012489309556,-116.85312978164612,42.14876
COLWATER_1_N002,34.86012489309556,-116.85324421835388,42.14876
COMMONS_LNODEDR1,37.6091045275098,-120.992962913259,45.08883
COMMONS_LNODEDR3,37.5166183000533,-120.867554724081,45.08883
COMMONS_LNODEDR4,37.516699044633,-120.867555122205,45.08883
COMMONS_LNODEDR5,37.5164895041446,-120.867550987033,45.08883
COMMONS_LNODEDR7,37.5165532160667,-120.867553025577,45.08883
COMMONS_LNODEDR8,37.5008689404211,-120.913270146673,45.08883
CONCHO_1_N002,33.785845,-116.342689,37.84728
CONTADNA_1_N001,36.29,-119.71,52.00093
CONTROLX_1_N001,37.342839,-118.471988,-19.54
CONTROL_7_N001,37.34291722503321,-118.47193119226046,-17.71903
COOPER_LNODEDR1,37.3189566034476,-120.5119493179366,45.0799
COOPER_LNODEDR2,37.31895660339336,-120.51183575699493,45.0799
COOPER_LNODEDR3,37.318866291449055,-120.51183575713138,45.07543
COOPER_LNODEDR4,37.318802431310424,-120.51191605677509,45.0799
COOPER_LNODEDR5,37.318787159360575,-120.51202798203006,45.07543
COOPER_LNODEDR6,37.31881843902539,-120.51213451388375,45.0799
COOPER_LNODEDR7,37.318884305211256,-120.51221220923813,45.0799
COOPER_LNODEDR8,37.318969657813994,-120.51224932323211,45.0799
COOPER_LNODEDR9,37.31905983488123,-120.51224311913526,45.0799
COOPER_LNODER14,37.31914244338007,-120.5121972257278,45.07543
COOPER_LNODER15,37.31920816147405,-120.51211933201114,45.07543
COOPER_LNODER16,37.31925091782716,-120.51201930357878,45.07543
COOPER_LNODER17,37.31926769919903,-120.51190771989396,45.07543
COPUS_6_N001,35.093593,-119.278466,39.93517
CORCORAN_1_N001,36.10957699998725,-119.55797958991954,54.17502
CORCORAN_1_N005,36.10957699998725,-119.55809041008045,54.17949
CORDELIA_6_N001,38.216066,-122.112082,52.77324
CORDPMP_6_N003,38.575433098781254,-121.497588,52.79111
CORNING_6_N004,39.93198099998522,-122.18732639815484,51.57472
CORNING_6_N006,39.93198099998522,-122.18744360184516,51.57472
CORONADO_6_N001,32.698823762005226,-117.173249,40.35651
CORONADO_6_N002,32.69874311898509,-117.17319367259638,40.35651
CORONA_1_N001,32.69874311898509,-117.17330432740361,53.0642
CORRAL_6_N001,38.1014979999861,-120.92635462577833,53.71124
CORRAL_6_N003,38.1014979999861,-120.92646937422167,53.71124
CORSGOLD_1_N001,37.22751499998653,-119.69108432761332,56.1247
CORSGOLD_1_N003,37.22751499998653,-119.69119767238668,56.1247
CORTEZ_LNODEDR1,37.5005587104299,-120.913235680039,45.07543
CORTEZ_LNODEDR3,37.5007571927422,-120.913267914805,45.07543
CORTEZ_LNODEDR5,37.5006522266335,-120.913263660994,45.07543
CORTEZ_LNODEDR6,37.5008124927682,-120.913424010622,45.07543
CORTEZ_LNODEDR7,37.5007095209272,-120.913352769965,45.07543
CORTINA_1_N106,39.121407,-122.224176,51.60895
COR_LNODENE1,38.55393333331922,-121.20798139654603,44.87446
COR_LNODENE3,38.55393333331922,-121.20809638123197,44.87446
COTATI_6_N101,38.30970399998603,-122.73153156284509,54.6445
COTATI_6_N102,38.30970399998603,-122.73164643715491,54.6445
COTTLEA_2_N001,37.772676259234935,-120.825545,53.38552
COTTLE_7_N001,37.77259487036768,-120.82548555286246,53.38552
COTWDPGE_1_N001,34.38040399998781,-116.87675022716886,51.19478
COVELO6_6_N001,39.78628299998532,-123.24850460152904,60.09271
CPLECEF_1_N001,37.25999999998651,-121.63994328855216,54.09847
CPLECEF_1_N005,37.25999999998651,-121.64005671144784,54.09847
CPP_LNODESS1,38.3383555554995,-121.12458988828622,44.89233
CPP_LNODESS2,38.33844566948052,-121.124475,44.89233
CRABTREE_LNODENK1,37.64506,-120.60683,45.16475
CRCANAL_6_N001,40.1384740349693,-122.208547,52.59198
CREELMAN_6_N001,33.01815871873613,-116.853026,31.7586
CREELMAN_6_N004,33.01807814061963,-116.85297051775382,31.7586
CREELMAN_6_N014,33.01807814061963,-116.85308148224618,31.7586
CRESSEY_1_N001,37.42852799998634,-120.6386900986629,56.03318
CRESTWD_6_N001,32.699023999988746,-116.35373376108788,22.47411
CROWLNDG_LNODEDR1,37.4627004272953,-120.740076630976,45.07097
CROWLNDG_LNODEDR3,37.462786962981,-120.740080933369,45.0665
CROWLNDG_LNODEDR4,37.462613876709,-120.740078364387,45.0665
CROWLNDG_LNODEDR5,37.4625421344261,-120.740074305354,45.0665
CROWLNDG_LNODEDR7,37.4627827502437,-120.740270351347,45.07097
CRUSHER_6_N001,37.021645,-122.154383,53.97192
CRWSLDG_6_N001,37.377307,-121.085672,52.84436
CRYSTLSG_6_N001,37.528913,-122.361067,53.9309
CSG_LNODESS,38.51068967879612,-121.47509029333828,44.87893
CSTRVLLE_1_N001,36.762604151493385,-121.73625384675147,53.73643
CURTIS1_7_N001,37.974949221777045,-120.320668,51.01279
CURTISS_1_N101,37.974867889096444,-120.32072756943327,51.00386
CYMRIC_1_N001,35.31,-119.63,39.67366
DAIRYLND_1_N001,37.055221,-120.317015,57.08494
DALYCTY_1_N001,37.69180126214444,-122.455704,54.09334
DALYCTY_1_N005,37.69171986891291,-122.45564461457239,54.09334
DANISHCM_1_N001,36.71900181109094,-119.76576504300833,54.7772
DAVIS_1_N001,39.06008956957949,-121.70988464738468,52.88324
DAVIS_1_N007,39.05991043030674,-121.70988464767737,52.88324
DAVIS_1_N012,39.05991043030674,-121.71011535232263,52.88324
DECPTSG_2_N001,38.05999999998602,-121.86994264179833,52.71038
DECPTSG_2_N018,38.05999999998602,-121.87005735820168,52.71038
DEEPWATR_1_N101,38.55162999998592,-121.56020750817653,52.83924
DEEPWATR_1_N104,38.55162999998592,-121.56032249182347,52.83924
DELAMO_2_N001,33.84836303124857,-118.096994,39.05626
DELAMO_2_N014,33.84828198436281,-118.09693765855927,39.05626
DELAMO_2_N022,33.84828198436281,-118.09705034144073,39.05626
DELMAR_6_N001,38.7988788301003,-121.220655,39.19734
DELMAR_6_N001A,38.798798084934575,-121.22059518327069,52.20887
DELMAR_6_N005,38.798798084934575,-121.22071481672931,52.20887
DELMAR_6_N010,32.980789999988666,-117.25535963525417,39.19734
DELMAR_6_N011,32.980789999988666,-117.25546636474583,39.19734
DELMNTE_1_N010,36.599053999987,-121.8539621246086,54.1875
DELMNTE_1_N201,36.599053999987,-121.85407387539139,54.1875
DESCANSO_6_N001,32.86524,-116.633752,23.81391
DEVLDNPP_6_N003,35.774930999987355,-119.97393475743563,43.75983
DEVLSDN_6_N001,35.774930999987355,-119.97404524256437,43.75089
DFS_1_N001,36.72,-120.6,57.23026
DIABLO1_7_N001,35.215922999950024,-120.84743471985068,40.23006
DIABLO2_7_N001,35.215922999950024,-120.84765528014933,40.28366
DIABLOCN_2_N001,35.21601309719158,-120.847545,43.86419
DINUBAE_7_N001,36.56893330486095,-119.41841731957626,55.08551
DINUBA_6_N001,36.56893330486095,-119.41864068042374,55.12571
DINUBA_6_N005,36.56911269503489,-119.41864068068313,55.12571
DIRYVLLE_6_N001,40.12799,-122.097838,51.47548
DIVISION_6_N001,32.6815959999886,-117.12003376624276,40.62132
DIVISION_6_N009,32.6815959999886,-117.12014023375725,40.62132
DIXON-J1_6_N101,38.44545401121386,-121.826237,52.50314
DIXONLD_1_N001,37.457825231051295,-121.921353,53.93471
DIXONLD_1_N002,37.457743884459624,-121.92129383478914,53.93471
DIXONLD_1_N008,37.457743884459624,-121.92141216521087,53.93918
DIXON_6_B1,38.445372994377905,-121.8261772770627,52.50314
DIXON_6_N002,38.445372994377905,-121.8262967229373,52.50314
DMNDSPR_1_N001,38.69304699998593,-120.82566347343,52.18588
DMNDSPR_1_N003,38.69304699998593,-120.82577852656999,52.18588
DOBBINS_6_N001,39.339604,-121.197378,52.11907
DOLANRD_1_N001,36.800296,-121.769123,53.69177
DOMTAR_1_N001,38.13,-121.65,52.11873
DONNER_LNODE07,39.327305,-120.281812,45.48184
DONPEDRO_LNODENSS,37.6962503274167,-120.4206077500803,45.04864
DOSPALS_6_N001,36.97484,-120.635012,56.51634
DUKMOSS1_7_N001,36.85999999998676,-121.76005620188538,53.58459
DUKMOSS2_7_N001,36.84999999994714,-121.75988762218331,53.58459
DUKMOSS3_7_N001,36.84999999994714,-121.76011237781668,53.58459
DUKMOSS3_7_N002,36.85008992566386,-121.76,53.58459
DUKMOSS4_7_N001,36.84999999994714,-121.71988762218332,53.57565
DUKMOSS5_7_N001,36.83999999998681,-121.72005617595099,53.57565
DUKMOSS6_7_N001,36.84999999994714,-121.72011237781669,53.57565
DUKMOSS6_7_N002,36.85008992566386,-121.72,53.57565
DUMBARTN_1_N001,37.557155251259346,-122.057606,53.4413
DUMBARTN_1_N003,37.55707387435557,-122.05754673393427,53.4413
DUMBARTN_1_N011,37.55707387435557,-122.05766526606573,53.4413
DUNBAR_6_N001,38.38322299998598,-122.52777754540057,53.38575
DUNBAR_6_N002,38.38322299998598,-122.52789245459942,53.38575
DUNHILL_6_N001,32.901543,-117.229958,39.23754
DUNLAP_6_N001,36.64502999998689,-119.15909106962141,55.23736
DUNNIGAN_6_N001,38.924808,-121.989951,54.28856
DUNNSIDE_1_N001,35.03321,-116.467335,39.41086
EAGLEMTN_2_N001,33.82005401596653,-115.44,37.60843
EAGLEMTN_2_N002,33.8199729920039,-115.43994369314599,37.60843
EAGLROCK_2_N001,38.8293359999859,-122.81077743066047,38.36271
EAGLROCK_2_N012,38.8293359999859,-122.81089256933953,38.36271
EASTGATE_6_N101,32.88493613808494,-117.20083859603457,39.24647
EASTGATE_6_N201,32.88493613808494,-117.20094940396542,39.24647
EBMUDGRY_1_N001,37.93,-122.04,52.92855
ECY_LNODE101,38.55445658675582,-121.43093112608555,44.87446
ECY_LNODE102,38.55427674646514,-121.4309311263732,44.87446
ECY_LNODE103,38.55427674646514,-121.43116109584881,44.87446
ECY_LNODE104,38.55445658675582,-121.43116109613645,44.87446
EDENVALE_1_N001,37.24503626216962,-121.7958386130011,53.08533
EDENVALE_1_N004,37.24485573772219,-121.79583861327271,53.08533
EDENVALE_1_N006,37.24485573772219,-121.79606538672729,53.08533
EDENVALE_1_N008,37.24503626216962,-121.7960653869989,53.08533
EDES_1_N001,37.738786999986225,-122.19371982090533,53.64146
EDES_1_N003,37.738786999986225,-122.19383417909467,53.64592
EDMON1AP_7_N001,34.986313,-118.738787,37.85326
EDMON2AP_7_N001,34.986312999950265,-118.73867680688261,37.85326
EDMON3AP_7_N001,34.98622271993701,-118.73867680700413,37.84879
EDMON3AP_7_N002,34.98615888237297,-118.73875472524391,37.84879
EDMON4AP_7_N001,34.98614361582445,-118.738863331203,37.84879
EDMON4AP_7_N002,34.98617488443967,-118.73896670370384,37.84879
EDMON5AP_7_N001,34.98624072734969,-118.73904209487607,37.84879
EDMON5AP_7_N002,34.986326049781965,-118.73907810817316,37.84879
EDMON6AP_7_N001,34.986416194964555,-118.73907208804029,37.84879
EDMON6AP_7_N002,34.98649877424742,-118.73902755565565,37.84879
EDMON7AP_7_N001,34.98656446909455,-118.73895197200041,37.84879
EDMON7AP_7_N002,34.98660721032227,-118.7388549100885,37.84879
EDMON8AP_7_N001,34.98662398575978,-118.738746635625,37.84879
EDMON8AP_7_N002,34.986614439197844,-118.738637059907,37.84879
EDWARDS_1_N001,34.991871,-117.890005,37.5319
EELRIVR_6_N001,40.602658,-124.210199,43.86606
EIGHTMI_2_N017,38.058077,-121.375292,52.30381
EISENHOW_1_N001,33.830599,-116.497612,38.48526
EISEN_6_N001,35.35714,-118.97131,39.9307
ELCAJNGT_7_N001,32.795346131065216,-116.97233863745876,71.54398
ELCAJNGT_7_N004,32.795346131065216,-116.97244936254124,71.55738
ELCAPTN_1_N001,37.335801999986415,-120.50517320028958,55.94386
ELCAPTN_1_N004,37.335801999986415,-120.50528679971042,55.94386
ELCAPTN_1_N005,37.365512,-120.578993,55.94386
ELCRRTO_1_N001,37.91620499998609,-122.30313670905946,53.25011
ELCRRTO_1_N023,37.91620499998609,-122.30325129094054,53.25011
ELKCREEK_6_N001,39.12957472883464,-123.711777,53.29413
ELKHIL1G_7_N001,35.22604999998747,-119.37772885850012,39.65315
ELKHIL2G_7_N001,35.22604999998747,-119.37783914149988,39.65315
ELK_6_N001,39.1294941355673,-123.71183698354646,56.45291
ELK_SM_LNODENE2,38.37273738362879,-121.354256944444,44.88786
ELK_SM_LNODENE7,38.372656308170484,-121.35419723840097,44.88786
ELK_SM_LNODENE8,38.372656308170484,-121.35431665048702,44.88786
ELLIOTT_6_N001,32.81585999998874,-117.08840071898302,41.06712
ELLIOTT_6_N004,32.81585999998874,-117.08850728101697,41.06712
ELLIS_6_N001,37.716505,-121.548766,39.52866
ELLIS_6_N105,33.685126,-117.943596,39.52866
ELLSGTY_1_N001,33.685294,-117.943088,52.42456
ELNIDO_1_N004,37.12061299998659,-120.47270746040512,56.16702
ELNIDO_2_N001,37.12061299998659,-120.47282053959488,39.40329
ELNIDO_2_N012,33.89624399998809,-118.37271472929694,39.40329
ELNIDO_7_N001,33.89624399998809,-118.37282327070305,56.16702
ELPATIO_1_N001,37.29223717683988,-121.935913,54.23459
ELPATIO_1_N006,37.29215591156547,-121.93585402427247,54.23459
ELPATIO_1_N015,37.29215591156547,-121.93597197572753,54.23459
ELV_LNODENE1,38.71426666661026,-121.47683299057677,44.84767
ELV_LNODENE2,38.71418891290697,-121.47689052312896,44.84767
ELV_LNODENE3,38.71418891290697,-121.47700558798303,44.84767
ELV_LNODENE4,38.71426666661026,-121.47706312053523,44.84767
ELV_LNODENE5,38.71434442039811,-121.4770055881082,44.84767
ELV_LNODENE6,38.71434442039811,-121.4768905230038,44.84767
EMBRCDR_2_N001,37.780090430972514,-122.37988558363396,53.94663
EMBRCDR_2_N008,37.77990956891692,-122.37988558391392,53.94663
EMBRCDR_2_N101,37.77990956891692,-122.38011441608609,53.94663
EMBRCDR_2_N104,37.780090430972514,-122.38011441636604,53.94663
EMRLDLE_6_N001,37.462178,-122.277933,53.7612
EMRYSVE_1_N001,39.163430999985756,-121.56151425780503,52.03355
EMRYSVE_1_N003,39.163430999985756,-121.56162974219497,52.03355
ENCINAL_6_N001,39.247383,-121.637248,52.66706
ENCINA_1_N001,33.13699513479889,-117.33531843066032,39.07097
ENCINA_1_N049,33.13699513479889,-117.33542956933968,39.07097
ENCNITAS_6_N001,33.05068472041646,-117.285325,39.18394
ENCNITAS_6_N004,33.05060413977941,-117.28526949553299,39.18394
ENCNITAS_6_N011,33.05060413977941,-117.285380504467,39.18394
ENSLEN_LNODEHKQ,37.65224426097517,-121.0013,45.17815
ENSLEN_LNODELOU,37.65216286949752,-121.00124064749899,45.17815
ENSLEN_LNODEWFN,37.65216286949752,-121.00135935250101,45.17815
ERTA_6_N001,36.930594,-121.763827,54.68322
ESCNDIDO_6_N001,33.12543545233769,-117.116857,38.70989
ESCNDIDO_6_N046,33.12552499995441,-117.11696392572938,38.70989
ESCNDIDO_6_N053,33.12561454766245,-117.116857,38.70989
ESCO_6_N001,33.115770727187964,-117.089119,38.86173
ESCO_6_N004,33.11569013639368,-117.08906344744015,38.86173
ESQUON_6_N001,39.607876,-121.768445,51.74939
ESTGRND_1_N001,37.653951261060854,-122.403031,54.02635
ESTGRND_1_N005,37.65386986945481,-122.402971646041,54.02635
ESTGRND_1_N009,37.65386986945481,-122.403090353959,54.02635
ESTPRTL_1_N001,37.876677,-122.186415,53.23158
ESTQNCY_6_N001,39.938128,-120.910322,49.15464
ETIWANDA_6_N001,34.0883812512724,-117.5255740237224,38.54614
ETIWANDA_6_N003,34.08814499998799,-117.52552751207779,38.52827
EUREKAA_6_N001,40.793883999984665,-124.18290627263764,43.08004
EUREKA_6_N001,40.793883999984665,-124.18302572736236,43.05771
EVRGREEN_1_N001,37.303338999986465,-121.8408102375639,53.29523
EVRGREEN_1_N019,37.303338999986465,-121.84092376243609,53.29523
EXXONBH_7_N001,38.08095331088854,-122.13762073299924,52.88556
FAIRGRND_LNODEDR1,37.5006945896515,-120.867048786933,45.0799
FAIRGRND_LNODEDR3,37.5005735349484,-120.866718665766,45.0799
FAIRGRND_LNODEDR4,37.5005721589657,-120.866803820595,45.0799
FAIRGRND_LNODEDR5,37.5005181954718,-120.867051337755,45.0799
FAIRGRND_LNODEDR7,37.5005718981617,-120.866887330714,45.0799
FAIRGRND_LNODEDR8,37.5005716373084,-120.866970837622,45.0799
FAIRHAVN_6_N001,40.80028,-124.195714,43.1113
FAIRWAY_1_N001,34.91059499998762,-120.44635292480474,44.83777
FAIRWAY_1_N002,34.91059499998762,-120.44646307519525,44.83777
FAMOSO_1_N001,35.60500099998741,-119.20248280260235,40.07941
FARREL_1_N001,33.85654399998807,-116.49686777574072,38.39148
FARREL_1_N002,33.85654399998807,-116.49697622425927,38.39148
FAR_SUB_LNODEONA,34.03809021316632,-118.37089113436087,43.04786
FAR_SUB_LNODEONB,34.0379097867377,-118.37089113459244,43.04786
FAR_SUB_LNODEONC,34.0379097867377,-118.37110886540755,43.0434
FAR_SUB_LNODEOND,34.03809021316632,-118.37110886563912,43.0434
FELICITA_6_N001,33.093263724336374,-117.073637,38.70989
FELICITA_6_N005,33.09318313781945,-117.07358146461416,38.70989
FELICITA_6_N009,33.09318313781945,-117.07369253538583,38.70989
FELLOWSG_7_N001,35.195188999987465,-119.58505586292793,39.66026
FIGARDN_2_N001,36.8220309999868,-119.85852484727552,54.94968
FIGARDN_2_N101,36.8220309999868,-119.85863715272448,54.94522
FINNEY_LNODESNV,37.627520677678156,-120.9751667,45.18708
FIREBAGH_6_N001,36.850688,-120.466577,57.49932
FIREHOUS_LNODEBUSH,34.8569,-114.6245,42.09214
FIY_LNODE0LD,38.762778,-121.356944,44.8432
FLINT_1_N001,38.88530299998586,-121.06669540924167,51.99699
FMC_1_N001,37.347699999986396,-121.92219018683774,54.40811
FMC_1_N003,37.347699999986396,-121.92230381316226,54.40811
FOOTHILL_1_N001,35.27,-120.7,43.68206
FORSTHL_6_N001,39.01927,-120.830271,51.78146
FORTORD_6_N001,36.643363,-121.792138,54.30808
FORTRSS_6_N001,38.539559,-123.223713,57.06029
FOSTERW_7_N001,38.02007534657929,-122.06127131707333,52.83923
FRANKLIN_6_N003,38.012317,-122.264655,53.53593
FRA_SM_LNODENE1,38.38101134187077,-121.4768906014164,44.89233
FRA_SM_LNODENE2,38.380933333277234,-121.47683314740071,44.89233
FRA_SM_LNODENE3,38.38085532476781,-121.47689060154032,44.89233
FRA_SM_LNODENE4,38.38085532476781,-121.47700550957168,44.89233
FRA_SM_LNODENE5,38.380933333277234,-121.47706296371129,44.89233
FRA_SM_LNODENE6,38.38101134187077,-121.4770055096956,44.89233
FREDONIA_LNODELD,34.1733,-114.574,42.21719
FREMNT_1_N001,37.54118124868743,-121.962063,53.75459
FREMNT_1_N007,37.54109987564155,-121.96200374944321,53.75459
FREMNT_1_N013,37.54109987564155,-121.96212225055679,53.75459
FRIARS_1_N001,32.77904499998872,-117.15675673371696,38.95808
FRIARS_1_N009,32.77904499998872,-117.15686326628304,38.95808
FRNCHGLH_6_N001,40.68692,-122.641204,50.181
FROGTOWN_7_N001,38.056504,-120.53381,52.12483
FRTSWRD_6_N001,40.21377199998503,-123.59658599020719,44.69227
FRUITLND_6_N001,40.28584,-123.837372,44.69227
FRUITVLE_6_N001,35.376774999987504,-119.0924868388967,39.87265
FRUITVLE_6_N101,35.376774999987504,-119.09259716110328,39.87265
FSTREET_LNODEDR1,37.4895796064313,-120.838424090027,45.0799
FSTREET_LNODEDR3,37.4896984214952,-120.838270217479,45.0799
FSTREET_LNODEDR4,37.4896152090171,-120.838173674241,45.0799
FSTREET_LNODEDR5,37.4894938869083,-120.83833925837,45.0799
FTCHMTN_6_N001,38.60608399998592,-122.85282549557644,53.72897
FTCHMTN_6_N003,38.60608399998592,-122.85294050442356,53.72897
FTL_LNODENE1,38.69308721315885,-121.348651111111,44.85213
FTL_LNODENE2,38.693006393405355,-121.34859132777218,44.85213
FTL_LNODENE3,38.693006393405355,-121.34871089444981,44.85213
FULTON_2_N010,38.49657200829278,-122.75943026543568,53.0508
FULTON_2_N049,38.49657200829278,-122.75954973456432,53.0508
F_6_N001,32.75497274686537,-117.126027,45.11516
F_6_N002,32.75489212655523,-117.12597165333155,45.11516
F_6_N005,32.75489212655523,-117.12608234666845,45.11516
GABILAN_6_N001,36.731511,-121.61325,55.00924
GALE_1_N001,34.85946599998758,-116.86535894183864,42.14429
GANSNER_6_N101,39.939187,-120.948157,50.65521
GANSO_1_N001,35.501698,-119.449132,39.70046
GARCIA_6_N001,38.88879,-123.550318,57.04689
GAREY_1_N002,34.98,-120.26,44.75804
GARFIELD_6_N001,32.795125,-116.996848,65.55795
GARNET_7_N001,33.93858299995228,-116.57633536031197,38.30662
GEER_LNODEDR1,37.52250334748,-120.843709746797,45.0799
GEER_LNODEDR2,37.5224993081714,-120.843588348711,45.07543
GEER_LNODEDR3,37.5224318250334,-120.843496861832,45.07543
GEER_LNODEDR4,37.5224297824039,-120.843426269924,45.07543
GEER_LNODEDR5,37.5224263420376,-120.843557323915,45.0799
GEER_LNODEDR7,37.5224225565731,-120.843630755159,45.0799
GEER_LNODEDR8,37.522425898329,-120.843709042834,45.0799
GENESEE_6_N001,32.87974054062765,-117.2133823800825,39.38938
GENESEE_6_N005,32.87956145928191,-117.21338238029792,39.38938
GENESEE_6_N011,32.87956145928191,-117.21359561970208,39.38938
GENESEE_6_N015,32.87974054062765,-117.2135956199175,39.38938
GENE_2_N001,34.3,-114.23,38.30744
GERBER_6_N101,40.064207,-122.156114,51.3013
GEYSR5-6_7_N001,38.777006613720275,-122.74238837921152,52.98348
GIFFEN_6_N001,36.545076,-120.334519,56.05017
GILROYF_1_N001,37.14,-121.58,53.54086
GILSTRAP_LNODEDR1,37.5800948624588,-120.975549487551,45.0665
GILSTRAP_LNODEDR3,37.5801662132492,-120.9757670064,45.07097
GILSTRAP_LNODEDR5,37.5799830759229,-120.975550499689,45.0665
GILSTRAP_LNODEDR7,37.58017229934,-120.975552395649,45.0665
GILSTRAP_LNODEDR8,37.5801700030066,-120.975645212521,45.07097
GILSTRAP_LNODER17,37.5801611951015,-120.976018315921,45.07097
GIRVAN_6_N001,40.51347,-122.378916,51.64172
GLENCLIF_6_N001,32.798367,-116.498315,23.1976
GLENSHIR_LNODERE,39.352238,-120.08626,45.27194
GLENWOOD_6_N001,37.45733023092607,-122.186967,54.36577
GLENWOOD_6_N004,37.457248884522265,-122.18690783531744,54.36577
GLENWOOD_6_N005,37.457248884522265,-122.18702616468256,54.36577
GLRYCGG1_7_N001,37.12999999998655,-121.5600565514771,53.54533
GOLDTREE_1_N001,35.32012199998752,-120.69284284611503,43.70439
GOLDTREE_1_N002,35.32012199998752,-120.69295315388497,43.70439
GOLETA_6_N200,34.46880142976412,-119.88445868708224,40.68603
GONZALES_6_N001,36.50885299998702,-121.44685522795733,54.68322
GONZALES_6_N003,36.50885299998702,-121.44696677204267,54.68322
GORMAN_6_N001,34.8014,-118.818908,37.82646
GOSELKE_1_N001,35.601596,-119.579654,39.73619
GOULD_2_N001,34.22145799998786,-118.18701737338756,38.36271
GOULD_2_N007,34.22145799998786,-118.18712662661244,38.36271
GRANDIS_1_N004,38.23108199998597,-121.59029758372996,52.50643
GRANDIS_1_N009,38.23108199998597,-121.59041241627003,52.50643
GRANITE_6_N001,32.804473,-116.92086,71.41
GRANITE_6_N007,32.804472999954854,-116.9207534473782,71.41
GRANITE_6_N008,32.80438343993102,-116.92086,71.41
GRANITE_6_N009,32.804472999954854,-116.92096655262179,71.41
GRANTRK_6_N001,37.67099326174171,-122.160116,55.43351
GRANT_1_N001,37.67091186911436,-122.16005663166834,53.23505
GRANT_1_N005,37.67091186911436,-122.16017536833166,53.23505
GRBRVLLE_6_N001,40.10263,-123.792873,63.5494
GRDNEAST_1_N101,36.47999999998696,-119.60994425959105,54.23189
GRDNEAST_1_N102,36.47999999998696,-119.61005574040897,54.23189
GRDNWEST_1_N001,36.59,-119.57,54.25504
GREENBRE_6_N001,37.93780399998614,-122.51415869769995,54.14497
GREENBRE_6_N003,37.93780399998614,-122.51427330230004,54.14497
GRIMWAY_1_N001,35.27,-118.87,39.85412
GRNTHLL_1_N001,32.80456256006898,-116.92086,38.67482
GRNVALY_1_N001,36.952139010813255,-121.76018,54.54924
GRNVALY_1_N011,36.95205799457908,-121.76012146857028,54.54924
GRSSVLY_6_N101,39.209514,-121.061004,52.41382
GRYSFLT_6_N001,40.021612,-121.065532,50.59269
GUALALA_6_N001,38.786699,-123.522777,56.93524
GUSTINE_6_N001,37.253223999986524,-121.01302629664288,53.47854
GUSTINE_6_N002,37.253223999986524,-121.01313970335713,53.47854
GYSRVLLE_6_N001,38.70981887157317,-122.907957,53.76916
GYSRVLLE_6_N003,38.70973806419826,-122.90789721183104,53.76916
HALSEYF_7_N001,38.90131699998584,-121.08772559737287,52.04099
HAL_SUB_LNODEON1,33.84769999998815,-118.30334578612137,43.0166
HAL_SUB_LNODEONA,33.84769999998815,-118.30345421387864,43.00767
HAMILTON_6_N001,39.746242,-122.011361,51.40501
HAMMER_6_N001,38.02138220754234,-121.320367,52.72956
HAMMER_6_N003,38.02130089621381,-121.32030740848892,52.72956
HAMMER_6_N004,38.02130089621381,-121.32042659151108,52.72956
HAMMONDS_1_N001,36.72011,-120.603287,57.82478
HARBORG_7_N101,33.770089981295506,-118.25010824500784,39.19785
HARDING_6_N001,37.963708999986125,-121.29050568468435,53.17979
HARDING_6_N004,37.963708999986125,-121.29062031531565,53.17979
HARDWICK_6_N001,36.404261,-119.68624,54.0991
HARRIS_6_N001,40.78104299998464,-124.13194328500423,43.04431
HARRIS_6_N003,40.78104299998464,-124.13206271499577,43.04431
HARTER_6_N001,39.14325399998575,-121.6480072716394,52.50182
HARTER_6_N003,39.14325399998575,-121.6481227283606,52.50182
HARTLEY_6_N001,39.077268,-122.932322,54.05086
HAR_GS_LNODE10AUX,33.77070285420546,-118.26588005129787,43.0166
HAR_GS_LNODE11AUX,33.770785160786886,-118.2658363056699,43.0166
HAR_GS_LNODE12AUX,33.77085063868779,-118.26576205737284,43.0166
HAR_GS_LNODE13AUX,33.770893238769126,-118.26566671029164,43.0166
HAR_GS_LNODE14AUX,33.77090995880947,-118.26556034876025,43.0166
HAR_GS_LNODE1AUX,33.770900443776654,-118.26545270896402,37.96656
HAR_GS_LNODE2AUX,33.770866485380765,-118.26535246672638,43.0166
HAR_GS_LNODE5AUX,33.77081149182394,-118.26526678898045,43.0166
HAR_SUB_LNODEONA,33.77073997374512,-118.26520109800133,43.0166
HAR_SUB_LNODEONB,33.77065707494083,-118.26515900180253,43.01214
HAR_SUB_LNODEONC,33.77056816417163,-118.26514234955444,43.0166
HATTON_6_N001,36.55679,-121.897162,54.44653
HAWKINS_LNODEDR1,37.5799617816957,-120.645598336747,45.0665
HAWKINS_LNODEDR3,37.5799481743814,-120.645311774451,45.0665
HAWKINS_LNODEDR5,37.5798175544824,-120.645562968772,45.0665
HAWKINS_LNODEDR7,37.5799502934699,-120.645479899093,45.0665
HAY_GS_LNODE10AUX,33.765034221459466,-118.09919670179296,43.06126
HAY_GS_LNODE12AUX,33.76505094051277,-118.09909035381168,43.06126
HAY_GS_LNODE14AUX,33.765041426041684,-118.09898272772843,43.06126
HAY_GS_LNODE15AUX,33.7650074696504,-118.0988824982613,43.06126
HAY_GS_LNODE9AUX,33.7649524793399,-118.09879683143038,43.06126
HAY_LNODESS1,33.76488096548275,-118.09873114881994,43.06126
HAY_LNODESS2,33.76479807157197,-118.09868905798392,43.06126
HED_LNODENE1,38.50998333333333,-121.355746944444,44.88339
HED_LNODENE2,38.50998333327719,-121.35563197930773,44.88339
HED_LNODENE3,38.50989337309517,-121.35563197945136,44.88339
HED_LNODENE4,38.50982976169183,-121.355713272007,44.88339
HED_LNODENE5,38.50981454922492,-121.35582658122124,44.88339
HED_LNODENE6,38.509845707051696,-121.35593443034743,44.88339
HED_LNODENE7,38.509911316684935,-121.35601308641768,44.88339
HED_LNODENE8,38.50999633683837,-121.3560506593429,44.88339
HENRITTA_6_N101,36.24160599998715,-119.9029965105001,49.10563
HERDLYN_6_N001,37.816383,-121.586176,52.34417
HERSHEY_LNODESLL,37.75083,-120.8453,45.25407
HERSHEY_LNODEXF1,37.7508299999447,-120.8451856244636,45.25407
HERSHEY_LNODEXF2,37.75073956547022,-120.8453,45.25407
HERSHEY_LNODEXF3,37.7508299999447,-120.84541437553641,45.25407
HERSHEY_LNODEXF4,37.750920434529704,-120.8453,45.25407
HICKS_2_N001,37.234159254320986,-121.90015163922017,53.22377
HICKS_2_N002,37.23397874557105,-121.9001516394916,53.22377
HICKS_2_N007,37.23397874557105,-121.90037836050841,53.22377
HIDESERT_2_N001,34.145263999987954,-116.18586145110677,38.05107
HIDESERT_2_N018,34.145263999987954,-116.18597054889322,38.05107
HIGGINS_1_N001,39.043590575891166,-121.09071766620363,51.80943
HIGGINS_1_N002,39.04341142399536,-121.0907176664961,51.80943
HIGGINS_1_N004,39.04341142399536,-121.09094833350389,51.80943
HIGHLD_1_N001,38.93741777608508,-122.609034,52.81758
HIGHLD_1_N005,38.937337111942234,-122.60909387327588,52.81758
HIGHWAY_1_N001,38.166048151820924,-122.253616,52.64159
HIGHWAY_1_N002,38.16596692407439,-122.25355635179834,52.64159
HILLSDLE_6_N001,37.536271,-122.322394,54.12014
HILLSIDE_1_N001,37.879999999986126,-122.23994272916374,53.13333
HILLSIDE_1_N004,37.879999999986126,-122.24005727083625,53.13333
HILMAR_LNODEDR1,37.4189785637285,-120.849304571346,45.0799
HILMAR_LNODEDR2,37.4188603223578,-120.849075716434,45.0799
HILMAR_LNODEDR4,37.4189333711687,-120.849077780203,45.0799
HILMAR_LNODEDR5,37.4188652133943,-120.849148221032,45.0799
HILMAR_LNODEDR7,37.4188555229834,-120.849223847561,45.0799
HILMAR_LNODER17,37.4189123657556,-120.849307362712,45.0799
HINSON_6_N001,33.81885999995258,-118.22236564005779,39.23804
HLFMNBY_6_N002,37.46874323375435,-122.43018,54.76324
HLFMNBY_6_N004,37.46866188310803,-122.43012082319957,54.76324
HLFMNBY_6_N101,37.46866188310803,-122.43023917680043,54.76324
HMBLTBY_6_N003,40.78280899998469,-124.11247771670773,42.63791
HOBARTTP_LNODE19,39.400047,-120.149888,45.27194
HOLLISTR_1_N001,36.862728962246265,-121.405867,54.17857
HOLLISTR_1_N004,36.86264801886252,-121.40580858969733,54.17857
HOLLISTR_1_N101,36.86264801886252,-121.40592541030266,54.17857
HOMEGRND_1_N001,38.96,-122.84,52.90243
HOMEPROC_1_N001,38.94,-122.85,52.8935
HONCUT_1_N001,39.320099,-121.595289,51.99336
HOOPA_6_N001,41.056514,-123.682252,43.18276
HORSESHE_1_N001,38.744281999985915,-121.16156545871566,52.09243
HORSESHE_1_N002,38.744281999985915,-121.16168054128434,52.09243
HPLNDJT_6_N001,38.972898,-123.081134,54.17144
HSK_LA_LNODEKSS,34.487,-118.514,42.99427
HUGHSON_LNODEDR1,37.5949433309328,-120.846755674049,45.05757
HUGHSON_LNODEDR2,37.5949478453779,-120.846639431615,45.0531
HUGHSON_LNODEDR3,37.5948895849844,-120.846669736494,45.0531
HUGHSON_LNODEDR4,37.5949564824944,-120.846831604577,45.05757
HUGHSON_LNODEDR5,37.594883530932,-120.846800432358,45.05757
HUGHSON_LNODEDR8,37.5948895004896,-120.84669840193,45.0531
HUNT1G_7_N002,33.64610399995311,-117.97753404459904,39.51526
HUNT2G_7_N002,33.645950581890766,-117.97761038065147,39.51526
HUNT3G_7_N002,33.64596651133317,-117.97781805443613,39.51526
HUNT4G_7_N002,33.646116990569396,-117.97792719657157,39.51526
HURLEY_LNODE12LD3,38.587283,-121.418244,41.98495
HURON_6_N001,36.185797,-120.104535,49.16205
HUR_LNODENE1,38.58818333333333,-121.418666944444,44.86106
HUR_LNODENE2,38.58818333327699,-121.41855194404475,44.86106
HUR_LNODENE3,38.58810548632912,-121.41860944430671,44.86106
HUR_LNODENE4,38.58810548632912,-121.41872444458129,44.86106
HUR_LNODENE5,38.58818333327699,-121.41878194484326,44.86106
HUR_LNODENE7,38.58826118030932,-121.41872444470597,44.86106
HUR_LNODENE8,38.58826118030932,-121.41860944418204,44.86106
HWD_SUB_LNODEONA,34.088090251059334,-118.34689102435425,43.07019
HWD_SUB_LNODEONB,34.0879097488445,-118.34689102458658,43.07019
HWD_SUB_LNODEONC,34.0879097488445,-118.34710897541342,43.07019
HWD_SUB_LNODEOND,34.088090251059334,-118.34710897564575,43.07019
HYATT_2_N212,39.54,-121.47,51.53948
IBM-CTLE_1_N001,37.33,-121.74,53.08979
IBM-HRRS_1_N001,37.339999999986375,-121.73994319553019,53.0496
IBM-HRRS_1_N101,37.339999999986375,-121.74005680446982,53.0496
IGNACIO_1_N102,38.07555099998604,-122.54000436436782,52.93915
IMHOFF_1_N001,38.001509,-122.066739,53.05807
IMPRLBCH_6_N001,32.58332899998902,-117.09716179037093,37.59635
IMPRLBCH_6_N004,32.58332899998902,-117.09726820962906,37.59635
INDIANW_1_N001,33.75822999998817,-116.36079489140164,37.85175
INDIANW_1_N005,33.75822999998817,-116.36090310859835,37.85175
INDNFLT_6_N001,37.66547,-119.841331,60.70485
INDUSTRL_LNODEDR1,37.4786063003132,-120.866935168966,45.0799
INDUSTRL_LNODEDR2,37.4784258031614,-120.866836967643,45.08436
INDUSTRL_LNODEDR3,37.4784244272802,-120.866662034426,45.08436
INDUSTRL_LNODEDR5,37.4785292936467,-120.866935824384,45.0799
INDUSTRL_LNODEDR7,37.4784403782944,-120.866928290638,45.0799
INDUSTRL_LNODEDR8,37.4784247171011,-120.866748607625,45.08436
INGRMC_1_N001,37.83,-121.17,52.45582
INYOKERN_1_N001,35.65261399998741,-117.79478579202693,32.60274
INYOKERN_1_N008,35.65261399998741,-117.79489620797307,32.60721
IRONMTN_2_N001,34.16,-115.12,37.78972
IUKA_6_N001,37.665987,-121.831011,53.28285
JACINTO_6_N001,39.582923,-122.010645,51.50773
JAMACHA_6_N001,32.744163749547276,-116.957239,70.81958
JAMACHA_6_N006,32.74408312521416,-116.95718365728564,70.81958
JAMACHA_6_N015,32.74408312521416,-116.95729434271436,70.81958
JAMESON_1_N001,38.205743,-122.147539,52.90508
JANSCRK_6_N001,40.905394259900845,-124.072573,43.08451
JANSCRK_6_N003,40.90531287003298,-124.0725108262728,43.08451
JARVIS_1_N014,37.59572442721241,-122.01803387245575,54.04934
JARVIS_1_N016,37.595543572677634,-122.01803387273313,54.04934
JARVIS_1_N017,37.595543572677634,-122.01826212726687,54.04934
JARVIS_1_N101,37.59572442721241,-122.01826212754425,54.04934
JCBSCRNR_6_N001,36.22245499998718,-119.77977650530629,49.32446
JCBSCRNR_6_N003,36.22245499998718,-119.77988749469371,49.32446
JENNY_1_N001,37.769999999986226,-122.25994279875593,56.58555
JENNY_1_N008,37.769999999986226,-122.26005720124407,56.58555
JESSUP_1_N001,40.462102,-122.328061,51.19478
JMSCNPMP_1_N001,38.19,-122.47,53.48681
JOHANNA_2_N001,33.71362395818503,-117.852576,39.64544
JOHANNA_2_N007,33.71354302089469,-117.85251982319095,39.64544
JOLON_6_N001,36.013308,-121.167635,56.09743
KAMM_1_N001,36.58,-120.52,57.48937
KANAKA_1_N001,39.439999999985574,-121.38994201903363,51.99269
KEARNEY_6_N001,36.704357999986875,-119.88278399673257,55.70461
KEARNEY_6_N099,36.704357999986875,-119.88289600326743,55.70461
KEARNEY_7_N001,32.832849999988746,-117.13199871171014,44.52768
KEARNEY_7_N003,32.832849999988746,-117.13210528828985,44.55448
KELSO_2_N001,37.797722,-121.601591,52.35675
KERMAN_6_N001,36.69205999998684,-120.05918901200307,57.36764
KERMAN_6_N002,36.69205999998684,-120.05930098799692,57.36764
KERNOIL_1_N001,35.44070999998741,-119.02061483035583,40.36391
KERNOIL_1_N012,35.44070999998741,-119.02072516964418,40.36391
KERNPWR_1_N002,35.37980096994444,-119.097984,39.81393
KERNPWR_1_N201,35.37972001501422,-119.09792667452027,39.81393
KERNRDGE_1_N001,35.48320899998747,-119.76358482417542,40.71442
KERNRV_1_N001,35.37972001501422,-119.09804132547973,40.39517
KERNWATR_1_N001,35.400666,-119.035603,40.31032
KESWICK_6_N001,40.623725,-122.462027,50.73925
KETTLEMN_6_N001,36.044075,-120.112696,47.65155
KETTNER_6_N001,32.733172,-117.173774,40.17501
KIERNAN_LNODETUB,37.71047,-121.0139,45.21388
KINGCTY_6_N001,36.21683446252504,-121.1266820197143,55.99024
KINGCTY_6_N002,36.21683446252504,-121.1269039802857,55.99024
KINGCTY_6_N005,36.217013537372516,-121.12690398053972,55.99024
KINGSBRG_1_N001,36.48869063297857,-119.58234525016937,53.93832
KINGSBRG_1_N008,36.48861299994815,-119.58228950045047,53.93832
KIRKER_1_N001,38.0212542075842,-121.905844,52.66572
KIRKER_1_N005,38.02117289619287,-121.90578440854696,52.66572
KIRKER_1_N006,38.02117289619287,-121.90590359145303,52.66572
KNA_LNODENA2,40.654722,-122.389167,51.33009
KNGHTSLD_1_N001,38.809281,-121.74515,52.35791
KONOCTI6_6_N001,38.9325,-122.741085,53.35416
KYOCERA_6_N001,32.819776,-117.140362,44.62577
LADDCM_LNODEARD,37.73258,-121.01392,45.20941
LAFRESA_6_N001,33.86979104273171,-118.33319,39.3363
LAFRESA_6_N007,33.869709978621295,-118.33324636755688,39.3363
LAGNANL_1_N001,33.49498074466377,-117.70295838393929,39.49624
LAGNANL_1_N002,33.494801255243225,-117.70295838416239,39.49624
LAGNANL_1_N005,33.494801255243225,-117.70317361583761,39.49624
LAGNANL_1_N006,33.49498074466377,-117.70317361606071,39.49624
LAGRANG_LNODEOAD,37.6697612035926,-120.443808701526,45.04864
LAGUBELL_6_N001,33.975996097823064,-118.14794,38.81377
LAGUBELL_6_N210,33.97591495107552,-118.14799649540468,38.81377
LAGUNATP_6_N001,36.748942999986895,-121.60530194075191,54.26489
LAGUNITS_6_N001,36.748942999986895,-121.60541405924809,54.92439
LAJOLLA_6_N001,32.840121999988746,-117.27517670850455,42.17574
LAJOLLA_6_N007,32.840121999988746,-117.27528329149546,42.17574
LAKEVIEW_6_N101,35.093678,-119.10139,40.21206
LAKEVLLE_1_N001,38.251505,-122.580692,52.83643
LAKEWOOD_1_N001,37.909008286572075,-122.05701271293042,52.95088
LAKEWOOD_1_N003,37.90892999994441,-122.05695542598274,52.95088
LAKEWOOD_1_N004,37.90885171340006,-122.05701271305232,52.95088
LAKEWOOD_1_N006,37.90885171340006,-122.05712728694768,52.95088
LAKEWOOD_1_N007,37.90892999994441,-122.05718457401727,52.95088
LAKEWOOD_1_N009,37.909008286572075,-122.05712728706959,52.95088
LAK_SM_LNODENE2,38.658077794318025,-121.13012359377534,44.86553
LAK_SM_LNODENE3,38.65799999994368,-121.13006607656462,44.86553
LAK_SM_LNODENE4,38.657922205653776,-121.13012359390028,44.86553
LAK_SM_LNODENE6,38.657922205653776,-121.13023862832172,44.86553
LAK_SM_LNODENE7,38.65799999994368,-121.13029614565738,44.86553
LAK_SM_LNODENE8,38.658077794318025,-121.13023862844666,44.86553
LAMONT_1_N001,35.296667999987505,-118.86162984910735,39.83179
LAMONT_1_N002,35.296667999987505,-118.86174015089266,39.83179
LAPHAM_LNODEQBZ,37.639494,-120.919982,45.18262
LAPHAM_LNODEXBC,37.63949399994495,-120.91986779708742,45.18262
LAPLMG1_7_N001,35.29516599994997,-119.59192469860037,39.48344
LAPLMG2_7_N001,35.2950123151544,-119.59200269352937,39.48344
LAPLMG3_7_N001,35.29502827228419,-119.59221488028864,39.48344
LAPLMG4_7_N001,35.29517901313358,-119.59232639423358,39.48344
LASPALMS_1_N001,36.8,-119.69,54.97468
LASPLGS_6_N001,33.31288499998846,-117.46694237728786,54.09615
LASPULGS_6_N001,33.31288499998846,-117.46704962271214,39.92184
LAURELES_6_N001,36.47781599998705,-121.7268922619553,54.8708
LAWRENCE_1_N001,37.397207,-122.010126,53.84092
LAWRENCE_1_N003,37.39720699994556,-122.01001226428907,53.84092
LAWRENCE_1_N004,37.39711664332103,-122.010126,53.84092
LAWRENCE_LNODEENCE,37.397297356679005,-122.010126,42.13233
LBEACH2G_7_N002,33.818691093192,-118.22254906136247,39.23804
LCIENEGA_6_N001,34.000751,-118.378408,39.53727
LEGRAND_1_N001,37.184412,-120.273463,56.64078
LEMOORE_6_N002,36.30998799998711,-119.79822042969916,49.49417
LEMOORE_6_N101,36.30998799998711,-119.79833157030085,49.49417
LEPRINO_1_N001,37.748396,-121.41576,52.48262
LERDO_1_N001,35.50010399998744,-119.15188082156193,40.14507
LERDO_1_N004,35.50010399998744,-119.15199117843807,40.14507
LILAC_6_N001,33.25325899998847,-117.08580343192692,38.50892
LILAC_6_N010,33.25325899998847,-117.08591056807307,38.50892
LIMESTNE_6_N001,38.63377399998596,-120.97960448884528,52.17248
LINCON_LNODECRZ,37.63940356621228,-120.91986779722644,45.18262
LINCON_LNODEFCN,37.639339619957,-120.91994855081084,45.18262
LINDEN_6_N101,38.016891,-121.095875,53.71124
LITEHIPE_6_N001,33.88040091918611,-118.17506849549716,39.14872
LITEHIPE_6_N008,33.88058108071875,-118.17528550473195,39.14872
LIVERMRE_6_N001,37.68013099998621,-121.78059286544908,53.14887
LIVERMRE_6_N003,37.68013099998621,-121.78070713455092,53.14887
LIVNGSTN_6_N001,37.363379203022006,-120.760425,56.69994
LLAGAS_1_N001,37.006958040367174,-121.557391,53.52746
LLAGAS_1_N003,37.00687697980194,-121.55733239433584,53.52746
LLAGAS_1_N005,37.00687697980194,-121.55744960566416,53.52746
LMEC1_1_N001,38.030625,-121.896783,52.5764
LMEC1_1_N101,38.03062499994427,-121.89666830800388,52.5764
LMEC1_1_N601,38.0305346591732,-121.89666830814532,52.5764
LMEC1_1_N801,38.03047077865233,-121.89674940756281,52.5764
LMECCT1_7_N001,38.0304867914731,-121.89697004046927,52.58087
LMECCT2_7_N001,38.03063805852326,-121.89708599331652,52.58087
LMECST1_7_N001,38.03081089924409,-121.89703337694175,52.58087
LMPC-CTY_1_N001,34.6,-120.39,46.01812
LOCKHD1_1_N001,37.409054,-122.03213,53.89898
LOCKHD2_1_N001,37.416224,-122.030655,53.90791
LOGANCR_2_N001,39.53955399998549,-122.26277291112409,51.15309
LOGANCR_2_N010,39.53955399998549,-122.26288908887592,51.15309
LONESTAR_1_N001,37.511676999986356,-122.20756301431467,54.1782
LOSALTS_6_N004,37.3939352129738,-122.114735,53.69503
LOSALTS_6_N005,37.393853893498445,-122.11467590496156,53.69503
LOSALTS_6_N101,37.393853893498445,-122.11479409503845,53.69503
LOSCCHS_6_N001,32.85981772690813,-116.899263,55.89646
LOSCOCHS_6_N001,32.85973713653372,-116.89920760858072,27.00264
LOSCOCHS_6_N034,32.85973713653372,-116.89931839141927,27.00264
LOSGATS_6_N002,37.226423999986494,-121.97722832893687,54.49444
LOSGATS_6_N201,37.226423999986494,-121.97734167106313,54.49444
LOSOSTS_6_N001,36.293864,-121.20007,56.19568
LOVELAND_6_N001,32.796957,-116.792258,26.29255
LOWGAP_7_N001,40.4327289999849,-123.47220368717633,45.86683
LOYALTON_LNODETY,39.6680639999855,-120.24305624345052,45.25854
LOYOLA_6_N001,37.360660999986344,-122.09993417231678,53.56551
LOYOLA_6_N004,37.360660999986344,-122.10004782768323,53.56551
LPFLKBD_6_N001,40.90531287003298,-124.07263517372719,43.08004
LSGLLNS_1_N001,38.022339207228725,-122.537978,53.2473
LSGLLNS_1_N002,38.0222578963706,-122.53791840805536,53.2473
LSGLLNS_1_N003,38.0222578963706,-122.53803759194464,53.2473
LSPSTAS_2_N001,37.700982436898656,-121.73360569835381,53.00149
LSPSTAS_2_N002,37.70080156299109,-121.73360569863272,53.00149
LSPSTAS_2_N010,37.70080156299109,-121.7338343013673,53.00149
LSPSTAS_2_N011,37.700982436898656,-121.73383430164618,53.00149
LSTHLLS_6_N001,35.785755,-119.866138,43.99206
LUCERNE_1_N001,39.110189,-122.81298,53.43769
LUCERNE_1_N004,39.11,-122.81,53.43769
LUIS#3_1_N001,36.65,-120.73,58.28999
LUIS#5_1_N001,36.72,-120.75,58.28999
LVNGSTN_7_N002,37.36329789847426,-120.76036593987695,56.07784
LYOTH-SP_6_N001,37.721862,-121.390858,52.20126
LYTNVLLE_6_N001,39.684962,-123.476979,59.53446
MABURY_1_N001,37.36089599998639,-121.86395517205479,53.9577
MABURY_6_N001,37.36089599998639,-121.86406882794522,53.29523
MADISON_1_N002,38.67073989103906,-121.969138,52.32896
MADISON_1_N201,38.67065905446531,-121.9690782228888,52.32896
MAGUNDEN_1_N002,35.36215899998747,-118.92373215922743,40.95789
MAINE-PR_6_N001,38.385820999985995,-121.77582145519017,52.40489
MALAGA_1_N001,36.69415479048744,-119.72474601890697,54.87098
MALAGA_1_N004,36.69397520940774,-119.72474601916853,54.87098
MALAGA_1_N005,36.69397520940774,-119.72496998083147,54.87098
MALAGA_1_N206,36.69415479048744,-119.72496998109303,54.87098
MANCHSTR_1_N001,36.78803392229639,-119.787488,55.13628
MANCHSTR_1_N002,36.787953038837564,-119.78742968988867,55.13628
MANCHSTR_1_N005,36.787953038837564,-119.78754631011132,55.13628
MANDLY1G_7_N002,34.207498198093205,-119.249016,38.97108
MANDLY2G_7_N002,34.20741690094034,-119.2489592448821,38.97108
MANDLY3G_7_N001,34.20741690094034,-119.2490727551179,38.97108
MANTECA_1_N001,37.80151542742815,-121.22356755493873,52.38817
MANTECA_1_N002,37.80133457246114,-121.22356755521895,52.38817
MANTECA_1_N012,37.80133457246114,-121.22379644478104,52.38817
MANTECA_1_N013,37.80151542742815,-121.22379644506127,52.38817
MANVILLE_1_N001,34.53,-120.43,45.9288
MARGARTA_1_N001,33.55007578845692,-117.62798626281774,39.45158
MARGARTA_1_N002,33.54989621144975,-117.62798626304166,39.45158
MARGARTA_1_N008,33.54989621144975,-117.62820173695833,39.45158
MARGARTA_1_N009,33.55007578845692,-117.62820173718225,39.45158
MARICOPA_6_N001,35.107547,-119.398151,39.31638
MARIPOS2_6_N001,37.50445799998627,-120.00773602136582,59.97689
MARIPOS2_6_N003,37.50445799998627,-120.00784997863418,59.97689
MARPOS_LNODEKSA,37.63932432741219,-120.92006110878681,45.18262
MARPOS_LNODENOX,37.63935564925701,-120.92016824287315,45.18262
MARSHALL_LNODEDR1,37.43587720766,-121.132527674588,45.07097
MARSHALL_LNODEDR2,37.4358760484777,-121.13220043951,45.07543
MARSHALL_LNODEDR3,37.4358798082574,-121.132682875263,45.07097
MARSHALL_LNODEDR4,37.4358789493306,-121.132046059332,45.07543
MARSHALL_LNODEDR5,37.4358787251639,-121.131895544498,45.07543
MARSHALL_LNODER8C,37.435876146414,-121.132374308977,45.07097
MARTELL_6_N001,38.369191999986,-120.79669245138386,52.94176
MARTINEZ_1_N001,38.02,-122.16,53.15185
MCARTHR_6_N001,41.05270199998445,-121.40878106361407,50.79318
MCCALL_1_N026,36.61141783540495,-119.639697,54.47716
MCCALL_1_N030,36.61133708228342,-119.63963891745578,54.47716
MCC_LNODEMCC,38.63008971070796,-121.51320976638306,44.85213
MCDISLE_6_N001,37.93693288402067,-121.52832945017714,54.05465
MCFRLND_6_N001,35.688444,-119.276835,40.07047
MCKEE_1_N001,37.366407204044364,-121.843789,53.79246
MCKEE_1_N005,37.36632589796316,-121.84372993637959,53.79246
MCKEE_1_N101,37.36632589796316,-121.84384806362041,53.79246
MCMULLN1_2_N001,36.592775,-119.989065,56.50896
MCY_LNODE101,38.563116666666666,-121.464371944444,44.87
MCY_LNODE102,38.563116666610455,-121.4642569555954,44.87
MCY_LNODE103,38.56302675430868,-121.46425695573926,44.87
MCY_LNODE104,38.562963176761876,-121.46433826506194,44.87
MCY_LNODE105,38.562947972391605,-121.46445159764659,44.87
MCY_LNODE106,38.5629791136348,-121.46455946901716,44.87
MCY_LNODE107,38.56304468834792,-121.46463814131086,44.87
MCY_LNODE108,38.56312966325024,-121.46467572198618,44.87
MDLRIVR_6_N001,37.93693288402067,-121.52844854982285,53.62591
MDWYPS_6_N001,35.402824999987416,-119.45497183549746,39.73619
MECCTG1_7_N100,37.239909741275135,-121.77988662517618,53.01387
MECCTG2_7_N100,37.2400902586168,-121.78011337509535,53.01387
MEDWLNE_1_N001,37.963141225082815,-122.052361,52.91069
MEDWLNE_1_N002,37.963059887443606,-122.05230143651556,52.91069
MEDWLNE_1_N006,37.963059887443606,-122.05242056348443,52.91069
MELROSE_6_N001,33.206560573300976,-117.25285494469412,39.2124
MELROSE_6_N004,33.20638142660739,-117.25285494491321,39.2124
MELROSE_6_N005,33.20638142660739,-117.25306905508678,39.2124
MELROSE_6_N009,33.206560573300976,-117.25306905530589,39.2124
MENLO_6_N001,37.4330313740754,-122.20260718789906,54.41489
MENLO_6_N002,37.43285062581547,-122.2026071881739,54.41489
MENLO_6_N003,37.43285062581547,-122.2028348118261,54.41489
MENLO_6_N004,37.4330313740754,-122.20283481210093,54.41489
MERCEDFL_7_N001,37.27292328168154,-120.48675154649395,56.36367
MERCED_1_N001,37.27274271821013,-120.48697845323395,55.97959
MERCED_1_N002,37.27292328168154,-120.48697845350604,55.97959
MERIDIAN_6_N101,37.225299,-121.744182,54.27516
MESACAL_6_N001,34.037454,-118.109265,38.51389
MESAHGTS_6_N001,32.829628731503114,-117.157263,44.70461
MESAHGTS_6_N007,32.82954813423625,-117.15720762268285,44.70461
MESARIM_6_N001,32.90498753633711,-117.17294735480384,39.83152
MESARIM_6_N007,32.90480846357245,-117.1729473550195,39.83152
MESARIM_6_N008,32.90480846357245,-117.1731606449805,39.83152
MESARIM_6_N012,32.90498753633711,-117.17316064519616,39.83152
METCALF_1_N018,37.22435199998651,-121.74197733145253,53.0496
METTLER_6_N001,38.078067,-121.2867,54.00716
MEYERS_LNODE31,38.877195,-119.986125,43.40068
MEYERS_LNODE32,38.87719499994345,-119.98600982501117,43.40068
MEYERS_LNODE33,38.87710533707398,-119.986125,43.40068
MEYERS_LNODE34,38.87719499994345,-119.98624017498884,43.40068
MEYERS_LNODE35,38.87728466292607,-119.986125,43.40068
MI-WUK_1_N001,38.052745,-120.217268,50.2759
MIDDLTWN_6_N002,38.7527889999859,-122.60852945612646,54.18484
MIDDLTWN_6_N101,38.7527889999859,-122.60864454387354,54.18484
MILLBRAE_1_N001,37.605189,-122.391045,53.85664
MILLBRAE_1_N004,37.60518899994505,-122.39093085578821,53.85664
MILLBRAE_1_N201,37.60518899994505,-122.3911591442118,53.85664
MILLBRAE_6_N001,37.6052794289691,-122.391045,53.9281
MILLER_1_N001,37.81,-121.1,52.59427
MILPITAS_1_N001,37.415395,-121.888564,53.90791
MILPITAS_1_N003,37.41539499994551,-121.8884502251851,53.90791
MILPITAS_1_N005,37.41530463419468,-121.888564,53.90791
MILPITAS_1_N006,37.41539499994551,-121.88867777481491,53.90791
MINNIER_LNODEJFF,37.71289,-120.93858,45.17368
MIRABEL_6_N001,38.489406,-122.894261,53.50567
MIRALOMA_6_N001,34.004371186293284,-117.56506721001799,38.53572
MIRAMAR_6_N001,32.89408253805123,-117.13552936589245,39.7422
MIRAMAR_6_N004,32.89390346185827,-117.135529366108,39.7422
MIRAMAR_6_N017,32.89390346185827,-117.135742633892,39.7422
MISSION_6_N001,32.784191999954906,-117.13741946348074,44.99904
MISSION_6_N031,32.78411443272647,-117.13747273178681,44.99904
MISSION_6_N040,32.78411443272647,-117.13757926821319,44.99904
MISSION_6_N049,32.784191999954906,-117.13763253651926,44.99904
MKT_SUB_LNODEONA,34.0434902173762,-118.24599112234871,43.05233
MKT_SUB_LNODEONB,34.04330978252786,-118.24599112258036,43.0568
MKT_SUB_LNODEONC,34.04330978252786,-118.24620887741963,43.05233
MKT_SUB_LNODEOND,34.0434902173762,-118.24620887765128,43.0568
MNDCTP_6_N001,39.251247,-123.196582,54.52806
MOFTFLD_1_N002,37.41,-122.04,53.87665
MOLINO_6_N002,38.42527299998595,-122.83215753598292,53.9612
MOLINO_6_N101,38.42527299998595,-122.83227246401708,53.9612
MONOLITH_6_N029,34.92999999998754,-118.4199449189089,37.18353
MONOLITH_6_N101,34.92999999998754,-118.4200550810911,37.18353
MONROE_1_N001,38.45321800700051,-122.743668,53.32703
MONROE_1_N002,38.45313699648462,-122.74360827529611,53.34043
MONROE_1_N101,38.45313699648462,-122.74372772470389,53.34043
MONSRATE_6_N001,33.32908099998846,-117.23541536188321,39.52056
MONSRATE_6_N007,33.32908099998846,-117.23552263811678,39.52056
MONTAGUE_1_N001,37.40375521599691,-121.905675,54.26371
MONTAGUE_1_N006,37.403673891986756,-121.90561589392182,54.26371
MONTAGUE_1_N007,37.403673891986756,-121.90573410607819,54.26371
MONTCLLO_1_N008,38.48,-122.32,53.3219
MONTEREY_6_N001,36.599917,-121.890341,54.38847
MONTERO_6_N001,38.47145299998595,-123.01207452586034,54.05499
MONTERO_6_N004,38.47145299998595,-123.01218947413966,54.05499
MONTGMRY_6_N001,32.631633999988686,-117.09951777952129,37.36584
MONTGMRY_6_N002,32.631633999988686,-117.0996242204787,37.36584
MONTPELR_LNODEDR3,37.5513950204046,-120.771210942368,45.0799
MONTPELR_LNODEDR4,37.5513208784333,-120.77132554154,45.0799
MONTPELR_LNODEDR5,37.5513203022304,-120.771217224249,45.0799
MONTPELR_LNODEDR7,37.551320342333,-120.771557696814,45.07543
MONTPELR_LNODEDR8,37.5513195014288,-120.771445581179,45.07543
MOORPARK_6_N001,34.28245799998789,-118.90073231455499,38.35097
MORAGA_1_N001,37.848008,-122.160732,53.11547
MORGAN_1_N001,37.12745917114046,-121.65871690356438,39.65133
MORMON_6_N001,37.968746,-121.185898,53.46561
MOROHILL_6_N001,33.252187,-117.300305,39.34192
MORROBY_1_N001,35.373004,-120.855187,43.53171
MOSSLD_1_N001,36.804150842399494,-121.78373687034716,53.64264
MOSSLND6_7_ND001,36.80399515757413,-121.78384912953872,52.88138
MOSSLND7_7_ND001,36.804150842399494,-121.78384912965284,52.88138
MPLECRK_6_N001,40.767881,-123.87365,43.74994
MREIS-Q_1_N001,38.12,-122.33,53.48681
MRGNHIL_1_N001,37.12727882875214,-121.65871690383386,53.40688
MRGNHIL_1_N004,37.12727882875214,-121.65894309616613,53.40688
MRGNHIL_1_N007,37.12745917114046,-121.65894309643562,53.40688
MRTSVAL_LNODE32,39.329538,-120.170031,45.16922
MRYSVLLE_6_N001,39.13944599998575,-121.58327227419691,52.81957
MRYSVLLE_6_N003,39.13944599998575,-121.58338772580308,52.81957
MSHR60V_6_N001,38.02150699998609,-121.28089465794243,52.96626
MSHR60V_6_N006,38.02150699998609,-121.28100934205757,52.96626
MTEDEN_1_N001,37.63264525976642,-122.10124,53.11
MTEDEN_1_N005,37.632563870101905,-122.10118066447778,53.11
MTEDEN_1_N009,37.632563870101905,-122.10129933552223,53.11
MTNHOUSE_LNODE1KV,37.79428,-121.55964,44.86106
MTNPASS_1_N001,35.508179,-115.53125,37.43418
MTNQUAR_6_N001,38.914515,-121.015694,52.04992
MTVIEW_1_N001,34.07927114678052,-117.240376,53.47173
MTVIEW_1_N004,34.079189926596804,-117.24031938460595,53.47173
MTVIEW_1_N005,34.079189926596804,-117.24043261539406,53.47173
MURRAY_6_N001,32.79087756459772,-117.0229334582287,59.1043
MURRAY_6_N004,32.790698435312095,-117.02293345844329,59.1043
MURRAY_6_N005,32.790698435312095,-117.02314654155671,59.1043
MURRAY_6_N015,32.79087756459772,-117.0231465417713,59.1043
MUSLSLGH_6_N001,36.264507,-119.907357,49.13243
NARROWS1_7_N001,33.13712344927391,-116.2943780565384,52.48081
NARROWS_6_N010,33.137302550634665,-116.29459194367982,25.4471
NATNLCTY_6_N001,32.67305199998863,-117.10726576866911,40.74895
NATNLCTY_6_N005,32.67305199998863,-117.10737223133088,40.74895
NAT_LNODENE1,38.65097779957077,-121.48672359559271,44.85213
NAT_LNODENE2,38.65089999994365,-121.48666608019934,44.85213
NAT_LNODENE3,38.650822200401045,-121.48672359571763,44.85213
NAT_LNODENE4,38.650822200401045,-121.48683862650437,44.85213
NAT_LNODENE5,38.65089999994365,-121.48689614202266,44.85213
NAT_LNODENE6,38.65097779957077,-121.4868386266293,44.85213
NAVSTMTR_6_N001,32.67041199998878,-117.11463876940559,40.76128
NAVSTMTR_6_N011,32.67041199998878,-117.11474523059441,40.76128
NAVY35R_1_N001,35.29,-119.45,39.74247
NBRANCH_6_N001,38.199837,-120.719506,53.04448
NCMETER_1_N001,33.089572,-117.203236,39.05377
NCPA1GY1_7_N001,38.329999999986036,-122.63005744213352,52.52827
NCPA1GY2_7_N001,38.33999999998601,-122.64005744453604,52.54167
NCPA2GY1_7_N001,38.34999999998599,-122.65005744690819,52.94361
NCPA2GY2_7_N001,38.329999999986036,-122.68005744213352,52.93022
NDUBLIN_2_N002,37.86,-121.88,53.64674
NEWARKD_1_N001,37.50049924095103,-121.987091,53.69206
NEWARKD_1_N012,37.500417879509776,-121.98703179018516,53.69206
NEWBURG_6_N001,40.59455299998477,-124.13512748525541,44.24567
NEWBURG_6_N003,40.59455299998477,-124.13524651474458,44.24567
NEWELL_LNODEWELL,41.888139999984205,-121.37832971620207,42.13233
NEWHALL_1_N001,36.86718099998678,-120.32825478878492,57.29039
NEWHALL_1_N002,36.86718099998678,-120.32836721121508,57.29039
NEWMAN_6_B2,37.31543099998646,-121.01505122358405,53.11679
NEWMAN_6_N001,37.31543099998646,-121.01516477641594,53.11679
NOISLMTR_6_N004,32.70248360152014,-117.18205952001077,40.36544
NOISLMTR_6_N009,32.70230439838948,-117.1820595202246,40.36544
NORCO_1_N001,35.28535,-119.308893,39.85677
NORD1_1_N001,39.759998999985385,-121.90689363690683,51.83871
NORD1_1_N003,39.759998999985385,-121.90701036309318,51.83871
NORTECH_1_N001,37.46,-121.76,54.12527
NORTHOAK_6_N003,35.96338313356797,-119.45673850749412,38.47602
NORTHOAK_6_N004,35.96338313356797,-119.45685349250587,38.47602
NORTHOAK_6_N005,37.36329789847426,-120.76048406012305,38.47602
NOVATO_6_N001,38.10860199998601,-122.56828762317217,52.97934
NOVATO_6_N002,38.10860199998601,-122.56840237682783,52.97934
NRTHTWR_1_N001,38.066061192073654,-122.195674,53.48681
NRTHTWR_1_N002,38.06597990394814,-122.1956143891305,53.48681
NRTHTWR_1_N004,38.06597990394814,-122.19573361086951,53.48681
NR_SUB_LNODEONA,34.22909034238915,-118.54339073176756,43.06573
NR_SUB_LNODEONB,34.228909657513995,-118.54339073200198,43.06573
NR_SUB_LNODEONC,34.228909657513995,-118.54360926799801,43.06573
NR_SUB_LNODEOND,34.22909034238915,-118.54360926823244,43.06573
NUMITAP_1_N003,37.5,-122.04,53.98682
NVYSCHL_6_N001,36.59909,-121.877082,54.32594
NWKDIST_2_N001,37.47999999998637,-121.97994304564625,53.71373
NWKDIST_2_N004,37.47999999998637,-121.98005695435374,53.71373
OAKC12_7_N002,37.797435,-122.281022,53.5576
OAKDAL_LNODEMTS,37.66746999998627,-120.95814287556452,45.17368
OAKDAL_LNODENDN,37.66746999998627,-120.95825712443548,45.17368
OAKHURST_1_N001,37.32379499998641,-119.63394921398016,56.28101
OAKHURST_1_N002,37.32379499998641,-119.63406278601984,56.28101
OAKLAND_1_N001,37.79743499994459,-122.28090756034669,53.54867
OAKLAND_1_N006,37.797356686862834,-122.280964780234,53.54867
OAKLAND_1_N033,37.797356686862834,-122.28107921976599,53.54867
OCEANO_1_N001,35.10177099998753,-120.58099587832989,44.43881
OCEANO_1_N004,35.10177099998753,-120.5811061216701,44.43881
OCEANSDE_6_N001,33.19681799998853,-117.381743480479,39.53329
OCEANSDE_6_N002,33.19681799998853,-117.381850519521,39.53329
OIGLASS_1_N001,37.75,-121.31,51.74126
OILDALE_1_N001,35.42,-118.98,40.40857
OILFLDS_6_N001,35.95646873409211,-120.85121,55.07918
OILFLDS_6_N007,35.95638813294024,-120.8511525112428,55.07918
OLDRIVR_6_N001,35.208404,-119.100252,39.89498
OLDTOWN_6_N001,32.766092,-117.192529,39.59581
OLEMA_6_N001,38.042497,-122.786541,53.50633
OLETA_6_N001,38.48064499998599,-120.84462852385393,52.29306
OLETA_6_N003,38.48064499998599,-120.84474347614606,52.29306
OLINDA_6_N001,33.94616008273055,-117.922244,38.7711
OLIVHRST_1_N001,39.0918869999858,-121.54288430472884,52.68939
OLIVHRST_1_N002,39.0918869999858,-121.54299969527116,52.68939
OLY_SUB_LNODEONA,34.03409021003063,-118.45989114327803,43.04786
OLY_SUB_LNODEONB,34.03390978987338,-118.45989114350952,43.04786
OLY_SUB_LNODEONC,34.03390978987338,-118.46010885649046,43.04786
OLY_SUB_LNODEOND,34.03409021003063,-118.46010885672197,43.04786
OMAR_2_N001,35.475983864148716,-118.98698399999999,37.66056
OMWD_6_N001,33.068479,-117.141404,38.78134
ONEILPMP_7_LN001,37.098611,-121.0475,54.42989
OREGNTRL_1_N001,40.61902099998471,-122.32226045686366,52.31758
OREGNTRL_6_N001,40.61902099998471,-122.32237954313634,52.45437
OREGON_LNODENK1,37.63168999998624,-120.9742429051075,45.18262
OREGON_LNODENK2,37.63168999998624,-120.9743570948925,45.18262
ORICK_6_N001,41.294542,-124.056522,43.02645
ORLANDB_6_N001,39.725068,-122.178873,51.23977
OROLOMA_6_N001,36.886866,-120.655928,56.64631
OROSI_6_N006,36.544759,-119.251776,55.26415
OROVILLE_6_N001,39.50524442035656,-121.5593758990519,51.88998
OROVILLE_6_N005,39.50524442035656,-121.5596081009481,51.88998
OROVILLE_6_N102,39.50542357952801,-121.55960810124742,51.88998
ORV_LNODENE1,38.68455,-121.267326944444,44.8566
ORV_LNODENE2,38.68454999994364,-121.26721189591703,44.8566
ORV_LNODENE3,38.68446019318104,-121.26721189606141,44.8566
ORV_LNODENE4,38.68439669026182,-121.26729324758281,44.8566
ORV_LNODENE5,38.68438150373832,-121.26740663898543,44.8566
ORV_LNODENE6,38.6844126084275,-121.26751456633991,44.8566
ORV_LNODENE7,38.6844781061685,-121.26759327946426,44.8566
ORV_LNODENE8,38.68456298132683,-121.2676308796447,44.8566
OTAY_6_N001,32.595376662064226,-117.05752057560969,37.51306
OTAY_6_N014,32.59519733784581,-117.05752057582266,37.51306
OTTER_6_N001,36.47781599998705,-121.7270037380447,54.8708
OVES_SUB_LNODEBKB,37.43792099998635,-118.55704491120122,36.52302
OVES_SUB_LNODEBKC,36.443,-118.0438,39.11778
OVES_SUB_LNODEBKD,37.342,-118.441,36.59448
OXFORD_1_N001,36.7,-120.68,58.28999
PACFCBCH_6_N001,32.799218999988646,-117.24014772581532,42.30079
PACFCBCH_6_N004,32.799218999988646,-117.24025427418468,42.30079
PACIFICA_6_N001,37.59458399998625,-122.48892793722666,54.24519
PACIFICA_6_N003,37.59458399998625,-122.48904206277334,54.24519
PADUA_6_N001,34.120216,-117.639076,38.6042
PALMR_1_N001,34.825223,-120.298953,44.88756
PALOMAR_1_N001,33.12281772819047,-117.287925,39.0799
PALOMAR_1_N004,33.1227371358924,-117.28786944194597,39.0799
PALOMAR_1_N013,33.1227371358924,-117.28798055805403,39.0799
PANAMA_6_N001,35.29556801570901,-119.021525,40.05575
PANAMA_LNODECOUERCRK1,35.29548699213203,-119.02146768568419,43.54806
PANAMA_LNODECOUERCRK2,35.29548699213203,-119.02158231431581,43.54806
PANRAMA_1_N001,40.434409,-122.2679,51.13226
PARADISE_1_N001,39.7615578392488,-121.618634,51.6556
PARADISE_LNODEDISE,39.76147708035982,-121.61857334522642,42.1368
PARADISX_6_N001,39.76147708035982,-121.61869465477358,37.43849
PARADS_LNODEFEG,37.69056,-121.02061,45.16475
PARADS_LNODEKHB,37.690559999944874,-121.02049571450051,45.16475
PARKWAY_2_N001,38.17,-122.25,52.63546
PAR_LNODEAPM,37.668079999986205,-120.9174128750731,45.16475
PAR_LNODEFVM,37.668079999986205,-120.9175271249269,45.16475
PAULSWT_1_N001,36.99234705413821,-121.98202825128297,54.98691
PAULSWT_1_N004,36.9921669457552,-121.98202825154998,54.98691
PAULSWT_1_N101,36.99234705413821,-121.98225374871703,54.98691
PEABODY_2_N002,38.28558699998594,-121.97025256896055,52.04446
PEABODY_2_N006,38.28558699998594,-121.97036743103946,52.04446
PEACHTON_6_N001,39.3784769999856,-121.68494608007006,52.54053
PEACHTON_6_N004,39.3784769999856,-121.68506191992994,52.54053
PEARBMAP_7_B1,34.508883999950896,-117.91829825412502,37.97566
PEARBMAP_7_B3,34.50879356514072,-117.9182982542441,37.97566
PEARBMAP_7_B4,34.50872961811796,-117.91837585623696,37.97566
PEARBMBP_7_B1,34.50871432539329,-117.91848402139897,37.97566
PEARBMBP_7_B3,34.50874564762435,-117.91858697434263,37.97566
PEARBMBP_7_B4,34.5088116034329,-117.91866205952238,37.97566
PEARBMCP_7_B1,34.50889707216307,-117.91869792664747,37.98012
PEARBMCP_7_B3,34.50898737191128,-117.91869193094361,37.98012
PEARBMDP_7_B1,34.50907009278566,-117.91864757930026,37.96673
PEASE_1_N001,39.17010299998576,-121.66113925312504,52.58221
PEASE_1_N009,39.17010299998576,-121.66125474687495,52.58221
PENDLETN_6_N001,33.30925299998849,-117.3349783807102,39.52056
PENDLETN_6_N004,33.30925299998849,-117.3350856192898,39.52056
PENNGRVE_1_N001,38.315547,-122.681119,53.30089
PENRYN_6_N001,38.8444299999859,-121.16613942513398,52.07225
PENRYN_6_N004,38.8444299999859,-121.16625457486602,52.07225
PERMNNTE_6_N002,34.355793,-116.855947,53.36454
PERRY_6_N008,35.570805,-121.055868,43.72342
PETLMAA_6_N001,38.234002,-122.636285,52.87216
PETLMAC_6_N002,38.2390641182539,-122.636804,53.49293
PETLMAC_6_N003,38.23898294085798,-122.63674432895719,53.49293
PETLMAC_6_N004,38.23898294085798,-122.6368636710428,53.49293
PGG_LNODESS1,38.531716666610464,-121.39934830807131,44.87
PGG_LNODESS2,38.531794557439916,-121.39929082076439,44.87
PHILLIPS_1_N001,37.34,-122.03,53.77393
PHILO_6_N001,39.063719,-123.437524,55.73835
PICO_1_N001,33.45676299998844,-117.58919323286267,39.40692
PICO_1_N004,33.45676299998844,-117.58930076713733,39.40692
PIERCY_1_N201,37.28,-121.83,53.40093
PIKECTY_6_N001,39.438734,-120.997847,52.82916
PIONEER_LNODEBUS,37.39756017328021,-120.7270641608972,45.07097
PIONEER_LNODEDR1,37.39756017322573,-120.72695042442128,45.07543
PIONEER_LNODEDR2,37.3974698163648,-120.7269504245584,45.07543
PIONEER_LNODEDR3,37.3974059244655,-120.72703084832322,45.07543
PIONEER_LNODEDR4,37.39739064492007,-120.72714294658331,45.07543
PIONEER_LNODEDR5,37.39742194014138,-120.72724964310564,45.07543
PIONEER_LNODEDR6,37.397487839085414,-120.72732745855615,45.07543
PIONEER_LNODEDR7,37.39757323413797,-120.72736462991926,45.07543
PIONEER_LNODEDR8,37.397663456054794,-120.72735841623376,45.07543
PIONEER_LNODEDR9,37.39774610563929,-120.72731245188831,45.07543
PIONEER_LNODER15,37.397811856418734,-120.72723443776906,45.07543
PIT1_6_N001,38.030670659249246,-121.86908630802888,50.83784
PIT3_7_N001,38.030606778782065,-121.8691674075287,50.9571
PIT5_7_B1,38.030591501969816,-121.86928044765509,50.92898
PITSBURG_1_N001,38.03101263810665,-121.86937270758541,52.6032
PITTSBRG_6_N101,38.031055408073875,-121.8692716827705,52.06067
PLACERVL_1_N001,38.73027886166341,-120.788047,52.21714
PLACER_1_N001,38.901310999985846,-121.08802340262966,51.99633
PLACER_7_N009,38.901310999985846,-121.08813859737035,52.04546
PLAINFLD_6_N001,38.61887,-121.793976,53.76784
PLANETRN_LNODEANET,34.16127269818337,-114.38177086876138,41.95816
PLOALTO_1_N001,33.356029648193925,-117.1119886715524,54.37917
PLOALTO_1_N007,33.35585035171371,-117.11198867177347,54.37917
PLOALTO_1_N013,33.35585035171371,-117.11220332822651,54.37917
PLUMAS_6_N001,39.026121,-121.54308,52.79806
PNEDLE_1_N001,36.829999999986725,-119.82994383698444,55.10599
PNEDLE_1_N002,36.829999999986725,-119.83005616301556,55.12832
PNEGRVE_6_N001,38.41271199998601,-120.6602245387678,53.78137
PNEGRVE_6_N002,38.41271199998601,-120.6603394612322,53.78137
PNTARNA_6_N001,38.912571,-123.679495,56.69407
POC_LNODENE2,38.490383333333334,-121.470263055556,44.88786
POC_LNODENE3,38.49038333327713,-121.4701480990094,44.88786
POC_LNODENE4,38.490293355392375,-121.470263055556,44.88786
POC_LNODENE7,38.49038333327713,-121.47037801210259,44.88786
POC_LNODENE8,38.49047331127424,-121.470263055556,44.88786
POINTLMA_6_N013,32.74137841625509,-117.23325749479669,39.76999
POINTLMA_6_N014,32.74137841625509,-117.2334705052033,39.76999
POLPASPP_6_N002,38.57552299994369,-121.49770299452835,43.89381
POMERADO_6_N001,32.941482719314884,-117.032882,38.55424
POMERADO_6_N004,32.9414021403303,-117.03282656531631,38.55424
POMERADO_6_N008,32.9414021403303,-117.03293743468369,38.55424
PORTOLA_LNODE31,39.803943999985336,-120.46453157749829,45.25854
PORTOLA_LNODE32,39.803943999985336,-120.46464842250171,45.25854
POSOMT_1_N001,35.559194,-118.957501,40.45769
POST_1_N001,39.11,-121.64,52.80798
POTRERO_1_N001,37.46005423161257,-122.4,53.9415
POTRERO_1_N013,37.45997288417899,-122.39994083241324,53.9415
POTRERO_1_N016,37.45997288417899,-122.40005916758676,53.9415
POUST_LNODEIGQ,37.69046956305469,-121.02049571463989,45.17368
POUST_LNODELD2,37.6904056145667,-121.02057652662188,45.17368
POWAY_6_N001,32.978722999988655,-117.03130363648788,38.63909
POWAY_6_N010,32.978722999988655,-117.03141036351212,38.63909
PP1_LNODEOAD,34.59026131985074,-118.4546210726575,43.0032
PP1_PP2_LNODELMW,34.59026131985074,-118.4547309273425,43.0032
PP2_LNODEAUX,34.53433699995089,-118.52522278142764,42.99874
PP2_LNODEOAD,34.534427436468654,-118.525113,42.99874
PPSTLTAP_1_N001,38.01999999998606,-122.36994265860079,53.3611
PPSTLTAP_1_N104,38.01999999998606,-122.3700573413992,53.3611
PRAXAIR_1_B1,37.99999999998611,-121.80994266753221,52.74611
PRCTRVLY_1_N001,32.665044,-116.986801,37.97414
PRSCOT_LNODEAEJ,37.6903903214879,-121.02068916599474,45.18262
PRSCOT_LNODETKD,37.69042164442615,-121.02079637755577,45.18262
PRUNEDLE_1_N001,36.785518920972784,-121.671051,53.9374
PRUNEDLE_1_N002,36.785438039499425,-121.67099269323379,53.9374
PSARBLS_6_N001,35.61564884893555,-120.67989,45.15301
PSARBLS_6_N005,35.61556807551859,-120.67983263488163,45.15301
PSARBLS_6_N007,35.61556807551859,-120.67994736511837,45.15301
PTMRTTI_6_N001,37.030856,-122.187639,53.97192
PTR_PP_LNODEROM,35.24801901925079,-118.1756473615291,42.3199
PUEBLOPG_1_N001,38.345348999986,-122.29956355419145,53.37682
PUEBLOPG_1_N010,38.345348999986,-122.29967844580855,53.37682
PURISIMA_1_N001,34.700622,-120.435261,45.75463
QUEBEC_1_N001,36.07,-119.56,40.07114
RADUM_6_N001,37.67264599998626,-121.85946487140774,53.25605
RADUM_6_N004,37.67264599998626,-121.85957912859226,53.25605
RAINBOW_1_N001,36.709983,-119.538157,54.89347
RANCHRS_1_N001,36.700797999986875,-119.75437400116115,54.89331
RANDSBRG_1_N001,35.375699,-117.655868,35.68
RAWSON_6_N001,40.145295999985066,-122.21242808907787,52.55625
RAWSON_6_N002,40.145295999985066,-122.21254591092213,52.55625
RCARMEL_6_N001,32.99378371822819,-117.077745,38.74628
RCARMEL_6_N004,32.9937031408736,-117.07768953360795,38.74628
RCARMEL_6_N011,32.9937031408736,-117.07780046639205,38.74628
RECTOR_6_N001,36.29851,-119.242336,37.32561
REDBLFF_6_N001,40.1825869024183,-122.244610070096,51.34596
REDBLFF_6_N004,40.1825869024183,-122.24484592990399,51.34596
REDBLFF_6_N005,40.18276709746204,-122.24484593021722,51.34596
REDBUD_1_N001,39.02788699998577,-122.66224734180834,53.573
REDBUD_1_N004,39.02788699998577,-122.66236265819167,53.573
REDWOOD_6_N001,37.490252,-122.213021,54.48635
REDWOOD_6_N002,37.49025199994532,-122.2129070707913,54.48635
REDWOOD_6_N005,37.49016160208324,-122.213021,54.48635
REDWOOD_6_N006,37.49025199994532,-122.21313492920869,54.48635
REDWOOD_6_N007,37.49034239791678,-122.213021,54.48635
REEDLEY_1_N001,36.605116999986976,-119.3758071174397,54.93797
REEDLEY_6_N001,36.605116999986976,-119.3759188825603,55.00066
REINWY_LNODEGME,37.63942160426353,-120.92024637744797,45.16922
REINWY_LNODEQAC,37.6395070719657,-120.92028370125492,45.16922
RENFRO_1_N001,35.409999999987434,-119.16994483454441,39.88803
RENFRO_1_N010,35.409999999987434,-119.1700551654556,39.90589
RESERVR_LNODEFFW,37.651919999986276,-120.67483288823061,45.16922
RESERVR_LNODEPMW,37.651919999986276,-120.67494711176938,45.16922
RICE_6_N002,39.402805999985674,-122.01287205646442,51.54792
RICE_6_N101,39.402805999985674,-122.01298794353558,51.54792
RICHMOND_1_B1,37.92597623462323,-122.369629,53.41469
RICHMOND_1_N001,37.92589488267337,-122.36956945615904,53.41915
RINCON_1_N001,33.285967608914305,-116.9585228047856,53.13946
RINCON_1_N003,33.28578839099371,-116.95852280500573,53.13946
RINCON_6_N001,33.28578839099371,-116.95873719499427,38.21862
RINCON_6_N008,33.285967608914305,-116.9587371952144,38.21862
RIN_SUB_LNODEONA,34.28105422156671,-118.479,43.11039
RIN_SUB_LNODEONB,34.28097288920359,-118.47894317065887,43.11039
RIN_SUB_LNODEONC,34.28097288920359,-118.47905682934115,43.11039
RIOBRVO_1_N001,35.44252289360183,-119.26010566010629,39.8523
RIOBRVO_1_N006,35.44234310629778,-119.26010566035274,39.8523
RIOBRVTM_1_N001,35.44252289360183,-119.26032633989371,39.73172
RIODELL_6_N001,40.495382,-124.099276,45.37557
RIOHONDO_6_N001,34.10610615849042,-117.97947,38.33311
RIOHONDO_LNODEONDO,34.1060249207417,-117.97952664559254,42.1368
RIPON_1_N001,37.72,-121.13,52.46409
RIVERROC_6_N001,36.902618,-119.771768,55.75356
RIVRBANK_1_N001,37.76895425952452,-120.908163,53.08648
RIVRSIDE_6_N001,34.021990939807104,-117.33196554960466,38.66358
ROADWAY_1_N001,34.590373,-117.431752,37.98186
ROBROY_1_N001,36.979885,-121.867457,54.76808
ROCKET_1_N001,34.933939,-117.692217,37.96064
ROCKLIN_6_N001,38.788043999985874,-121.23171544490323,52.25353
ROCKLIN_6_N003,38.788043999985874,-121.23183055509676,52.25353
ROEDING_LNODEDR1,37.587341764588,-120.935901626126,45.07097
ROEDING_LNODEDR2,37.5872777703549,-120.935976143427,45.0665
ROEDING_LNODEDR3,37.5871231822836,-120.935612409,45.0665
ROEDING_LNODEDR5,37.5870085148256,-120.935981028585,45.07097
ROEDING_LNODEDR6,37.5871259671814,-120.935792411292,45.07097
ROEDING_LNODEDR7,37.5871257817397,-120.935692486018,45.0665
ROGERS_LNODEDR1,37.4749114287345,-121.178218328626,45.07543
ROGERS_LNODEDR2,37.4751811958932,-121.178206809282,45.07097
ROGERS_LNODEDR3,37.4750639771164,-121.17821700138,45.07097
ROGERS_LNODEDR5,37.4748414013345,-121.178225065561,45.07543
ROGERS_LNODEDR7,37.4749721097043,-121.178220428168,45.07543
ROGH-RDY_6_N001,37.95526599998612,-121.33253531114549,52.8627
ROSECYN_6_N001,32.84459772910598,-117.236988,42.15788
ROSECYN_6_N017,32.84451713543481,-117.23693261581597,42.15788
ROSEDAL_1_N001,35.37703397144563,-119.077971,40.27905
ROSELE_LNODEHMV,37.68013999998623,-120.94014286544196,45.17815
ROSELE_LNODERLV,37.68013999998623,-120.94025713455804,45.17815
ROSEMR_LNODEAEI,37.64253,-121.0423,45.16029
ROSE_6_N001,32.84451713543481,-117.23704338418403,39.78266
ROSSMOOR_2_N001,37.86470199998613,-122.08030973806707,52.91003
ROSSMOOR_2_N101,37.86470199998613,-122.08042426193292,52.91003
RSC_LNODE8LD,38.761389,-121.264722,44.83873
RSM_SUB_LNODEONB,34.244054210355124,-118.392,43.09252
RSM_SUB_LNODEONC,34.24397289480934,-118.39194320739797,43.09252
RSM_SUB_LNODEOND,34.24397289480934,-118.39205679260202,43.09252
RSNTAFE_6_N009,33.014261,-117.198557,38.99637
RSVTNRD_6_N001,36.624374,-121.68835,54.8708
RTRACK_1_N001,37.979737,-120.414515,52.03998
RUSSRCH_6_N001,40.819848,-123.826638,43.70528
RVRBANK_1_N001,37.76887287022286,-120.90810355553742,52.80778
RVRBANK_1_N005,37.76887287022286,-120.90822244446258,52.80778
SAFEWAY_1_N001,37.71,-121.4,51.77252
SALINAS_1_N001,36.683239999986945,-121.65120502290527,54.2009
SALINAS_1_N024,36.683239999986945,-121.65131697709472,54.2009
SANARDO_6_N001,36.073766,-120.936804,55.47665
SANCRLS_6_N001,37.49972924078839,-122.243974,54.43722
SANCRLS_6_N002,37.499647879591045,-122.24391479097326,54.43722
SANCRLS_6_N004,37.499647879591045,-122.24403320902674,54.43722
SANDCRK_6_N001,36.64502999998689,-119.15920293037858,55.23736
SANGER_1_N001,36.70707499998684,-119.6108700066517,54.77289
SANJOQN_6_N001,36.62101099998692,-120.17805409852517,57.05055
SANJOQN_6_N006,36.62101099998692,-120.17816590147483,57.05502
SANLUSRY_6_N013,36.77962699998679,-120.72995490173179,39.09182
SANLUSRY_6_N014,36.77962699998679,-120.73006709826822,39.09182
SANLUSRY_6_N101,33.211532999988535,-117.33442746812834,39.09182
SANLUSRY_6_N201,33.211532999988535,-117.33453453187165,39.09182
SANMATEO_1_N001,37.58333525489619,-122.319035,39.42925
SANMATEO_1_N001A,37.58325387253711,-122.31897570912398,53.61994
SANMATEO_1_N009,33.409472,-117.590641,39.42925
SANMATO_6_N001,37.58325387253711,-122.31909429087602,53.62441
SANMIGL_6_N001,35.75192,-120.684163,46.08702
SANMRCOS_6_N001,33.12885155124498,-117.19722253462301,38.88853
SANMRCOS_6_N007,33.12877399995433,-117.19716906934049,38.88853
SANMRCOS_6_N011,33.12869644873215,-117.19722253471747,38.88853
SANPBLO_1_N001,37.984803,-122.336618,53.38343
SANRAFL_1_N001,37.970858222937125,-122.527065,53.44381
SANRAFL_1_N006,37.97077688851645,-122.52700543261207,53.44381
SANRAFL_1_N007,37.97077688851645,-122.52712456738792,53.44381
SANRAMON_2_N001,37.745125434987564,-121.93600563263105,53.24051
SANRAMON_2_N004,37.74494456490202,-121.93600563291054,53.24051
SANRAMON_2_N023,37.74494456490202,-121.93623436708945,53.24051
SANRAMON_2_N024,37.745125434987564,-121.93623436736895,53.24051
SANTAFE_LNODEPLNT,38.77997308074166,-122.67005981025191,42.11893
SANTARO_1_N001,33.78461699446498,-116.41025972078828,37.86068
SANTARO_1_N014,33.78443700544048,-116.41025972101585,37.86068
SANTARO_1_N017,33.78443700544048,-116.41047627898415,37.86068
SANTARO_1_N021,33.78461699446498,-116.41047627921172,37.86068
SANTEE_1_N001,32.85452999998873,-116.96829070198787,34.64689
SANTEE_1_N004,32.85452999998873,-116.96839729801214,34.64689
SANYSDRO_6_N001,32.562237999988916,-117.02641779453799,37.6591
SANYSDRO_6_N004,32.562237999988916,-117.02652420546201,37.6591
SARATOGA_2_N001,37.28099617234283,-122.014883,53.25868
SARATOGA_2_N006,37.28091491381397,-122.0148240379766,53.25868
SARATOGA_2_N011,37.28091491381397,-122.0149419620234,53.25868
SAUGUS_6_N001,34.4222099999511,-118.5721663854507,38.10534
SAUSALTO_6_N001,37.86340599998612,-122.49836873883264,54.71215
SAUSALTO_6_N002,37.86340599998612,-122.49848326116737,54.71215
SCA_GS_LNODE1AUX,33.91807886040714,-118.42789938920775,43.04786
SCA_GS_LNODE2AUX,33.91816402577284,-118.42793487934084,43.04786
SCA_GS_LNODE4AUX,33.91825400500674,-118.42792894664778,43.05233
SCA_GS_LNODE5AUX,33.91833643226557,-118.42788506116258,43.05233
SCA_GS_LNODE6AUX,33.91840200617013,-118.42781057548723,43.05233
SCA_GS_LNODE7AUX,33.91844466871178,-118.42771492357166,43.05233
SCA_LA_LNODE3SS,33.91846141326686,-118.42760822199088,43.05233
SCA_SUB_LNODEONA,33.918451884282646,-118.42750023805854,43.04786
SCA_SUB_LNODEONB,33.91841787609632,-118.42739967533626,37.96656
SCHINDLR_1_N005,36.402237,-120.138272,55.55601
SCHMLBCH_1_N001,38.3,-121.87,52.90508
SCLARA_6_N001,34.3007956214976,-119.18563240503143,38.97108
SCRIPPS_6_N001,32.91119872129761,-117.112589,39.42511
SCRIPPS_6_N008,32.91111813933897,-117.11253358224198,39.42511
SCRIPPS_6_N013,32.91111813933897,-117.112644417758,39.42511
SCWAX_1_N001,36.700797999986875,-119.75448599883885,54.88885
SCY_LNODE102,38.508556628165735,-121.46418309094265,44.87446
SCY_LNODE103,38.50837670505527,-121.4641830912299,44.87446
SCY_LNODE105,38.50837670505527,-121.4644130198821,44.87446
SCY_LNODE106,38.508556628165735,-121.46441302016935,44.87446
SEARLES_7_N001,35.75666699998737,-117.38050076336167,31.91051
SEMITRPC_1_N001,35.600398,-119.437498,39.77191
SERRMNTE_1_N011,37.69171986891291,-122.4557633854276,54.05761
SFIA-MA_1_N001,37.63904926020716,-122.385896,53.93703
SFIA_1_N001,37.63896786988162,-122.38583665888167,53.87897
SFIA_1_N007,37.63896786988162,-122.38595534111833,53.87897
SHADOWR_1_N001,33.141540731105856,-117.238793,39.08056
SHADOWR_1_N006,33.141460134434745,-117.23873742707973,39.08056
SHADOWR_1_N008,33.141460134434745,-117.23884857292028,39.08056
SHADYGLN_6_N001,39.115058,-120.95331,50.39919
SHAFTER_7_N022,39.77608299994151,-122.10394676937125,39.78531
SHARON_1_N001,37.097275,-120.156454,56.52406
SHAWROAD_1_N001,37.55,-122.42,53.75393
SHLLCHM_6_N001,38.031607,-121.945728,51.99814
SHNGLESR_1_N001,38.65969989665331,-120.946938,52.16355
SHNGLESR_1_N004,38.659619051658225,-120.94687822587784,52.16355
SHNGLESR_1_N103,38.659619051658225,-120.94699777412217,52.16355
SHREDDER_1_N001,37.511676999986356,-122.20767698568532,54.17373
SIERABRK_LNODE19,39.646142,-120.217943,45.26301
SILVERDO_1_N001,38.49950299998593,-122.45908751973128,53.28617
SILVERDO_1_N002,38.49950299998593,-122.45920248026871,53.28617
SISK_LNODEKZH,37.69048760173528,-121.02087456863451,45.20048
SISK_LNODEYUP,37.69057307242136,-121.0209119194331,45.20048
SISQUOC_1_N001,34.87826099998756,-120.33120693531723,44.75804
SISQUOC_1_N020,34.87826099998756,-120.33131706468278,44.75804
SLMNCRK_6_N001,38.343592,-123.044809,57.05582
SMRTVLTP_6_N101,39.207939,-121.301476,52.33343
SMTRPCWS_1_N001,35.59,-119.44,39.77191
SNANDRES_6_N001,37.603294,-122.420424,54.01295
SNBRNRD_6_N001,35.092421,-118.878241,39.63975
SNJOSEB_1_N001,37.34102432531631,-121.9009493888098,54.39471
SNJOSEB_1_N005,37.34084367457506,-121.9009493890831,54.39471
SNJOSEB_1_N009,37.34084367457506,-121.9011766109169,54.39471
SNJOSEB_1_N013,37.34102432531631,-121.9011766111902,54.39471
SNJSEA_1_N001,37.328246190599145,-121.902531,54.37751
SNJSEA_1_N005,37.32816490468582,-121.90247198103432,54.37751
SNJSEA_1_N101,37.32816490468582,-121.90259001896567,54.37751
SNLNDRO_1_N001,37.711237436769906,-122.14880668270004,53.66478
SNLNDRO_1_N014,37.71105656311971,-122.14880668297907,53.66478
SNLNDRO_1_N017,37.71105656311971,-122.14903531702092,53.66925
SNLNDRO_1_N027,37.711237436769906,-122.14903531729996,53.66478
SNROSA_LNODEMEA,37.5099999999863,-121.22994301594794,45.18262
SNROSA_LNODEYWX,37.5099999999863,-121.23005698405206,45.18262
SNTAMRA_1_N001,33.12877399995433,-117.19738293065951,44.74398
SNTAMRA_1_N005,33.12885155124498,-117.19732946537698,44.74398
SNTANLA_6_N001,37.085979,-121.013273,54.84122
SNTARSA_1_N001,38.43691201584367,-122.71331,53.44761
SNTARSA_1_N002,38.43683099206306,-122.71325027901105,53.44761
SNTARSA_1_N006,38.43683099206306,-122.71336972098895,53.44761
SNTARTA_6_N001,37.055061,-120.634086,56.55146
SNTAYNZ_1_N001,34.625273999987726,-120.11813905143147,45.39222
SNTAYNZ_1_N002,34.625273999987726,-120.11824894856854,45.39222
SNTHLNE_6_N001,37.6223639999863,-122.44717791303894,54.14247
SNTHLNE_6_N002,37.6223639999863,-122.44729208696106,54.14247
SOBRANTE_1_N001,37.90594,-122.208144,53.07974
SOLEDAD_6_N001,36.429513,-121.331901,54.41526
SONOFRE_2_N067,33.3697279999884,-117.55438367777961,39.27741
SOUTHBAS_1_N001,34.881503,-117.892023,37.61676
SOUTHBY_6_N001,38.575612901218726,-121.497588,52.53985
SOUTH_LNODE108,40.39538221,-121.8791458,42.00728
SOUTH_LNODE204,40.39538220993951,-121.87902727370097,42.01175
SOUTH_LNODEC542,40.39529194143137,-121.87902727385986,42.01175
SOUTH_LNODEC544,40.39522811201244,-121.87911108453021,42.01175
SOUTH_LNODEC546,40.39521284740522,-121.87922790359386,42.01175
SOUTH_LNODEC547,40.39524411201219,-121.8793390934442,42.01175
SOUTH_LNODEC548,40.39530994650243,-121.87942018597366,42.01175
SOUTH_LNODEC549,40.395395258043976,-121.87945892278287,42.01175
SOUTH_LNODEC550,40.3954853917418,-121.8794524474595,42.01175
SOUTH_LNODEC552,40.39556796052161,-121.87940454742642,42.01175
SPANSHCK_6_N001,40.026139,-120.961748,50.59269
SPENCE_6_N001,36.613591,-121.566779,55.26381
SPICAMIN_1_N001,38.73992576174639,-120.67723108004192,52.25287
SPRINGVL_6_N001,36.10586253074472,-118.93516918490357,37.48192
SPRNGVLY_6_N001,32.73903399998875,-117.00264674817954,37.49861
SPRNGVLY_6_N010,32.73903399998875,-117.00275325182045,37.49861
SQAWVLY_LNODE01,39.20568653401713,-120.20123845453338,45.18262
SQAWVLY_LNODE81,39.20550746586879,-120.20123845482796,45.18262
SQAWVLY_LNODE82,39.20550746586879,-120.20146954517205,45.18262
SQAWVLY_LNODE83,39.20568653401713,-120.20146954546662,45.18262
STAFFORD_6_N002,38.12003299998604,-122.61362861905879,53.01507
STAFFORD_6_N101,38.12003299998604,-122.6137433809412,53.01507
STAGG_2_N001,37.99164936143144,-121.34848834268168,52.49286
STAGG_2_N014,37.99146863845723,-121.34848834296415,52.49286
STAGG_6_N001,37.99146863845723,-121.34871765703586,52.51073
STAGG_6_N003,37.99164936143144,-121.34871765731833,52.51073
STAMPEDE_LNODE19,39.46748199998557,-120.10518300964912,45.27194
STATELN_LNODE01,38.95238461856907,-119.94181675988908,43.40068
STATELN_LNODE22,38.952205381317675,-119.94181676018052,43.40068
STATELN_LNODE23,38.952205381317675,-119.94204723981947,43.40068
STATELN_LNODELY,38.95238461856907,-119.94204724011091,43.39175
STATIN-L_7_N001,37.81024899998616,-122.271385771776,53.5308
STATIND_1_N001,37.837585251800924,-122.263503,53.43255
STATIND_1_N010,37.83750387408463,-122.26344350874284,53.43255
STATIND_1_N013,37.83750387408463,-122.26356249125715,53.43255
STATINJ_1_N001,37.76334825993251,-122.214444,56.50517
STATINJ_1_N012,37.763266870018874,-122.21438455959633,56.50517
STATINJ_1_N027,37.763266870018874,-122.21450344040367,56.50517
STATINL_1_N001,37.81024899998616,-122.271500228224,53.52634
STATINX_1_N001,37.80554442667025,-122.23091354965457,53.49508
STATINX_1_N012,37.805363573219,-122.23091354993484,53.49508
STATINX_1_N014,37.805363573219,-122.23114245006515,53.49508
STATINX_1_N024,37.80554442667025,-122.23114245034543,53.49508
STB_LNODE201,38.57233333333333,-121.483291944444,44.87
STB_LNODE202,38.57233333327705,-121.48317695138249,44.87
STB_LNODE203,38.57224342921349,-121.48317695152639,44.87
STB_LNODE204,38.57217985749196,-121.48325826382802,44.87
STB_LNODE205,38.572164654514715,-121.48337160056485,44.87
STB_LNODE206,38.57219579290459,-121.48347947588752,44.87
STB_LNODE207,38.5722613616095,-121.48355815106362,44.87
STB_LNODE208,38.57234632872595,-121.48359573311588,44.87
STB_LNODE209,38.57243609852223,-121.48358945079376,44.87
STB_LNODE210,38.57251833393617,-121.48354297863219,44.87
STB_LNODE211,38.572583755229644,-121.4834641025941,44.87
STB_LNODE212,38.57262631848412,-121.48336281268834,44.87
STCKTNAR_6_N001,37.963279,-121.323476,53.18872
STCRUZ_LNODECXA,37.627559999986325,-120.97504290860819,45.26301
STCRUZ_LNODEWLS,37.627559999986325,-120.97515709139182,45.26301
STDDRD_LNODECEA,37.704079999986206,-121.06864284680097,45.20048
STDDRD_LNODEWZO,37.704079999986206,-121.06875715319903,45.20048
STDOIL_1_N009,37.94,-122.38,53.39682
STD_LNODENE1,38.57225,-121.500568888889,44.87
STD_LNODENE2,38.572249999943736,-121.50045389586575,44.87
STD_LNODENE4,38.57217214071853,-121.50051139243968,44.87
STD_LNODENE5,38.57217214071853,-121.50062638533832,44.87
STD_LNODENE6,38.572249999943736,-121.50068388191225,44.87
STD_LNODENE7,38.57232785925329,-121.50062638546294,44.87
STD_LNODENE8,38.57232785925329,-121.50051139231506,44.87
STELLING_1_N001,37.3360521934471,-122.042805,53.40474
STELLING_1_N004,37.33597090326187,-122.04274597179945,53.40474
STELLING_1_N007,37.33597090326187,-122.04286402820055,53.40474
STE_SM_LNODE301,38.58631666666667,-121.472838888889,44.87
STE_SM_LNODE302,38.586316666610415,-121.47272388936047,44.87
STE_SM_LNODE303,38.58622677499287,-121.47272388950444,44.87
STE_SM_LNODE304,38.58616321207191,-121.47280520637891,44.87
STE_SM_LNODE305,38.58614801119931,-121.4729185494895,44.87
STE_SM_LNODE306,38.58617914527848,-121.47302643087885,44.87
STE_SM_LNODE307,38.58624470490619,-121.47310511047952,44.87
STE_SM_LNODE308,38.586329660260105,-121.47314269464546,44.87
STE_SM_LNODE309,38.58641941762905,-121.47313641197016,44.87
STF_LNODEDAX,37.69055999998624,-121.02097285725026,45.21388
STF_LNODEIPN,37.69055999998624,-121.02108714274974,45.21388
STJ_SUB_LNODEONB,34.067054141297895,-118.226,43.0568
STJ_SUB_LNODEONC,34.06697292933807,-118.22594339850212,43.0568
STJ_SUB_LNODEOND,34.06697292933807,-118.22605660149787,43.0568
STKTONA_1_N001,37.94722338217881,-121.28911838573319,53.20526
STKTONA_1_N003,37.947042617710025,-121.28911838601516,53.20526
STKTONA_6_N001,37.947042617710025,-121.28934761398483,53.03241
STKTONA_6_N004,37.94722338217881,-121.2893476142668,53.03241
STLLWATR_6_N001,40.677845,-122.34971,50.88216
STOCKDLE_1_N001,35.316584007161445,-119.06818269302951,39.87645
STOCKDL_2_N001,35.31640399273835,-119.06818269327503,39.80946
STOCKDL_2_N002,35.31640399273835,-119.06840330672496,39.80946
STOCKDL_2_N101,35.316584007161445,-119.0684033069705,39.80946
STOCKM_LNODEVZF,37.62761110994497,-120.9752808828705,45.20048
STOCKM_LNODEXFA,37.62770154232185,-120.9751667,45.20048
STONCRRL_6_N001,36.472251999987044,-119.18811326795893,55.46066
STONCRRL_6_N003,36.472251999987044,-119.18822473204106,55.46066
STONE_1_N001,37.303708999986505,-121.86757223713448,53.29969
STONE_1_N005,37.303708999986505,-121.8676857628655,53.29969
STONYPT_1_N001,38.42,-122.78,53.48334
STOREY1_2_N001,36.98288702744317,-120.033746,55.03023
STOREY2_2_N001,36.98280598626407,-120.03380457310557,55.04809
STREAMVW_6_N001,32.745604999988714,-117.07864474591278,40.5706
STREAMVW_6_N007,32.745604999988714,-117.07875125408721,40.5706
STROUD_6_N001,36.530868,-120.104386,57.00143
STUART_6_N001,33.256701,-117.416547,39.56009
STURLOCK_LNODEDR3,37.4835881458663,-120.846727672541,45.0799
STURLOCK_LNODEDR4,37.4835360336794,-120.846797393384,45.0799
STURLOCK_LNODEDR7,37.4834830942642,-120.846867453726,45.0799
STURLOCK_LNODER13,37.483522165007,-120.846657059231,45.0799
SUISUN_1_N001,38.24526219208727,-122.04122215940386,52.91848
SUISUN_1_N008,38.24508180780079,-122.04122215968883,52.91848
SUISUN_1_N009,38.24508180780079,-122.04145184031117,52.91848
SUMMIT_6_N001,39.319203,-120.378897,50.86467
SUNOL_6_N001,37.586891,-121.869379,53.57827
SURF_1_N009,34.61,-120.22,45.2761
SWEETWTR_6_N017,32.65811799998879,-117.0916867727539,37.23821
SWEETWTR_6_N018,32.65811799998879,-117.0917932272461,37.23821
SWIFT_1_N001,37.3225281884819,-121.796729,53.62357
SWIFT_1_N003,37.322446905744414,-121.79666998783091,53.62357
SWIFT_1_N006,37.322446905744414,-121.79678801216909,53.62357
SYCAMORE_1_N101,39.76991684305054,-121.824218,51.86997
SYCAMORE_1_N201,39.76983607845885,-121.82415733357864,51.86997
SYCAMORE_1_N301,39.76983607845885,-121.82427866642136,51.86997
SYLVANCM_LNODECPR,37.688469999986225,-120.97663285888366,45.18708
SYLVANCM_LNODEHGR,37.688469999986225,-120.97674714111633,45.18708
TAFT1_1_N001,35.14999999998751,-119.47994486994581,39.54861
TAFT1_1_N004,35.14999999998751,-119.48005513005418,39.54861
TAHDONR_LNODE07,39.337309,-120.221277,45.35679
TAHOCTY_LNODE01,39.165971540038264,-120.14445351203682,45.19601
TAHOCTY_LNODE71,39.16579245984778,-120.14445351233086,45.19601
TAHOCTY_LNODE72,39.16579245984778,-120.14468448766914,45.19601
TAHOCTY_LNODE73,39.165971540038264,-120.14468448796318,45.20048
TAMARACK_6_N001,39.313743,-120.496804,50.81058
TAMARISK_1_N001,33.817316,-116.454898,37.77583
TAP710_1_N004,32.595376662064226,-117.0577334243903,-14.76611
TAP801_1_N001,34.109614,-116.411837,38.40041
TAP807_1_N001,34.0,-116.5,38.30662
TAR_SUB_LNODEONA,34.17905418777958,-118.544,43.0568
TAR_SUB_LNODEONB,34.1789729060972,-118.54394327481864,43.06126
TAR_SUB_LNODEONC,34.1789729060972,-118.54405672518136,43.0568
TASSAJAR_2_N001,37.79959499998613,-121.9077887787453,53.17186
TASSAJAR_2_N002,37.79959499998613,-121.9079032212547,53.17186
TAYLOR_LNODEDR1,37.5369331958297,-120.809398426319,45.07097
TAYLOR_LNODEDR5,37.5369383829719,-120.809348192848,45.07097
TAYLOR_LNODEDR7,37.536937531095,-120.809217269976,45.0665
TAYLOR_LNODEDR8,37.5369366699963,-120.809289591436,45.07097
TECUYA_6_N001,35.018589,-118.979536,39.69781
TEICHERT_1_N001,37.79,-121.36,52.50495
TEJON_6_N001,35.019534,-118.954779,39.71121
TELECYN_1_N001,32.6379177816674,-117.01607,38.04124
TELECYN_1_N006,32.63783710915427,-117.01601469007429,38.04124
TELECYN_1_N014,32.63783710915427,-117.01612530992571,38.04124
TEMBLOR_1_N003,35.382795999987465,-119.69634883811833,40.69209
TEMPLETN_2_N008,35.554496,-120.679996,44.40575
TERMNOUS_6_N001,38.116464,-121.422007,52.69383
TESSUB_2_N001,37.73,-121.93,53.46662
TEVIS_1_N001,35.319191999987495,-119.12859784623319,39.88092
TEVIS_1_N003,35.319191999987495,-119.12870815376681,39.86305
TEXSUN1G_7_N001,35.36999999998748,-119.4800551602316,39.3048
TEXSUN2G_7_N001,35.3599999999875,-119.48005515895167,39.3048
THORNHIL_1_N001,33.833699,-116.524642,38.48973
TIDEWATR_2_N001,38.01989465330933,-122.06150068264388,52.83923
TIDEWATR_2_N014,38.02007534657929,-122.06150068292666,52.83923
TLRELKE_6_N001,36.003703,-119.948802,44.76914
TOCALOMA_6_N001,38.05521,-122.760914,53.22497
TOL_SUB_LNODEONA,34.175740310821865,-118.36069083905292,43.07466
TOL_SUB_LNODEONB,34.1755596890815,-118.36069083928658,43.07913
TOL_SUB_LNODEONC,34.1755596890815,-118.36090916071342,43.07913
TOL_SUB_LNODEOND,34.175740310821865,-118.36090916094707,43.07913
TOREYPNS_6_N001,32.89877953728695,-117.23987836114813,39.28666
TOREYPNS_6_N007,32.89860046262259,-117.23987836136372,39.28666
TOREYPNS_6_N008,32.89860046262259,-117.24009163863627,39.28666
TOREYPNS_6_N009,32.89877953728695,-117.24009163885188,39.28666
TORTILLA_1_N007,34.874547,-117.064691,38.2073
TRABUCO_1_N001,33.5630767991568,-117.67324523376014,39.45158
TRABUCO_1_N005,33.562897200749894,-117.67324523398426,39.45158
TRABUCO_1_N009,33.562897200749894,-117.67346076601574,39.45158
TRABUCO_1_N013,33.5630767991568,-117.67346076623986,39.45158
TRACY_1_N001,37.748395999944734,-121.41564562794372,52.48262
TRACY_1_N002,37.748305565247314,-121.41576,52.48262
TRACY_1_N007,37.748395999944734,-121.41587437205628,52.48262
TRACY_1_N101,37.74848643475262,-121.41576,52.48262
TRESVIS_6_N001,39.486707,-121.687993,52.14306
TRIMBLE_1_N004,37.42009036798162,-121.72988621524279,54.25031
TRIMBLE_1_N010,37.41990963190925,-121.72988621551741,54.25031
TRIMBLE_1_N016,37.41990963190925,-121.7301137844826,54.25031
TRIMBLE_1_N020,37.42009036798162,-121.73011378475721,54.25031
TRINIDAD_6_N001,41.064242,-124.128367,43.25422
TRUCKEE_LNODE02,39.330431720184855,-120.181195,45.27194
TRUCKEE_LNODE03,39.33035113989209,-120.18113485420918,45.27194
TRUCKEE_LNODE49,39.33035113989209,-120.18125514579083,45.2764
TUDOR_6_N001,38.982071,-121.635205,52.4995
TULUCAY_6_N001,38.247946,-122.268228,52.66159
TUPMAN_1_N101,35.354039,-119.270638,39.82104
TVYVLLY_6_N001,36.770622,-119.393233,55.55973
TXROSDL_1_N001,35.37695301426363,-119.07791367489159,40.27905
TXROSDL_1_N002,35.37695301426363,-119.0780283251084,40.27905
TYLER_6_N001,40.138392982499205,-122.20848578836895,52.57412
TYLER_6_N002,40.138392982499205,-122.20860821163106,52.57412
UCM_6_N001,32.88368472395273,-117.222424,39.38045
UCM_6_N002,32.88360413801135,-117.22236859671557,39.38045
UCM_6_N006,32.88360413801135,-117.22247940328444,39.38045
UKIAH_1_N001,39.142823455087914,-123.19204845611492,54.54146
UKIAH_1_N005,39.14300254479826,-123.19204845640866,54.54146
UPPRLKE_6_N001,39.145906,-122.916845,54.06426
URBAN_6_N001,32.71330799998875,-117.15140275665348,40.36254
URBAN_6_N005,32.71330799998875,-117.15150924334651,40.36254
URICH_6_N001,38.029918,-122.103005,53.49574
VACA-DIX_1_N001,38.401616982566644,-121.91986928712716,52.25304
VACAVIL_1_N001,38.356520058867716,-121.97951,52.36469
VACAVIL_1_N101,38.35643897055109,-121.97945029786577,52.36469
VACAVIL_1_N102,38.35643897055109,-121.97956970213424,52.36469
VALCNTR_6_N001,33.230683,-117.018401,38.26329
VALLEYSC_1_N001,33.738397971600605,-117.156432,38.59096
VALLEYSC_1_N107,33.738317014186954,-117.15648820699798,38.59096
VALLYHM_1_N001,37.85575599998615,-120.94408374338772,52.35244
VALLYVW_1_N001,37.96607299998612,-122.27841868352904,53.32603
VALLYVW_1_N003,37.96607299998612,-122.27853331647096,53.32603
VAL_GS_LNODE5AUX,34.24482148241572,-118.3914027121072,43.09252
VAL_GS_LNODE6AUX,34.24485277566131,-118.39150524618782,43.09699
VAL_GS_LNODE7AUX,34.24491867043375,-118.39158002588233,43.09699
VAL_GS_LNODE8AUX,34.245004060069334,-118.391615747079,43.09252
VAL_LNODELSS,34.24509427625119,-118.39160977576542,43.09252
VASCO_6_N001,37.71132099998621,-121.71587984128799,53.00149
VASCO_6_N003,37.71132099998621,-121.71599415871201,53.00149
VASONA_2_N001,37.26,-121.9,53.22295
VEDDER_1_N001,35.61,-118.96,40.46216
VEL_SUB_LNODEONA,34.01555411723447,-118.204,43.04786
VEL_SUB_LNODEONB,34.01547294136984,-118.20394345800285,43.04786
VEL_SUB_LNODEONC,34.01547294136984,-118.20405654199715,43.04786
VESTAL_6_N001,35.85713659527842,-119.08872645400277,37.46405
VICTOR_1_N001,38.145651267656454,-121.17732422029407,38.29224
VICTOR_6_N001,38.145470732231836,-121.17755377942188,53.4623
VICTOR_6_N002,38.145651267656454,-121.17755377970593,53.4623
VIEJOSC_2_N001,36.578772821150025,-121.908968,39.08404
VIEJOSC_2_N004,33.667334,-117.642727,39.08404
VIEJO_6_N001,36.578692089410936,-121.90890995739635,54.55371
VIEJO_6_N003,36.578692089410936,-121.90902604260364,54.55371
VIERRA_1_N001,37.85,-121.24,52.32564
VINA_6_N001,39.941614,-122.041739,51.67198
VINEYARD_2_N001,37.66967326170019,-121.85436,53.63334
VINEYARD_2_N002,37.66959186913507,-121.85430063276966,53.63334
VINEYARD_6_N001,37.66959186913507,-121.85441936723034,53.25605
VN_SUB_LNODEONA,34.18009031354033,-118.44489083013903,43.07913
VN_SUB_LNODEONB,34.17990968636295,-118.44489083037274,43.07913
VN_SUB_LNODEONC,34.17990968636295,-118.44510916962726,43.07913
VN_SUB_LNODEOND,34.18009031354033,-118.44510916986097,43.07913
VSTA_1_N001,34.04125299995202,-117.32061812723687,38.55639
VSTA_6_N001,34.04125299995202,-117.32083587276313,38.56533
WAHTOKE_1_N001,36.61618299998699,-119.452409104289,54.72361
WAHTOKE_1_N002,36.61618299998699,-119.45252089571099,54.72361
WALNUT_6_N001,34.00840381020035,-117.94966020073771,38.73024
WARENCYN_6_N001,33.01545499998868,-117.00226861385794,38.68375
WARENCYN_6_N002,33.01545499998868,-117.00237538614206,38.68375
WARNERS_6_N001,33.247186,-116.675942,34.02183
WARNER_LNODERV1,41.50091505739131,-120.533072,44.1599
WARNER_LNODERV3,41.50083397128745,-120.53300949206302,44.1599
WARNER_LNODESC1,41.50083397128745,-120.53313450793698,44.1599
WASCO_7_N008,39.77617274317707,-122.10383,39.8695
WASHNGT_LNODEDR1,37.4893772928244,-120.903967825898,45.07543
WASHNGT_LNODEDR2,37.4895172164325,-120.904092990936,45.07543
WASHNGT_LNODEDR3,37.4894692627508,-120.903968029781,45.07543
WASHNGT_LNODEDR4,37.489297130992,-120.993988447763,45.07543
WASHNGT_LNODEDR5,37.4894207521695,-120.904091725093,45.07543
WASHNGT_LNODEDR6,37.4892474344412,-120.904090188054,45.07543
WASHNGT_LNODEDR7,37.4892029595549,-120.903964429204,45.07543
WASHNGT_LNODER15,37.4893341220127,-120.90409199878,45.07543
WATRSHED_6_N001,37.487815,-122.310237,54.33004
WEBER_6_N001,37.919828,-121.240232,53.05474
WEC_SY_LNODEUX1,37.4878752249074,-120.89565231921667,45.05757
WEC_SY_LNODEUX2,37.4878752249074,-120.89576624369113,45.0665
WELFLDPM_LNODELPMP,34.16127269818337,-114.38198913123861,41.64107
WELFLDPM_LNODERALS,34.16145330172,-114.38198913147205,41.64107
WEMRSWS_6_N001,39.035984,-120.987909,50.41259
WESTLANE_6_N001,37.990674,-121.282373,52.74742
WESTLNDS_1_N001,36.3999999999871,-120.31994434326373,56.25956
WESTLNDS_1_N019,36.3999999999871,-120.32005565673627,56.25956
WESTPARK_1_N001,35.374163973003284,-119.039839,40.08255
WESTPARK_1_N005,35.374083013484764,-119.03978167527592,40.08255
WESTPARK_1_N009,35.374083013484764,-119.03989632472408,40.08255
WESTPLAT_1_N001,35.42,-119.3,39.76745
WESTPORT_LNODEDR1,37.5225825838401,-120.993998352649,45.07097
WESTPORT_LNODEDR3,37.5223769944682,-120.993990429526,45.07097
WESTPORT_LNODEDR5,37.5225172095941,-120.993995815213,45.07097
WESTPORT_LNODEDR7,37.5224455031416,-120.903973009416,45.07097
WHEATLND_6_N001,39.013055,-121.418524,52.30746
WHEELER_6_N001,35.089761,-118.976591,39.57723
WHISMAN_1_N001,37.40491321634772,-122.068856,53.81859
WHISMAN_1_N004,37.404831891811426,-122.06879689262591,53.81859
WHISMAN_1_N009,37.404831891811426,-122.06891510737408,53.81859
WHITMORE_6_N001,40.628753,-121.915711,52.25919
WILDWOOD_1_N001,40.387138,-123.045061,47.96139
WILKINS_6_N001,39.00552,-121.867233,54.36894
WILLIAMS_6_N002,39.15758,-122.14762,52.50662
WILLITS_6_N001,39.405666,-123.327366,56.01524
WILLOWS_6_N001,39.531805,-122.185874,51.67744
WIL_SUB_LNODEONB,33.797999999988214,-118.25794584458627,43.0166
WIL_SUB_LNODEONC,33.797999999988214,-118.25805415541372,43.0166
WINTERS_6_N001,38.517708,-121.951331,53.76784
WOHLER_6_N001,38.512048,-122.880906,53.88081
WOLFE_1_N001,37.335142193117605,-122.020824,53.4092
WOLFE_1_N002,37.335060903426545,-122.02076497287341,53.4092
WOLFE_1_N007,37.335060903426545,-122.02088302712659,53.4092
WOODACRE_6_N001,38.012118,-122.65455,53.24284
WOODLD_1_N001,38.67823188725648,-121.760143,52.60055
WOODLD_1_N005,38.67815105635662,-121.76008322082818,52.60055
WOODLD_1_N012,38.67815105635662,-121.76020277917182,52.60055
WOODSIDE_6_N003,37.43624399998641,-122.2420270905538,54.02469
WOODSIDE_6_N004,37.43624399998641,-122.24214090944619,54.02469
WOODWARD_1_N005,36.8966369999867,-119.74995475043866,55.15065
WOODWARD_1_N006,36.8966369999867,-119.75006724956134,55.15065
WPBART_1_N001,38.01999999998606,-121.97994265860079,52.87943
WPBART_1_N004,38.01999999998606,-121.9800573413992,52.87943
WSCOPRSN_1_N001,35.61,-119.37,39.82997
WSCRMNO_1_N004,38.58939293336201,-121.545027,52.79904
WSCRMNO_1_N013,38.58931203330379,-121.54496724378153,52.79904
WSCRMNO_1_N201,38.58931203330379,-121.54508675621847,52.79904
WSTFRSO_1_N001,36.71841899998688,-119.81853697917856,54.77273
WSTFRSO_1_N004,36.71841899998688,-119.81864902082144,54.77273
WSTLD1RA_1_N001,36.72,-120.72,58.28999
WYANDTTE_1_N001,39.491682744465926,-121.541161,51.85425
WYANDTTE_1_N003,39.49160212775149,-121.54110068770393,51.85425
WYANDTTE_1_N102,39.49160212775149,-121.54122131229607,51.85425
ZACA_1_N001,34.696829,-120.151374,45.27164
ZANKER_1_N001,37.469999999986335,-121.8099430557453,54.02701
ZANKER_1_N003,37.469999999986335,-121.8100569442547,54.02701
AGER_LNODE35,41.8675,-122.46414,0.0
ALTURAS_LNODE17,41.49972,-120.53306,0.0
BIGSPRIN_LNODELD1,41.616776,-122.39929,0.0
CAMERON_LNODEKM,32.65324599998863,-116.48817922595589,0.0
CASTELLA_LNODE,41.146254,-122.319747,0.0
CEDARVIL_LNODED1,41.53156,-120.18194,0.0
CLEARLAO_LNODE44,41.704981,-121.276741,0.0
COPCO2_LNODE21,41.97667,-122.36167,0.0
DAVISCR_LNODED1,41.73,-120.37,0.0
DELNORTE_LNODE50,41.86761799998422,-124.13905472462552,0.0
DELNORTE_LNODE51,41.86761799998422,-124.13917527537447,0.0
DOGCREEK_LNODE,40.94013311,-122.431008,0.0
DORRIS_LNODE06,41.96694,-121.91333,0.0
EAGLEMTN_LNODEHI,33.8199729920039,-115.44005630685402,0.0
FLINT_LNODE_LDT1,38.88530299998586,-121.06681059075832,0.0
GASQUET_LNODE42,41.84833,-123.96667,0.0
INTERNAT_LNODELD,41.432568,-122.38296,0.0
LITTLESH_LNODELD1,41.70174123,-122.3696599,0.0
LUCERNE_LNODELD,41.60361,-122.5225,0.0
MACDOEL_LNODE20,41.83166999998427,-122.00465973878569,0.0
MACDOEL_LNODE45,41.83166999998427,-122.00478026121432,0.0
MADISON_LNODE1,38.67065905446531,-121.9691977771112,0.0
MOTT_LNODE,41.262727,-122.270475,0.0
NDUNSMUI_LNODE7,41.2207989999844,-122.27643096616978,0.0
NDUNSMUI_LNODE9,41.2207989999844,-122.27655103383022,0.0
NEWELL_LNODE90,41.888139999984205,-121.37845028379793,0.0
NUTGLADE_LNODE,41.178254,-122.290711,0.0
PATRICKS_LNODE49,41.88139,-123.86472,0.0
PEREZ_LNODED1,41.63306,-121.22639,0.0
PRAXAIR_LNODEPM,37.99999999998611,-121.81005733246779,0.0
REDWOODU_LNODED2,41.76083,-124.16347,0.0
SDUNSMUI_LNODE,41.201244,-122.2764098,0.0
SHASTINA_LNODELD1,41.548666,-122.364174,0.0
SHOTGUNC_LNODE,41.053889,-122.381667,0.0
TULELAKE_LNODE35,41.95333,-121.47111,0.0
TUNNEL_LNODE33,41.925559999984245,-121.56576970013403,0.0
TUNNEL_LNODE40,41.925559999984245,-121.56589029986597,0.0
WEED_LNODER1,41.43139,-122.38944,0.0
YREKA_LNODE76,41.72897989068449,-122.63154955171838,0.0
YREKA_LNODED1,41.72880010918983,-122.63154955205546,0.0
YREKA_LNODED2,41.72880010918983,-122.63179044794454,0.0
YREKA_LNODED3,41.72897989068449,-122.63179044828162,0.0
