node_id,lat,lon,price_dp
12TH_S_LNODENMZ,37.63715677998629,-120.99316020050249,33.17795
12TH_S_LNODEXWQ,37.63715677998629,-120.99327439949751,33.17795
8TH_ST_LNODEBXG,37.64197726998626,-121.00603849646912,33.1747
8TH_ST_LNODELZF,37.64197726998626,-121.00615270353089,33.1747
AEC300_1_N001,37.74,-121.48,44.38504
AGNEW_1_N003,37.51,-121.84,45.34653
AIRPROD_1_N001,36.65,-119.54,40.24659
AIR_SUB_LNODENAA,33.96205409081493,-118.376,31.15082
AIR_SUB_LNODENAB,33.961972954579615,-118.37594352117388,31.15082
AIR_SUB_LNODEONC,33.961972954579615,-118.37605647882611,31.15082
ALAMITOS_2_N001,33.771584,-118.100596,25.62462
ALAMITOS_2_N040,33.77,-118.1,25.62462
ALAMT1G_7_N002,33.77149401717401,-118.1004877514908,25.62462
ALAMT2G_7_N002,33.771415173499584,-118.10067098425147,25.62462
ALAMT3G_7_N002,33.77144633917227,-118.10077253262283,25.62462
ALAMT4G_7_N002,33.771511965310076,-118.10084659342048,25.62462
ALAMT5G_7_N002,33.771597006833865,-118.1008819712055,25.62462
ALAMT6G_7_N002,33.77176916262267,-118.10083231072662,25.62462
ALHAMBRA_1_N001,37.99408499998608,-122.13031167024367,44.46077
ALHAMBRA_1_N002,37.99408499998608,-122.13042632975633,44.46077
ALLEGHNY_6_N001,39.464893,-120.844946,42.82182
ALMADEN_6_N001,37.26027,-121.890082,45.33565
ALMOND_LNODEAUX,37.574202045609525,-120.98511610244,33.07399
ALPAUGH_7_N002,35.963463732836644,-119.456796,22.75736
ALPINE_6_N001,32.82778299998866,-116.78987271391081,25.4752
ALPINE_6_N005,32.82778299998866,-116.78997928608918,25.4752
ALTO_6_N001,37.89825299998615,-122.52430271885964,44.80238
ALTO_6_N101,37.89825299998615,-122.52441728114036,44.80238
ALTTA_BP_LNODEPRT,41.51205899998436,-120.5236838478691,31.52766
ALTTA_BP_LNODETON,41.51205899998436,-120.5238041521309,31.52766
AMERIGAS_1_N001,38.43,-121.79,43.29556
AMESBS_1_N004,37.41751022008469,-122.066192,45.00218
AMESBS_1_N101,37.41742888994297,-122.06613287861066,45.00218
AMESDST_1_N001,37.41742888994297,-122.06625112138934,45.00218
AMFORST_6_N001,38.369191999986,-120.79657754861613,44.96759
ANDERSON_6_N001,40.449838,-122.305068,41.64845
ANGIOLA_6_N001,35.992007,-119.57137,38.49768
ANITA_6_N001,39.811047,-121.919761,42.15633
ANNAPOLS_6_N001,38.680315,-123.311782,54.07159
ANTELOPE_6_N001,35.658117,-119.996015,21.02674
ANTLER_6_N001,40.893581,-122.379244,42.03178
APPLEHL_1_N001,38.73992576174639,-120.67700091995808,44.03089
APPLEHL_1_N002,38.73974623814083,-120.67700092024737,44.03089
APPMAT_1_N001,37.359999999986435,-121.97994317305394,45.02599
APPMAT_1_N010,37.359999999986435,-121.98005682694607,45.02599
ARBUCKLE_6_N001,39.017625,-122.061575,36.53948
ARCATA_6_N001,40.867132,-124.088286,37.23241
ARVINED_1_N001,35.15044599998752,-118.87870286987292,22.92303
ARVIN_6_N001,35.15044599998752,-118.87881313012709,23.07572
ASHLAN_2_N001,36.79263892472445,-119.82749,41.35775
ASHLAN_2_N007,36.7925580376235,-119.82743168375806,41.35775
ASHLAN_2_N008,36.7925580376235,-119.82754831624194,41.35775
ASH_6_N001,33.1365697302963,-117.070292,26.10379
ASH_6_N005,33.13648913483958,-117.0702364310647,26.10379
ASH_6_N101,33.13648913483958,-117.07034756893529,26.10379
ASPEN_LNODESPEN,37.69337956,-122.069288,30.31268
ATASCDRO_6_N001,35.465309,-120.671582,21.26929
ATWATER_1_B2,37.35999599998639,-120.6146481730584,44.21196
ATWATER_1_N001,37.35999599998639,-120.6147618269416,44.21196
ATW_SUB_LNODEONB,34.1096541600031,-118.254,31.14757
ATW_SUB_LNODEONC,34.10957291998536,-118.25394335044959,31.14757
ATW_SUB_LNODEOND,34.10957291998536,-118.2540566495504,31.14757
AUBERRY_6_N001,37.06806099998665,-119.495719527536,41.47143
AUBERRY_6_N003,37.06806099998665,-119.495832472464,41.47143
AUBURN_6_N001,38.903397,-121.069921,43.26091
AUGUST_LNODEDR1,37.4182520696912,-120.831252690486,33.09998
AUGUST_LNODEDR3,37.4182452743243,-120.831131410372,33.09998
AUGUST_LNODEDR4,37.4182458785436,-120.830989786937,33.09673
AUGUST_LNODEDR5,37.4182557186304,-120.831363604619,33.09998
AVENA_1_N001,37.842208,-121.054122,44.10294
AVOCADO_6_N001,33.38466699998843,-117.23692330729693,26.67555
AVOCADO_6_N002,33.38466699998843,-117.23703069270306,26.67555
BAFOOD1_6_N001,36.33,-121.16,50.74415
BAHIA_2_N001,38.08095331088854,-122.13739126700075,44.00486
BAHIA_2_N011,38.08077268899996,-122.13739126728416,44.00486
BAILYJ1_1_N010,34.77604,-118.77504,44.2365
BAIR_1_N001,37.496937,-122.214157,45.2361
BAKER_1_N001,35.284771,-116.064256,25.38912
BALFOUR_6_N001,37.92596,-121.678546,43.93179
BANGOR_6_N001,39.388064,-121.402937,42.25006
BANGS_LNODEKGC,37.70469,-121.0418,33.20718
BANNING_1_N001,33.922289,-116.87283,25.47357
BANTA_6_N001,37.7528989999862,-121.35057581075783,44.79436
BARRETT_6_N001,32.667194,-116.700208,23.52604
BARRE_6_N001,33.80900298319592,-117.98332966316445,25.63111
BARRE_6_N002,33.80900298319592,-117.98354633683554,25.63111
BARRE_6_N003,33.80918301670945,-117.9835463370635,25.63111
BARRY_6_N001,39.069323,-121.690208,43.7049
BARTON_1_N001,36.76408490976673,-119.735935,40.75127
BARTON_1_N007,36.76400404510246,-119.73587672164825,40.75127
BARTON_1_N008,36.76400404510246,-119.73599327835174,40.75127
BASALT_6_N002,38.26328599998595,-122.26916657483297,43.57819
BASALT_6_N101,38.26328599998595,-122.26928142516702,43.57819
BATAVIA_6_N001,38.385820999985995,-121.77570654480984,43.38977
BATIQTOS_1_N001,33.1011727252775,-117.250399,26.04532
BATIQTOS_1_N008,33.101092137348985,-117.25034345864424,26.04532
BATIQTOS_1_N015,33.101092137348985,-117.25045454135577,26.04532
BAYMDWS_1_N001,37.55162541726735,-122.29307795256243,45.17762
BAYMDWS_1_N004,37.551444582623034,-122.29307795283914,45.17762
BAYMDWS_1_N008,37.551444582623034,-122.29330604716085,45.17762
BAYMDWS_1_N012,37.55162541726735,-122.29330604743757,45.17762
BAYSHOR1_1_N001,37.74603599998622,-122.40302381566526,45.34005
BAYSHOR2_1_N001,37.74603599998622,-122.40313818433472,45.34005
BAYWOOD_6_N001,35.360177,-120.811564,21.63313
BCN_PP_LNODESS1,35.25680070871138,-118.02736892630813,30.78373
BCN_PP_LNODESS2,35.256766720360744,-118.02726679027704,30.78373
BEARTAP_1_N001,35.38,-119.0,22.99775
BELLEF_7_CN10,39.776083,-122.10383,24.52818
BELLEF_7_CN11,39.77608299994151,-122.10371323062876,24.53143
BELLPGE_1_N001,38.947418999985814,-121.0911283822858,43.1185
BELLPGE_1_N005,38.947418999985814,-121.0912436177142,43.1185
BELLVUE_1_N001,38.379084046922976,-122.712022,49.72538
BELLVUE_1_N003,38.37900297652332,-122.711962292445,49.72538
BELLVUE_1_N005,38.37900297652332,-122.712081707555,49.72538
BELMONT_1_N001,37.52332024549896,-122.264967,45.25884
BELMONT_1_N006,37.52323887723573,-122.26490776711239,45.25884
BELMONT_1_N008,37.52323887723573,-122.26502623288762,45.25884
BELRIDGE_1_N001,35.455722,-119.631903,22.43139
BERESFRD_6_N001,37.565013999986284,-122.31923796388803,45.12293
BERESFRD_6_N002,37.565013999986284,-122.31935203611197,45.12293
BERNARDO_6_N001,33.021575,-117.096228,25.94136
BERNARDO_6_N002,33.021574999954524,-117.09612121988424,25.94136
BERNARDO_6_N009,33.02148546856512,-117.096228,25.94136
BERNARDO_6_N013,33.021574999954524,-117.09633478011577,25.94136
BERNARDO_6_N014,33.0216645314348,-117.096228,25.94136
BERNARDO_LNODEARDO,33.02157451,-117.0962277,30.31918
BERVLLY_6_N001,37.586478,-120.125088,44.6521
BIGBASN_6_N001,37.129545,-122.172132,44.88464
BIGCRK1_7_N001,37.20203293082091,-119.24090286336467,27.35935
BIGMDWS_6_N001,40.171215,-121.085128,41.30195
BIGRIVR_6_N001,39.311461,-123.786522,8.95824
BIOLA_6_N001,36.792525,-120.114116,44.77749
BIXLER_6_N001,37.9370142319286,-121.528389,44.9195
BKRSFLD_2_N001,35.388298999987455,-119.0044078374034,22.80609
BKRSFLD_2_N101,35.388298999987455,-119.0045181625966,22.80609
BLLEHVN_6_N001,37.4772652825887,-122.16793304841748,45.42452
BLLEHVN_6_N002,37.477186999945324,-122.16787609695427,45.42452
BLLEHVN_6_N004,37.477108717384,-122.1679330485368,45.42452
BLLEHVN_6_N006,37.477108717384,-122.1680469514632,45.42452
BLLEHVN_6_N007,37.477186999945324,-122.16810390304572,45.42452
BLUELKE_6_N001,40.88014,-123.980584,37.29738
BLUSTNPP_6_N003,38.575523,-121.497588,21.05273
BLYTHESC_1_N005,33.614957,-114.682935,24.75889
BNAVSTA_6_N001,36.653344,-121.62946,46.55313
BNAVSTA_6_N002,36.65334399994771,-121.62934811906177,46.55313
BNTACRB_6_N001,37.7528989999862,-121.35069018924217,44.92431
BOGARD_6_N001,40.586552,-121.093959,40.76644
BOGUE_1_N001,39.09613073444745,-121.623771,42.77145
BOGUE_1_N201,39.096050132760894,-121.62371103865068,42.77145
BOLINAS_6_N001,37.941119,-122.707332,44.01622
BOLLMAN_1_N003,38.04,-121.98,44.42503
BOLTHSE_1_N009,35.36215899998747,-118.92362184077258,23.12445
BONITA_6_N001,36.967863,-120.20266,42.62582
BONNIEN_7_N001,39.214314999985774,-120.80917722077704,39.83618
BORDEN_2_N007,36.92227399998671,-119.98422371699712,41.56625
BORDER_6_N001,32.56633480869927,-116.944389,26.27111
BORDER_6_N008,32.566254095638485,-116.94433370647506,26.27111
BORONDA_6_N001,36.689983,-121.679239,46.24776
BOSWELL_6_N001,36.085115,-119.552823,38.49768
BOWLES_6_N001,36.605651,-119.773312,44.48837
BRDGVLT_7_N001,40.47956799998481,-123.78034162638289,33.68077
BREEZE_LNODEYT1,35.123880999987534,-118.37403687435777,25.18285
BREEZE_LNODEYT2,35.123880999987534,-118.37414712564222,25.18285
BRENTWOD_2_N001,37.91959423612686,-121.676423,43.8533
BRENTWOD_2_N006,37.91951288192155,-121.67636345967551,43.8533
BRENTWOD_2_N011,37.91951288192155,-121.67648254032449,43.8533
BRGSMR_LNODEGZB,37.66621999998627,-120.97704287657282,33.17795
BRGSMR_LNODETHU,37.66621999998627,-120.97715712342718,33.17795
BRITTN_1_N001,37.37433620668406,-122.015575,44.99078
BRITTN_1_N005,37.37425489664326,-122.01551592726007,44.99078
BRITTN_1_N006,37.37425489664326,-122.01563407273993,44.99078
BRKRSLG_1_N005,38.57552299994369,-121.49747300547165,44.23878
BROCKWAY_LNODE01,39.243063530935196,-120.02634939696748,31.89475
BROCKWAY_LNODE02,39.242884468950564,-120.02634939726258,31.89475
BROCKWAY_LNODE51,39.242884468950564,-120.02658060273741,31.89475
BROCKWAY_LNODE52,39.243063530935196,-120.02658060303253,31.89475
BRRNDAC_6_N001,35.658183,-120.040362,21.02674
BRUNSWCK_1_N003,39.23119771901711,-121.034946,41.73019
BRUNSWCK_1_N008,39.23111714047599,-121.03488594065819,41.73019
BRUNSWCK_1_N101,39.23111714047599,-121.03500605934181,41.66197
BRWNSVY_6_N001,39.226226,-121.422634,42.3995
BUELLTON_1_N001,34.625261999987686,-120.18631205143852,22.58014
BUELLTON_1_N003,34.625261999987686,-120.18642194856149,22.58014
BUENAVS1_7_B1,36.653254242119594,-121.62934811919219,22.95227
BUENAVS1_7_B3,36.65319077379855,-121.6294272308971,22.95227
BUENAVS1_7_B4,36.653175595551595,-121.62953750035395,22.95227
BUENAVS1_7_B5,36.65320668330105,-121.62964245619625,22.95227
BUENAVS1_7_B6,36.653272145363964,-121.6297190021347,22.95227
BUENAVS1_7_B7,36.65335697428145,-121.62975556706088,22.95227
BUENAVS2_7_B1,36.65344659805961,-121.62974945473616,22.90354
BUENAVS2_7_B3,36.653528699704175,-121.62970424026268,22.90354
BUENAVS2_7_B4,36.653594014575496,-121.62962749889522,22.90354
BUENAVS2_7_B5,36.653636508590544,-121.62952895027708,22.90354
BULLARD_1_N001,36.824388,-119.769224,41.30142
BULLARD_1_N004,36.824387999947184,-119.76911168846675,41.30142
BULLARD_1_N005,36.824298097276774,-119.769224,41.30142
BULLARD_1_N006,36.824387999947184,-119.76933631153325,41.30142
BURLNGME_1_N001,37.589627,-122.363434,45.1224
BUTTE_1_N010,39.7118129999855,-121.81325170045862,42.49367
BUTTE_1_N101,39.7118129999855,-121.81336829954137,42.49367
BWILLIAM_LNODEILLW,34.16145330172,-114.38177086852794,30.10477
B_6_N001,32.714377595830264,-117.16944251257752,26.26786
B_6_N003,32.714198404079745,-117.16944251279143,26.26786
B_6_N005,32.714198404079745,-117.16965548720856,26.26786
B_6_N007,32.714377595830264,-117.16965548742249,26.26786
CABRILLO_1_N001,32.70751759908557,-117.24492651689708,22.43721
CABRILLO_6_N001,32.70733840082447,-117.24492651711095,26.15902
CABRILLO_6_N004,32.70733840082447,-117.24513948288904,26.15902
CALAVE_1_N001,36.71900181109094,-119.76554095699167,40.14264
CALAVE_1_N002,36.718822188804005,-119.76554095725366,40.14264
CALAVE_1_N004,36.718822188804005,-119.76576504274634,40.14264
CALCMENT_7_N4,37.37,-120.64,24.51844
CALISTGA_6_N001,38.592664,-122.57862,56.04674
CALLENDR_1_N001,35.04,-120.6,22.2163
CALPELLA_1_N001,39.197538,-123.192135,10.52312
CALSUB_LNODEET,39.521219,-120.008761,31.36523
CAMDEN_6_N001,36.446258999987045,-119.79904229562648,39.01746
CAMDEN_6_N002,36.446258999987045,-119.79915370437352,39.01746
CAMERON_6_N001,32.65324599998863,-116.48807277404411,5.36
CAMINO_2_N001,34.83,-114.99,25.30141
CAMPHORA_6_N001,36.46829799998704,-121.39017127220814,46.60835
CAMPHORA_6_N003,36.46829799998704,-121.39028272779186,46.60835
CANAL_6_N001,37.066368999986636,-120.8354215297125,57.08
CANAL_6_N006,37.066368999986636,-120.8355344702875,45.71047
CANBY_BP_LNODEACW,41.444925999984385,-120.88087787131334,31.54715
CANBY_BP_LNODEVEC,41.444925999984385,-120.88099812868666,31.54715
CAN_SUB_LNODEONA,34.18955419166312,-118.592,24.98626
CAN_SUB_LNODEONB,34.189472904155366,-118.59194326369176,31.16057
CAN_SUB_LNODEONC,34.189472904155366,-118.59205673630824,31.16057
CAPAY_6_N001,39.775993256822886,-122.10383,41.89319
CARBONA_6_N003,37.69218399998622,-121.41818185598439,45.07699
CARBONA_6_N101,37.69218399998622,-121.4182961440156,45.07699
CARLOTTA_6_N001,40.541122999984744,-124.06382054930958,35.86754
CARLOTTA_6_N003,40.541122999984744,-124.06393945069041,35.86754
CARLTNHS_1_N001,32.85503754591703,-117.01185140348343,25.7432
CARLTNHS_1_N004,32.85485845399255,-117.01185140369861,25.7432
CARNATIO_6_N001,35.311332,-119.083574,23.43631
CARNERAS_6_N001,35.541055,-119.805238,21.07872
CAROLNDS_6_N001,37.55291899998627,-122.37633097506193,45.39904
CAROLNDS_6_N002,37.55291899998627,-122.37644502493806,45.39904
CARQUINZ_1_N001,38.09103799998602,-122.24848662968667,44.60747
CARQUINZ_1_N002,38.09103799998602,-122.24860137031332,44.60747
CARRIZO_1_N001,35.3805629695311,-120.040252,22.21368
CARRIZO_LNODEHILL,35.38048201522088,-120.04019467441788,30.56932
CARRIZO_LNODEZOT1,35.38048201522088,-120.04030932558213,30.19248
CARTWRT_1_N001,37.78999999998617,-122.24994278512781,44.50461
CARTWRT_1_N010,37.78999999998617,-122.25005721487219,44.50461
CARUTHRS_6_N001,36.531554,-119.882758,44.46238
CAR_SM_LNODENE1,38.642773175556165,-121.3294330286556,33.03176
CAR_SM_LNODENE2,38.64259349099788,-121.32943302894401,33.03176
CAR_SM_LNODENE3,38.64259349099788,-121.329663082168,33.03176
CAR_SM_LNODENE4,38.642773175556165,-121.3296630824564,33.03176
CASTLE_LNODEDR1,37.36195490350885,-120.56264978595905,33.10323
CASTLE_LNODEDR2,37.36187666885442,-120.5625929569803,33.10323
CASTLE_LNODEDR3,37.36179843428164,-120.56264978607754,33.09998
CASTLE_LNODEDR4,37.36179843428164,-120.56276344403506,33.09998
CASTLE_LNODEDR5,37.36187666885442,-120.5628202731323,33.10323
CASTLE_LNODEDR6,37.36195490350885,-120.56276344415355,33.10323
CASTROVL_2_N001,37.69127699998625,-122.06100285669102,44.54198
CASTROVL_2_N003,37.69127699998625,-122.06111714330898,44.54198
CASTROVL_2_N006,36.76278384840137,-121.73625384648868,44.54198
CAS_LA_LNODESMW,34.587237,-118.656638,31.12158
CAS_PP_LNODE1AUX,34.58734037344726,-118.65692220263387,31.11834
CAS_PP_LNODE2AUX,34.58742309555189,-118.65687780855163,31.11834
CAS_PP_LNODE3AUX,34.587488904018386,-118.65680245963806,31.11834
CAS_PP_LNODE4AUX,34.58753171916694,-118.65670569917606,31.11834
CAS_PP_LNODE5AUX,34.58754852361777,-118.65659776098718,31.11834
CAS_PP_LNODE6AUX,34.58753896054594,-118.65648852558515,31.11834
CATALYST_7_N001,37.33647699998642,-121.87909619952335,45.02811
CATLETT_6_N001,38.808811,-121.516115,42.99996
CAWELOB_6_N001,35.57097799998741,-119.11546380934058,23.15369
CAWELOC_1_N001,35.57097799998741,-119.11557419065942,23.18942
CAYUCOS_6_N001,35.44865399998744,-120.8703058292383,21.68511
CAYUCOS_6_N006,35.44865399998744,-120.8704161707617,21.68511
CCOSTA_2_N001,37.998665892623194,-121.7833735810065,43.79535
CCSUB_1_N001,38.03,-121.75,43.79535
CCSUB_2_N001,38.01999999998606,-121.75994265860079,43.78561
CCSUB_2_N010,38.01999999998606,-121.7600573413992,43.78561
CEDRCRK_6_N101,40.79116899998464,-121.93795172476342,40.63163
CENTERS_6_N001,33.928884073837764,-118.105463,25.42482
CENTERS_6_N200,33.9288029630683,-118.10551943910147,25.42482
CEN_SUB_LNODEONB,33.948054083699034,-118.255,31.13783
CEN_SUB_LNODEONC,33.94797295813763,-118.25494353789466,31.13783
CEN_SUB_LNODEOND,33.94797295813763,-118.25505646210534,31.13783
CERES_LNODEDR1,37.6088562120824,-120.956729570412,33.08699
CERES_LNODEDR3,37.6089710504,-120.956595705015,33.08699
CERES_LNODEDR4,37.6089019185376,-120.956592000755,33.09023
CERES_LNODEDR5,37.6087606610128,-120.956712881849,33.08699
CERES_LNODEDR7,37.6089324750351,-120.956712057352,33.09023
CERES_LNODEDR8,37.6090011903052,-120.956714357349,33.09023
CERTTEED_1_N001,37.059999999986665,-120.07994353791257,46.23411
CERTTEED_1_N002,37.059999999986665,-120.08005646208743,46.23411
CHALLNGE_6_N001,39.48543,-121.220509,42.44823
CHANNEL_6_N001,37.95526599998612,-121.33242068885451,44.52961
CHARKA_1_N001,35.608038,-119.325523,22.95877
CHCARITA_1_N001,32.9600895309367,-117.08989329478639,25.84066
CHCARITA_1_N004,32.95991046897258,-117.08989329500262,25.84066
CHCARITA_1_N008,32.95991046897258,-117.09010670499737,25.84066
CHC_LNODE31A,38.95999999998579,-120.89994237638588,30.21522
CHC_LNODE33A,38.95999999998579,-120.90005762361412,30.21522
CHEROKEE_6_N001,38.005513,-121.237769,44.84473
CHESTER_6_N001,40.304405,-121.224282,41.8867
CHICOA_6_N001,39.71879299998543,-121.82096169136352,42.50667
CHICOA_6_N010,39.71879299998543,-121.82107830863647,42.50667
CHICOB_1_N001,39.725493999985424,-121.84718768259572,42.39296
CHICOB_1_N002,39.725493999985424,-121.84730431740428,42.39296
CHINO_6_N007,33.998301818402325,-117.67886922357054,25.44594
CHINO_6_N008,33.998301818402325,-117.67908677642946,25.44594
CHLDHOSP_1_N001,36.87,-119.81,41.21099
CHOLLAS_6_N001,32.744058749573895,-117.046316,26.22563
CHOLLAS_6_N008,32.743978125200904,-117.04626065732346,26.22563
CHOLLAS_6_N009,32.743978125200904,-117.04637134267654,26.22563
CHSTN_1_N001,38.09,-120.3,42.63674
CHWCHLLA_1_N001,37.12073295026913,-120.25055224215674,46.0457
CHWCHLLA_1_N002,37.12073295026913,-120.25066975784326,46.0457
CIG_SM_LNODESS,38.44525,-121.461543055556,33.13247
CIMA_2_N101,35.2691,-115.49292,25.30141
CITYUKH_1_B1,39.14300254479826,-123.19181754359136,9.60934
CLAIRMNT_6_N008,32.825996732119705,-117.184096,26.04857
CLAMMNA_1_N001,37.807826,-121.276142,44.77162
CLARIBEL_LNODEGFP,37.71028,-120.9688,33.1747
CLARKRD_7_N001,39.6546447946953,-121.635292,42.4704
CLARMNT_1_N001,32.82591613392796,-117.18404062431202,44.38766
CLAUS_LNODEKSN,37.639389999986214,-120.91954289863075,33.17145
CLAUS_LNODESME,37.639389999986214,-120.91965710136925,33.17145
CLAYTN_1_N001,38.34245511038229,-120.93484110965764,44.29509
CLAYTN_1_N004,37.943825,-121.969415,44.29509
CLAYTN_1_N029,38.3422748895056,-120.93484110994348,44.29509
CLAYTN_1_N030,38.3422748895056,-120.93507089005652,44.29509
CLAY_6_N001,38.34245511038229,-120.93507089034236,45.35092
CLERLKE_6_N001,39.007954999985856,-122.89377935245265,-22.46
CLERLKE_6_N012,39.007954999985856,-122.89389464754734,-22.46
CLMBAHL_6_N001,39.331874,-121.101368,42.36052
CLOUGH_LNODEIYF,37.62761111,-120.9751667,33.21368
CLOUGH_LNODEYBR,37.62761110994497,-120.97505251712948,33.21368
CLOVIS_1_N001,36.826043942491545,-119.681281,40.62239
CLOVIS_1_N004,36.825963028740034,-119.68122263908639,40.65162
CLOVIS_1_N101,36.825963028740034,-119.68133936091361,40.62239
CLOVRDLE_1_N001,38.795757,-123.011412,9.73
CLRKSVLE_1_N001,38.655559898770534,-121.060175,43.92043
CLRKSVLE_1_N003,38.655479050599546,-121.06011522698469,43.92043
CLRKSVLE_1_N004,38.655479050599546,-121.0602347730153,43.92043
CLSAJCT_6_N001,39.190857,-121.990506,36.26985
CLWTER_2_N003,35.39850993300358,-118.93957167203409,45.08938
CMPEVRS_1_N001,37.041635999986624,-122.02530956161661,46.75454
CMPEVRS_1_N002,37.041635999986624,-122.02542243838339,46.75454
CNTRYCB_6_N001,37.97966036733168,-121.31639835392943,44.85506
CNTRYCB_6_N002,37.979479632557,-121.31639835421177,44.85506
CNTRYCB_6_N004,37.979479632557,-121.31662764578823,44.85506
CNTRYCB_6_N006,37.97966036733168,-121.31662764607057,44.85506
COLLEG_LNODEDR1,37.6091056801805,-120.992876143573,33.09998
COLLEG_LNODEDR2,37.6091096218649,-120.992789582042,33.09998
COLLEG_LNODEDR5,37.6090266914486,-120.992698116343,33.09998
COLLEG_LNODER15,37.6090419641747,-120.993034819943,33.09998
COLNGA1_6_N001,36.13602399998719,-120.34444457141348,19.6584
COLNGA1_6_N002,36.13602399998719,-120.34455542858652,19.6584
COLNGA2_6_N001,36.236577,-120.315114,19.62591
COLONY_6_N001,38.190132,-121.181632,44.59939
COLUMBUS_1_N001,35.398330066896115,-118.93957167228022,23.0075
COLUMBUS_1_N003,35.398330066896115,-118.93979232771979,23.0075
COLUMBUS_1_N005,35.39850993300358,-118.9397923279659,23.0075
COLUSA_6_N001,39.213610999985775,-122.00296022131043,36.3738
COLUSA_6_N004,39.213610999985775,-122.00307577868956,36.3738
COLWATER_1_N001,34.86012489309556,-116.85312978164612,23.29095
COLWATER_1_N002,34.86012489309556,-116.85324421835388,23.29095
COMMONS_LNODEDR1,37.6091045275098,-120.992962913259,33.11622
COMMONS_LNODEDR3,37.5166183000533,-120.867554724081,33.11622
COMMONS_LNODEDR4,37.516699044633,-120.867555122205,33.11622
COMMONS_LNODEDR5,37.5164895041446,-120.867550987033,33.11622
COMMONS_LNODEDR7,37.5165532160667,-120.867553025577,33.11622
COMMONS_LNODEDR8,37.5008689404211,-120.913270146673,33.11622
CONCHO_1_N002,33.785845,-116.342689,24.9278
CONTADNA_1_N001,36.29,-119.71,30.47604
CONTROLX_1_N001,37.342839,-118.471988,-53.11573
CONTROL_7_N001,37.34291722503321,-118.47193119226046,-52.18172
COOPER_LNODEDR1,37.3189566034476,-120.5119493179366,33.10323
COOPER_LNODEDR2,37.31895660339336,-120.51183575699493,33.10973
COOPER_LNODEDR3,37.318866291449055,-120.51183575713138,33.10323
COOPER_LNODEDR4,37.318802431310424,-120.51191605677509,33.10973
COOPER_LNODEDR5,37.318787159360575,-120.51202798203006,33.10323
COOPER_LNODEDR6,37.31881843902539,-120.51213451388375,33.10973
COOPER_LNODEDR7,37.318884305211256,-120.51221220923813,33.10973
COOPER_LNODEDR8,37.318969657813994,-120.51224932323211,33.11298
COOPER_LNODEDR9,37.31905983488123,-120.51224311913526,33.11298
COOPER_LNODER14,37.31914244338007,-120.5121972257278,33.10323
COOPER_LNODER15,37.31920816147405,-120.51211933201114,33.10323
COOPER_LNODER16,37.31925091782716,-120.51201930357878,33.10323
COOPER_LNODER17,37.31926769919903,-120.51190771989396,33.10323
COPUS_6_N001,35.093593,-119.278466,23.45581
CORCORAN_1_N001,36.10957699998725,-119.55797958991954,38.47819
CORCORAN_1_N005,36.10957699998725,-119.55809041008045,38.47819
CORDELIA_6_N001,38.216066,-122.112082,43.56195
CORDPMP_6_N003,38.575433098781254,-121.497588,43.62042
CORNING_6_N004,39.93198099998522,-122.18732639815484,42.60139
CORNING_6_N006,39.93198099998522,-122.18744360184516,42.60139
CORONADO_6_N001,32.698823762005226,-117.173249,26.2906
CORONADO_6_N002,32.69874311898509,-117.17319367259638,26.2906
CORONA_1_N001,32.69874311898509,-117.17330432740361,48.14703
CORRAL_6_N001,38.1014979999861,-120.92635462577833,44.94485
CORRAL_6_N003,38.1014979999861,-120.92646937422167,44.94485
CORSGOLD_1_N001,37.22751499998653,-119.69108432761332,42.59602
CORSGOLD_1_N003,37.22751499998653,-119.69119767238668,42.59602
CORTEZ_LNODEDR1,37.5005587104299,-120.913235680039,33.10323
CORTEZ_LNODEDR3,37.5007571927422,-120.913267914805,33.09998
CORTEZ_LNODEDR5,37.5006522266335,-120.913263660994,33.10323
CORTEZ_LNODEDR6,37.5008124927682,-120.913424010622,33.10323
CORTEZ_LNODEDR7,37.5007095209272,-120.913352769965,33.09998
CORTINA_1_N106,39.121407,-122.224176,34.41444
COR_LNODENE1,38.55393333331922,-121.20798139654603,33.10323
COR_LNODENE3,38.55393333331922,-121.20809638123197,33.10323
COTATI_6_N101,38.30970399998603,-122.73153156284509,54.97795
COTATI_6_N102,38.30970399998603,-122.73164643715491,54.97795
COTTLEA_2_N001,37.772676259234935,-120.825545,44.3556
COTTLE_7_N001,37.77259487036768,-120.82548555286246,44.35885
COTWDPGE_1_N001,34.38040399998781,-116.87675022716886,41.45353
COVELO6_6_N001,39.78628299998532,-123.24850460152904,17.3176
CPLECEF_1_N001,37.25999999998651,-121.63994328855216,45.26207
CPLECEF_1_N005,37.25999999998651,-121.64005671144784,45.26207
CPP_LNODESS1,38.3383555554995,-121.12458988828622,33.22992
CPP_LNODESS2,38.33844566948052,-121.124475,33.23317
CRABTREE_LNODENK1,37.64506,-120.60683,33.15521
CRCANAL_6_N001,40.1384740349693,-122.208547,42.63602
CREELMAN_6_N001,33.01815871873613,-116.853026,26.2175
CREELMAN_6_N004,33.01807814061963,-116.85297051775382,26.2175
CREELMAN_6_N014,33.01807814061963,-116.85308148224618,26.2175
CRESSEY_1_N001,37.42852799998634,-120.6386900986629,44.29317
CRESTWD_6_N001,32.699023999988746,-116.35373376108788,22.3403
CROWLNDG_LNODEDR1,37.4627004272953,-120.740076630976,33.09023
CROWLNDG_LNODEDR3,37.462786962981,-120.740080933369,33.08699
CROWLNDG_LNODEDR4,37.462613876709,-120.740078364387,33.08699
CROWLNDG_LNODEDR5,37.4625421344261,-120.740074305354,33.08699
CROWLNDG_LNODEDR7,37.4627827502437,-120.740270351347,33.09023
CRUSHER_6_N001,37.021645,-122.154383,45.01784
CRWSLDG_6_N001,37.377307,-121.085672,44.9438
CRYSTLSG_6_N001,37.528913,-122.361067,45.02055
CSG_LNODESS,38.51068967879612,-121.47509029333828,33.12597
CSTRVLLE_1_N001,36.762604151493385,-121.73625384675147,45.57205
CURTIS1_7_N001,37.974949221777045,-120.320668,42.1527
CURTISS_1_N101,37.974867889096444,-120.32072756943327,42.13971
CYMRIC_1_N001,35.31,-119.63,22.62092
DAIRYLND_1_N001,37.055221,-120.317015,48.80056
DALYCTY_1_N001,37.69180126214444,-122.455704,45.44726
DALYCTY_1_N005,37.69171986891291,-122.45564461457239,45.44726
DANISHCM_1_N001,36.71900181109094,-119.76576504300833,40.13614
DAVIS_1_N001,39.06008956957949,-121.70988464738468,44.27451
DAVIS_1_N007,39.05991043030674,-121.70988464767737,44.27451
DAVIS_1_N012,39.05991043030674,-121.71011535232263,44.27451
DECPTSG_2_N001,38.05999999998602,-121.86994264179833,44.21387
DECPTSG_2_N018,38.05999999998602,-121.87005735820168,44.21387
DEEPWATR_1_N101,38.55162999998592,-121.56020750817653,44.23553
DEEPWATR_1_N104,38.55162999998592,-121.56032249182347,44.23553
DELAMO_2_N001,33.84836303124857,-118.096994,25.45405
DELAMO_2_N014,33.84828198436281,-118.09693765855927,25.45405
DELAMO_2_N022,33.84828198436281,-118.09705034144073,25.45405
DELMAR_6_N001,38.7988788301003,-121.220655,26.13628
DELMAR_6_N001A,38.798798084934575,-121.22059518327069,43.92585
DELMAR_6_N005,38.798798084934575,-121.22071481672931,43.92585
DELMAR_6_N010,32.980789999988666,-117.25535963525417,26.13628
DELMAR_6_N011,32.980789999988666,-117.25546636474583,26.13628
DELMNTE_1_N010,36.599053999987,-121.8539621246086,45.95213
DELMNTE_1_N201,36.599053999987,-121.85407387539139,45.95213
DESCANSO_6_N001,32.86524,-116.633752,23.48056
DEVLDNPP_6_N003,35.774930999987355,-119.97393475743563,21.00725
DEVLSDN_6_N001,35.774930999987355,-119.97404524256437,20.99751
DFS_1_N001,36.72,-120.6,57.59404
DIABLO1_7_N001,35.215922999950024,-120.84743471985068,23.2805
DIABLO2_7_N001,35.215922999950024,-120.84765528014933,23.30648
DIABLOCN_2_N001,35.21601309719158,-120.847545,21.44853
DINUBAE_7_N001,36.56893330486095,-119.41841731957626,40.402
DINUBA_6_N001,36.56893330486095,-119.41864068042374,40.42149
DINUBA_6_N005,36.56911269503489,-119.41864068068313,40.42149
DIRYVLLE_6_N001,40.12799,-122.097838,41.91483
DIVISION_6_N001,32.6815959999886,-117.12003376624276,26.21588
DIVISION_6_N009,32.6815959999886,-117.12014023375725,26.21588
DIXON-J1_6_N101,38.44545401121386,-121.826237,43.46449
DIXONLD_1_N001,37.457825231051295,-121.921353,45.30052
DIXONLD_1_N002,37.457743884459624,-121.92129383478914,45.30052
DIXONLD_1_N008,37.457743884459624,-121.92141216521087,45.30052
DIXON_6_B1,38.445372994377905,-121.8261772770627,43.46449
DIXON_6_N002,38.445372994377905,-121.8262967229373,43.46449
DMNDSPR_1_N001,38.69304699998593,-120.82566347343,43.91718
DMNDSPR_1_N003,38.69304699998593,-120.82577852656999,43.91718
DOBBINS_6_N001,39.339604,-121.197378,42.16885
DOLANRD_1_N001,36.800296,-121.769123,45.54281
DOMTAR_1_N001,38.13,-121.65,43.7986
DONNER_LNODE07,39.327305,-120.281812,31.96297
DONPEDRO_LNODENSS,37.6962503274167,-120.4206077500803,33.08374
DOSPALS_6_N001,36.97484,-120.635012,57.64277
DUKMOSS1_7_N001,36.85999999998676,-121.76005620188538,45.4551
DUKMOSS2_7_N001,36.84999999994714,-121.75988762218331,45.4551
DUKMOSS3_7_N001,36.84999999994714,-121.76011237781668,45.4551
DUKMOSS3_7_N002,36.85008992566386,-121.76,45.4551
DUKMOSS4_7_N001,36.84999999994714,-121.71988762218332,45.44535
DUKMOSS5_7_N001,36.83999999998681,-121.72005617595099,45.44535
DUKMOSS6_7_N001,36.84999999994714,-121.72011237781669,45.44535
DUKMOSS6_7_N002,36.85008992566386,-121.72,45.44535
DUMBARTN_1_N001,37.557155251259346,-122.057606,45.09588
DUMBARTN_1_N003,37.55707387435557,-122.05754673393427,45.09588
DUMBARTN_1_N011,37.55707387435557,-122.05766526606573,45.09588
DUNBAR_6_N001,38.38322299998598,-122.52777754540057,44.11693
DUNBAR_6_N002,38.38322299998598,-122.52789245459942,44.11693
DUNHILL_6_N001,32.901543,-117.229958,26.07456
DUNLAP_6_N001,36.64502999998689,-119.15909106962141,40.51894
DUNNIGAN_6_N001,38.924808,-121.989951,37.56279
DUNNSIDE_1_N001,35.03321,-116.467335,23.94313
EAGLEMTN_2_N001,33.82005401596653,-115.44,25.0139
EAGLEMTN_2_N002,33.8199729920039,-115.43994369314599,25.0139
EAGLROCK_2_N001,38.8293359999859,-122.81077743066047,25.21041
EAGLROCK_2_N012,38.8293359999859,-122.81089256933953,25.21041
EASTGATE_6_N101,32.88493613808494,-117.20083859603457,26.07781
EASTGATE_6_N201,32.88493613808494,-117.20094940396542,26.07781
EBMUDGRY_1_N001,37.93,-122.04,44.42828
ECY_LNODE101,38.55445658675582,-121.43093112608555,33.07724
ECY_LNODE102,38.55427674646514,-121.4309311263732,33.07724
ECY_LNODE103,38.55427674646514,-121.43116109584881,33.07724
ECY_LNODE104,38.55445658675582,-121.43116109613645,33.07724
EDENVALE_1_N001,37.24503626216962,-121.7958386130011,44.25599
EDENVALE_1_N004,37.24485573772219,-121.79583861327271,44.25599
EDENVALE_1_N006,37.24485573772219,-121.79606538672729,44.25599
EDENVALE_1_N008,37.24503626216962,-121.7960653869989,44.25599
EDES_1_N001,37.738786999986225,-122.19371982090533,45.39473
EDES_1_N003,37.738786999986225,-122.19383417909467,45.39473
EDMON1AP_7_N001,34.986313,-118.738787,26.44974
EDMON2AP_7_N001,34.986312999950265,-118.73867680688261,26.45299
EDMON3AP_7_N001,34.98622271993701,-118.73867680700413,26.47248
EDMON3AP_7_N002,34.98615888237297,-118.73875472524391,26.47248
EDMON4AP_7_N001,34.98614361582445,-118.738863331203,26.47248
EDMON4AP_7_N002,34.98617488443967,-118.73896670370384,26.47248
EDMON5AP_7_N001,34.98624072734969,-118.73904209487607,26.47248
EDMON5AP_7_N002,34.986326049781965,-118.73907810817316,26.47248
EDMON6AP_7_N001,34.986416194964555,-118.73907208804029,26.47248
EDMON6AP_7_N002,34.98649877424742,-118.73902755565565,26.47248
EDMON7AP_7_N001,34.98656446909455,-118.73895197200041,26.47248
EDMON7AP_7_N002,34.98660721032227,-118.7388549100885,26.47248
EDMON8AP_7_N001,34.98662398575978,-118.738746635625,26.47248
EDMON8AP_7_N002,34.986614439197844,-118.738637059907,26.47248
EDWARDS_1_N001,34.991871,-117.890005,25.69093
EELRIVR_6_N001,40.602658,-124.210199,36.40912
EIGHTMI_2_N017,38.058077,-121.375292,44.54534
EISENHOW_1_N001,33.830599,-116.497612,25.09023
EISEN_6_N001,35.35714,-118.97131,22.77685
ELCAJNGT_7_N001,32.795346131065216,-116.97233863745876,26.67068
ELCAJNGT_7_N004,32.795346131065216,-116.97244936254124,26.66419
ELCAPTN_1_N001,37.335801999986415,-120.50517320028958,44.17297
ELCAPTN_1_N004,37.335801999986415,-120.50528679971042,44.17297
ELCAPTN_1_N005,37.365512,-120.578993,44.17297
ELCRRTO_1_N001,37.91620499998609,-122.30313670905946,44.29995
ELCRRTO_1_N023,37.91620499998609,-122.30325129094054,44.29995
ELKCREEK_6_N001,39.12957472883464,-123.711777,42.51692
ELKHIL1G_7_N001,35.22604999998747,-119.37772885850012,22.46823
ELKHIL2G_7_N001,35.22604999998747,-119.37783914149988,22.46823
ELK_6_N001,39.1294941355673,-123.71183698354646,7.72331
ELK_SM_LNODENE2,38.37273738362879,-121.354256944444,33.1617
ELK_SM_LNODENE7,38.372656308170484,-121.35419723840097,33.1682
ELK_SM_LNODENE8,38.372656308170484,-121.35431665048702,33.1682
ELLIOTT_6_N001,32.81585999998874,-117.08840071898302,25.95436
ELLIOTT_6_N004,32.81585999998874,-117.08850728101697,25.95436
ELLIS_6_N001,37.716505,-121.548766,25.80654
ELLIS_6_N105,33.685126,-117.943596,25.80654
ELLSGTY_1_N001,33.685294,-117.943088,44.27459
ELNIDO_1_N004,37.12061299998659,-120.47270746040512,44.16648
ELNIDO_2_N001,37.12061299998659,-120.47282053959488,25.60999
ELNIDO_2_N012,33.89624399998809,-118.37271472929694,25.60999
ELNIDO_7_N001,33.89624399998809,-118.37282327070305,44.16648
ELPATIO_1_N001,37.29223717683988,-121.935913,45.16294
ELPATIO_1_N006,37.29215591156547,-121.93585402427247,45.16294
ELPATIO_1_N015,37.29215591156547,-121.93597197572753,45.16294
ELV_LNODENE1,38.71426666661026,-121.47683299057677,32.99278
ELV_LNODENE2,38.71418891290697,-121.47689052312896,32.99278
ELV_LNODENE3,38.71418891290697,-121.47700558798303,32.99278
ELV_LNODENE4,38.71426666661026,-121.47706312053523,32.99278
ELV_LNODENE5,38.71434442039811,-121.4770055881082,32.99278
ELV_LNODENE6,38.71434442039811,-121.4768905230038,32.99278
EMBRCDR_2_N001,37.780090430972514,-122.37988558363396,45.27886
EMBRCDR_2_N008,37.77990956891692,-122.37988558391392,45.27886
EMBRCDR_2_N101,37.77990956891692,-122.38011441608609,45.27886
EMBRCDR_2_N104,37.780090430972514,-122.38011441636604,45.27886
EMRLDLE_6_N001,37.462178,-122.277933,44.95558
EMRYSVE_1_N001,39.163430999985756,-121.56151425780503,42.69674
EMRYSVE_1_N003,39.163430999985756,-121.56162974219497,42.69674
ENCINAL_6_N001,39.247383,-121.637248,43.20405
ENCINA_1_N001,33.13699513479889,-117.33531843066032,26.02908
ENCINA_1_N049,33.13699513479889,-117.33542956933968,26.02908
ENCNITAS_6_N001,33.05068472041646,-117.285325,26.30521
ENCNITAS_6_N004,33.05060413977941,-117.28526949553299,26.30521
ENCNITAS_6_N011,33.05060413977941,-117.285380504467,26.30521
ENSLEN_LNODEHKQ,37.65224426097517,-121.0013,33.17795
ENSLEN_LNODELOU,37.65216286949752,-121.00124064749899,33.17795
ENSLEN_LNODEWFN,37.65216286949752,-121.00135935250101,33.17795
ERTA_6_N001,36.930594,-121.763827,46.57911
ESCNDIDO_6_N001,33.12543545233769,-117.116857,26.04532
ESCNDIDO_6_N046,33.12552499995441,-117.11696392572938,26.04532
ESCNDIDO_6_N053,33.12561454766245,-117.116857,26.04532
ESCO_6_N001,33.115770727187964,-117.089119,26.35394
ESCO_6_N004,33.11569013639368,-117.08906344744015,26.35394
ESQUON_6_N001,39.607876,-121.768445,42.52941
ESTGRND_1_N001,37.653951261060854,-122.403031,45.44401
ESTGRND_1_N005,37.65386986945481,-122.402971646041,45.44401
ESTGRND_1_N009,37.65386986945481,-122.403090353959,45.44401
ESTPRTL_1_N001,37.876677,-122.186415,44.28046
ESTQNCY_6_N001,39.938128,-120.910322,40.09723
ETIWANDA_6_N001,34.0883812512724,-117.5255740237224,25.34199
ETIWANDA_6_N003,34.08814499998799,-117.52552751207779,25.34199
EUREKAA_6_N001,40.793883999984665,-124.18290627263764,37.14841
EUREKA_6_N001,40.793883999984665,-124.18302572736236,37.13542
EVRGREEN_1_N001,37.303338999986465,-121.8408102375639,45.05302
EVRGREEN_1_N019,37.303338999986465,-121.84092376243609,45.05302
EXXONBH_7_N001,38.08095331088854,-122.13762073299924,44.01461
FAIRGRND_LNODEDR1,37.5006945896515,-120.867048786933,33.09348
FAIRGRND_LNODEDR3,37.5005735349484,-120.866718665766,33.09673
FAIRGRND_LNODEDR4,37.5005721589657,-120.866803820595,33.09673
FAIRGRND_LNODEDR5,37.5005181954718,-120.867051337755,33.09348
FAIRGRND_LNODEDR7,37.5005718981617,-120.866887330714,33.09673
FAIRGRND_LNODEDR8,37.5005716373084,-120.866970837622,33.09348
FAIRHAVN_6_N001,40.80027999998463,-124.19565426654849,37.1447
FAIRWAY_1_N001,34.91059499998762,-120.44635292480474,22.18706
FAIRWAY_1_N002,34.91059499998762,-120.44646307519525,22.18706
FAMOSO_1_N001,35.60500099998741,-119.20248280260235,23.1082
FARREL_1_N001,33.85654399998807,-116.49686777574072,24.96678
FARREL_1_N002,33.85654399998807,-116.49697622425927,24.96678
FAR_SUB_LNODEONA,34.03809021316632,-118.37089113436087,31.15082
FAR_SUB_LNODEONB,34.0379097867377,-118.37089113459244,31.15082
FAR_SUB_LNODEONC,34.0379097867377,-118.37110886540755,31.14757
FAR_SUB_LNODEOND,34.03809021316632,-118.37110886563912,31.15082
FELICITA_6_N001,33.093263724336374,-117.073637,26.10379
FELICITA_6_N005,33.09318313781945,-117.07358146461416,26.10379
FELICITA_6_N009,33.09318313781945,-117.07369253538583,26.10379
FELLOWSG_7_N001,35.195188999987465,-119.58505586292793,22.63391
FIGARDN_2_N001,36.8220309999868,-119.85852484727552,41.3897
FIGARDN_2_N101,36.8220309999868,-119.85863715272448,41.35775
FINNEY_LNODESNV,37.627520677678156,-120.9751667,33.19094
FIREBAGH_6_N001,36.850688,-120.466577,57.77922
FIREHOUS_LNODEBUSH,34.8569,-114.6245,30.31268
FIY_LNODE0LD,38.762778,-121.356944,32.99603
FLINT_1_N001,38.88530299998586,-121.06669540924167,43.36325
FMC_1_N001,37.347699999986396,-121.92219018683774,45.17973
FMC_1_N003,37.347699999986396,-121.92230381316226,45.17973
FOOTHILL_1_N001,35.27,-120.7,21.75175
FORSTHL_6_N001,39.01927,-120.830271,39.52431
FORTORD_6_N001,36.643363,-121.792138,46.06259
FORTRSS_6_N001,38.539559,-123.223713,54.27625
FOSTERW_7_N001,38.02007534657929,-122.06127131707333,44.25286
FRANKLIN_6_N003,38.012317,-122.264655,44.53385
FRA_SM_LNODENE1,38.38101134187077,-121.4768906014164,33.15846
FRA_SM_LNODENE2,38.380933333277234,-121.47683314740071,33.15846
FRA_SM_LNODENE3,38.38085532476781,-121.47689060154032,33.15846
FRA_SM_LNODENE4,38.38085532476781,-121.47700550957168,33.15846
FRA_SM_LNODENE5,38.380933333277234,-121.47706296371129,33.15846
FRA_SM_LNODENE6,38.38101134187077,-121.4770055096956,33.15846
FREDONIA_LNODELD,34.1733,-114.574,30.27695
FREMNT_1_N001,37.54118124868743,-121.962063,45.07637
FREMNT_1_N007,37.54109987564155,-121.96200374944321,45.07637
FREMNT_1_N013,37.54109987564155,-121.96212225055679,45.07637
FRIARS_1_N001,32.77904499998872,-117.15675673371696,25.85365
FRIARS_1_N009,32.77904499998872,-117.15686326628304,25.85365
FRNCHGLH_6_N001,40.68692,-122.641204,41.89534
FROGTOWN_7_N001,38.056504,-120.53381,41.82621
FRTSWRD_6_N001,40.21377199998503,-123.59658599020719,28.85873
FRUITLND_6_N001,40.28584,-123.837372,30.23681
FRUITVLE_6_N001,35.376774999987504,-119.0924868388967,22.88405
FRUITVLE_6_N101,35.376774999987504,-119.09259716110328,22.88405
FSTREET_LNODEDR1,37.4895796064313,-120.838424090027,33.10648
FSTREET_LNODEDR3,37.4896984214952,-120.838270217479,33.09998
FSTREET_LNODEDR4,37.4896152090171,-120.838173674241,33.09998
FSTREET_LNODEDR5,37.4894938869083,-120.83833925837,33.10648
FTCHMTN_6_N001,38.60608399998592,-122.85282549557644,72.12
FTCHMTN_6_N003,38.60608399998592,-122.85294050442356,72.12
FTL_LNODENE1,38.69308721315885,-121.348651111111,33.01227
FTL_LNODENE2,38.693006393405355,-121.34859132777218,33.01227
FTL_LNODENE3,38.693006393405355,-121.34871089444981,33.01227
FULTON_2_N010,38.49657200829278,-122.75943026543568,49.25804
FULTON_2_N049,38.49657200829278,-122.75954973456432,49.25804
F_6_N001,32.75497274686537,-117.126027,26.06806
F_6_N002,32.75489212655523,-117.12597165333155,26.06806
F_6_N005,32.75489212655523,-117.12608234666845,26.06806
GABILAN_6_N001,36.731511,-121.61325,46.80002
GALE_1_N001,34.85946599998758,-116.86535894183864,23.29095
GANSNER_6_N101,39.939187,-120.948157,41.2061
GANSO_1_N001,35.501698,-119.449132,22.66964
GARCIA_6_N001,38.88879,-123.550318,8.10015
GAREY_1_N002,34.98,-120.26,22.13509
GARFIELD_6_N001,32.795125,-116.996848,26.26298
GARNET_7_N001,33.93858299995228,-116.57633536031197,24.93105
GEER_LNODEDR1,37.52250334748,-120.843709746797,33.10323
GEER_LNODEDR2,37.5224993081714,-120.843588348711,33.10323
GEER_LNODEDR3,37.5224318250334,-120.843496861832,33.10323
GEER_LNODEDR4,37.5224297824039,-120.843426269924,33.10323
GEER_LNODEDR5,37.5224263420376,-120.843557323915,33.10323
GEER_LNODEDR7,37.5224225565731,-120.843630755159,33.10323
GEER_LNODEDR8,37.522425898329,-120.843709042834,33.10323
GENESEE_6_N001,32.87974054062765,-117.2133823800825,26.14927
GENESEE_6_N005,32.87956145928191,-117.21338238029792,26.14927
GENESEE_6_N011,32.87956145928191,-117.21359561970208,26.14927
GENESEE_6_N015,32.87974054062765,-117.2135956199175,26.14927
GENE_2_N001,34.3,-114.23,25.75621
GERBER_6_N101,40.064207,-122.156114,42.04153
GEYSR5-6_7_N001,38.777006613720275,-122.74238837921152,12.94563
GIFFEN_6_N001,36.545076,-120.334519,49.15235
GILROYF_1_N001,37.14,-121.58,44.75953
GILSTRAP_LNODEDR1,37.5800948624588,-120.975549487551,33.08374
GILSTRAP_LNODEDR3,37.5801662132492,-120.9757670064,33.08374
GILSTRAP_LNODEDR5,37.5799830759229,-120.975550499689,33.08374
GILSTRAP_LNODEDR7,37.58017229934,-120.975552395649,33.08374
GILSTRAP_LNODEDR8,37.5801700030066,-120.975645212521,33.08374
GILSTRAP_LNODER17,37.5801611951015,-120.976018315921,33.08374
GIRVAN_6_N001,40.51347,-122.378916,41.61921
GLENCLIF_6_N001,32.798367,-116.498315,22.94129
GLENSHIR_LNODERE,39.352238,-120.08626,31.91099
GLENWOOD_6_N001,37.45733023092607,-122.186967,45.33681
GLENWOOD_6_N004,37.457248884522265,-122.18690783531744,45.33681
GLENWOOD_6_N005,37.457248884522265,-122.18702616468256,45.33681
GLRYCGG1_7_N001,37.12999999998655,-121.5600565514771,44.76927
GOLDTREE_1_N001,35.32012199998752,-120.69284284611503,21.80048
GOLDTREE_1_N002,35.32012199998752,-120.69295315388497,21.80048
GOLETA_6_N200,34.46880142976412,-119.88445868708224,26.21423
GONZALES_6_N001,36.50885299998702,-121.44685522795733,46.76104
GONZALES_6_N003,36.50885299998702,-121.44696677204267,46.76104
GORMAN_6_N001,34.8014,-118.818908,26.29381
GOSELKE_1_N001,35.601596,-119.579654,22.71837
GOULD_2_N001,34.22145799998786,-118.18701737338756,25.24939
GOULD_2_N007,34.22145799998786,-118.18712662661244,25.24939
GRANDIS_1_N004,38.23108199998597,-121.59029758372996,44.00813
GRANDIS_1_N009,38.23108199998597,-121.59041241627003,44.00813
GRANITE_6_N001,32.804473,-116.92086,25.92676
GRANITE_6_N007,32.804472999954854,-116.9207534473782,26.55049
GRANITE_6_N008,32.80438343993102,-116.92086,26.55049
GRANITE_6_N009,32.804472999954854,-116.92096655262179,25.943
GRANTRK_6_N001,37.67099326174171,-122.160116,46.76428
GRANT_1_N001,37.67091186911436,-122.16005663166834,45.14785
GRANT_1_N005,37.67091186911436,-122.16017536833166,45.14785
GRBRVLLE_6_N001,40.10263,-123.792873,26.99311
GRDNEAST_1_N101,36.47999999998696,-119.60994425959105,38.86913
GRDNEAST_1_N102,36.47999999998696,-119.61005574040897,38.86913
GRDNWEST_1_N001,36.59,-119.57,39.04944
GREENBRE_6_N001,37.93780399998614,-122.51415869769995,44.72117
GREENBRE_6_N003,37.93780399998614,-122.51427330230004,44.72117
GRIMWAY_1_N001,35.27,-118.87,22.92953
GRNTHLL_1_N001,32.80456256006898,-116.92086,25.75944
GRNVALY_1_N001,36.952139010813255,-121.76018,46.31273
GRNVALY_1_N011,36.95205799457908,-121.76012146857028,46.31273
GRSSVLY_6_N101,39.209514,-121.061004,42.47422
GRYSFLT_6_N001,40.021612,-121.065532,40.94946
GUALALA_6_N001,38.786699,-123.522777,53.67851
GUSTINE_6_N001,37.253223999986524,-121.01302629664288,45.85341
GUSTINE_6_N002,37.253223999986524,-121.01313970335713,45.85341
GYSRVLLE_6_N001,38.70981887157317,-122.907957,69.06521
GYSRVLLE_6_N003,38.70973806419826,-122.90789721183104,69.06521
HALSEYF_7_N001,38.90131699998584,-121.08772559737287,43.31289
HAL_SUB_LNODEON1,33.84769999998815,-118.30334578612137,31.13133
HAL_SUB_LNODEONA,33.84769999998815,-118.30345421387864,31.12808
HAMILTON_6_N001,39.746242,-122.011361,42.60139
HAMMER_6_N001,38.02138220754234,-121.320367,45.00125
HAMMER_6_N003,38.02130089621381,-121.32030740848892,45.00125
HAMMER_6_N004,38.02130089621381,-121.32042659151108,45.00125
HAMMONDS_1_N001,36.72011,-120.603287,57.5778
HARBORG_7_N101,33.770089981295506,-118.25010824500784,25.51578
HARDING_6_N001,37.963708999986125,-121.29050568468435,44.80899
HARDING_6_N004,37.963708999986125,-121.29062031531565,44.80899
HARDWICK_6_N001,36.404261,-119.68624,38.40348
HARRIS_6_N001,40.78104299998464,-124.13194328500423,37.16744
HARRIS_6_N003,40.78104299998464,-124.13206271499577,37.16744
HARTER_6_N001,39.14325399998575,-121.6480072716394,43.21326
HARTER_6_N003,39.14325399998575,-121.6481227283606,43.21326
HARTLEY_6_N001,39.077268,-122.932322,3.80458
HAR_GS_LNODE10AUX,33.77070285420546,-118.26588005129787,31.13133
HAR_GS_LNODE11AUX,33.770785160786886,-118.2658363056699,31.13133
HAR_GS_LNODE12AUX,33.77085063868779,-118.26576205737284,31.13133
HAR_GS_LNODE13AUX,33.770893238769126,-118.26566671029164,31.13133
HAR_GS_LNODE14AUX,33.77090995880947,-118.26556034876025,31.13133
HAR_GS_LNODE1AUX,33.770900443776654,-118.26545270896402,31.13133
HAR_GS_LNODE2AUX,33.770866485380765,-118.26535246672638,31.13133
HAR_GS_LNODE5AUX,33.77081149182394,-118.26526678898045,31.13133
HAR_SUB_LNODEONA,33.77073997374512,-118.26520109800133,31.13133
HAR_SUB_LNODEONB,33.77065707494083,-118.26515900180253,31.13133
HAR_SUB_LNODEONC,33.77056816417163,-118.26514234955444,31.13133
HATTON_6_N001,36.55679,-121.897162,46.07233
HAWKINS_LNODEDR1,37.5799617816957,-120.645598336747,33.09023
HAWKINS_LNODEDR3,37.5799481743814,-120.645311774451,33.09023
HAWKINS_LNODEDR5,37.5798175544824,-120.645562968772,33.09023
HAWKINS_LNODEDR7,37.5799502934699,-120.645479899093,33.09023
HAY_GS_LNODE10AUX,33.765034221459466,-118.09919670179296,31.14757
HAY_GS_LNODE12AUX,33.76505094051277,-118.09909035381168,31.14757
HAY_GS_LNODE14AUX,33.765041426041684,-118.09898272772843,31.14757
HAY_GS_LNODE15AUX,33.7650074696504,-118.0988824982613,31.14757
HAY_GS_LNODE9AUX,33.7649524793399,-118.09879683143038,31.14757
HAY_LNODESS1,33.76488096548275,-118.09873114881994,31.14757
HAY_LNODESS2,33.76479807157197,-118.09868905798392,31.14757
HED_LNODENE1,38.50998333333333,-121.355746944444,33.12922
HED_LNODENE2,38.50998333327719,-121.35563197930773,33.12922
HED_LNODENE3,38.50989337309517,-121.35563197945136,33.12922
HED_LNODENE4,38.50982976169183,-121.355713272007,33.12922
HED_LNODENE5,38.50981454922492,-121.35582658122124,33.12922
HED_LNODENE6,38.509845707051696,-121.35593443034743,33.12922
HED_LNODENE7,38.509911316684935,-121.35601308641768,33.12922
HED_LNODENE8,38.50999633683837,-121.3560506593429,33.12922
HENRITTA_6_N101,36.24160599998715,-119.9029965105001,25.53642
HERDLYN_6_N001,37.816383,-121.586176,44.51343
HERSHEY_LNODESLL,37.75083,-120.8453,33.26891
HERSHEY_LNODEXF1,37.7508299999447,-120.8451856244636,33.26891
HERSHEY_LNODEXF2,37.75073956547022,-120.8453,33.26891
HERSHEY_LNODEXF3,37.7508299999447,-120.84541437553641,33.26891
HERSHEY_LNODEXF4,37.750920434529704,-120.8453,33.26891
HICKS_2_N001,37.234159254320986,-121.90015163922017,44.35345
HICKS_2_N002,37.23397874557105,-121.9001516394916,44.35345
HICKS_2_N007,37.23397874557105,-121.90037836050841,44.35345
HIDESERT_2_N001,34.145263999987954,-116.18586145110677,25.34524
HIDESERT_2_N018,34.145263999987954,-116.18597054889322,25.34524
HIGGINS_1_N001,39.043590575891166,-121.09071766620363,42.50503
HIGGINS_1_N002,39.04341142399536,-121.0907176664961,42.50503
HIGGINS_1_N004,39.04341142399536,-121.09094833350389,42.50503
HIGHLD_1_N001,38.93741777608508,-122.609034,20.62993
HIGHLD_1_N005,38.937337111942234,-122.60909387327588,20.62993
HIGHWAY_1_N001,38.166048151820924,-122.253616,44.50351
HIGHWAY_1_N002,38.16596692407439,-122.25355635179834,44.50351
HILLSDLE_6_N001,37.536271,-122.322394,45.37849
HILLSIDE_1_N001,37.879999999986126,-122.23994272916374,44.17975
HILLSIDE_1_N004,37.879999999986126,-122.24005727083625,44.17975
HILMAR_LNODEDR1,37.4189785637285,-120.849304571346,33.11622
HILMAR_LNODEDR2,37.4188603223578,-120.849075716434,33.11298
HILMAR_LNODEDR4,37.4189333711687,-120.849077780203,33.11622
HILMAR_LNODEDR5,37.4188652133943,-120.849148221032,33.11298
HILMAR_LNODEDR7,37.4188555229834,-120.849223847561,33.11298
HILMAR_LNODER17,37.4189123657556,-120.849307362712,33.11622
HINSON_6_N001,33.81885999995258,-118.22236564005779,25.52228
HLFMNBY_6_N002,37.46874323375435,-122.43018,45.69413
HLFMNBY_6_N004,37.46866188310803,-122.43012082319957,45.69413
HLFMNBY_6_N101,37.46866188310803,-122.43023917680043,45.69413
HMBLTBY_6_N003,40.78280899998469,-124.11247771670773,36.98598
HOBARTTP_LNODE19,39.400047,-120.149888,31.84277
HOLLISTR_1_N001,36.862728962246265,-121.405867,46.36471
HOLLISTR_1_N004,36.86264801886252,-121.40580858969733,46.36471
HOLLISTR_1_N101,36.86264801886252,-121.40592541030266,46.36471
HOMEGRND_1_N001,38.96,-122.84,19.70965
HOMEPROC_1_N001,38.94,-122.85,19.70316
HONCUT_1_N001,39.320099,-121.595289,42.39515
HOOPA_6_N001,41.056514,-123.682252,36.72167
HORSESHE_1_N001,38.744281999985915,-121.16156545871566,43.60475
HORSESHE_1_N002,38.744281999985915,-121.16168054128434,43.60475
HPLNDJT_6_N001,38.972898,-123.081134,-7.47219
HSK_LA_LNODEKSS,34.487,-118.514,31.11509
HUGHSON_LNODEDR1,37.5949433309328,-120.846755674049,33.06749
HUGHSON_LNODEDR2,37.5949478453779,-120.846639431615,33.061
HUGHSON_LNODEDR3,37.5948895849844,-120.846669736494,33.061
HUGHSON_LNODEDR4,37.5949564824944,-120.846831604577,33.06749
HUGHSON_LNODEDR5,37.594883530932,-120.846800432358,33.06749
HUGHSON_LNODEDR8,37.5948895004896,-120.84669840193,33.061
HUNT1G_7_N002,33.64610399995311,-117.97753404459904,25.80329
HUNT2G_7_N002,33.645950581890766,-117.97761038065147,25.80329
HUNT3G_7_N002,33.64596651133317,-117.97781805443613,25.80329
HUNT4G_7_N002,33.646116990569396,-117.97792719657157,25.80329
HURLEY_LNODE12LD3,38.587283,-121.418244,30.14051
HURON_6_N001,36.185797,-120.104535,19.41475
HUR_LNODENE1,38.58818333333333,-121.418666944444,33.03176
HUR_LNODENE2,38.58818333327699,-121.41855194404475,33.03176
HUR_LNODENE3,38.58810548632912,-121.41860944430671,33.03176
HUR_LNODENE4,38.58810548632912,-121.41872444458129,33.03176
HUR_LNODENE5,38.58818333327699,-121.41878194484326,33.03176
HUR_LNODENE7,38.58826118030932,-121.41872444470597,33.03176
HUR_LNODENE8,38.58826118030932,-121.41860944418204,33.03176
HWD_SUB_LNODEONA,34.088090251059334,-118.34689102435425,31.14757
HWD_SUB_LNODEONB,34.0879097488445,-118.34689102458658,31.14757
HWD_SUB_LNODEONC,34.0879097488445,-118.34710897541342,31.14757
HWD_SUB_LNODEOND,34.088090251059334,-118.34710897564575,31.14757
HYATT_2_N212,39.54,-121.47,42.1948
IBM-CTLE_1_N001,37.33,-121.74,44.25924
IBM-HRRS_1_N001,37.339999999986375,-121.73994319553019,44.22676
IBM-HRRS_1_N101,37.339999999986375,-121.74005680446982,44.22676
IGNACIO_1_N102,38.07555099998604,-122.54000436436782,43.75958
IMHOFF_1_N001,38.001509,-122.066739,44.42503
IMPRLBCH_6_N001,32.58332899998902,-117.09716179037093,26.13791
IMPRLBCH_6_N004,32.58332899998902,-117.09726820962906,26.13467
INDIANW_1_N001,33.75822999998817,-116.36079489140164,24.9408
INDIANW_1_N005,33.75822999998817,-116.36090310859835,24.9408
INDNFLT_6_N001,37.66547,-119.841331,45.15564
INDUSTRL_LNODEDR1,37.4786063003132,-120.866935168966,33.10648
INDUSTRL_LNODEDR2,37.4784258031614,-120.866836967643,33.10323
INDUSTRL_LNODEDR3,37.4784244272802,-120.866662034426,33.10323
INDUSTRL_LNODEDR5,37.4785292936467,-120.866935824384,33.10648
INDUSTRL_LNODEDR7,37.4784403782944,-120.866928290638,33.10648
INDUSTRL_LNODEDR8,37.4784247171011,-120.866748607625,33.10323
INGRMC_1_N001,37.83,-121.17,44.4695
INYOKERN_1_N001,35.65261399998741,-117.79478579202693,23.66461
INYOKERN_1_N008,35.65261399998741,-117.79489620797307,23.66461
IRONMTN_2_N001,34.16,-115.12,25.27867
IUKA_6_N001,37.665987,-121.831011,44.48297
JACINTO_6_N001,39.582923,-122.010645,42.94574
JAMACHA_6_N001,32.744163749547276,-116.957239,26.35232
JAMACHA_6_N006,32.74408312521416,-116.95718365728564,26.35232
JAMACHA_6_N015,32.74408312521416,-116.95729434271436,26.35232
JAMESON_1_N001,38.205743,-122.147539,43.62367
JANSCRK_6_N001,40.905394259900845,-124.072573,37.04399
JANSCRK_6_N003,40.90531287003298,-124.0725108262728,37.04399
JARVIS_1_N014,37.59572442721241,-122.01803387245575,45.3926
JARVIS_1_N016,37.595543572677634,-122.01803387273313,45.3926
JARVIS_1_N017,37.595543572677634,-122.01826212726687,45.3926
JARVIS_1_N101,37.59572442721241,-122.01826212754425,45.3926
JCBSCRNR_6_N001,36.22245499998718,-119.77977650530629,25.56566
JCBSCRNR_6_N003,36.22245499998718,-119.77988749469371,25.56566
JENNY_1_N001,37.769999999986226,-122.25994279875593,45.49868
JENNY_1_N008,37.769999999986226,-122.26005720124407,45.49868
JESSUP_1_N001,40.462102,-122.328061,41.45678
JMSCNPMP_1_N001,38.19,-122.47,43.79207
JOHANNA_2_N001,33.71362395818503,-117.852576,25.85202
JOHANNA_2_N007,33.71354302089469,-117.85251982319095,25.85202
JOLON_6_N001,36.013308,-121.167635,50.95206
KAMM_1_N001,36.58,-120.52,57.51608
KANAKA_1_N001,39.439999999985574,-121.38994201903363,41.47904
KEARNEY_6_N001,36.704357999986875,-119.88278399673257,44.25447
KEARNEY_6_N099,36.704357999986875,-119.88289600326743,44.25447
KEARNEY_7_N001,32.832849999988746,-117.13199871171014,26.10704
KEARNEY_7_N003,32.832849999988746,-117.13210528828985,26.10379
KELSO_2_N001,37.797722,-121.601591,44.09698
KERMAN_6_N001,36.69205999998684,-120.05918901200307,50.54925
KERMAN_6_N002,36.69205999998684,-120.05930098799692,50.54925
KERNOIL_1_N001,35.44070999998741,-119.02061483035583,23.06922
KERNOIL_1_N012,35.44070999998741,-119.02072516964418,23.06922
KERNPWR_1_N002,35.37980096994444,-119.097984,22.84832
KERNPWR_1_N201,35.37972001501422,-119.09792667452027,22.84832
KERNRDGE_1_N001,35.48320899998747,-119.76358482417542,22.39403
KERNRV_1_N001,35.37972001501422,-119.09804132547973,23.04323
KERNWATR_1_N001,35.400666,-119.035603,22.8873
KESWICK_6_N001,40.623725,-122.462027,41.59647
KETTLEMN_6_N001,36.044075,-120.112696,19.59018
KETTNER_6_N001,32.733172,-117.173774,26.24837
KIERNAN_LNODETUB,37.71047,-121.0139,33.21368
KINGCTY_6_N001,36.21683446252504,-121.1266820197143,50.92932
KINGCTY_6_N002,36.21683446252504,-121.1269039802857,50.92932
KINGCTY_6_N005,36.217013537372516,-121.12690398053972,50.92932
KINGSBRG_1_N001,36.48869063297857,-119.58234525016937,38.14359
KINGSBRG_1_N008,36.48861299994815,-119.58228950045047,38.14359
KIRKER_1_N001,38.0212542075842,-121.905844,44.24961
KIRKER_1_N005,38.02117289619287,-121.90578440854696,44.24961
KIRKER_1_N006,38.02117289619287,-121.90590359145303,44.24961
KNA_LNODENA2,40.654722,-122.389167,31.94348
KNGHTSLD_1_N001,38.809281,-121.74515,43.63668
KONOCTI6_6_N001,38.9325,-122.741085,7.6407
KRAMER_1_N001,34.99008799998758,-117.5425989024871,25.70392
KYOCERA_6_N001,32.819776,-117.140362,26.03233
LADDCM_LNODEARD,37.73258,-121.01392,33.21368
LAFRESA_6_N001,33.86979104273171,-118.33319,25.58075
LAFRESA_6_N007,33.869709978621295,-118.33324636755688,25.58075
LAGNANL_1_N001,33.49498074466377,-117.70295838393929,26.16877
LAGNANL_1_N002,33.494801255243225,-117.70295838416239,26.16877
LAGNANL_1_N005,33.494801255243225,-117.70317361583761,26.16877
LAGNANL_1_N006,33.49498074466377,-117.70317361606071,26.16877
LAGRANG_LNODEOAD,37.6697612035926,-120.443808701526,33.08699
LAGUBELL_6_N001,33.975996097823064,-118.14794,25.36309
LAGUBELL_6_N210,33.97591495107552,-118.14799649540468,25.36309
LAGUNATP_6_N001,36.748942999986895,-121.60530194075191,54.68233
LAGUNITS_6_N001,36.748942999986895,-121.60541405924809,46.81301
LAJOLLA_6_N001,32.840121999988746,-117.27517670850455,26.19151
LAJOLLA_6_N007,32.840121999988746,-117.27528329149546,26.21425
LAKEVIEW_6_N101,35.093678,-119.10139,23.48179
LAKEVLLE_1_N001,38.251505,-122.580692,43.59715
LAKEWOOD_1_N001,37.909008286572075,-122.05701271293042,44.43153
LAKEWOOD_1_N003,37.90892999994441,-122.05695542598274,44.43153
LAKEWOOD_1_N004,37.90885171340006,-122.05701271305232,44.43153
LAKEWOOD_1_N006,37.90885171340006,-122.05712728694768,44.43153
LAKEWOOD_1_N007,37.90892999994441,-122.05718457401727,44.43153
LAKEWOOD_1_N009,37.909008286572075,-122.05712728706959,44.43153
LAK_SM_LNODENE2,38.658077794318025,-121.13012359377534,33.06749
LAK_SM_LNODENE3,38.65799999994368,-121.13006607656462,33.06749
LAK_SM_LNODENE4,38.657922205653776,-121.13012359390028,33.06749
LAK_SM_LNODENE6,38.657922205653776,-121.13023862832172,33.06749
LAK_SM_LNODENE7,38.65799999994368,-121.13029614565738,33.06749
LAK_SM_LNODENE8,38.658077794318025,-121.13023862844666,33.06749
LAMONT_1_N001,35.296667999987505,-118.86162984910735,22.90679
LAMONT_1_N002,35.296667999987505,-118.86174015089266,22.90679
LAPHAM_LNODEQBZ,37.639494,-120.919982,33.17795
LAPHAM_LNODEXBC,37.63949399994495,-120.91986779708742,33.17795
LAPLMG1_7_N001,35.29516599994997,-119.59192469860037,22.61117
LAPLMG2_7_N001,35.2950123151544,-119.59200269352937,22.61117
LAPLMG3_7_N001,35.29502827228419,-119.59221488028864,22.61117
LAPLMG4_7_N001,35.29517901313358,-119.59232639423358,22.61117
LASPALMS_1_N001,36.8,-119.69,40.73231
LASPLGS_6_N001,33.31288499998846,-117.46694237728786,45.27719
LASPULGS_6_N001,33.31288499998846,-117.46704962271214,26.23049
LAURELES_6_N001,36.47781599998705,-121.7268922619553,47.04042
LAWRENCE_1_N001,37.397207,-122.010126,44.97726
LAWRENCE_1_N003,37.39720699994556,-122.01001226428907,44.97726
LAWRENCE_1_N004,37.39711664332103,-122.010126,44.97726
LAWRENCE_LNODEENCE,37.397297356679005,-122.010126,30.30619
LBEACH2G_7_N002,33.818691093192,-118.22254906136247,25.52228
LCIENEGA_6_N001,34.000751,-118.378408,25.66521
LEGRAND_1_N001,37.184412,-120.273463,46.31645
LEMOORE_6_N002,36.30998799998711,-119.79822042969916,25.80606
LEMOORE_6_N101,36.30998799998711,-119.79833157030085,25.80606
LEPRINO_1_N001,37.748396,-121.41576,44.65792
LERDO_1_N001,35.50010399998744,-119.15188082156193,23.16018
LERDO_1_N004,35.50010399998744,-119.15199117843807,23.16018
LILAC_6_N001,33.25325899998847,-117.08580343192692,26.46439
LILAC_6_N010,33.25325899998847,-117.08591056807307,26.46439
LIMESTNE_6_N001,38.63377399998596,-120.97960448884528,43.771
LINCON_LNODECRZ,37.63940356621228,-120.91986779722644,33.1747
LINCON_LNODEFCN,37.639339619957,-120.91994855081084,33.1747
LINDEN_6_N101,38.016891,-121.095875,45.58541
LITEHIPE_6_N001,33.88040091918611,-118.17506849549716,25.50278
LITEHIPE_6_N008,33.88058108071875,-118.17528550473195,25.50278
LIVERMRE_6_N001,37.68013099998621,-121.78059286544908,44.42125
LIVERMRE_6_N003,37.68013099998621,-121.78070713455092,44.42125
LIVNGSTN_6_N001,37.363379203022006,-120.760425,45.56428
LLAGAS_1_N001,37.006958040367174,-121.557391,44.73679
LLAGAS_1_N003,37.00687697980194,-121.55733239433584,44.73679
LLAGAS_1_N005,37.00687697980194,-121.55744960566416,44.73679
LMEC1_1_N001,38.030625,-121.896783,44.19438
LMEC1_1_N101,38.03062499994427,-121.89666830800388,44.19438
LMEC1_1_N601,38.0305346591732,-121.89666830814532,44.19438
LMEC1_1_N801,38.03047077865233,-121.89674940756281,44.19438
LMECCT1_7_N001,38.0304867914731,-121.89697004046927,44.19438
LMECCT2_7_N001,38.03063805852326,-121.89708599331652,44.19438
LMECST1_7_N001,38.03081089924409,-121.89703337694175,44.19438
LMPC-CTY_1_N001,34.6,-120.39,22.51192
LOCKHD1_1_N001,37.409054,-122.03213,45.05469
LOCKHD2_1_N001,37.416224,-122.030655,45.08718
LOGANCR_2_N001,39.53955399998549,-122.26277291112409,41.72915
LOGANCR_2_N010,39.53955399998549,-122.26288908887592,41.72915
LONESTAR_1_N001,37.511676999986356,-122.20756301431467,45.2296
LOSALTS_6_N004,37.3939352129738,-122.114735,44.85541
LOSALTS_6_N005,37.393853893498445,-122.11467590496156,44.85541
LOSALTS_6_N101,37.393853893498445,-122.11479409503845,44.85541
LOSCCHS_6_N001,32.85981772690813,-116.899263,50.70192
LOSCOCHS_6_N001,32.85973713653372,-116.89920760858072,25.76433
LOSCOCHS_6_N034,32.85973713653372,-116.89931839141927,25.76433
LOSGATS_6_N002,37.226423999986494,-121.97722832893687,45.25823
LOSGATS_6_N201,37.226423999986494,-121.97734167106313,45.25823
LOSOSTS_6_N001,36.293864,-121.20007,51.01703
LOVELAND_6_N001,32.796957,-116.792258,25.33551
LOWGAP_7_N001,40.4327289999849,-123.47220368717633,41.53799
LOYALTON_LNODETY,39.6680639999855,-120.24305624345052,31.60562
LOYOLA_6_N001,37.360660999986344,-122.09993417231678,44.73846
LOYOLA_6_N004,37.360660999986344,-122.10004782768323,44.73846
LPFLKBD_6_N001,40.90531287003298,-124.07263517372719,37.12521
LSGLLNS_1_N001,38.022339207228725,-122.537978,43.85054
LSGLLNS_1_N002,38.0222578963706,-122.53791840805536,43.85054
LSGLLNS_1_N003,38.0222578963706,-122.53803759194464,43.85054
LSPSTAS_2_N001,37.700982436898656,-121.73360569835381,44.40826
LSPSTAS_2_N002,37.70080156299109,-121.73360569863272,44.40826
LSPSTAS_2_N010,37.70080156299109,-121.7338343013673,44.40826
LSPSTAS_2_N011,37.700982436898656,-121.73383430164618,44.40826
LSTHLLS_6_N001,35.785755,-119.866138,21.08522
LUCERNE_1_N001,39.110189,-122.81298,20.62676
LUCERNE_1_N004,39.11,-122.81,20.62676
LUIS#3_1_N001,36.65,-120.73,57.58105
LUIS#5_1_N001,36.72,-120.75,57.58105
LVNGSTN_7_N002,37.36329789847426,-120.76036593987695,44.32241
LYOTH-SP_6_N001,37.721862,-121.390858,44.79761
LYTNVLLE_6_N001,39.684962,-123.476979,17.12594
MABURY_1_N001,37.36089599998639,-121.86395517205479,45.43696
MABURY_6_N001,37.36089599998639,-121.86406882794522,45.50133
MADISON_1_N002,38.67073989103906,-121.969138,43.32155
MADISON_1_N201,38.67065905446531,-121.9690782228888,43.32155
MAGUNDEN_1_N002,35.36215899998747,-118.92373215922743,23.09846
MAINE-PR_6_N001,38.385820999985995,-121.77582145519017,43.38977
MALAGA_1_N001,36.69415479048744,-119.72474601890697,40.26609
MALAGA_1_N004,36.69397520940774,-119.72474601916853,40.26609
MALAGA_1_N005,36.69397520940774,-119.72496998083147,40.26609
MALAGA_1_N206,36.69415479048744,-119.72496998109303,40.26609
MANCHSTR_1_N001,36.78803392229639,-119.787488,41.06099
MANCHSTR_1_N002,36.787953038837564,-119.78742968988867,41.06099
MANCHSTR_1_N005,36.787953038837564,-119.78754631011132,41.06099
MANDLY1G_7_N002,34.207443999951565,-119.24890677468957,25.78541
MANDLY2G_7_N002,34.20736577177866,-119.24907061260453,25.78541
MANDLY3G_7_N001,34.20752222819712,-119.2490706127059,25.78541
MANTECA_1_N001,37.80151542742815,-121.22356755493873,44.7099
MANTECA_1_N002,37.80133457246114,-121.22356755521895,44.7099
MANTECA_1_N012,37.80133457246114,-121.22379644478104,44.7099
MANTECA_1_N013,37.80151542742815,-121.22379644506127,44.7099
MANVILLE_1_N001,34.53,-120.43,22.40147
MARGARTA_1_N001,33.55007578845692,-117.62798626281774,26.15252
MARGARTA_1_N002,33.54989621144975,-117.62798626304166,26.15252
MARGARTA_1_N008,33.54989621144975,-117.62820173695833,26.15252
MARGARTA_1_N009,33.55007578845692,-117.62820173718225,26.15252
MARICOPA_6_N001,35.107547,-119.398151,22.5462
MARIPOS2_6_N001,37.50445799998627,-120.00773602136582,45.18812
MARIPOS2_6_N003,37.50445799998627,-120.00784997863418,45.18812
MARPOS_LNODEKSA,37.63932432741219,-120.92006110878681,33.1747
MARPOS_LNODENOX,37.63935564925701,-120.92016824287315,33.1747
MARSHALL_LNODEDR1,37.43587720766,-121.132527674588,33.10648
MARSHALL_LNODEDR2,37.4358760484777,-121.13220043951,33.10323
MARSHALL_LNODEDR3,37.4358798082574,-121.132682875263,33.10648
MARSHALL_LNODEDR4,37.4358789493306,-121.132046059332,33.10323
MARSHALL_LNODEDR5,37.4358787251639,-121.131895544498,33.10323
MARSHALL_LNODER8C,37.435876146414,-121.132374308977,33.10648
MARTELL_6_N001,38.369191999986,-120.79669245138386,44.94809
MARTINEZ_1_N001,38.02,-122.16,44.46401
MCARTHR_6_N001,41.05270199998445,-121.40878106361407,40.66898
MCCALL_1_N026,36.61141783540495,-119.639697,39.77445
MCCALL_1_N030,36.61133708228342,-119.63963891745578,39.77445
MCC_LNODEMCC,38.63008971070796,-121.51320976638306,33.01227
MCDISLE_6_N001,37.93693288402067,-121.52832945017714,45.77063
MCFRLND_6_N001,35.688444,-119.276835,23.17643
MCKEE_1_N001,37.366407204044364,-121.843789,45.43696
MCKEE_1_N005,37.36632589796316,-121.84372993637959,45.43696
MCKEE_1_N101,37.36632589796316,-121.84384806362041,45.43696
MCMULLN1_2_N001,36.592775,-119.989065,48.0906
MCY_LNODE101,38.563116666666666,-121.464371944444,33.07724
MCY_LNODE102,38.563116666610455,-121.4642569555954,33.07724
MCY_LNODE103,38.56302675430868,-121.46425695573926,33.07724
MCY_LNODE104,38.562963176761876,-121.46433826506194,33.07724
MCY_LNODE105,38.562947972391605,-121.46445159764659,33.07399
MCY_LNODE106,38.5629791136348,-121.46455946901716,33.07399
MCY_LNODE107,38.56304468834792,-121.46463814131086,33.07399
MCY_LNODE108,38.56312966325024,-121.46467572198618,33.07399
MDLRIVR_6_N001,37.93693288402067,-121.52844854982285,45.5075
MDWYPS_6_N001,35.402824999987416,-119.45497183549746,22.75086
MECCTG1_7_N100,37.239909741275135,-121.77988662517618,44.13958
MECCTG2_7_N100,37.2400902586168,-121.78011337509535,44.13958
MEDWLNE_1_N001,37.963141225082815,-122.052361,44.43153
MEDWLNE_1_N002,37.963059887443606,-122.05230143651556,44.43153
MEDWLNE_1_N006,37.963059887443606,-122.05242056348443,44.43153
MELROSE_6_N001,33.206560573300976,-117.25285494469412,26.26947
MELROSE_6_N004,33.20638142660739,-117.25285494491321,26.26947
MELROSE_6_N005,33.20638142660739,-117.25306905508678,26.26947
MELROSE_6_N009,33.206560573300976,-117.25306905530589,26.26947
MENLO_6_N001,37.4330313740754,-122.20260718789906,45.35955
MENLO_6_N002,37.43285062581547,-122.2026071881739,45.35955
MENLO_6_N003,37.43285062581547,-122.2028348118261,45.35955
MENLO_6_N004,37.4330313740754,-122.20283481210093,45.35955
MERCEDFL_7_N001,37.27292328168154,-120.48675154649395,48.88
MERCED_1_N001,37.27274271821013,-120.48697845323395,44.13724
MERCED_1_N002,37.27292328168154,-120.48697845350604,44.13724
MERIDIAN_6_N101,37.225299,-121.744182,36.32832
MESACAL_6_N001,34.037454,-118.109265,25.25589
MESAHGTS_6_N001,32.829628731503114,-117.157263,26.02583
MESAHGTS_6_N007,32.82954813423625,-117.15720762268285,26.02583
MESARIM_6_N001,32.90498753633711,-117.17294735480384,26.12004
MESARIM_6_N007,32.90480846357245,-117.1729473550195,26.12004
MESARIM_6_N008,32.90480846357245,-117.1731606449805,26.12004
MESARIM_6_N012,32.90498753633711,-117.17316064519616,26.12004
METCALF_1_N018,37.22435199998651,-121.74197733145253,44.22676
METTLER_6_N001,38.078067,-121.2867,44.60589
MEYERS_LNODE31,38.877195,-119.986125,31.14432
MEYERS_LNODE32,38.87719499994345,-119.98600982501117,31.14432
MEYERS_LNODE33,38.87710533707398,-119.986125,31.14432
MEYERS_LNODE34,38.87719499994345,-119.98624017498884,31.14432
MEYERS_LNODE35,38.87728466292607,-119.986125,31.14432
MI-WUK_1_N001,38.052745,-120.217268,41.464
MIDDLTWN_6_N002,38.7527889999859,-122.60852945612646,9.89847
MIDDLTWN_6_N101,38.7527889999859,-122.60864454387354,9.89847
MILLBRAE_1_N001,37.605189,-122.391045,45.23935
MILLBRAE_1_N004,37.60518899994505,-122.39093085578821,45.23935
MILLBRAE_1_N201,37.60518899994505,-122.3911591442118,45.23935
MILLBRAE_6_N001,37.6052794289691,-122.391045,45.29457
MILLER_1_N001,37.81,-121.1,44.44027
MILPITAS_1_N001,37.415395,-121.888564,45.11642
MILPITAS_1_N003,37.41539499994551,-121.8884502251851,45.11642
MILPITAS_1_N005,37.41530463419468,-121.888564,45.11642
MILPITAS_1_N006,37.41539499994551,-121.88867777481491,45.11642
MINNIER_LNODEJFF,37.71289,-120.93858,33.1747
MIRABEL_6_N001,38.489406,-122.894261,54.0391
MIRALOMA_6_N001,34.004371186293284,-117.56506721001799,25.40371
MIRAMAR_6_N001,32.89408253805123,-117.13552936589245,26.11029
MIRAMAR_6_N004,32.89390346185827,-117.135529366108,26.11029
MIRAMAR_6_N017,32.89390346185827,-117.135742633892,26.11029
MISSION_6_N001,32.784191999954906,-117.13741946348074,25.93812
MISSION_6_N031,32.78411443272647,-117.13747273178681,25.93812
MISSION_6_N040,32.78411443272647,-117.13757926821319,25.93812
MISSION_6_N049,32.784191999954906,-117.13763253651926,25.93812
MKT_SUB_LNODEONA,34.0434902173762,-118.24599112234871,31.14432
MKT_SUB_LNODEONB,34.04330978252786,-118.24599112258036,31.14432
MKT_SUB_LNODEONC,34.04330978252786,-118.24620887741963,31.14432
MKT_SUB_LNODEOND,34.0434902173762,-118.24620887765128,31.14432
MNDCTP_6_N001,39.251247,-123.196582,9.75506
MOFTFLD_1_N002,37.41,-122.04,45.03845
MOLINO_6_N002,38.42527299998595,-122.83215753598292,54.44193
MOLINO_6_N101,38.42527299998595,-122.83227246401708,54.44193
MONOLITH_6_N029,34.92999999998754,-118.4199449189089,24.32677
MONOLITH_6_N101,34.92999999998754,-118.4200550810911,24.32677
MONROE_1_N001,38.45321800700051,-122.743668,50.69392
MONROE_1_N002,38.45313699648462,-122.74360827529611,50.70691
MONROE_1_N101,38.45313699648462,-122.74372772470389,50.70691
MONSRATE_6_N001,33.32908099998846,-117.23541536188321,26.61058
MONSRATE_6_N007,33.32908099998846,-117.23552263811678,26.61058
MONTAGUE_1_N001,37.40375521599691,-121.905675,45.37902
MONTAGUE_1_N006,37.403673891986756,-121.90561589392182,45.37902
MONTAGUE_1_N007,37.403673891986756,-121.90573410607819,45.37902
MONTCLLO_1_N008,38.48,-122.32,50.03127
MONTEREY_6_N001,36.599917,-121.890341,46.06259
MONTERO_6_N001,38.47145299998595,-123.01207452586034,54.37696
MONTERO_6_N004,38.47145299998595,-123.01218947413966,54.37696
MONTGMRY_6_N001,32.631633999988686,-117.09951777952129,26.03396
MONTGMRY_6_N002,32.631633999988686,-117.0996242204787,26.03396
MONTPELR_LNODEDR3,37.5513950204046,-120.771210942368,33.10973
MONTPELR_LNODEDR4,37.5513208784333,-120.77132554154,33.10973
MONTPELR_LNODEDR5,37.5513203022304,-120.771217224249,33.10973
MONTPELR_LNODEDR7,37.551320342333,-120.771557696814,33.09998
MONTPELR_LNODEDR8,37.5513195014288,-120.771445581179,33.09998
MOORPARK_6_N001,34.28245799998789,-118.90073231455499,25.45081
MORAGA_1_N001,37.848008,-122.160732,44.23498
MORGAN_1_N001,37.12745917114046,-121.65871690356438,22.63391
MORMON_6_N001,37.968746,-121.185898,45.29303
MOROHILL_6_N001,33.252187,-117.300305,26.42865
MORROBY_1_N001,35.373004,-120.855187,21.56658
MOSSLD_1_N001,36.804150842399494,-121.78373687034716,45.47784
MOSSLND6_7_ND001,36.80399515757413,-121.78384912953872,43.2037
MOSSLND7_7_ND001,36.804150842399494,-121.78384912965284,43.2037
MPLECRK_6_N001,40.767881,-123.87365,37.53382
MREIS-Q_1_N001,38.12,-122.33,44.60747
MRGNHIL_1_N001,37.12727882875214,-121.65871690383386,44.5841
MRGNHIL_1_N004,37.12727882875214,-121.65894309616613,44.5841
MRGNHIL_1_N007,37.12745917114046,-121.65894309643562,44.5841
MRTSVAL_LNODE32,39.329538,-120.170031,31.88176
MRYSVLLE_6_N001,39.13944599998575,-121.58327227419691,43.50564
MRYSVLLE_6_N003,39.13944599998575,-121.58338772580308,43.50564
MSHR60V_6_N001,38.02150699998609,-121.28089465794243,45.3456
MSHR60V_6_N006,38.02150699998609,-121.28100934205757,45.3456
MTEDEN_1_N001,37.63264525976642,-122.10124,45.13161
MTEDEN_1_N005,37.632563870101905,-122.10118066447778,45.13161
MTEDEN_1_N009,37.632563870101905,-122.10129933552223,45.13161
MTNHOUSE_LNODE1KV,37.79428,-121.55964,32.97653
MTNPASS_1_N001,35.508179,-115.53125,24.91158
MTNQUAR_6_N001,38.914515,-121.015694,43.31614
MTVIEW_1_N001,34.07927114678052,-117.240376,44.86681
MTVIEW_1_N004,34.079189926596804,-117.24031938460595,44.86681
MTVIEW_1_N005,34.079189926596804,-117.24043261539406,44.86681
MURRAY_6_N001,32.79087756459772,-117.0229334582287,26.13628
MURRAY_6_N004,32.790698435312095,-117.02293345844329,26.13628
MURRAY_6_N005,32.790698435312095,-117.02314654155671,26.13628
MURRAY_6_N015,32.79087756459772,-117.0231465417713,26.13628
MUSLSLGH_6_N001,36.264507,-119.907357,25.55267
NARROWS1_7_N001,33.13712344927391,-116.2943780565384,42.29879
NARROWS_6_N010,33.137302550634665,-116.29459194367982,26.48713
NATNLCTY_6_N001,32.67305199998863,-117.10726576866911,26.18015
NATNLCTY_6_N005,32.67305199998863,-117.10737223133088,26.18015
NAT_LNODENE1,38.65097779957077,-121.48672359559271,33.00577
NAT_LNODENE2,38.65089999994365,-121.48666608019934,33.00577
NAT_LNODENE3,38.650822200401045,-121.48672359571763,33.00577
NAT_LNODENE4,38.650822200401045,-121.48683862650437,33.00252
NAT_LNODENE5,38.65089999994365,-121.48689614202266,33.00252
NAT_LNODENE6,38.65097779957077,-121.4868386266293,33.00252
NAVSTMTR_6_N001,32.67041199998878,-117.11463876940559,26.22238
NAVSTMTR_6_N011,32.67041199998878,-117.11474523059441,26.22238
NAVY35R_1_N001,35.29,-119.45,22.53645
NBRANCH_6_N001,38.199837,-120.719506,44.84739
NCMETER_1_N001,33.089572,-117.203236,26.03882
NCPA1GY1_7_N001,38.329999999986036,-122.63005744213352,43.31777
NCPA1GY2_7_N001,38.33999999998601,-122.64005744453604,43.33077
NCPA2GY1_7_N001,38.34999999998599,-122.65005744690819,49.06313
NCPA2GY2_7_N001,38.329999999986036,-122.68005744213352,49.04688
NDUBLIN_2_N002,37.86,-121.88,44.96593
NEWARKD_1_N001,37.50049924095103,-121.987091,45.15545
NEWARKD_1_N012,37.500417879509776,-121.98703179018516,45.15545
NEWBURG_6_N001,40.59455299998477,-124.13512748525541,36.21792
NEWBURG_6_N003,40.59455299998477,-124.13524651474458,36.21792
NEWELL_LNODEWELL,41.888139999984205,-121.37832971620207,30.30619
NEWHALL_1_N001,36.86718099998678,-120.32825478878492,51.57218
NEWHALL_1_N002,36.86718099998678,-120.32836721121508,51.57218
NEWMAN_6_B2,37.31543099998646,-121.01505122358405,45.32389
NEWMAN_6_N001,37.31543099998646,-121.01516477641594,45.32389
NOISLMTR_6_N004,32.70248360152014,-117.18205952001077,26.30034
NOISLMTR_6_N009,32.70230439838948,-117.1820595202246,26.30034
NORCO_1_N001,35.28535,-119.308893,22.79634
NORD1_1_N001,39.759998999985385,-121.90689363690683,42.55864
NORD1_1_N003,39.759998999985385,-121.90701036309318,42.55864
NORTECH_1_N001,37.46,-121.76,45.27831
NORTHOAK_6_N003,35.96338313356797,-119.45673850749412,25.43456
NORTHOAK_6_N004,35.96338313356797,-119.45685349250587,25.43456
NORTHOAK_6_N005,37.36329789847426,-120.76048406012305,25.43456
NOVATO_6_N001,38.10860199998601,-122.56828762317217,43.78882
NOVATO_6_N002,38.10860199998601,-122.56840237682783,43.78882
NRTHTWR_1_N001,38.066061192073654,-122.195674,44.48512
NRTHTWR_1_N002,38.06597990394814,-122.1956143891305,44.48512
NRTHTWR_1_N004,38.06597990394814,-122.19573361086951,44.48512
NR_SUB_LNODEONA,34.22909034238915,-118.54339073176756,31.15732
NR_SUB_LNODEONB,34.228909657513995,-118.54339073200198,31.15732
NR_SUB_LNODEONC,34.228909657513995,-118.54360926799801,31.15732
NR_SUB_LNODEOND,34.22909034238915,-118.54360926823244,31.15732
NUMITAP_1_N003,37.5,-122.04,45.25179
NVYSCHL_6_N001,36.59909,-121.877082,46.0301
NWKDIST_2_N001,37.47999999998637,-121.97994304564625,44.94969
NWKDIST_2_N004,37.47999999998637,-121.98005695435374,44.94969
OAKC12_7_N002,37.797435,-122.281022,44.49487
OAKDAL_LNODEMTS,37.66746999998627,-120.95814287556452,33.1747
OAKDAL_LNODENDN,37.66746999998627,-120.95825712443548,33.1747
OAKHURST_1_N001,37.32379499998641,-119.63394921398016,42.65774
OAKHURST_1_N002,37.32379499998641,-119.63406278601984,42.65774
OAKLAND_1_N001,37.79743499994459,-122.28090756034669,44.49162
OAKLAND_1_N006,37.797356686862834,-122.280964780234,44.49162
OAKLAND_1_N033,37.797356686862834,-122.28107921976599,44.49162
OCEANO_1_N001,35.10177099998753,-120.58099587832989,22.26503
OCEANO_1_N004,35.10177099998753,-120.5811061216701,22.26503
OCEANSDE_6_N001,33.19681799998853,-117.381743480479,26.30846
OCEANSDE_6_N002,33.19681799998853,-117.381850519521,26.30846
OIGLASS_1_N001,37.75,-121.31,44.57996
OILDALE_1_N001,35.42,-118.98,23.03349
OILFLDS_6_N001,35.95646873409211,-120.85121,49.97099
OILFLDS_6_N007,35.95638813294024,-120.8511525112428,49.97099
OLDRIVR_6_N001,35.208404,-119.100252,23.21216
OLDTOWN_6_N001,32.766092,-117.192529,25.93487
OLEMA_6_N001,38.042497,-122.786541,44.15916
OLETA_6_N001,38.48064499998599,-120.84462852385393,43.68328
OLETA_6_N003,38.48064499998599,-120.84474347614606,43.68328
OLINDA_6_N001,33.94616008273055,-117.922244,25.34685
OLIVHRST_1_N001,39.0918869999858,-121.54288430472884,43.18728
OLIVHRST_1_N002,39.0918869999858,-121.54299969527116,43.18728
OLY_SUB_LNODEONA,34.03409021003063,-118.45989114327803,31.15732
OLY_SUB_LNODEONB,34.03390978987338,-118.45989114350952,31.15732
OLY_SUB_LNODEONC,34.03390978987338,-118.46010885649046,31.15732
OLY_SUB_LNODEOND,34.03409021003063,-118.46010885672197,31.15732
OMAR_2_N001,35.475983864148716,-118.98698399999999,26.41401
OMWD_6_N001,33.068479,-117.141404,26.05182
ONEILPMP_7_LN001,37.098611,-121.0475,45.53829
OREGNTRL_1_N001,40.61902099998471,-122.32226045686366,41.5315
OREGNTRL_6_N001,40.61902099998471,-122.32237954313634,41.56723
OREGON_LNODENK1,37.63168999998624,-120.9742429051075,33.1812
OREGON_LNODENK2,37.63168999998624,-120.9743570948925,33.1812
ORICK_6_N001,41.294542,-124.056522,37.78467
ORLANDB_6_N001,39.725068,-122.178873,41.93218
OROLOMA_6_N001,36.886866,-120.655928,57.61029
OROSI_6_N006,36.544759,-119.251776,40.52869
OROVILLE_6_N001,39.50524442035656,-121.5593758990519,42.35617
OROVILLE_6_N005,39.50524442035656,-121.5596081009481,42.35617
OROVILLE_6_N102,39.50542357952801,-121.55960810124742,42.35617
ORV_LNODENE1,38.68455,-121.267326944444,33.03176
ORV_LNODENE2,38.68454999994364,-121.26721189591703,33.03176
ORV_LNODENE3,38.68446019318104,-121.26721189606141,33.03176
ORV_LNODENE4,38.68439669026182,-121.26729324758281,33.03176
ORV_LNODENE5,38.68438150373832,-121.26740663898543,33.03176
ORV_LNODENE6,38.6844126084275,-121.26751456633991,33.03176
ORV_LNODENE7,38.6844781061685,-121.26759327946426,33.03176
ORV_LNODENE8,38.68456298132683,-121.2676308796447,33.03176
OTAY_6_N001,32.595376662064226,-117.05752057560969,26.07294
OTAY_6_N014,32.59519733784581,-117.05752057582266,26.07294
OTTER_6_N001,36.47781599998705,-121.7270037380447,46.79027
OVES_SUB_LNODEBKB,37.43792099998635,-118.55704491120122,27.88598
OVES_SUB_LNODEBKC,36.443,-118.0438,29.16593
OVES_SUB_LNODEBKD,37.342,-118.441,27.88598
OXFORD_1_N001,36.7,-120.68,57.58105
PACFCBCH_6_N001,32.799218999988646,-117.24014772581532,26.10055
PACFCBCH_6_N004,32.799218999988646,-117.24025427418468,26.10055
PACIFICA_6_N001,37.59458399998625,-122.48892793722666,45.58045
PACIFICA_6_N003,37.59458399998625,-122.48904206277334,45.58045
PADUA_6_N001,34.120216,-117.639076,25.40696
PALMR_1_N001,34.825223,-120.298953,22.22605
PALOMAR_1_N001,33.12281772819047,-117.287925,26.04207
PALOMAR_1_N004,33.1227371358924,-117.28786944194597,26.04207
PALOMAR_1_N013,33.1227371358924,-117.28798055805403,26.04207
PANAMA_6_N001,35.29556801570901,-119.021525,23.52078
PANAMA_LNODECOUERCRK1,35.29548699213203,-119.02146768568419,31.0761
PANAMA_LNODECOUERCRK2,35.29548699213203,-119.02158231431581,31.0761
PANRAMA_1_N001,40.434409,-122.2679,41.38856
PARADISE_1_N001,39.7615578392488,-121.618634,42.48393
PARADISE_LNODEDISE,39.76147708035982,-121.61857334522642,30.30943
PARADISX_6_N001,39.76147708035982,-121.61869465477358,26.08269
PARADS_LNODEFEG,37.69056,-121.02061,33.17145
PARADS_LNODEKHB,37.690559999944874,-121.02049571450051,33.17145
PARKWAY_2_N001,38.17,-122.25,43.62314
PAR_LNODEAPM,37.668079999986205,-120.9174128750731,33.16495
PAR_LNODEFVM,37.668079999986205,-120.9175271249269,33.16495
PAULSWT_1_N001,36.99234705413821,-121.98202825128297,46.80977
PAULSWT_1_N004,36.9921669457552,-121.98202825154998,46.80977
PAULSWT_1_N101,36.99234705413821,-121.98225374871703,46.80977
PEABODY_2_N002,38.28558699998594,-121.97025256896055,43.34051
PEABODY_2_N006,38.28558699998594,-121.97036743103946,43.34051
PEACHTON_6_N001,39.3784769999856,-121.68494608007006,43.14882
PEACHTON_6_N004,39.3784769999856,-121.68506191992994,43.14882
PEARBMAP_7_B1,34.508883999950896,-117.91829825412502,24.99437
PEARBMAP_7_B3,34.50879356514072,-117.9182982542441,24.99437
PEARBMAP_7_B4,34.50872961811796,-117.91837585623696,24.99437
PEARBMBP_7_B1,34.50871432539329,-117.91848402139897,24.99437
PEARBMBP_7_B3,34.50874564762435,-117.91858697434263,24.99437
PEARBMBP_7_B4,34.5088116034329,-117.91866205952238,24.99437
PEARBMCP_7_B1,34.50889707216307,-117.91869792664747,24.99437
PEARBMCP_7_B3,34.50898737191128,-117.91869193094361,24.99437
PEARBMDP_7_B1,34.50907009278566,-117.91864757930026,24.99112
PEASE_1_N001,39.17010299998576,-121.66113925312504,43.15804
PEASE_1_N009,39.17010299998576,-121.66125474687495,43.15804
PENDLETN_6_N001,33.30925299998849,-117.3349783807102,26.47413
PENDLETN_6_N004,33.30925299998849,-117.3350856192898,26.47413
PENNGRVE_1_N001,38.315547,-122.681119,49.13553
PENRYN_6_N001,38.8444299999859,-121.16613942513398,43.38111
PENRYN_6_N004,38.8444299999859,-121.16625457486602,43.38111
PERMNNTE_6_N002,34.355793,-116.855947,44.55654
PERRY_6_N008,35.570805,-121.055868,21.91251
PETLMAA_6_N001,38.234002,-122.636285,43.61015
PETLMAC_6_N002,38.2390641182539,-122.636804,43.92526
PETLMAC_6_N003,38.23898294085798,-122.63674432895719,43.92526
PETLMAC_6_N004,38.23898294085798,-122.6368636710428,43.92526
PGG_LNODESS1,38.531716666610464,-121.39934830807131,33.08049
PGG_LNODESS2,38.531794557439916,-121.39929082076439,33.08049
PHILLIPS_1_N001,37.34,-122.03,44.93178
PHILO_6_N001,39.063719,-123.437524,5.88786
PICO_1_N001,33.45676299998844,-117.58919323286267,26.10379
PICO_1_N004,33.45676299998844,-117.58930076713733,26.10379
PIERCY_1_N201,37.28,-121.83,44.22676
PIKECTY_6_N001,39.438734,-120.997847,42.59442
PIONEER_LNODEBUS,37.39756017328021,-120.7270641608972,33.09348
PIONEER_LNODEDR1,37.39756017322573,-120.72695042442128,33.09673
PIONEER_LNODEDR2,37.3974698163648,-120.7269504245584,33.09673
PIONEER_LNODEDR3,37.3974059244655,-120.72703084832322,33.09673
PIONEER_LNODEDR4,37.39739064492007,-120.72714294658331,33.09673
PIONEER_LNODEDR5,37.39742194014138,-120.72724964310564,33.09673
PIONEER_LNODEDR6,37.397487839085414,-120.72732745855615,33.09673
PIONEER_LNODEDR7,37.39757323413797,-120.72736462991926,33.09673
PIONEER_LNODEDR8,37.397663456054794,-120.72735841623376,33.09673
PIONEER_LNODEDR9,37.39774610563929,-120.72731245188831,33.09673
PIONEER_LNODER15,37.397811856418734,-120.72723443776906,33.09673
PIT1_6_N001,38.030670659249246,-121.86908630802888,40.9711
PIT3_7_N001,38.030606778782065,-121.8691674075287,40.99709
PIT5_7_B1,38.030591501969816,-121.86928044765509,41.08534
PITSBURG_1_N001,38.03101263810665,-121.86937270758541,44.20088
PITTSBRG_6_N101,38.031055408073875,-121.8692716827705,43.83434
PLACERVL_1_N001,38.73027886166341,-120.788047,43.94642
PLACER_1_N001,38.901310999985846,-121.08802340262966,43.18619
PLACER_7_N009,38.901310999985846,-121.08813859737035,43.11797
PLAINFLD_6_N001,38.61887,-121.793976,45.78074
PLANETRN_LNODEANET,34.16127269818337,-114.38177086876138,30.2802
PLOALTO_1_N001,33.356029648193925,-117.1119886715524,45.34655
PLOALTO_1_N007,33.35585035171371,-117.11198867177347,45.34655
PLOALTO_1_N013,33.35585035171371,-117.11220332822651,45.34655
PLUMAS_6_N001,39.026121,-121.54308,43.73739
PNEDLE_1_N001,36.829999999986725,-119.82994383698444,41.26244
PNEDLE_1_N002,36.829999999986725,-119.83005616301556,41.27868
PNEGRVE_6_N001,38.41271199998601,-120.6602245387678,46.09485
PNEGRVE_6_N002,38.41271199998601,-120.6603394612322,46.09485
PNTARNA_6_N001,38.912571,-123.679495,10.37
POC_LNODENE2,38.490383333333334,-121.470263055556,33.14221
POC_LNODENE3,38.49038333327713,-121.4701480990094,33.14221
POC_LNODENE4,38.490293355392375,-121.470263055556,33.14221
POC_LNODENE7,38.49038333327713,-121.47037801210259,33.14221
POC_LNODENE8,38.49047331127424,-121.470263055556,33.14221
POINTLMA_6_N013,32.74137841625509,-117.23325749479669,26.05507
POINTLMA_6_N014,32.74137841625509,-117.2334705052033,26.05507
POLPASPP_6_N002,38.57552299994369,-121.49770299452835,21.10471
POMERADO_6_N001,32.941482719314884,-117.032882,25.70747
POMERADO_6_N004,32.9414021403303,-117.03282656531631,25.70747
POMERADO_6_N008,32.9414021403303,-117.03293743468369,25.70747
PORTOLA_LNODE31,39.803943999985336,-120.46453157749829,31.48868
PORTOLA_LNODE32,39.803943999985336,-120.46464842250171,31.48868
POSOMT_1_N001,35.559194,-118.957501,23.14069
POST_1_N001,39.11,-121.64,44.21604
POTRERO_1_N001,37.46005423161257,-122.4,45.3146
POTRERO_1_N013,37.45997288417899,-122.39994083241324,45.3146
POTRERO_1_N016,37.45997288417899,-122.40005916758676,45.3146
POUST_LNODEIGQ,37.69046956305469,-121.02049571463989,33.1747
POUST_LNODELD2,37.6904056145667,-121.02057652662188,33.1747
POWAY_6_N001,32.978722999988655,-117.03130363648788,25.88289
POWAY_6_N010,32.978722999988655,-117.03141036351212,25.88289
PP1_LNODEOAD,34.59026131985074,-118.4546210726575,31.12158
PP1_PP2_LNODELMW,34.59026131985074,-118.4547309273425,31.12158
PP2_LNODEAUX,34.53433699995089,-118.52522278142764,31.11834
PP2_LNODEOAD,34.534427436468654,-118.525113,31.11834
PPSTLTAP_1_N001,38.01999999998606,-122.36994265860079,44.35193
PPSTLTAP_1_N104,38.01999999998606,-122.3700573413992,44.35193
PRAXAIR_1_B1,37.99999999998611,-121.80994266753221,44.34707
PRCTRVLY_1_N001,32.665044,-116.986801,25.67661
PRSCOT_LNODEAEJ,37.6903903214879,-121.02068916599474,33.1812
PRSCOT_LNODETKD,37.69042164442615,-121.02079637755577,33.1812
PRUNEDLE_1_N001,36.785518920972784,-121.671051,45.85793
PRUNEDLE_1_N002,36.785438039499425,-121.67099269323379,45.85793
PSARBLS_6_N001,35.61564884893555,-120.67989,21.25954
PSARBLS_6_N005,35.61556807551859,-120.67983263488163,21.25954
PSARBLS_6_N007,35.61556807551859,-120.67994736511837,21.25954
PTMRTTI_6_N001,37.030856,-122.187639,45.01784
PTR_PP_LNODEROM,35.24801901925079,-118.1756473615291,30.78373
PUEBLOPG_1_N001,38.345348999986,-122.29956355419145,49.3142
PUEBLOPG_1_N010,38.345348999986,-122.29967844580855,49.3142
PURISIMA_1_N001,34.700622,-120.435261,22.40472
QUEBEC_1_N001,36.07,-119.56,22.84507
RADUM_6_N001,37.67264599998626,-121.85946487140774,44.43153
RADUM_6_N004,37.67264599998626,-121.85957912859226,44.43153
RAINBOW_1_N001,36.709983,-119.538157,40.44261
RANCHRS_1_N001,36.700797999986875,-119.75437400116115,40.26933
RANDSBRG_1_N001,35.375699,-117.655868,25.59918
RAWSON_6_N001,40.145295999985066,-122.21242808907787,42.61003
RAWSON_6_N002,40.145295999985066,-122.21254591092213,42.61003
RCARMEL_6_N001,32.99378371822819,-117.077745,25.95436
RCARMEL_6_N004,32.9937031408736,-117.07768953360795,25.95436
RCARMEL_6_N011,32.9937031408736,-117.07780046639205,25.95436
RECTOR_6_N001,36.29851,-119.242336,27.54777
REDBLFF_6_N001,40.1825869024183,-122.244610070096,41.30409
REDBLFF_6_N004,40.1825869024183,-122.24484592990399,41.30409
REDBLFF_6_N005,40.18276709746204,-122.24484593021722,41.30409
REDBUD_1_N001,39.02788699998577,-122.66224734180834,12.47459
REDBUD_1_N004,39.02788699998577,-122.66236265819167,12.47459
REDWOOD_6_N001,37.490252,-122.213021,45.41477
REDWOOD_6_N002,37.49025199994532,-122.2129070707913,45.41477
REDWOOD_6_N005,37.49016160208324,-122.213021,45.41477
REDWOOD_6_N006,37.49025199994532,-122.21313492920869,45.41477
REDWOOD_6_N007,37.49034239791678,-122.213021,45.41477
REEDLEY_1_N001,36.605116999986976,-119.3758071174397,40.30507
REEDLEY_6_N001,36.605116999986976,-119.3759188825603,40.34027
REINWY_LNODEGME,37.63942160426353,-120.92024637744797,33.16495
REINWY_LNODEQAC,37.6395070719657,-120.92028370125492,33.16495
RENFRO_1_N001,35.409999999987434,-119.16994483454441,22.80284
RENFRO_1_N010,35.409999999987434,-119.1700551654556,22.83857
RESERVR_LNODEFFW,37.651919999986276,-120.67483288823061,33.16495
RESERVR_LNODEPMW,37.651919999986276,-120.67494711176938,33.16495
RICE_6_N002,39.402805999985674,-122.01287205646442,36.3738
RICE_6_N101,39.402805999985674,-122.01298794353558,36.3738
RICHMOND_1_B1,37.92597623462323,-122.369629,44.40391
RICHMOND_1_N001,37.92589488267337,-122.36956945615904,44.40391
RINCON_1_N001,33.285967608914305,-116.9585228047856,50.28466
RINCON_1_N003,33.28578839099371,-116.95852280500573,50.28466
RINCON_6_N001,33.28578839099371,-116.95873719499427,26.59758
RINCON_6_N008,33.285967608914305,-116.9587371952144,26.59758
RIN_SUB_LNODEONA,34.28105422156671,-118.479,31.16706
RIN_SUB_LNODEONB,34.28097288920359,-118.47894317065887,31.16706
RIN_SUB_LNODEONC,34.28097288920359,-118.47905682934115,31.16706
RIOBRVO_1_N001,35.44252289360183,-119.26010566010629,22.82558
RIOBRVO_1_N006,35.44234310629778,-119.26010566035274,22.82558
RIOBRVTM_1_N001,35.44252289360183,-119.26032633989371,22.69238
RIODELL_6_N001,40.495382,-124.099276,35.58166
RIOHONDO_6_N001,34.10610615849042,-117.97947,25.22665
RIOHONDO_LNODEONDO,34.1060249207417,-117.97952664559254,30.31268
RIPON_1_N001,37.72,-121.13,44.71693
RIVERROC_6_N001,36.902618,-119.771768,41.10109
RIVRBANK_1_N001,37.76895425952452,-120.908163,45.7031
RIVRSIDE_6_N001,34.021990939807104,-117.33196554960466,25.3225
ROADWAY_1_N001,34.590373,-117.431752,25.37447
ROBROY_1_N001,36.979885,-121.867457,46.54338
ROCKET_1_N001,34.933939,-117.692217,25.70067
ROCKLIN_6_N001,38.788043999985874,-121.23171544490323,43.94534
ROCKLIN_6_N003,38.788043999985874,-121.23183055509676,43.94534
ROEDING_LNODEDR1,37.587341764588,-120.935901626126,33.09023
ROEDING_LNODEDR2,37.5872777703549,-120.935976143427,33.08699
ROEDING_LNODEDR3,37.5871231822836,-120.935612409,33.08699
ROEDING_LNODEDR5,37.5870085148256,-120.935981028585,33.09023
ROEDING_LNODEDR6,37.5871259671814,-120.935792411292,33.09023
ROEDING_LNODEDR7,37.5871257817397,-120.935692486018,33.08699
ROGERS_LNODEDR1,37.4749114287345,-121.178218328626,33.10648
ROGERS_LNODEDR2,37.4751811958932,-121.178206809282,33.10648
ROGERS_LNODEDR3,37.4750639771164,-121.17821700138,33.10648
ROGERS_LNODEDR5,37.4748414013345,-121.178225065561,33.10648
ROGERS_LNODEDR7,37.4749721097043,-121.178220428168,33.10648
ROGH-RDY_6_N001,37.95526599998612,-121.33253531114549,44.51662
ROSECYN_6_N001,32.84459772910598,-117.236988,26.16877
ROSECYN_6_N017,32.84451713543481,-117.23693261581597,26.16877
ROSEDAL_1_N001,35.37703397144563,-119.077971,22.85481
ROSELE_LNODEHMV,37.68013999998623,-120.94014286544196,33.17795
ROSELE_LNODERLV,37.68013999998623,-120.94025713455804,33.17795
ROSEMR_LNODEAEI,37.64253,-121.0423,33.16495
ROSE_6_N001,32.84451713543481,-117.23704338418403,23.21216
ROSSMOOR_2_N001,37.86470199998613,-122.08030973806707,44.12777
ROSSMOOR_2_N101,37.86470199998613,-122.08042426193292,44.12777
RSC_LNODE8LD,38.761389,-121.264722,32.98628
RSM_SUB_LNODEONB,34.244054210355124,-118.392,31.15732
RSM_SUB_LNODEONC,34.24397289480934,-118.39194320739797,31.15407
RSM_SUB_LNODEOND,34.24397289480934,-118.39205679260202,31.15732
RSNTAFE_6_N009,33.014261,-117.198557,26.13628
RSVTNRD_6_N001,36.624374,-121.68835,47.14112
RTRACK_1_N001,37.979737,-120.414515,42.98759
RUSSRCH_6_N001,40.819848,-123.826638,37.53057
RVRBANK_1_N001,37.76887287022286,-120.90810355553742,44.21391
RVRBANK_1_N005,37.76887287022286,-120.90822244446258,44.21391
SAFEWAY_1_N001,37.71,-121.4,44.47925
SALINAS_1_N001,36.683239999986945,-121.65120502290527,46.16654
SALINAS_1_N024,36.683239999986945,-121.65131697709472,46.16654
SANARDO_6_N001,36.073766,-120.936804,50.35432
SANCRLS_6_N001,37.49972924078839,-122.243974,45.43426
SANCRLS_6_N002,37.499647879591045,-122.24391479097326,45.43426
SANCRLS_6_N004,37.499647879591045,-122.24403320902674,45.43426
SANDCRK_6_N001,36.64502999998689,-119.15920293037858,40.51894
SANGER_1_N001,36.70707499998684,-119.6108700066517,40.34515
SANJOQN_6_N001,36.62101099998692,-120.17805409852517,50.24388
SANJOQN_6_N006,36.62101099998692,-120.17816590147483,50.25688
SANLUSRY_6_N013,36.77962699998679,-120.72995490173179,26.05182
SANLUSRY_6_N014,36.77962699998679,-120.73006709826822,26.05182
SANLUSRY_6_N101,33.211532999988535,-117.33442746812834,26.05182
SANLUSRY_6_N201,33.211532999988535,-117.33453453187165,26.05182
SANMATEO_1_N001,37.58333525489619,-122.319035,26.12653
SANMATEO_1_N001A,37.58325387253711,-122.31897570912398,45.06067
SANMATEO_1_N009,33.409472,-117.590641,26.12653
SANMATO_6_N001,37.58325387253711,-122.31909429087602,45.08666
SANMIGL_6_N001,35.75192,-120.684163,21.57141
SANMRCOS_6_N001,33.12885155124498,-117.19722253462301,26.10379
SANMRCOS_6_N007,33.12877399995433,-117.19716906934049,26.10379
SANMRCOS_6_N011,33.12869644873215,-117.19722253471747,26.10379
SANPBLO_1_N001,37.984803,-122.336618,44.35193
SANRAFL_1_N001,37.970858222937125,-122.527065,43.90252
SANRAFL_1_N006,37.97077688851645,-122.52700543261207,43.90252
SANRAFL_1_N007,37.97077688851645,-122.52712456738792,43.90252
SANRAMON_2_N001,37.745125434987564,-121.93600563263105,44.39255
SANRAMON_2_N004,37.74494456490202,-121.93600563291054,44.39255
SANRAMON_2_N023,37.74494456490202,-121.93623436708945,44.39255
SANRAMON_2_N024,37.745125434987564,-121.93623436736895,44.39255
SANTAFE_LNODEPLNT,38.77997308074166,-122.67005981025191,30.30943
SANTARO_1_N001,33.78461699446498,-116.41025972078828,24.9278
SANTARO_1_N014,33.78443700544048,-116.41025972101585,24.9278
SANTARO_1_N017,33.78443700544048,-116.41047627898415,24.9278
SANTARO_1_N021,33.78461699446498,-116.41047627921172,24.9278
SANTEE_1_N001,32.85452999998873,-116.96829070198787,25.85854
SANTEE_1_N004,32.85452999998873,-116.96839729801214,25.85854
SANYSDRO_6_N001,32.562237999988916,-117.02641779453799,26.15416
SANYSDRO_6_N004,32.562237999988916,-117.02652420546201,26.15416
SARATOGA_2_N001,37.28099617234283,-122.014883,44.46337
SARATOGA_2_N006,37.28091491381397,-122.0148240379766,44.46337
SARATOGA_2_N011,37.28091491381397,-122.0149419620234,44.46337
SAUGUS_6_N001,34.4222099999511,-118.5721663854507,25.32411
SAUSALTO_6_N001,37.86340599998612,-122.49836873883264,44.97456
SAUSALTO_6_N002,37.86340599998612,-122.49848326116737,44.97456
SCA_GS_LNODE1AUX,33.91807886040714,-118.42789938920775,31.15407
SCA_GS_LNODE2AUX,33.91816402577284,-118.42793487934084,31.15407
SCA_GS_LNODE4AUX,33.91825400500674,-118.42792894664778,31.15732
SCA_GS_LNODE5AUX,33.91833643226557,-118.42788506116258,31.15732
SCA_GS_LNODE6AUX,33.91840200617013,-118.42781057548723,31.15732
SCA_GS_LNODE7AUX,33.91844466871178,-118.42771492357166,31.15732
SCA_LA_LNODE3SS,33.91846141326686,-118.42760822199088,31.15732
SCA_SUB_LNODEONA,33.918451884282646,-118.42750023805854,31.15407
SCA_SUB_LNODEONB,33.91841787609632,-118.42739967533626,24.98626
SCHINDLR_1_N005,36.402237,-120.138272,57.42512
SCHMLBCH_1_N001,38.3,-121.87,43.64641
SCLARA_6_N001,34.3007956214976,-119.18563240503143,25.78866
SCRIPPS_6_N001,32.91119872129761,-117.112589,26.01933
SCRIPPS_6_N008,32.91111813933897,-117.11253358224198,26.01933
SCRIPPS_6_N013,32.91111813933897,-117.112644417758,26.01933
SCWAX_1_N001,36.700797999986875,-119.75448599883885,40.26933
SCY_LNODE102,38.508556628165735,-121.46418309094265,33.09348
SCY_LNODE103,38.50837670505527,-121.4641830912299,33.09348
SCY_LNODE105,38.50837670505527,-121.4644130198821,33.09348
SCY_LNODE106,38.508556628165735,-121.46441302016935,33.09348
SEARLES_7_N001,35.75666699998737,-117.38050076336167,23.34949
SEMITRPC_1_N001,35.600398,-119.437498,22.73462
SERRMNTE_1_N011,37.69171986891291,-122.4557633854276,45.42452
SFIA-MA_1_N001,37.63904926020716,-122.385896,45.37904
SFIA_1_N001,37.63896786988162,-122.38583665888167,45.25234
SFIA_1_N007,37.63896786988162,-122.38595534111833,45.25234
SHADOWR_1_N001,33.141540731105856,-117.238793,26.04857
SHADOWR_1_N006,33.141460134434745,-117.23873742707973,26.04857
SHADOWR_1_N008,33.141460134434745,-117.23884857292028,26.04857
SHADYGLN_6_N001,39.115058,-120.95331,39.2157
SHAFTER_7_N022,39.77608299994151,-122.10394676937125,22.82233
SHARON_1_N001,37.097275,-120.156454,45.46957
SHAWROAD_1_N001,37.55,-122.42,45.18412
SHLLCHM_6_N001,38.031607,-121.945728,43.85383
SHNGLESR_1_N001,38.65969989665331,-120.946938,43.88795
SHNGLESR_1_N004,38.659619051658225,-120.94687822587784,43.88795
SHNGLESR_1_N103,38.659619051658225,-120.94699777412217,43.88795
SHREDDER_1_N001,37.511676999986356,-122.20767698568532,45.2296
SIERABRK_LNODE19,39.646142,-120.217943,31.62512
SILVERDO_1_N001,38.49950299998593,-122.45908751973128,50.07026
SILVERDO_1_N002,38.49950299998593,-122.45920248026871,50.07026
SISK_LNODEKZH,37.69048760173528,-121.02087456863451,33.20069
SISK_LNODEYUP,37.69057307242136,-121.0209119194331,33.20069
SISQUOC_1_N001,34.87826099998756,-120.33120693531723,22.13509
SISQUOC_1_N020,34.87826099998756,-120.33131706468278,22.13509
SLMNCRK_6_N001,38.343592,-123.044809,54.56213
SMRTVLTP_6_N101,39.207939,-121.301476,42.26956
SMTRPCWS_1_N001,35.59,-119.44,22.73462
SNANDRES_6_N001,37.603294,-122.420424,45.36929
SNBRNRD_6_N001,35.092421,-118.878241,23.11145
SNJOSEB_1_N001,37.34102432531631,-121.9009493888098,45.12179
SNJOSEB_1_N005,37.34084367457506,-121.9009493890831,45.12179
SNJOSEB_1_N009,37.34084367457506,-121.9011766109169,45.12179
SNJOSEB_1_N013,37.34102432531631,-121.9011766111902,45.12179
SNJSEA_1_N001,37.328246190599145,-121.902531,45.1023
SNJSEA_1_N005,37.32816490468582,-121.90247198103432,45.1023
SNJSEA_1_N101,37.32816490468582,-121.90259001896567,45.1023
SNLNDRO_1_N001,37.711237436769906,-122.14880668270004,45.01464
SNLNDRO_1_N014,37.71105656311971,-122.14880668297907,45.01464
SNLNDRO_1_N017,37.71105656311971,-122.14903531702092,45.01464
SNLNDRO_1_N027,37.711237436769906,-122.14903531729996,45.01464
SNROSA_LNODEMEA,37.5099999999863,-121.22994301594794,33.1812
SNROSA_LNODEYWX,37.5099999999863,-121.23005698405206,33.1812
SNTAMRA_1_N001,33.12877399995433,-117.19738293065951,22.12859
SNTAMRA_1_N005,33.12885155124498,-117.19732946537698,22.12859
SNTANLA_6_N001,37.085979,-121.013273,45.57728
SNTARSA_1_N001,38.43691201584367,-122.71331,50.58068
SNTARSA_1_N002,38.43683099206306,-122.71325027901105,50.58068
SNTARSA_1_N006,38.43683099206306,-122.71336972098895,50.58068
SNTARTA_6_N001,37.055061,-120.634086,57.74673
SNTAYNZ_1_N001,34.625273999987726,-120.11813905143147,22.61263
SNTAYNZ_1_N002,34.625273999987726,-120.11824894856854,22.61263
SNTHLNE_6_N001,37.6223639999863,-122.44717791303894,45.48949
SNTHLNE_6_N002,37.6223639999863,-122.44729208696106,45.48949
SOBRANTE_1_N001,37.90594,-122.208144,44.16351
SOLEDAD_6_N001,36.429513,-121.331901,46.56612
SONOFRE_2_N067,33.3697279999884,-117.55438367777961,26.01283
SOUTHBAS_1_N001,34.881503,-117.892023,25.7429
SOUTHBY_6_N001,38.575612901218726,-121.497588,44.23017
SOUTH_LNODE108,40.39538221,-121.8791458,30.15675
SOUTH_LNODE204,40.39538220993951,-121.87902727370097,30.15675
SOUTH_LNODEAERO,40.39529194143137,-121.87902727385986,30.15675
SOUTH_LNODEC542,40.39522811201244,-121.87911108453021,30.15675
SOUTH_LNODEC544,40.39521284740522,-121.87922790359386,30.15675
SOUTH_LNODEC546,40.39524411201219,-121.8793390934442,30.15675
SOUTH_LNODEC547,40.39530994650243,-121.87942018597366,30.15675
SOUTH_LNODEC548,40.395395258043976,-121.87945892278287,30.15675
SOUTH_LNODEC549,40.3954853917418,-121.8794524474595,30.15675
SOUTH_LNODEC550,40.39556796052161,-121.87940454742642,30.15675
SOUTH_LNODEC552,40.39563364702395,-121.87932324786672,30.15675
SOUTH_LNODEDIST1,40.39567638282478,-121.87921884573905,30.15675
SOUTH_LNODEDIST4,40.39569315612711,-121.87910238309689,30.1665
SPANSHCK_6_N001,40.026139,-120.961748,40.94946
SPENCE_6_N001,36.613591,-121.566779,47.06316
SPICAMIN_1_N001,38.73992576174639,-120.67723108004192,44.03089
SPRINGVL_6_N001,36.10586253074472,-118.93516918490357,27.11895
SPRNGVLY_6_N001,32.73903399998875,-117.00264674817954,26.20614
SPRNGVLY_6_N010,32.73903399998875,-117.00275325182045,26.20614
SQAWVLY_LNODE01,39.20568653401713,-120.20123845453338,31.88825
SQAWVLY_LNODE81,39.20550746586879,-120.20123845482796,31.88825
SQAWVLY_LNODE82,39.20550746586879,-120.20146954517205,31.88825
SQAWVLY_LNODE83,39.20568653401713,-120.20146954546662,31.88825
STAFFORD_6_N002,38.12003299998604,-122.61362861905879,43.80181
STAFFORD_6_N101,38.12003299998604,-122.6137433809412,43.80181
STAGG_2_N001,37.99164936143144,-121.34848834268168,44.76735
STAGG_2_N014,37.99146863845723,-121.34848834296415,44.76735
STAGG_6_N001,37.99146863845723,-121.34871765703586,44.78359
STAGG_6_N003,37.99164936143144,-121.34871765731833,44.78359
STAMPEDE_LNODE19,39.46748199998557,-120.10518300964912,31.7908
STATELN_LNODE01,38.95238461856907,-119.94181675988908,31.14432
STATELN_LNODE22,38.952205381317675,-119.94181676018052,31.14432
STATELN_LNODE23,38.952205381317675,-119.94204723981947,31.14432
STATELN_LNODELY,38.95238461856907,-119.94204724011091,31.14432
STATIN-L_7_N001,37.81024899998616,-122.271385771776,44.48187
STATIND_1_N001,37.837585251800924,-122.263503,44.43314
STATIND_1_N010,37.83750387408463,-122.26344350874284,44.43314
STATIND_1_N013,37.83750387408463,-122.26356249125715,44.43314
STATINJ_1_N001,37.76334825993251,-122.214444,45.46295
STATINJ_1_N012,37.763266870018874,-122.21438455959633,45.46295
STATINJ_1_N027,37.763266870018874,-122.21450344040367,45.46295
STATINL_1_N001,37.81024899998616,-122.271500228224,44.47862
STATINX_1_N001,37.80554442667025,-122.23091354965457,44.46238
STATINX_1_N012,37.805363573219,-122.23091354993484,44.46238
STATINX_1_N014,37.805363573219,-122.23114245006515,44.46238
STATINX_1_N024,37.80554442667025,-122.23114245034543,44.46238
STB_LNODE201,38.57233333333333,-121.483291944444,33.07074
STB_LNODE202,38.57233333327705,-121.48317695138249,33.07074
STB_LNODE203,38.57224342921349,-121.48317695152639,33.07074
STB_LNODE204,38.57217985749196,-121.48325826382802,33.07074
STB_LNODE205,38.572164654514715,-121.48337160056485,33.07074
STB_LNODE206,38.57219579290459,-121.48347947588752,33.07074
STB_LNODE207,38.5722613616095,-121.48355815106362,33.07074
STB_LNODE208,38.57234632872595,-121.48359573311588,33.07074
STB_LNODE209,38.57243609852223,-121.48358945079376,33.07074
STB_LNODE210,38.57251833393617,-121.48354297863219,33.07074
STB_LNODE211,38.572583755229644,-121.4834641025941,33.07074
STB_LNODE212,38.57262631848412,-121.48336281268834,33.07074
STCKTNAR_6_N001,37.963279,-121.323476,44.82199
STCRUZ_LNODECXA,37.627559999986325,-120.97504290860819,33.26566
STCRUZ_LNODEWLS,37.627559999986325,-120.97515709139182,33.26566
STDDRD_LNODECEA,37.704079999986206,-121.06864284680097,33.20394
STDDRD_LNODEWZO,37.704079999986206,-121.06875715319903,33.20394
STDOIL_1_N009,37.94,-122.38,44.37142
STD_LNODENE1,38.57225,-121.500568888889,33.07399
STD_LNODENE2,38.572249999943736,-121.50045389586575,33.07399
STD_LNODENE4,38.57217214071853,-121.50051139243968,33.07399
STD_LNODENE5,38.57217214071853,-121.50062638533832,33.07399
STD_LNODENE6,38.572249999943736,-121.50068388191225,33.07399
STD_LNODENE7,38.57232785925329,-121.50062638546294,33.07399
STD_LNODENE8,38.57232785925329,-121.50051139231506,33.07399
STELLING_1_N001,37.3360521934471,-122.042805,44.61176
STELLING_1_N004,37.33597090326187,-122.04274597179945,44.61176
STELLING_1_N007,37.33597090326187,-122.04286402820055,44.61176
STE_SM_LNODE301,38.58631666666667,-121.472838888889,33.07074
STE_SM_LNODE302,38.586316666610415,-121.47272388936047,33.07074
STE_SM_LNODE303,38.58622677499287,-121.47272388950444,33.07074
STE_SM_LNODE304,38.58616321207191,-121.47280520637891,33.07074
STE_SM_LNODE305,38.58614801119931,-121.4729185494895,33.07074
STE_SM_LNODE306,38.58617914527848,-121.47302643087885,33.07074
STE_SM_LNODE307,38.58624470490619,-121.47310511047952,33.07074
STE_SM_LNODE308,38.586329660260105,-121.47314269464546,33.07074
STE_SM_LNODE309,38.58641941762905,-121.47313641197016,33.07074
STF_LNODEDAX,37.69055999998624,-121.02097285725026,33.21043
STF_LNODEIPN,37.69055999998624,-121.02108714274974,33.21043
STJ_SUB_LNODEONB,34.067054141297895,-118.226,31.14432
STJ_SUB_LNODEONC,34.06697292933807,-118.22594339850212,31.14432
STJ_SUB_LNODEOND,34.06697292933807,-118.22605660149787,31.14432
STKTONA_1_N001,37.94722338217881,-121.28911838573319,44.69795
STKTONA_1_N003,37.947042617710025,-121.28911838601516,44.69795
STKTONA_6_N001,37.947042617710025,-121.28934761398483,44.70179
STKTONA_6_N004,37.94722338217881,-121.2893476142668,44.70179
STLLWATR_6_N001,40.677845,-122.34971,41.57048
STOCKDLE_1_N001,35.316584007161445,-119.06818269302951,22.90679
STOCKDL_2_N001,35.31640399273835,-119.06818269327503,22.83532
STOCKDL_2_N002,35.31640399273835,-119.06840330672496,22.83532
STOCKDL_2_N101,35.316584007161445,-119.0684033069705,22.83532
STOCKM_LNODEVZF,37.62761110994497,-120.9752808828705,33.20718
STOCKM_LNODEXFA,37.62770154232185,-120.9751667,33.20718
STONCRRL_6_N001,36.472251999987044,-119.18811326795893,40.74635
STONCRRL_6_N003,36.472251999987044,-119.18822473204106,40.74635
STONE_1_N001,37.303708999986505,-121.86757223713448,45.07576
STONE_1_N005,37.303708999986505,-121.8676857628655,45.07576
STONYPT_1_N001,38.42,-122.78,50.09154
STOREY1_2_N001,36.98288702744317,-120.033746,41.8332
STOREY2_2_N001,36.98280598626407,-120.03380457310557,41.86191
STREAMVW_6_N001,32.745604999988714,-117.07864474591278,26.25811
STREAMVW_6_N007,32.745604999988714,-117.07875125408721,26.25811
STROUD_6_N001,36.530868,-120.104386,50.35433
STUART_6_N001,33.256701,-117.416547,26.25323
STURLOCK_LNODEDR3,37.4835881458663,-120.846727672541,33.09998
STURLOCK_LNODEDR4,37.4835360336794,-120.846797393384,33.09998
STURLOCK_LNODEDR7,37.4834830942642,-120.846867453726,33.09998
STURLOCK_LNODER13,37.483522165007,-120.846657059231,33.09998
SUISUN_1_N001,38.24526219208727,-122.04122215940386,43.65941
SUISUN_1_N008,38.24508180780079,-122.04122215968883,43.65941
SUISUN_1_N009,38.24508180780079,-122.04145184031117,43.65941
SUMMIT_6_N001,39.319203,-120.378897,38.88422
SUNOL_6_N001,37.586891,-121.869379,44.9589
SURF_1_N009,34.61,-120.22,22.41771
SWEETWTR_6_N017,32.65811799998879,-117.0916867727539,26.10543
SWEETWTR_6_N018,32.65811799998879,-117.0917932272461,26.10543
SWIFT_1_N001,37.3225281884819,-121.796729,44.89331
SWIFT_1_N003,37.322446905744414,-121.79666998783091,44.89331
SWIFT_1_N006,37.322446905744414,-121.79678801216909,44.89331
SYCAMORE_1_N101,39.76991684305054,-121.824218,42.55215
SYCAMORE_1_N201,39.76983607845885,-121.82415733357864,42.55215
SYCAMORE_1_N301,39.76983607845885,-121.82427866642136,42.55215
SYLVANCM_LNODECPR,37.688469999986225,-120.97663285888366,33.18769
SYLVANCM_LNODEHGR,37.688469999986225,-120.97674714111633,33.18769
TAFT1_1_N001,35.14999999998751,-119.47994486994581,22.59493
TAFT1_1_N004,35.14999999998751,-119.48005513005418,22.59493
TAHDONR_LNODE07,39.337309,-120.221277,31.92724
TAHOCTY_LNODE01,39.165971540038264,-120.14445351203682,31.90774
TAHOCTY_LNODE71,39.16579245984778,-120.14445351233086,31.90774
TAHOCTY_LNODE72,39.16579245984778,-120.14468448766914,31.90774
TAHOCTY_LNODE73,39.165971540038264,-120.14468448796318,31.90774
TAMARACK_6_N001,39.313743,-120.496804,38.99253
TAMARISK_1_N001,33.817316,-116.454898,24.87258
TAP710_1_N004,32.595376662064226,-117.0577334243903,-50.0
TAP801_1_N001,34.109614,-116.411837,25.24941
TAP807_1_N001,34.0,-116.5,25.00252
TAR_SUB_LNODEONA,34.17905418777958,-118.544,31.16057
TAR_SUB_LNODEONB,34.1789729060972,-118.54394327481864,31.16057
TAR_SUB_LNODEONC,34.1789729060972,-118.54405672518136,31.16057
TASSAJAR_2_N001,37.79959499998613,-121.9077887787453,44.49975
TASSAJAR_2_N002,37.79959499998613,-121.9079032212547,44.49975
TAYLOR_LNODEDR1,37.5369331958297,-120.809398426319,33.09023
TAYLOR_LNODEDR5,37.5369383829719,-120.809348192848,33.09023
TAYLOR_LNODEDR7,37.536937531095,-120.809217269976,33.09023
TAYLOR_LNODEDR8,37.5369366699963,-120.809289591436,33.09023
TECUYA_6_N001,35.018589,-118.979536,23.14719
TEICHERT_1_N001,37.79,-121.36,44.34606
TEJON_6_N001,35.019534,-118.954779,23.15369
TELECYN_1_N001,32.6379177816674,-117.01607,25.7091
TELECYN_1_N006,32.63783710915427,-117.01601469007429,25.7091
TELECYN_1_N014,32.63783710915427,-117.01612530992571,25.7091
TEMBLOR_1_N003,35.382795999987465,-119.69634883811833,22.39403
TEMPLETN_2_N008,35.554496,-120.679996,21.08087
TERMNOUS_6_N001,38.116464,-121.422007,45.04673
TESSUB_2_N001,37.73,-121.93,44.98542
TEVIS_1_N001,35.319191999987495,-119.12859784623319,22.91654
TEVIS_1_N003,35.319191999987495,-119.12870815376681,22.91329
TEXSUN1G_7_N001,35.36999999998748,-119.4800551602316,22.61117
TEXSUN2G_7_N001,35.3599999999875,-119.48005515895167,22.61117
THORNHIL_1_N001,33.833699,-116.524642,25.09348
TIDEWATR_2_N001,38.01989465330933,-122.06150068264388,44.24961
TIDEWATR_2_N014,38.02007534657929,-122.06150068292666,44.24961
TLRELKE_6_N001,36.003703,-119.948802,21.44906
TOCALOMA_6_N001,38.05521,-122.760914,43.95775
TOL_SUB_LNODEONA,34.175740310821865,-118.36069083905292,31.14757
TOL_SUB_LNODEONB,34.1755596890815,-118.36069083928658,24.98626
TOL_SUB_LNODEONC,34.1755596890815,-118.36090916071342,31.14757
TOL_SUB_LNODEOND,34.175740310821865,-118.36090916094707,31.14757
TOREYPNS_6_N001,32.89877953728695,-117.23987836114813,26.10379
TOREYPNS_6_N007,32.89860046262259,-117.23987836136372,26.10379
TOREYPNS_6_N008,32.89860046262259,-117.24009163863627,26.10379
TOREYPNS_6_N009,32.89877953728695,-117.24009163885188,26.10379
TORTILLA_1_N007,34.874547,-117.064691,24.6553
TRABUCO_1_N001,33.5630767991568,-117.67324523376014,26.13953
TRABUCO_1_N005,33.562897200749894,-117.67324523398426,26.13953
TRABUCO_1_N009,33.562897200749894,-117.67346076601574,26.13953
TRABUCO_1_N013,33.5630767991568,-117.67346076623986,26.13953
TRACY_1_N001,37.748395999944734,-121.41564562794372,44.67417
TRACY_1_N002,37.748305565247314,-121.41576,44.67417
TRACY_1_N007,37.748395999944734,-121.41587437205628,44.67417
TRACY_1_N101,37.74848643475262,-121.41576,44.67417
TRESVIS_6_N001,39.486707,-121.687993,42.75303
TRIMBLE_1_N004,37.42009036798162,-121.72988621524279,45.30808
TRIMBLE_1_N010,37.41990963190925,-121.72988621551741,45.30808
TRIMBLE_1_N016,37.41990963190925,-121.7301137844826,45.30808
TRIMBLE_1_N020,37.42009036798162,-121.73011378475721,45.30808
TRINIDAD_6_N001,41.064242,-124.128367,37.57351
TRUCKEE_LNODE02,39.330431720184855,-120.181195,31.91099
TRUCKEE_LNODE03,39.33035113989209,-120.18113485420918,31.91099
TRUCKEE_LNODE49,39.33035113989209,-120.18125514579083,31.90125
TUDOR_6_N001,38.982071,-121.635205,43.52298
TULUCAY_6_N001,38.247946,-122.268228,43.47424
TUPMAN_1_N101,35.354039,-119.270638,22.77035
TVYVLLY_6_N001,36.770622,-119.393233,40.66842
TXROSDL_1_N001,35.37695301426363,-119.07791367489159,22.85481
TXROSDL_1_N002,35.37695301426363,-119.0780283251084,22.85481
TYLER_6_N001,40.138392982499205,-122.20848578836895,42.63277
TYLER_6_N002,40.138392982499205,-122.20860821163106,42.63277
UCM_6_N001,32.88368472395273,-117.222424,26.14603
UCM_6_N002,32.88360413801135,-117.22236859671557,26.14603
UCM_6_N006,32.88360413801135,-117.22247940328444,26.14603
UKIAH_1_N001,39.142823455087914,-123.19204845611492,9.5996
UKIAH_1_N005,39.14300254479826,-123.19204845640866,9.5996
UPPRLKE_6_N001,39.145906,-122.916845,5.20147
URBAN_6_N001,32.71330799998875,-117.15140275665348,26.26461
URBAN_6_N005,32.71330799998875,-117.15150924334651,26.26461
URICH_6_N001,38.029918,-122.103005,44.51761
VACA-DIX_1_N001,38.401616982566644,-121.91986928712716,43.26957
VACAVIL_1_N001,38.356520058867716,-121.97951,43.29881
VACAVIL_1_N101,38.35643897055109,-121.97945029786577,43.33455
VACAVIL_1_N102,38.35643897055109,-121.97956970213424,43.33455
VALCNTR_6_N001,33.230683,-117.018401,26.58459
VALLEYSC_1_N001,33.738397971600605,-117.156432,25.26566
VALLEYSC_1_N107,33.738317014186954,-117.15648820699798,25.26566
VALLYHM_1_N001,37.85575599998615,-120.94408374338772,44.29136
VALLYVW_1_N001,37.96607299998612,-122.27841868352904,44.38441
VALLYVW_1_N003,37.96607299998612,-122.27853331647096,44.38441
VAL_GS_LNODE5AUX,34.24482148241572,-118.3914027121072,31.15732
VAL_GS_LNODE6AUX,34.24485277566131,-118.39150524618782,31.15732
VAL_GS_LNODE7AUX,34.24491867043375,-118.39158002588233,31.15732
VAL_GS_LNODE8AUX,34.245004060069334,-118.391615747079,31.15732
VAL_LNODELSS,34.24509427625119,-118.39160977576542,31.15732
VASCO_6_N001,37.71132099998621,-121.71587984128799,44.34004
VASCO_6_N003,37.71132099998621,-121.71599415871201,44.34004
VASONA_2_N001,37.26,-121.9,44.43089
VEDDER_1_N001,35.61,-118.96,23.14719
VEL_SUB_LNODEONA,34.01555411723447,-118.204,31.14108
VEL_SUB_LNODEONB,34.01547294136984,-118.20394345800285,31.14432
VEL_SUB_LNODEONC,34.01547294136984,-118.20405654199715,31.14108
VESTAL_6_N001,35.85713659527842,-119.08872645400277,27.015
VICTOR_1_N001,38.145651267656454,-121.17732422029407,25.46219
VICTOR_6_N001,38.145470732231836,-121.17755377942188,44.50193
VICTOR_6_N002,38.145651267656454,-121.17755377970593,44.50193
VIEJOSC_2_N001,36.578772821150025,-121.908968,25.71233
VIEJOSC_2_N004,33.667334,-117.642727,25.71233
VIEJO_6_N001,36.578692089410936,-121.90890995739635,46.14705
VIEJO_6_N003,36.578692089410936,-121.90902604260364,46.14705
VIERRA_1_N001,37.85,-121.24,44.78137
VINA_6_N001,39.941614,-122.041739,42.22995
VINEYARD_2_N001,37.66967326170019,-121.85436,44.94319
VINEYARD_2_N002,37.66959186913507,-121.85430063276966,44.94319
VINEYARD_6_N001,37.66959186913507,-121.85441936723034,44.43153
VN_SUB_LNODEONA,34.18009031354033,-118.44489083013903,31.14757
VN_SUB_LNODEONB,34.17990968636295,-118.44489083037274,31.14757
VN_SUB_LNODEONC,34.17990968636295,-118.44510916962726,31.14757
VN_SUB_LNODEOND,34.18009031354033,-118.44510916986097,31.14757
VSTA_1_N001,34.04125299995202,-117.32061812723687,25.25752
VSTA_6_N001,34.04125299995202,-117.32083587276313,25.26077
WAHTOKE_1_N001,36.61618299998699,-119.452409104289,40.15563
WAHTOKE_1_N002,36.61618299998699,-119.45252089571099,40.15563
WALNUT_6_N001,34.00840381020035,-117.94966020073771,25.3501
WARENCYN_6_N001,33.01545499998868,-117.00226861385794,26.00309
WARENCYN_6_N002,33.01545499998868,-117.00237538614206,26.00309
WARNERS_6_N001,33.247186,-116.675942,26.51312
WARNER_LNODERV1,41.50091505739131,-120.533072,31.51791
WARNER_LNODERV3,41.50083397128745,-120.53300949206302,31.51791
WARNER_LNODESC1,41.50083397128745,-120.53313450793698,31.51791
WASCO_7_N008,39.77617274317707,-122.10383,22.93928
WASHNGT_LNODEDR1,37.4893772928244,-120.903967825898,33.09998
WASHNGT_LNODEDR2,37.4895172164325,-120.904092990936,33.09998
WASHNGT_LNODEDR3,37.4894692627508,-120.903968029781,33.09998
WASHNGT_LNODEDR4,37.489297130992,-120.993988447763,33.09998
WASHNGT_LNODEDR5,37.4894207521695,-120.904091725093,33.09998
WASHNGT_LNODEDR6,37.4892474344412,-120.904090188054,33.09998
WASHNGT_LNODEDR7,37.4892029595549,-120.903964429204,33.09998
WASHNGT_LNODER15,37.4893341220127,-120.90409199878,33.09998
WATRSHED_6_N001,37.487815,-122.310237,45.16243
WEBER_6_N001,37.919828,-121.240232,44.75052
WEC_SY_LNODEUX1,37.4878752249074,-120.89565231921667,33.08049
WEC_SY_LNODEUX2,37.4878752249074,-120.89576624369113,33.08374
WELFLDPM_LNODELPMP,34.16127269818337,-114.38198913123861,30.09827
WELFLDPM_LNODERALS,34.16145330172,-114.38198913147205,30.09827
WEMRSWS_6_N001,39.035984,-120.987909,39.22544
WESTLANE_6_N001,37.990674,-121.282373,44.998
WESTLNDS_1_N001,36.3999999999871,-120.31994434326373,57.43486
WESTLNDS_1_N019,36.3999999999871,-120.32005565673627,57.43486
WESTPARK_1_N001,35.374163973003284,-119.039839,22.92953
WESTPARK_1_N005,35.374083013484764,-119.03978167527592,22.92953
WESTPARK_1_N009,35.374083013484764,-119.03989632472408,22.92953
WESTPLAT_1_N001,35.42,-119.3,22.72812
WESTPORT_LNODEDR1,37.5225825838401,-120.993998352649,33.09023
WESTPORT_LNODEDR3,37.5223769944682,-120.993990429526,33.09023
WESTPORT_LNODEDR5,37.5225172095941,-120.993995815213,33.09023
WESTPORT_LNODEDR7,37.5224455031416,-120.903973009416,33.09023
WHEATLND_6_N001,39.013055,-121.418524,43.04869
WHEELER_6_N001,35.089761,-118.976591,23.09196
WHISMAN_1_N001,37.40491321634772,-122.068856,44.93774
WHISMAN_1_N004,37.404831891811426,-122.06879689262591,44.93774
WHISMAN_1_N009,37.404831891811426,-122.06891510737408,44.93774
WHITMORE_6_N001,40.628753,-121.915711,40.91751
WILDWOOD_1_N001,40.387138,-123.045061,41.5185
WILKINS_6_N001,39.00552,-121.867233,35.84428
WILLIAMS_6_N002,39.15758,-122.14762,35.83129
WILLITS_6_N001,39.405666,-123.327366,11.33209
WILLOWS_6_N001,39.531805,-122.185874,41.78274
WIL_SUB_LNODEONB,33.797999999988214,-118.25794584458627,31.13133
WIL_SUB_LNODEONC,33.797999999988214,-118.25805415541372,31.13133
WINTERS_6_N001,38.517708,-121.951331,43.91605
WOHLER_6_N001,38.512048,-122.880906,54.33797
WOLFE_1_N001,37.335142193117605,-122.020824,44.61176
WOLFE_1_N002,37.335060903426545,-122.02076497287341,44.61176
WOLFE_1_N007,37.335060903426545,-122.02088302712659,44.61176
WOODACRE_6_N001,38.012118,-122.65455,43.9415
WOODLD_1_N001,38.67823188725648,-121.760143,43.87655
WOODLD_1_N005,38.67815105635662,-121.76008322082818,43.87655
WOODLD_1_N012,38.67815105635662,-121.76020277917182,43.87655
WOODSIDE_6_N003,37.43624399998641,-122.2420270905538,45.20572
WOODSIDE_6_N004,37.43624399998641,-122.24214090944619,45.20572
WOODWARD_1_N005,36.8966369999867,-119.74995475043866,41.25051
WOODWARD_1_N006,36.8966369999867,-119.75006724956134,41.25051
WPBART_1_N001,38.01999999998606,-121.97994265860079,44.36656
WPBART_1_N004,38.01999999998606,-121.9800573413992,44.36656
WSCOPRSN_1_N001,35.61,-119.37,22.80933
WSCRMNO_1_N004,38.58939293336201,-121.545027,44.20954
WSCRMNO_1_N013,38.58931203330379,-121.54496724378153,44.20954
WSCRMNO_1_N201,38.58931203330379,-121.54508675621847,44.20954
WSTFRSO_1_N001,36.71841899998688,-119.81853697917856,40.10419
WSTFRSO_1_N004,36.71841899998688,-119.81864902082144,40.10419
WSTLD1RA_1_N001,36.72,-120.72,57.5778
WYANDTTE_1_N001,39.491682744465926,-121.541161,42.22947
WYANDTTE_1_N003,39.49160212775149,-121.54110068770393,42.22947
WYANDTTE_1_N102,39.49160212775149,-121.54122131229607,42.22947
ZACA_1_N001,34.696829,-120.151374,22.48918
ZANKER_1_N001,37.469999999986335,-121.8099430557453,45.33679
ZANKER_1_N003,37.469999999986335,-121.8100569442547,45.33679
AGER_LNODE35,41.8675,-122.46414,0.0
ALTURAS_LNODE17,41.49972,-120.53306,0.0
BIGSPRIN_LNODELD1,41.616776,-122.39929,0.0
CAMERON_LNODEKM,32.65324599998863,-116.48817922595589,0.0
CASTELLA_LNODE,41.146254,-122.319747,0.0
CEDARVIL_LNODED1,41.53156,-120.18194,0.0
CLEARLAO_LNODE44,41.704981,-121.276741,0.0
COPCO2_LNODE21,41.97667,-122.36167,0.0
DAVISCR_LNODED1,41.73,-120.37,0.0
DELNORTE_LNODE50,41.86761799998422,-124.13905472462552,0.0
DELNORTE_LNODE51,41.86761799998422,-124.13917527537447,0.0
DOGCREEK_LNODE,40.94013311,-122.431008,0.0
DORRIS_LNODE06,41.96694,-121.91333,0.0
EAGLEMTN_LNODEHI,33.8199729920039,-115.44005630685402,0.0
FLINT_LNODE_LDT1,38.88530299998586,-121.06681059075832,0.0
GASQUET_LNODE42,41.84833,-123.96667,0.0
INTERNAT_LNODELD,41.432568,-122.38296,0.0
LITTLESH_LNODELD1,41.70174123,-122.3696599,0.0
LUCERNE_LNODELD,41.60361,-122.5225,0.0
MACDOEL_LNODE20,41.83166999998427,-122.00465973878569,0.0
MACDOEL_LNODE45,41.83166999998427,-122.00478026121432,0.0
MADISON_LNODE1,38.67065905446531,-121.9691977771112,0.0
MOTT_LNODE,41.262727,-122.270475,0.0
NDUNSMUI_LNODE7,41.2207989999844,-122.27643096616978,0.0
NDUNSMUI_LNODE9,41.2207989999844,-122.27655103383022,0.0
NEWELL_LNODE90,41.888139999984205,-121.37845028379793,0.0
NUTGLADE_LNODE,41.178254,-122.290711,0.0
PATRICKS_LNODE49,41.88139,-123.86472,0.0
PEREZ_LNODED1,41.63306,-121.22639,0.0
PRAXAIR_LNODEPM,37.99999999998611,-121.81005733246779,0.0
REDWOODU_LNODED2,41.76083,-124.16347,0.0
SDUNSMUI_LNODE,41.201244,-122.2764098,0.0
SHASTINA_LNODELD1,41.548666,-122.364174,0.0
SHOTGUNC_LNODE,41.053889,-122.381667,0.0
TULELAKE_LNODE35,41.95333,-121.47111,0.0
TUNNEL_LNODE33,41.925559999984245,-121.56576970013403,0.0
TUNNEL_LNODE40,41.925559999984245,-121.56589029986597,0.0
WEED_LNODER1,41.43139,-122.38944,0.0
YREKA_LNODE76,41.72897989068449,-122.63154955171838,0.0
YREKA_LNODED1,41.72880010918983,-122.63154955205546,0.0
YREKA_LNODED2,41.72880010918983,-122.63179044794454,0.0
YREKA_LNODED3,41.72897989068449,-122.63179044828162,0.0
